GBOV_ID;Site;GROUND_DATA_PI;GROUND_DATA_PIs_Email;GBOV_Email;Network;Elevation;IGBP_class;Lat_IS;Lon_IS;TIME_IS;Version;PLOT_ID;FIPAR_up;FIPAR_up_err;FIPAR_down;FIPAR_down_err;up_flag;down_flag
GBOV_RM6_392;JonesEcologicalResearchCenter;Courtney Meier;cmeier@battelleecology.org;support-copernicus-gbov@acri-st.fr;NEON;44;Croplands;31.1948394775391;-84.468777;20130611T000000Z;2.0;JERC_054;0.829;0.030;-999;-999;-999;0
GBOV_RM6_392;JonesEcologicalResearchCenter;Courtney Meier;cmeier@battelleecology.org;support-copernicus-gbov@acri-st.fr;NEON;44;Croplands;31.1948394775391;-84.468777;20140701T000000Z;2.0;JERC_054;0.901;0.015;0.169;0.020;0;0
GBOV_RM6_392;JonesEcologicalResearchCenter;Courtney Meier;cmeier@battelleecology.org;support-copernicus-gbov@acri-st.fr;NEON;44;Croplands;31.1948394775391;-84.468777;20140918T000000Z;2.0;JERC_054;0.704;0.019;0.120;0.017;64;16
GBOV_RM6_392;JonesEcologicalResearchCenter;Courtney Meier;cmeier@battelleecology.org;support-copernicus-gbov@acri-st.fr;NEON;44;Croplands;31.1948394775391;-84.468777;20141016T000000Z;2.0;JERC_054;0.848;0.014;0.127;0.013;0;0
GBOV_RM6_392;JonesEcologicalResearchCenter;Courtney Meier;cmeier@battelleecology.org;support-copernicus-gbov@acri-st.fr;NEON;44;Croplands;31.1948394775391;-84.468777;20141028T000000Z;2.0;JERC_054;0.861;0.013;0.094;0.013;0;0
GBOV_RM6_392;JonesEcologicalResearchCenter;Courtney Meier;cmeier@battelleecology.org;support-copernicus-gbov@acri-st.fr;NEON;44;Croplands;31.1948394775391;-84.468777;20150427T000000Z;2.0;JERC_054;0.879;0.013;0.132;0.017;0;0
GBOV_RM6_392;JonesEcologicalResearchCenter;Courtney Meier;cmeier@battelleecology.org;support-copernicus-gbov@acri-st.fr;NEON;44;Croplands;31.1948394775391;-84.468777;20150527T000000Z;2.0;JERC_054;0.923;0.013;0.263;0.012;8;8
GBOV_RM6_392;JonesEcologicalResearchCenter;Courtney Meier;cmeier@battelleecology.org;support-copernicus-gbov@acri-st.fr;NEON;44;Croplands;31.1948394775391;-84.468777;20150611T000000Z;2.0;JERC_054;0.897;0.014;0.379;0.008;0;0
GBOV_RM6_392;JonesEcologicalResearchCenter;Courtney Meier;cmeier@battelleecology.org;support-copernicus-gbov@acri-st.fr;NEON;44;Croplands;31.1948394775391;-84.468777;20150624T000000Z;2.0;JERC_054;0.917;0.012;0.151;0.010;0;0
GBOV_RM6_392;JonesEcologicalResearchCenter;Courtney Meier;cmeier@battelleecology.org;support-copernicus-gbov@acri-st.fr;NEON;44;Croplands;31.1948394775391;-84.468777;20150707T000000Z;2.0;JERC_054;0.914;0.014;0.198;0.016;0;0
GBOV_RM6_392;JonesEcologicalResearchCenter;Courtney Meier;cmeier@battelleecology.org;support-copernicus-gbov@acri-st.fr;NEON;44;Croplands;31.1948394775391;-84.468777;20150723T000000Z;2.0;JERC_054;0.917;0.013;0.259;0.020;0;0
GBOV_RM6_392;JonesEcologicalResearchCenter;Courtney Meier;cmeier@battelleecology.org;support-copernicus-gbov@acri-st.fr;NEON;44;Croplands;31.1948394775391;-84.468777;20150803T000000Z;2.0;JERC_054;0.905;0.014;0.201;0.021;0;0
GBOV_RM6_392;JonesEcologicalResearchCenter;Courtney Meier;cmeier@battelleecology.org;support-copernicus-gbov@acri-st.fr;NEON;44;Croplands;31.1948394775391;-84.468777;20150818T000000Z;2.0;JERC_054;0.878;0.014;0.122;0.013;0;0
GBOV_RM6_392;JonesEcologicalResearchCenter;Courtney Meier;cmeier@battelleecology.org;support-copernicus-gbov@acri-st.fr;NEON;44;Croplands;31.1948394775391;-84.468777;20150901T000000Z;2.0;JERC_054;0.830;0.014;0.132;0.010;0;0
GBOV_RM6_392;JonesEcologicalResearchCenter;Courtney Meier;cmeier@battelleecology.org;support-copernicus-gbov@acri-st.fr;NEON;44;Croplands;31.1948394775391;-84.468777;20150915T000000Z;2.0;JERC_054;0.906;0.012;0.198;0.009;8;0
GBOV_RM6_392;JonesEcologicalResearchCenter;Courtney Meier;cmeier@battelleecology.org;support-copernicus-gbov@acri-st.fr;NEON;44;Croplands;31.1948394775391;-84.468777;20150930T000000Z;2.0;JERC_054;0.895;0.013;0.125;0.011;0;0
GBOV_RM6_392;JonesEcologicalResearchCenter;Courtney Meier;cmeier@battelleecology.org;support-copernicus-gbov@acri-st.fr;NEON;44;Croplands;31.1948394775391;-84.468777;20151013T000000Z;2.0;JERC_054;0.883;0.013;0.240;0.012;0;0
GBOV_RM6_392;JonesEcologicalResearchCenter;Courtney Meier;cmeier@battelleecology.org;support-copernicus-gbov@acri-st.fr;NEON;44;Croplands;31.1948394775391;-84.468777;20151027T000000Z;2.0;JERC_054;0.889;0.013;0.035;0.007;0;0
GBOV_RM6_392;JonesEcologicalResearchCenter;Courtney Meier;cmeier@battelleecology.org;support-copernicus-gbov@acri-st.fr;NEON;44;Croplands;31.1948394775391;-84.468777;20160329T000000Z;2.0;JERC_054;0.660;0.017;0.082;0.012;0;0
GBOV_RM6_392;JonesEcologicalResearchCenter;Courtney Meier;cmeier@battelleecology.org;support-copernicus-gbov@acri-st.fr;NEON;44;Croplands;31.1948394775391;-84.468777;20160411T000000Z;2.0;JERC_054;0.865;0.017;0.132;0.018;0;0
GBOV_RM6_392;JonesEcologicalResearchCenter;Courtney Meier;cmeier@battelleecology.org;support-copernicus-gbov@acri-st.fr;NEON;44;Croplands;31.1948394775391;-84.468777;20160426T000000Z;2.0;JERC_054;0.901;0.012;0.276;0.026;0;0
GBOV_RM6_392;JonesEcologicalResearchCenter;Courtney Meier;cmeier@battelleecology.org;support-copernicus-gbov@acri-st.fr;NEON;44;Croplands;31.1948394775391;-84.468777;20160509T000000Z;2.0;JERC_054;0.923;0.013;0.128;0.016;0;0
GBOV_RM6_392;JonesEcologicalResearchCenter;Courtney Meier;cmeier@battelleecology.org;support-copernicus-gbov@acri-st.fr;NEON;44;Croplands;31.1948394775391;-84.468777;20160524T000000Z;2.0;JERC_054;0.932;0.012;0.305;0.011;0;24
GBOV_RM6_392;JonesEcologicalResearchCenter;Courtney Meier;cmeier@battelleecology.org;support-copernicus-gbov@acri-st.fr;NEON;44;Croplands;31.1948394775391;-84.468777;20160607T000000Z;2.0;JERC_054;0.890;0.016;0.335;0.016;0;0
GBOV_RM6_392;JonesEcologicalResearchCenter;Courtney Meier;cmeier@battelleecology.org;support-copernicus-gbov@acri-st.fr;NEON;44;Croplands;31.1948394775391;-84.468777;20160621T000000Z;2.0;JERC_054;0.689;0.033;0.214;0.024;64;0
GBOV_RM6_392;JonesEcologicalResearchCenter;Courtney Meier;cmeier@battelleecology.org;support-copernicus-gbov@acri-st.fr;NEON;44;Croplands;31.1948394775391;-84.468777;20160707T000000Z;2.0;JERC_054;0.920;0.012;0.178;0.017;16;0
GBOV_RM6_392;JonesEcologicalResearchCenter;Courtney Meier;cmeier@battelleecology.org;support-copernicus-gbov@acri-st.fr;NEON;44;Croplands;31.1948394775391;-84.468777;20160718T000000Z;2.0;JERC_054;0.913;0.012;0.127;0.021;0;0
GBOV_RM6_392;JonesEcologicalResearchCenter;Courtney Meier;cmeier@battelleecology.org;support-copernicus-gbov@acri-st.fr;NEON;44;Croplands;31.1948394775391;-84.468777;20160801T000000Z;2.0;JERC_054;0.900;0.014;0.300;0.013;0;8
GBOV_RM6_392;JonesEcologicalResearchCenter;Courtney Meier;cmeier@battelleecology.org;support-copernicus-gbov@acri-st.fr;NEON;44;Croplands;31.1948394775391;-84.468777;20160815T000000Z;2.0;JERC_054;0.914;0.012;0.215;0.019;0;16
GBOV_RM6_392;JonesEcologicalResearchCenter;Courtney Meier;cmeier@battelleecology.org;support-copernicus-gbov@acri-st.fr;NEON;44;Croplands;31.1948394775391;-84.468777;20160901T000000Z;2.0;JERC_054;0.898;0.012;0.277;0.013;0;0
GBOV_RM6_392;JonesEcologicalResearchCenter;Courtney Meier;cmeier@battelleecology.org;support-copernicus-gbov@acri-st.fr;NEON;44;Croplands;31.1948394775391;-84.468777;20160914T000000Z;2.0;JERC_054;0.915;0.011;0.132;0.012;0;0
GBOV_RM6_392;JonesEcologicalResearchCenter;Courtney Meier;cmeier@battelleecology.org;support-copernicus-gbov@acri-st.fr;NEON;44;Croplands;31.1948394775391;-84.468777;20160926T000000Z;2.0;JERC_054;0.898;0.012;0.204;0.017;0;0
GBOV_RM6_392;JonesEcologicalResearchCenter;Courtney Meier;cmeier@battelleecology.org;support-copernicus-gbov@acri-st.fr;NEON;44;Croplands;31.1948394775391;-84.468777;20161012T000000Z;2.0;JERC_054;0.891;0.012;0.227;0.014;0;0
GBOV_RM6_392;JonesEcologicalResearchCenter;Courtney Meier;cmeier@battelleecology.org;support-copernicus-gbov@acri-st.fr;NEON;44;Croplands;31.1948394775391;-84.468777;20161025T000000Z;2.0;JERC_054;0.834;0.017;0.044;0.013;0;48
GBOV_RM6_392;JonesEcologicalResearchCenter;Courtney Meier;cmeier@battelleecology.org;support-copernicus-gbov@acri-st.fr;NEON;44;Croplands;31.1948394775391;-84.468777;20170406T000000Z;2.0;JERC_054;0.828;0.016;0.139;0.012;0;0
GBOV_RM6_392;JonesEcologicalResearchCenter;Courtney Meier;cmeier@battelleecology.org;support-copernicus-gbov@acri-st.fr;NEON;44;Croplands;31.1948394775391;-84.468777;20170417T000000Z;2.0;JERC_054;0.888;0.014;0.121;0.019;0;0
GBOV_RM6_392;JonesEcologicalResearchCenter;Courtney Meier;cmeier@battelleecology.org;support-copernicus-gbov@acri-st.fr;NEON;44;Croplands;31.1948394775391;-84.468777;20170502T000000Z;2.0;JERC_054;0.871;0.015;0.209;0.020;0;0
GBOV_RM6_392;JonesEcologicalResearchCenter;Courtney Meier;cmeier@battelleecology.org;support-copernicus-gbov@acri-st.fr;NEON;44;Croplands;31.1948394775391;-84.468777;20170516T000000Z;2.0;JERC_054;0.885;0.013;0.196;0.013;0;0
GBOV_RM6_392;JonesEcologicalResearchCenter;Courtney Meier;cmeier@battelleecology.org;support-copernicus-gbov@acri-st.fr;NEON;44;Croplands;31.1948394775391;-84.468777;20170530T000000Z;2.0;JERC_054;0.892;0.014;0.069;0.009;0;0
GBOV_RM6_392;JonesEcologicalResearchCenter;Courtney Meier;cmeier@battelleecology.org;support-copernicus-gbov@acri-st.fr;NEON;44;Croplands;31.1948394775391;-84.468777;20170614T000000Z;2.0;JERC_054;0.894;0.014;0.150;0.020;0;0
GBOV_RM6_392;JonesEcologicalResearchCenter;Courtney Meier;cmeier@battelleecology.org;support-copernicus-gbov@acri-st.fr;NEON;44;Croplands;31.1948394775391;-84.468777;20170626T000000Z;2.0;JERC_054;0.894;0.014;0.097;0.013;0;0
GBOV_RM6_392;JonesEcologicalResearchCenter;Courtney Meier;cmeier@battelleecology.org;support-copernicus-gbov@acri-st.fr;NEON;44;Croplands;31.1948394775391;-84.468777;20170807T000000Z;2.0;JERC_054;0.852;0.015;0.116;0.022;0;0
GBOV_RM6_392;JonesEcologicalResearchCenter;Courtney Meier;cmeier@battelleecology.org;support-copernicus-gbov@acri-st.fr;NEON;44;Croplands;31.1948394775391;-84.468777;20170824T000000Z;2.0;JERC_054;0.891;0.013;0.168;0.018;8;0
GBOV_RM6_392;JonesEcologicalResearchCenter;Courtney Meier;cmeier@battelleecology.org;support-copernicus-gbov@acri-st.fr;NEON;44;Croplands;31.1948394775391;-84.468777;20170906T000000Z;2.0;JERC_054;0.876;0.015;0.093;0.021;0;0
GBOV_RM6_392;JonesEcologicalResearchCenter;Courtney Meier;cmeier@battelleecology.org;support-copernicus-gbov@acri-st.fr;NEON;44;Croplands;31.1948394775391;-84.468777;20170918T000000Z;2.0;JERC_054;0.830;0.014;0.307;0.014;0;0
GBOV_RM6_392;JonesEcologicalResearchCenter;Courtney Meier;cmeier@battelleecology.org;support-copernicus-gbov@acri-st.fr;NEON;44;Croplands;31.1948394775391;-84.468777;20171002T000000Z;2.0;JERC_054;0.874;0.013;0.156;0.014;0;8
GBOV_RM6_392;JonesEcologicalResearchCenter;Courtney Meier;cmeier@battelleecology.org;support-copernicus-gbov@acri-st.fr;NEON;44;Croplands;31.1948394775391;-84.468777;20171018T000000Z;2.0;JERC_054;0.837;0.012;0.171;0.012;0;0
GBOV_RM6_392;JonesEcologicalResearchCenter;Courtney Meier;cmeier@battelleecology.org;support-copernicus-gbov@acri-st.fr;NEON;44;Croplands;31.1948394775391;-84.468777;20171031T000000Z;2.0;JERC_054;0.855;0.012;0.247;0.017;0;8
GBOV_RM6_392;JonesEcologicalResearchCenter;Courtney Meier;cmeier@battelleecology.org;support-copernicus-gbov@acri-st.fr;NEON;44;Croplands;31.1948394775391;-84.468777;20171129T000000Z;2.0;JERC_054;0.866;0.013;0.024;0.013;0;0
GBOV_RM6_392;JonesEcologicalResearchCenter;Courtney Meier;cmeier@battelleecology.org;support-copernicus-gbov@acri-st.fr;NEON;44;Croplands;31.1948394775391;-84.468777;20171228T000000Z;2.0;JERC_054;0.813;0.019;0.121;0.014;0;0
GBOV_RM6_392;JonesEcologicalResearchCenter;Courtney Meier;cmeier@battelleecology.org;support-copernicus-gbov@acri-st.fr;NEON;44;Croplands;31.1948394775391;-84.468777;20180109T000000Z;2.0;JERC_054;0.806;0.016;0.051;0.006;0;0
GBOV_RM6_392;JonesEcologicalResearchCenter;Courtney Meier;cmeier@battelleecology.org;support-copernicus-gbov@acri-st.fr;NEON;44;Croplands;31.1948394775391;-84.468777;20180206T000000Z;2.0;JERC_054;0.688;0.018;0.049;0.008;0;0
GBOV_RM6_392;JonesEcologicalResearchCenter;Courtney Meier;cmeier@battelleecology.org;support-copernicus-gbov@acri-st.fr;NEON;44;Croplands;31.1948394775391;-84.468777;20180307T000000Z;2.0;JERC_054;0.616;0.015;0.023;0.005;0;0
GBOV_RM6_392;JonesEcologicalResearchCenter;Courtney Meier;cmeier@battelleecology.org;support-copernicus-gbov@acri-st.fr;NEON;44;Croplands;31.1948394775391;-84.468777;20180404T000000Z;2.0;JERC_054;0.807;0.014;0.130;0.027;0;0
GBOV_RM6_392;JonesEcologicalResearchCenter;Courtney Meier;cmeier@battelleecology.org;support-copernicus-gbov@acri-st.fr;NEON;44;Croplands;31.1948394775391;-84.468777;20180416T000000Z;2.0;JERC_054;0.865;0.014;0.318;0.017;0;0
GBOV_RM6_392;JonesEcologicalResearchCenter;Courtney Meier;cmeier@battelleecology.org;support-copernicus-gbov@acri-st.fr;NEON;44;Croplands;31.1948394775391;-84.468777;20180501T000000Z;2.0;JERC_054;0.907;0.014;0.165;0.012;0;0
GBOV_RM6_392;JonesEcologicalResearchCenter;Courtney Meier;cmeier@battelleecology.org;support-copernicus-gbov@acri-st.fr;NEON;44;Croplands;31.1948394775391;-84.468777;20180514T000000Z;2.0;JERC_054;0.892;0.014;0.188;0.016;0;0
GBOV_RM6_392;JonesEcologicalResearchCenter;Courtney Meier;cmeier@battelleecology.org;support-copernicus-gbov@acri-st.fr;NEON;44;Croplands;31.1948394775391;-84.468777;20180530T000000Z;2.0;JERC_054;0.888;0.014;0.252;0.019;0;0
GBOV_RM6_392;JonesEcologicalResearchCenter;Courtney Meier;cmeier@battelleecology.org;support-copernicus-gbov@acri-st.fr;NEON;44;Croplands;31.1948394775391;-84.468777;20180611T000000Z;2.0;JERC_054;0.904;0.013;0.132;0.016;0;0
GBOV_RM6_392;JonesEcologicalResearchCenter;Courtney Meier;cmeier@battelleecology.org;support-copernicus-gbov@acri-st.fr;NEON;44;Croplands;31.1948394775391;-84.468777;20180626T000000Z;2.0;JERC_054;0.878;0.016;0.150;0.017;4;0
GBOV_RM6_392;JonesEcologicalResearchCenter;Courtney Meier;cmeier@battelleecology.org;support-copernicus-gbov@acri-st.fr;NEON;44;Croplands;31.1948394775391;-84.468777;20180711T000000Z;2.0;JERC_054;0.894;0.013;0.237;0.012;0;0
GBOV_RM6_392;JonesEcologicalResearchCenter;Courtney Meier;cmeier@battelleecology.org;support-copernicus-gbov@acri-st.fr;NEON;44;Croplands;31.1948394775391;-84.468777;20180726T000000Z;2.0;JERC_054;0.895;0.015;0.130;0.012;0;0
GBOV_RM6_392;JonesEcologicalResearchCenter;Courtney Meier;cmeier@battelleecology.org;support-copernicus-gbov@acri-st.fr;NEON;44;Croplands;31.1948394775391;-84.468777;20180808T000000Z;2.0;JERC_054;0.887;0.014;0.137;0.016;0;0
GBOV_RM6_392;JonesEcologicalResearchCenter;Courtney Meier;cmeier@battelleecology.org;support-copernicus-gbov@acri-st.fr;NEON;44;Croplands;31.1948394775391;-84.468777;20180821T000000Z;2.0;JERC_054;0.881;0.014;0.216;0.013;0;0
GBOV_RM6_392;JonesEcologicalResearchCenter;Courtney Meier;cmeier@battelleecology.org;support-copernicus-gbov@acri-st.fr;NEON;44;Croplands;31.1948394775391;-84.468777;20180906T000000Z;2.0;JERC_054;0.878;0.014;0.274;0.013;0;0
GBOV_RM6_392;JonesEcologicalResearchCenter;Courtney Meier;cmeier@battelleecology.org;support-copernicus-gbov@acri-st.fr;NEON;44;Croplands;31.1948394775391;-84.468777;20180918T000000Z;2.0;JERC_054;0.884;0.012;0.228;0.008;0;0
GBOV_RM6_392;JonesEcologicalResearchCenter;Courtney Meier;cmeier@battelleecology.org;support-copernicus-gbov@acri-st.fr;NEON;44;Croplands;31.1948394775391;-84.468777;20181002T000000Z;2.0;JERC_054;0.874;0.013;0.252;0.014;0;0
GBOV_RM6_392;JonesEcologicalResearchCenter;Courtney Meier;cmeier@battelleecology.org;support-copernicus-gbov@acri-st.fr;NEON;44;Croplands;31.1948394775391;-84.468777;20181023T000000Z;2.0;JERC_054;0.698;0.017;0.049;0.005;0;0
GBOV_RM6_392;JonesEcologicalResearchCenter;Courtney Meier;cmeier@battelleecology.org;support-copernicus-gbov@acri-st.fr;NEON;44;Croplands;31.1948394775391;-84.468777;20181031T000000Z;2.0;JERC_054;0.677;0.016;0.056;0.007;0;0
GBOV_RM6_392;JonesEcologicalResearchCenter;Courtney Meier;cmeier@battelleecology.org;support-copernicus-gbov@acri-st.fr;NEON;44;Croplands;31.1948394775391;-84.468777;20181113T000000Z;2.0;JERC_054;0.729;0.017;0.110;0.011;0;0
GBOV_RM6_392;JonesEcologicalResearchCenter;Courtney Meier;cmeier@battelleecology.org;support-copernicus-gbov@acri-st.fr;NEON;44;Croplands;31.1948394775391;-84.468777;20181210T144600Z;2.0;JERC_054;0.726;0.019;0.038;0.006;0;0
GBOV_RM6_392;JonesEcologicalResearchCenter;Courtney Meier;cmeier@battelleecology.org;support-copernicus-gbov@acri-st.fr;NEON;44;Croplands;31.1948394775391;-84.468777;20190110T081900Z;2.0;JERC_054;0.631;0.019;0.105;0.008;0;0
GBOV_RM6_392;JonesEcologicalResearchCenter;Courtney Meier;cmeier@battelleecology.org;support-copernicus-gbov@acri-st.fr;NEON;44;Croplands;31.1948394775391;-84.468777;20190205T184900Z;2.0;JERC_054;0.551;0.017;0.118;0.007;0;0
GBOV_RM6_392;JonesEcologicalResearchCenter;Courtney Meier;cmeier@battelleecology.org;support-copernicus-gbov@acri-st.fr;NEON;44;Croplands;31.1948394775391;-84.468777;20190307T075700Z;2.0;JERC_054;0.490;0.020;0.049;0.008;0;0
GBOV_RM6_392;JonesEcologicalResearchCenter;Courtney Meier;cmeier@battelleecology.org;support-copernicus-gbov@acri-st.fr;NEON;44;Croplands;31.1948394775391;-84.468777;20190318T193000Z;2.0;JERC_054;0.498;0.019;0.063;0.009;0;0
GBOV_RM6_392;JonesEcologicalResearchCenter;Courtney Meier;cmeier@battelleecology.org;support-copernicus-gbov@acri-st.fr;NEON;44;Croplands;31.1948394775391;-84.468777;20190401T181200Z;2.0;JERC_054;0.707;0.018;0.131;0.028;0;0
GBOV_RM6_392;JonesEcologicalResearchCenter;Courtney Meier;cmeier@battelleecology.org;support-copernicus-gbov@acri-st.fr;NEON;44;Croplands;31.1948394775391;-84.468777;20190416T070600Z;2.0;JERC_054;0.803;0.020;0.264;0.009;0;0
GBOV_RM6_392;JonesEcologicalResearchCenter;Courtney Meier;cmeier@battelleecology.org;support-copernicus-gbov@acri-st.fr;NEON;44;Croplands;31.1948394775391;-84.468777;20190429T200200Z;2.0;JERC_054;0.838;0.016;0.185;0.015;0;0
GBOV_RM6_392;JonesEcologicalResearchCenter;Courtney Meier;cmeier@battelleecology.org;support-copernicus-gbov@acri-st.fr;NEON;44;Croplands;31.1948394775391;-84.468777;20190515T072300Z;2.0;JERC_054;0.839;0.016;0.240;0.019;0;0
GBOV_RM6_392;JonesEcologicalResearchCenter;Courtney Meier;cmeier@battelleecology.org;support-copernicus-gbov@acri-st.fr;NEON;44;Croplands;31.1948394775391;-84.468777;20190529T065100Z;2.0;JERC_054;0.840;0.016;0.284;0.013;0;0
GBOV_RM6_392;JonesEcologicalResearchCenter;Courtney Meier;cmeier@battelleecology.org;support-copernicus-gbov@acri-st.fr;NEON;44;Croplands;31.1948394775391;-84.468777;20190612T112400Z;2.0;JERC_054;0.832;0.015;0.128;0.014;0;0
GBOV_RM6_392;JonesEcologicalResearchCenter;Courtney Meier;cmeier@battelleecology.org;support-copernicus-gbov@acri-st.fr;NEON;44;Croplands;31.1948394775391;-84.468777;20190625T064600Z;2.0;JERC_054;0.782;0.020;0.200;0.014;0;0
GBOV_RM6_392;JonesEcologicalResearchCenter;Courtney Meier;cmeier@battelleecology.org;support-copernicus-gbov@acri-st.fr;NEON;44;Croplands;31.1948394775391;-84.468777;20190710T063500Z;2.0;JERC_054;0.813;0.016;0.251;0.014;0;16
GBOV_RM6_392;JonesEcologicalResearchCenter;Courtney Meier;cmeier@battelleecology.org;support-copernicus-gbov@acri-st.fr;NEON;44;Croplands;31.1948394775391;-84.468777;20190724T072000Z;2.0;JERC_054;0.804;0.015;0.243;0.019;0;0
GBOV_RM6_392;JonesEcologicalResearchCenter;Courtney Meier;cmeier@battelleecology.org;support-copernicus-gbov@acri-st.fr;NEON;44;Croplands;31.1948394775391;-84.468777;20190806T195300Z;2.0;JERC_054;0.840;0.014;0.139;0.014;0;0
GBOV_RM6_392;JonesEcologicalResearchCenter;Courtney Meier;cmeier@battelleecology.org;support-copernicus-gbov@acri-st.fr;NEON;44;Croplands;31.1948394775391;-84.468777;20190821T072100Z;2.0;JERC_054;0.827;0.014;0.178;0.016;0;0
GBOV_RM6_392;JonesEcologicalResearchCenter;Courtney Meier;cmeier@battelleecology.org;support-copernicus-gbov@acri-st.fr;NEON;44;Croplands;31.1948394775391;-84.468777;20190918T073700Z;2.0;JERC_054;0.803;0.014;0.094;0.011;0;0
GBOV_RM6_392;JonesEcologicalResearchCenter;Courtney Meier;cmeier@battelleecology.org;support-copernicus-gbov@acri-st.fr;NEON;44;Croplands;31.1948394775391;-84.468777;20191015T122200Z;2.0;JERC_054;0.823;0.014;0.084;0.012;0;0
GBOV_RM6_392;JonesEcologicalResearchCenter;Courtney Meier;cmeier@battelleecology.org;support-copernicus-gbov@acri-st.fr;NEON;44;Croplands;31.1948394775391;-84.468777;20191111T180700Z;2.0;JERC_054;0.810;0.015;0.117;0.010;0;0
