GBOV_ID;Site;GROUND_DATA_PI;GROUND_DATA_PIs_Email;GBOV_Email;Network;Elevation;IGBP_class;Lat_IS;Lon_IS;TIME_IS;Version;PLOT_ID;FIPAR_up;FIPAR_up_err;FIPAR_down;FIPAR_down_err;up_flag;down_flag
GBOV_RM6_219;OrdwaySwisherBiologicalStation;Courtney Meier;cmeier@battelleecology.org;support-copernicus-gbov@acri-st.fr;NEON;45;Woody Savannas;29.67615;-82.00847;20130417T000000Z;2.0;OSBS_030;0.241;0.033;0.0194;0.0020;0;0
GBOV_RM6_219;OrdwaySwisherBiologicalStation;Courtney Meier;cmeier@battelleecology.org;support-copernicus-gbov@acri-st.fr;NEON;45;Woody Savannas;29.67615;-82.00847;20130521T000000Z;2.0;OSBS_030;0.24;0.05;0.068;0.011;0;16
GBOV_RM6_219;OrdwaySwisherBiologicalStation;Courtney Meier;cmeier@battelleecology.org;support-copernicus-gbov@acri-st.fr;NEON;45;Woody Savannas;29.67615;-82.00847;20130625T000000Z;2.0;OSBS_030;0.24;0.04;0.085;0.014;0;0
GBOV_RM6_219;OrdwaySwisherBiologicalStation;Courtney Meier;cmeier@battelleecology.org;support-copernicus-gbov@acri-st.fr;NEON;45;Woody Savannas;29.67615;-82.00847;20130820T000000Z;2.0;OSBS_030;0.26;0.04;0.226;0.022;0;0
GBOV_RM6_219;OrdwaySwisherBiologicalStation;Courtney Meier;cmeier@battelleecology.org;support-copernicus-gbov@acri-st.fr;NEON;45;Woody Savannas;29.67615;-82.00847;20130905T000000Z;2.0;OSBS_030;0.27;0.04;0.103;0.020;0;0
GBOV_RM6_219;OrdwaySwisherBiologicalStation;Courtney Meier;cmeier@battelleecology.org;support-copernicus-gbov@acri-st.fr;NEON;45;Woody Savannas;29.67615;-82.00847;20130919T000000Z;2.0;OSBS_030;0.285;0.033;0.099;0.021;0;0
GBOV_RM6_219;OrdwaySwisherBiologicalStation;Courtney Meier;cmeier@battelleecology.org;support-copernicus-gbov@acri-st.fr;NEON;45;Woody Savannas;29.67615;-82.00847;20131003T000000Z;2.0;OSBS_030;0.326;0.022;0.044;0.008;0;0
GBOV_RM6_219;OrdwaySwisherBiologicalStation;Courtney Meier;cmeier@battelleecology.org;support-copernicus-gbov@acri-st.fr;NEON;45;Woody Savannas;29.67615;-82.00847;20131015T000000Z;2.0;OSBS_030;0.374;0.023;0.264;0.011;0;0
GBOV_RM6_219;OrdwaySwisherBiologicalStation;Courtney Meier;cmeier@battelleecology.org;support-copernicus-gbov@acri-st.fr;NEON;45;Woody Savannas;29.67615;-82.00847;20131028T000000Z;2.0;OSBS_030;0.360;0.018;0.055;0.008;0;0
GBOV_RM6_219;OrdwaySwisherBiologicalStation;Courtney Meier;cmeier@battelleecology.org;support-copernicus-gbov@acri-st.fr;NEON;45;Woody Savannas;29.67615;-82.00847;20131112T000000Z;2.0;OSBS_030;0.404;0.020;0.0184;0.0030;0;0
GBOV_RM6_219;OrdwaySwisherBiologicalStation;Courtney Meier;cmeier@battelleecology.org;support-copernicus-gbov@acri-st.fr;NEON;45;Woody Savannas;29.67615;-82.00847;20140209T000000Z;2.0;OSBS_030;0.34;0.05;0.099;0.025;8;0
GBOV_RM6_219;OrdwaySwisherBiologicalStation;Courtney Meier;cmeier@battelleecology.org;support-copernicus-gbov@acri-st.fr;NEON;45;Woody Savannas;29.67615;-82.00847;20140918T000000Z;2.0;OSBS_030;0.335;0.030;0.111;0.015;0;0
GBOV_RM6_219;OrdwaySwisherBiologicalStation;Courtney Meier;cmeier@battelleecology.org;support-copernicus-gbov@acri-st.fr;NEON;45;Woody Savannas;29.67615;-82.00847;20141002T000000Z;2.0;OSBS_030;0.353;0.023;0.200;0.020;0;16
GBOV_RM6_219;OrdwaySwisherBiologicalStation;Courtney Meier;cmeier@battelleecology.org;support-copernicus-gbov@acri-st.fr;NEON;45;Woody Savannas;29.67615;-82.00847;20150309T000000Z;2.0;OSBS_030;0.301;0.021;0.015;0.005;0;0
GBOV_RM6_219;OrdwaySwisherBiologicalStation;Courtney Meier;cmeier@battelleecology.org;support-copernicus-gbov@acri-st.fr;NEON;45;Woody Savannas;29.67615;-82.00847;20150323T000000Z;2.0;OSBS_030;0.288;0.029;0.034;0.005;0;0
GBOV_RM6_219;OrdwaySwisherBiologicalStation;Courtney Meier;cmeier@battelleecology.org;support-copernicus-gbov@acri-st.fr;NEON;45;Woody Savannas;29.67615;-82.00847;20150410T000000Z;2.0;OSBS_030;0.29;0.04;0.116;0.011;0;0
GBOV_RM6_219;OrdwaySwisherBiologicalStation;Courtney Meier;cmeier@battelleecology.org;support-copernicus-gbov@acri-st.fr;NEON;45;Woody Savannas;29.67615;-82.00847;20150422T000000Z;2.0;OSBS_030;0.234;0.034;0.055;0.010;0;16
GBOV_RM6_219;OrdwaySwisherBiologicalStation;Courtney Meier;cmeier@battelleecology.org;support-copernicus-gbov@acri-st.fr;NEON;45;Woody Savannas;29.67615;-82.00847;20150505T000000Z;2.0;OSBS_030;0.26;0.04;0.065;0.012;0;0
GBOV_RM6_219;OrdwaySwisherBiologicalStation;Courtney Meier;cmeier@battelleecology.org;support-copernicus-gbov@acri-st.fr;NEON;45;Woody Savannas;29.67615;-82.00847;20150520T000000Z;2.0;OSBS_030;0.217;0.034;0.101;0.011;0;0
GBOV_RM6_219;OrdwaySwisherBiologicalStation;Courtney Meier;cmeier@battelleecology.org;support-copernicus-gbov@acri-st.fr;NEON;45;Woody Savannas;29.67615;-82.00847;20150602T000000Z;2.0;OSBS_030;0.27;0.05;0.072;0.009;0;16
GBOV_RM6_219;OrdwaySwisherBiologicalStation;Courtney Meier;cmeier@battelleecology.org;support-copernicus-gbov@acri-st.fr;NEON;45;Woody Savannas;29.67615;-82.00847;20150616T000000Z;2.0;OSBS_030;0.25;0.05;0.165;0.007;0;16
GBOV_RM6_219;OrdwaySwisherBiologicalStation;Courtney Meier;cmeier@battelleecology.org;support-copernicus-gbov@acri-st.fr;NEON;45;Woody Savannas;29.67615;-82.00847;20150701T000000Z;2.0;OSBS_030;0.28;0.05;0.059;0.008;0;0
GBOV_RM6_219;OrdwaySwisherBiologicalStation;Courtney Meier;cmeier@battelleecology.org;support-copernicus-gbov@acri-st.fr;NEON;45;Woody Savannas;29.67615;-82.00847;20150716T000000Z;2.0;OSBS_030;0.28;0.05;0.087;0.012;0;0
GBOV_RM6_219;OrdwaySwisherBiologicalStation;Courtney Meier;cmeier@battelleecology.org;support-copernicus-gbov@acri-st.fr;NEON;45;Woody Savannas;29.67615;-82.00847;20150729T000000Z;2.0;OSBS_030;0.295;0.035;0.105;0.012;0;0
GBOV_RM6_219;OrdwaySwisherBiologicalStation;Courtney Meier;cmeier@battelleecology.org;support-copernicus-gbov@acri-st.fr;NEON;45;Woody Savannas;29.67615;-82.00847;20150811T000000Z;2.0;OSBS_030;0.45;0.04;0.095;0.008;10;2
GBOV_RM6_219;OrdwaySwisherBiologicalStation;Courtney Meier;cmeier@battelleecology.org;support-copernicus-gbov@acri-st.fr;NEON;45;Woody Savannas;29.67615;-82.00847;20150826T000000Z;2.0;OSBS_030;0.29;0.04;0.293;0.014;0;0
GBOV_RM6_219;OrdwaySwisherBiologicalStation;Courtney Meier;cmeier@battelleecology.org;support-copernicus-gbov@acri-st.fr;NEON;45;Woody Savannas;29.67615;-82.00847;20150909T000000Z;2.0;OSBS_030;0.36;0.04;0.395;0.019;0;8
GBOV_RM6_219;OrdwaySwisherBiologicalStation;Courtney Meier;cmeier@battelleecology.org;support-copernicus-gbov@acri-st.fr;NEON;45;Woody Savannas;29.67615;-82.00847;20150922T000000Z;2.0;OSBS_030;0.333;0.035;0.061;0.006;0;32
GBOV_RM6_219;OrdwaySwisherBiologicalStation;Courtney Meier;cmeier@battelleecology.org;support-copernicus-gbov@acri-st.fr;NEON;45;Woody Savannas;29.67615;-82.00847;20151007T000000Z;2.0;OSBS_030;0.393;0.025;0.170;0.010;0;0
GBOV_RM6_219;OrdwaySwisherBiologicalStation;Courtney Meier;cmeier@battelleecology.org;support-copernicus-gbov@acri-st.fr;NEON;45;Woody Savannas;29.67615;-82.00847;20151021T000000Z;2.0;OSBS_030;0.389;0.019;0.047;0.006;0;0
GBOV_RM6_219;OrdwaySwisherBiologicalStation;Courtney Meier;cmeier@battelleecology.org;support-copernicus-gbov@acri-st.fr;NEON;45;Woody Savannas;29.67615;-82.00847;20160308T000000Z;2.0;OSBS_030;0.299;0.024;0.045;0.007;0;16
GBOV_RM6_219;OrdwaySwisherBiologicalStation;Courtney Meier;cmeier@battelleecology.org;support-copernicus-gbov@acri-st.fr;NEON;45;Woody Savannas;29.67615;-82.00847;20160323T000000Z;2.0;OSBS_030;0.316;0.030;0.0293;0.0032;0;16
GBOV_RM6_219;OrdwaySwisherBiologicalStation;Courtney Meier;cmeier@battelleecology.org;support-copernicus-gbov@acri-st.fr;NEON;45;Woody Savannas;29.67615;-82.00847;20160404T000000Z;2.0;OSBS_030;0.30;0.04;-999;-999;0;-999
GBOV_RM6_219;OrdwaySwisherBiologicalStation;Courtney Meier;cmeier@battelleecology.org;support-copernicus-gbov@acri-st.fr;NEON;45;Woody Savannas;29.67615;-82.00847;20160420T000000Z;2.0;OSBS_030;0.28;0.04;-999;-999;0;-999
GBOV_RM6_219;OrdwaySwisherBiologicalStation;Courtney Meier;cmeier@battelleecology.org;support-copernicus-gbov@acri-st.fr;NEON;45;Woody Savannas;29.67615;-82.00847;20160504T000000Z;2.0;OSBS_030;0.25;0.04;0.037;0.013;0;0
GBOV_RM6_219;OrdwaySwisherBiologicalStation;Courtney Meier;cmeier@battelleecology.org;support-copernicus-gbov@acri-st.fr;NEON;45;Woody Savannas;29.67615;-82.00847;20160517T000000Z;2.0;OSBS_030;0.25;0.04;0.045;0.011;0;0
GBOV_RM6_219;OrdwaySwisherBiologicalStation;Courtney Meier;cmeier@battelleecology.org;support-copernicus-gbov@acri-st.fr;NEON;45;Woody Savannas;29.67615;-82.00847;20160602T000000Z;2.0;OSBS_030;0.27;0.05;0.062;0.011;0;0
GBOV_RM6_219;OrdwaySwisherBiologicalStation;Courtney Meier;cmeier@battelleecology.org;support-copernicus-gbov@acri-st.fr;NEON;45;Woody Savannas;29.67615;-82.00847;20160630T000000Z;2.0;OSBS_030;0.25;0.05;0.102;0.016;0;0
GBOV_RM6_219;OrdwaySwisherBiologicalStation;Courtney Meier;cmeier@battelleecology.org;support-copernicus-gbov@acri-st.fr;NEON;45;Woody Savannas;29.67615;-82.00847;20160713T000000Z;2.0;OSBS_030;0.25;0.04;0.068;0.009;0;0
GBOV_RM6_219;OrdwaySwisherBiologicalStation;Courtney Meier;cmeier@battelleecology.org;support-copernicus-gbov@acri-st.fr;NEON;45;Woody Savannas;29.67615;-82.00847;20160726T000000Z;2.0;OSBS_030;0.28;0.05;0.175;0.015;0;0
GBOV_RM6_219;OrdwaySwisherBiologicalStation;Courtney Meier;cmeier@battelleecology.org;support-copernicus-gbov@acri-st.fr;NEON;45;Woody Savannas;29.67615;-82.00847;20160810T000000Z;2.0;OSBS_030;0.30;0.04;0.091;0.012;0;0
GBOV_RM6_219;OrdwaySwisherBiologicalStation;Courtney Meier;cmeier@battelleecology.org;support-copernicus-gbov@acri-st.fr;NEON;45;Woody Savannas;29.67615;-82.00847;20160908T000000Z;2.0;OSBS_030;0.31;0.04;0.075;0.009;0;0
GBOV_RM6_219;OrdwaySwisherBiologicalStation;Courtney Meier;cmeier@battelleecology.org;support-copernicus-gbov@acri-st.fr;NEON;45;Woody Savannas;29.67615;-82.00847;20160920T000000Z;2.0;OSBS_030;0.319;0.028;0.156;0.018;0;8
GBOV_RM6_219;OrdwaySwisherBiologicalStation;Courtney Meier;cmeier@battelleecology.org;support-copernicus-gbov@acri-st.fr;NEON;45;Woody Savannas;29.67615;-82.00847;20161004T000000Z;2.0;OSBS_030;0.351;0.020;0.046;0.009;0;0
GBOV_RM6_219;OrdwaySwisherBiologicalStation;Courtney Meier;cmeier@battelleecology.org;support-copernicus-gbov@acri-st.fr;NEON;45;Woody Savannas;29.67615;-82.00847;20161019T000000Z;2.0;OSBS_030;0.350;0.022;0.258;0.010;0;64
GBOV_RM6_219;OrdwaySwisherBiologicalStation;Courtney Meier;cmeier@battelleecology.org;support-copernicus-gbov@acri-st.fr;NEON;45;Woody Savannas;29.67615;-82.00847;20161101T000000Z;2.0;OSBS_030;0.378;0.023;0.049;0.011;0;16
GBOV_RM6_219;OrdwaySwisherBiologicalStation;Courtney Meier;cmeier@battelleecology.org;support-copernicus-gbov@acri-st.fr;NEON;45;Woody Savannas;29.67615;-82.00847;20170314T000000Z;2.0;OSBS_030;0.302;0.020;0.033;0.004;0;0
GBOV_RM6_219;OrdwaySwisherBiologicalStation;Courtney Meier;cmeier@battelleecology.org;support-copernicus-gbov@acri-st.fr;NEON;45;Woody Savannas;29.67615;-82.00847;20170328T000000Z;2.0;OSBS_030;0.339;0.032;0.067;0.005;0;8
GBOV_RM6_219;OrdwaySwisherBiologicalStation;Courtney Meier;cmeier@battelleecology.org;support-copernicus-gbov@acri-st.fr;NEON;45;Woody Savannas;29.67615;-82.00847;20170411T000000Z;2.0;OSBS_030;0.406;0.018;0.079;0.017;0;8
GBOV_RM6_219;OrdwaySwisherBiologicalStation;Courtney Meier;cmeier@battelleecology.org;support-copernicus-gbov@acri-st.fr;NEON;45;Woody Savannas;29.67615;-82.00847;20170424T000000Z;2.0;OSBS_030;0.28;0.04;0.025;0.007;0;8
GBOV_RM6_219;OrdwaySwisherBiologicalStation;Courtney Meier;cmeier@battelleecology.org;support-copernicus-gbov@acri-st.fr;NEON;45;Woody Savannas;29.67615;-82.00847;20170509T000000Z;2.0;OSBS_030;0.29;0.04;0.045;0.014;0;16
GBOV_RM6_219;OrdwaySwisherBiologicalStation;Courtney Meier;cmeier@battelleecology.org;support-copernicus-gbov@acri-st.fr;NEON;45;Woody Savannas;29.67615;-82.00847;20170523T000000Z;2.0;OSBS_030;0.26;0.04;0.012;0.005;0;32
GBOV_RM6_219;OrdwaySwisherBiologicalStation;Courtney Meier;cmeier@battelleecology.org;support-copernicus-gbov@acri-st.fr;NEON;45;Woody Savannas;29.67615;-82.00847;20170608T000000Z;2.0;OSBS_030;0.26;0.04;0.055;0.016;0;0
GBOV_RM6_219;OrdwaySwisherBiologicalStation;Courtney Meier;cmeier@battelleecology.org;support-copernicus-gbov@acri-st.fr;NEON;45;Woody Savannas;29.67615;-82.00847;20170620T000000Z;2.0;OSBS_030;0.21;0.04;0.049;0.013;32;0
GBOV_RM6_219;OrdwaySwisherBiologicalStation;Courtney Meier;cmeier@battelleecology.org;support-copernicus-gbov@acri-st.fr;NEON;45;Woody Savannas;29.67615;-82.00847;20170705T000000Z;2.0;OSBS_030;0.27;0.05;0.285;0.030;0;8
GBOV_RM6_219;OrdwaySwisherBiologicalStation;Courtney Meier;cmeier@battelleecology.org;support-copernicus-gbov@acri-st.fr;NEON;45;Woody Savannas;29.67615;-82.00847;20170718T000000Z;2.0;OSBS_030;0.34;0.04;0.126;0.021;0;16
GBOV_RM6_219;OrdwaySwisherBiologicalStation;Courtney Meier;cmeier@battelleecology.org;support-copernicus-gbov@acri-st.fr;NEON;45;Woody Savannas;29.67615;-82.00847;20170801T000000Z;2.0;OSBS_030;0.30;0.04;0.238;0.021;0;0
GBOV_RM6_219;OrdwaySwisherBiologicalStation;Courtney Meier;cmeier@battelleecology.org;support-copernicus-gbov@acri-st.fr;NEON;45;Woody Savannas;29.67615;-82.00847;20170815T000000Z;2.0;OSBS_030;0.33;0.05;0.076;0.010;0;0
GBOV_RM6_219;OrdwaySwisherBiologicalStation;Courtney Meier;cmeier@battelleecology.org;support-copernicus-gbov@acri-st.fr;NEON;45;Woody Savannas;29.67615;-82.00847;20170829T000000Z;2.0;OSBS_030;0.36;0.04;0.130;0.017;0;0
GBOV_RM6_219;OrdwaySwisherBiologicalStation;Courtney Meier;cmeier@battelleecology.org;support-copernicus-gbov@acri-st.fr;NEON;45;Woody Savannas;29.67615;-82.00847;20170926T000000Z;2.0;OSBS_030;0.355;0.025;0.111;0.011;0;0
GBOV_RM6_219;OrdwaySwisherBiologicalStation;Courtney Meier;cmeier@battelleecology.org;support-copernicus-gbov@acri-st.fr;NEON;45;Woody Savannas;29.67615;-82.00847;20171011T000000Z;2.0;OSBS_030;0.369;0.020;0.141;0.012;0;0
GBOV_RM6_219;OrdwaySwisherBiologicalStation;Courtney Meier;cmeier@battelleecology.org;support-copernicus-gbov@acri-st.fr;NEON;45;Woody Savannas;29.67615;-82.00847;20171026T000000Z;2.0;OSBS_030;0.370;0.023;0.088;0.010;0;16
GBOV_RM6_219;OrdwaySwisherBiologicalStation;Courtney Meier;cmeier@battelleecology.org;support-copernicus-gbov@acri-st.fr;NEON;45;Woody Savannas;29.67615;-82.00847;20171204T000000Z;2.0;OSBS_030;0.406;0.021;0.038;0.007;0;0
GBOV_RM6_219;OrdwaySwisherBiologicalStation;Courtney Meier;cmeier@battelleecology.org;support-copernicus-gbov@acri-st.fr;NEON;45;Woody Savannas;29.67615;-82.00847;20180102T000000Z;2.0;OSBS_030;0.446;0.023;0.013;0.005;0;0
GBOV_RM6_219;OrdwaySwisherBiologicalStation;Courtney Meier;cmeier@battelleecology.org;support-copernicus-gbov@acri-st.fr;NEON;45;Woody Savannas;29.67615;-82.00847;20180201T000000Z;2.0;OSBS_030;0.370;0.023;0.019;0.005;0;0
GBOV_RM6_219;OrdwaySwisherBiologicalStation;Courtney Meier;cmeier@battelleecology.org;support-copernicus-gbov@acri-st.fr;NEON;45;Woody Savannas;29.67615;-82.00847;20180227T000000Z;2.0;OSBS_030;0.312;0.017;0.022;0.007;0;0
GBOV_RM6_219;OrdwaySwisherBiologicalStation;Courtney Meier;cmeier@battelleecology.org;support-copernicus-gbov@acri-st.fr;NEON;45;Woody Savannas;29.67615;-82.00847;20180312T000000Z;2.0;OSBS_030;0.244;0.017;0.045;0.004;0;0
GBOV_RM6_219;OrdwaySwisherBiologicalStation;Courtney Meier;cmeier@battelleecology.org;support-copernicus-gbov@acri-st.fr;NEON;45;Woody Savannas;29.67615;-82.00847;20180326T000000Z;2.0;OSBS_030;0.205;0.025;0.0066;0.0012;0;0
GBOV_RM6_219;OrdwaySwisherBiologicalStation;Courtney Meier;cmeier@battelleecology.org;support-copernicus-gbov@acri-st.fr;NEON;45;Woody Savannas;29.67615;-82.00847;20180412T000000Z;2.0;OSBS_030;0.22;0.04;0.099;0.015;0;0
GBOV_RM6_219;OrdwaySwisherBiologicalStation;Courtney Meier;cmeier@battelleecology.org;support-copernicus-gbov@acri-st.fr;NEON;45;Woody Savannas;29.67615;-82.00847;20180425T000000Z;2.0;OSBS_030;0.25;0.04;0.042;0.010;0;0
GBOV_RM6_219;OrdwaySwisherBiologicalStation;Courtney Meier;cmeier@battelleecology.org;support-copernicus-gbov@acri-st.fr;NEON;45;Woody Savannas;29.67615;-82.00847;20180507T000000Z;2.0;OSBS_030;0.23;0.04;0.095;0.023;0;0
GBOV_RM6_219;OrdwaySwisherBiologicalStation;Courtney Meier;cmeier@battelleecology.org;support-copernicus-gbov@acri-st.fr;NEON;45;Woody Savannas;29.67615;-82.00847;20180522T000000Z;2.0;OSBS_030;0.270;0.030;0.037;0.008;0;0
GBOV_RM6_219;OrdwaySwisherBiologicalStation;Courtney Meier;cmeier@battelleecology.org;support-copernicus-gbov@acri-st.fr;NEON;45;Woody Savannas;29.67615;-82.00847;20180608T000000Z;2.0;OSBS_030;0.22;0.04;0.049;0.012;0;0
GBOV_RM6_219;OrdwaySwisherBiologicalStation;Courtney Meier;cmeier@battelleecology.org;support-copernicus-gbov@acri-st.fr;NEON;45;Woody Savannas;29.67615;-82.00847;20180620T000000Z;2.0;OSBS_030;0.27;0.05;0.107;0.014;0;0
GBOV_RM6_219;OrdwaySwisherBiologicalStation;Courtney Meier;cmeier@battelleecology.org;support-copernicus-gbov@acri-st.fr;NEON;45;Woody Savannas;29.67615;-82.00847;20180705T000000Z;2.0;OSBS_030;0.27;0.05;0.220;0.017;0;0
GBOV_RM6_219;OrdwaySwisherBiologicalStation;Courtney Meier;cmeier@battelleecology.org;support-copernicus-gbov@acri-st.fr;NEON;45;Woody Savannas;29.67615;-82.00847;20180717T000000Z;2.0;OSBS_030;0.27;0.05;0.091;0.013;0;0
GBOV_RM6_219;OrdwaySwisherBiologicalStation;Courtney Meier;cmeier@battelleecology.org;support-copernicus-gbov@acri-st.fr;NEON;45;Woody Savannas;29.67615;-82.00847;20180801T000000Z;2.0;OSBS_030;0.23;0.04;0.479;0.013;0;64
GBOV_RM6_219;OrdwaySwisherBiologicalStation;Courtney Meier;cmeier@battelleecology.org;support-copernicus-gbov@acri-st.fr;NEON;45;Woody Savannas;29.67615;-82.00847;20180813T000000Z;2.0;OSBS_030;0.25;0.04;0.154;0.014;0;0
GBOV_RM6_219;OrdwaySwisherBiologicalStation;Courtney Meier;cmeier@battelleecology.org;support-copernicus-gbov@acri-st.fr;NEON;45;Woody Savannas;29.67615;-82.00847;20180829T000000Z;2.0;OSBS_030;0.286;0.030;0.103;0.016;0;0
GBOV_RM6_219;OrdwaySwisherBiologicalStation;Courtney Meier;cmeier@battelleecology.org;support-copernicus-gbov@acri-st.fr;NEON;45;Woody Savannas;29.67615;-82.00847;20180912T000000Z;2.0;OSBS_030;0.306;0.029;0.448;0.012;0;0
GBOV_RM6_219;OrdwaySwisherBiologicalStation;Courtney Meier;cmeier@battelleecology.org;support-copernicus-gbov@acri-st.fr;NEON;45;Woody Savannas;29.67615;-82.00847;20180927T000000Z;2.0;OSBS_030;0.332;0.020;0.168;0.015;0;0
GBOV_RM6_219;OrdwaySwisherBiologicalStation;Courtney Meier;cmeier@battelleecology.org;support-copernicus-gbov@acri-st.fr;NEON;45;Woody Savannas;29.67615;-82.00847;20181024T000000Z;2.0;OSBS_030;0.357;0.024;0.046;0.007;0;0
GBOV_RM6_219;OrdwaySwisherBiologicalStation;Courtney Meier;cmeier@battelleecology.org;support-copernicus-gbov@acri-st.fr;NEON;45;Woody Savannas;29.67615;-82.00847;20181107T000000Z;2.0;OSBS_030;0.367;0.021;0.133;0.013;0;0
GBOV_RM6_219;OrdwaySwisherBiologicalStation;Courtney Meier;cmeier@battelleecology.org;support-copernicus-gbov@acri-st.fr;NEON;45;Woody Savannas;29.67615;-82.00847;20181204T083200Z;2.0;OSBS_030;0.380;0.021;0.103;0.012;0;0
GBOV_RM6_219;OrdwaySwisherBiologicalStation;Courtney Meier;cmeier@battelleecology.org;support-copernicus-gbov@acri-st.fr;NEON;45;Woody Savannas;29.67615;-82.00847;20181231T181600Z;2.0;OSBS_030;0.375;0.021;0.071;0.007;0;0
GBOV_RM6_219;OrdwaySwisherBiologicalStation;Courtney Meier;cmeier@battelleecology.org;support-copernicus-gbov@acri-st.fr;NEON;45;Woody Savannas;29.67615;-82.00847;20190128T191000Z;2.0;OSBS_030;0.368;0.020;0.137;0.008;0;0
GBOV_RM6_219;OrdwaySwisherBiologicalStation;Courtney Meier;cmeier@battelleecology.org;support-copernicus-gbov@acri-st.fr;NEON;45;Woody Savannas;29.67615;-82.00847;20190226T081700Z;2.0;OSBS_030;0.335;0.018;0.020;0.004;0;0
GBOV_RM6_219;OrdwaySwisherBiologicalStation;Courtney Meier;cmeier@battelleecology.org;support-copernicus-gbov@acri-st.fr;NEON;45;Woody Savannas;29.67615;-82.00847;20190313T080100Z;2.0;OSBS_030;0.321;0.023;0.020;0.004;0;0
GBOV_RM6_219;OrdwaySwisherBiologicalStation;Courtney Meier;cmeier@battelleecology.org;support-copernicus-gbov@acri-st.fr;NEON;45;Woody Savannas;29.67615;-82.00847;20190325T194300Z;2.0;OSBS_030;0.303;0.027;0.062;0.007;0;0
GBOV_RM6_219;OrdwaySwisherBiologicalStation;Courtney Meier;cmeier@battelleecology.org;support-copernicus-gbov@acri-st.fr;NEON;45;Woody Savannas;29.67615;-82.00847;20190408T194200Z;2.0;OSBS_030;0.270;0.032;0.089;0.010;0;0
GBOV_RM6_219;OrdwaySwisherBiologicalStation;Courtney Meier;cmeier@battelleecology.org;support-copernicus-gbov@acri-st.fr;NEON;45;Woody Savannas;29.67615;-82.00847;20190423T192300Z;2.0;OSBS_030;0.29;0.04;0.031;0.006;0;0
GBOV_RM6_219;OrdwaySwisherBiologicalStation;Courtney Meier;cmeier@battelleecology.org;support-copernicus-gbov@acri-st.fr;NEON;45;Woody Savannas;29.67615;-82.00847;20190509T073200Z;2.0;OSBS_030;0.31;0.05;0.073;0.011;0;0
GBOV_RM6_219;OrdwaySwisherBiologicalStation;Courtney Meier;cmeier@battelleecology.org;support-copernicus-gbov@acri-st.fr;NEON;45;Woody Savannas;29.67615;-82.00847;20190521T071600Z;2.0;OSBS_030;0.31;0.05;0.054;0.010;0;0
GBOV_RM6_219;OrdwaySwisherBiologicalStation;Courtney Meier;cmeier@battelleecology.org;support-copernicus-gbov@acri-st.fr;NEON;45;Woody Savannas;29.67615;-82.00847;20190606T065000Z;2.0;OSBS_030;0.29;0.05;0.130;0.010;0;0
GBOV_RM6_219;OrdwaySwisherBiologicalStation;Courtney Meier;cmeier@battelleecology.org;support-copernicus-gbov@acri-st.fr;NEON;45;Woody Savannas;29.67615;-82.00847;20190619T065900Z;2.0;OSBS_030;0.25;0.04;0.121;0.016;0;0
GBOV_RM6_219;OrdwaySwisherBiologicalStation;Courtney Meier;cmeier@battelleecology.org;support-copernicus-gbov@acri-st.fr;NEON;45;Woody Savannas;29.67615;-82.00847;20190703T070300Z;2.0;OSBS_030;0.29;0.05;0.111;0.012;0;0
GBOV_RM6_219;OrdwaySwisherBiologicalStation;Courtney Meier;cmeier@battelleecology.org;support-copernicus-gbov@acri-st.fr;NEON;45;Woody Savannas;29.67615;-82.00847;20190716T065300Z;2.0;OSBS_030;0.28;0.05;0.119;0.013;0;0
GBOV_RM6_219;OrdwaySwisherBiologicalStation;Courtney Meier;cmeier@battelleecology.org;support-copernicus-gbov@acri-st.fr;NEON;45;Woody Savannas;29.67615;-82.00847;20190731T070600Z;2.0;OSBS_030;0.31;0.05;0.175;0.019;0;0
GBOV_RM6_219;OrdwaySwisherBiologicalStation;Courtney Meier;cmeier@battelleecology.org;support-copernicus-gbov@acri-st.fr;NEON;45;Woody Savannas;29.67615;-82.00847;20190815T071100Z;2.0;OSBS_030;0.31;0.05;0.091;0.013;0;0
GBOV_RM6_219;OrdwaySwisherBiologicalStation;Courtney Meier;cmeier@battelleecology.org;support-copernicus-gbov@acri-st.fr;NEON;45;Woody Savannas;29.67615;-82.00847;20190829T073700Z;2.0;OSBS_030;0.36;0.04;0.138;0.012;0;0
GBOV_RM6_219;OrdwaySwisherBiologicalStation;Courtney Meier;cmeier@battelleecology.org;support-copernicus-gbov@acri-st.fr;NEON;45;Woody Savannas;29.67615;-82.00847;20190911T070800Z;2.0;OSBS_030;0.34;0.04;0.139;0.018;0;0
GBOV_RM6_219;OrdwaySwisherBiologicalStation;Courtney Meier;cmeier@battelleecology.org;support-copernicus-gbov@acri-st.fr;NEON;45;Woody Savannas;29.67615;-82.00847;20190926T073200Z;2.0;OSBS_030;0.356;0.021;0.059;0.012;0;0
GBOV_RM6_219;OrdwaySwisherBiologicalStation;Courtney Meier;cmeier@battelleecology.org;support-copernicus-gbov@acri-st.fr;NEON;45;Woody Savannas;29.67615;-82.00847;20191010T075000Z;2.0;OSBS_030;0.342;0.018;0.076;0.016;0;0
GBOV_RM6_219;OrdwaySwisherBiologicalStation;Courtney Meier;cmeier@battelleecology.org;support-copernicus-gbov@acri-st.fr;NEON;45;Woody Savannas;29.67615;-82.00847;20191024T075200Z;2.0;OSBS_030;0.364;0.018;0.027;0.004;0;0
GBOV_RM6_219;OrdwaySwisherBiologicalStation;Courtney Meier;cmeier@battelleecology.org;support-copernicus-gbov@acri-st.fr;NEON;45;Woody Savannas;29.67615;-82.00847;20191105T084700Z;2.0;OSBS_030;0.370;0.018;0.0174;0.0028;0;0
GBOV_RM6_219;OrdwaySwisherBiologicalStation;Courtney Meier;cmeier@battelleecology.org;support-copernicus-gbov@acri-st.fr;NEON;45;Woody Savannas;29.67615;-82.00847;20191120T080400Z;2.0;OSBS_030;0.379;0.024;0.061;0.005;0;0
