GBOV_ID;Site;GROUND_DATA_PI;GROUND_DATA_PIs_Email;GBOV_Email;Network;Elevation;IGBP_class;Lat_IS;Lon_IS;TIME_IS;Version;PLOT_ID;FIPAR_up;FIPAR_up_err;FIPAR_down;FIPAR_down_err;up_flag;down_flag
GBOV_RM6_362;NorthSterling;Courtney Meier;cmeier@battelleecology.org;support-copernicus-gbov@acri-st.fr;NEON;1364;Grasslands;40.461952;-103.02934;20140401T000000Z;2.0;STER_008;-999;-999;0.125;0.007;-999;0
GBOV_RM6_362;NorthSterling;Courtney Meier;cmeier@battelleecology.org;support-copernicus-gbov@acri-st.fr;NEON;1364;Grasslands;40.461952;-103.02934;20140421T000000Z;2.0;STER_008;-999;-999;0.232;0.016;-999;0
GBOV_RM6_362;NorthSterling;Courtney Meier;cmeier@battelleecology.org;support-copernicus-gbov@acri-st.fr;NEON;1364;Grasslands;40.461952;-103.02934;20140430T000000Z;2.0;STER_008;-999;-999;0.293;0.017;-999;0
GBOV_RM6_362;NorthSterling;Courtney Meier;cmeier@battelleecology.org;support-copernicus-gbov@acri-st.fr;NEON;1364;Grasslands;40.461952;-103.02934;20140513T000000Z;2.0;STER_008;-999;-999;0.406;0.024;-999;0
GBOV_RM6_362;NorthSterling;Courtney Meier;cmeier@battelleecology.org;support-copernicus-gbov@acri-st.fr;NEON;1364;Grasslands;40.461952;-103.02934;20140528T000000Z;2.0;STER_008;-999;-999;0.523;0.024;-999;0
GBOV_RM6_362;NorthSterling;Courtney Meier;cmeier@battelleecology.org;support-copernicus-gbov@acri-st.fr;NEON;1364;Grasslands;40.461952;-103.02934;20140609T000000Z;2.0;STER_008;-999;-999;0.560;0.017;-999;0
GBOV_RM6_362;NorthSterling;Courtney Meier;cmeier@battelleecology.org;support-copernicus-gbov@acri-st.fr;NEON;1364;Grasslands;40.461952;-103.02934;20140625T000000Z;2.0;STER_008;-999;-999;0.195;0.019;-999;0
GBOV_RM6_362;NorthSterling;Courtney Meier;cmeier@battelleecology.org;support-copernicus-gbov@acri-st.fr;NEON;1364;Grasslands;40.461952;-103.02934;20140709T000000Z;2.0;STER_008;-999;-999;0.0043;0.0007;-999;0
GBOV_RM6_362;NorthSterling;Courtney Meier;cmeier@battelleecology.org;support-copernicus-gbov@acri-st.fr;NEON;1364;Grasslands;40.461952;-103.02934;20140721T000000Z;2.0;STER_008;-999;-999;0.036;0.004;-999;0
GBOV_RM6_362;NorthSterling;Courtney Meier;cmeier@battelleecology.org;support-copernicus-gbov@acri-st.fr;NEON;1364;Grasslands;40.461952;-103.02934;20140804T000000Z;2.0;STER_008;-999;-999;0.120;0.014;-999;0
GBOV_RM6_362;NorthSterling;Courtney Meier;cmeier@battelleecology.org;support-copernicus-gbov@acri-st.fr;NEON;1364;Grasslands;40.461952;-103.02934;20140820T000000Z;2.0;STER_008;-999;-999;0.074;0.008;-999;0
GBOV_RM6_362;NorthSterling;Courtney Meier;cmeier@battelleecology.org;support-copernicus-gbov@acri-st.fr;NEON;1364;Grasslands;40.461952;-103.02934;20140903T000000Z;2.0;STER_008;-999;-999;0.057;0.004;-999;0
GBOV_RM6_362;NorthSterling;Courtney Meier;cmeier@battelleecology.org;support-copernicus-gbov@acri-st.fr;NEON;1364;Grasslands;40.461952;-103.02934;20140917T000000Z;2.0;STER_008;-999;-999;0.082;0.007;-999;0
GBOV_RM6_362;NorthSterling;Courtney Meier;cmeier@battelleecology.org;support-copernicus-gbov@acri-st.fr;NEON;1364;Grasslands;40.461952;-103.02934;20141001T000000Z;2.0;STER_008;-999;-999;0.078;0.006;-999;0
GBOV_RM6_362;NorthSterling;Courtney Meier;cmeier@battelleecology.org;support-copernicus-gbov@acri-st.fr;NEON;1364;Grasslands;40.461952;-103.02934;20141015T000000Z;2.0;STER_008;-999;-999;0.053;0.004;-999;0
GBOV_RM6_362;NorthSterling;Courtney Meier;cmeier@battelleecology.org;support-copernicus-gbov@acri-st.fr;NEON;1364;Grasslands;40.461952;-103.02934;20150318T000000Z;2.0;STER_008;-999;-999;0.0295;0.0022;-999;0
GBOV_RM6_362;NorthSterling;Courtney Meier;cmeier@battelleecology.org;support-copernicus-gbov@acri-st.fr;NEON;1364;Grasslands;40.461952;-103.02934;20150401T000000Z;2.0;STER_008;-999;-999;0.0179;0.0013;-999;0
GBOV_RM6_362;NorthSterling;Courtney Meier;cmeier@battelleecology.org;support-copernicus-gbov@acri-st.fr;NEON;1364;Grasslands;40.461952;-103.02934;20150413T000000Z;2.0;STER_008;-999;-999;0.0438;0.0025;-999;0
GBOV_RM6_362;NorthSterling;Courtney Meier;cmeier@battelleecology.org;support-copernicus-gbov@acri-st.fr;NEON;1364;Grasslands;40.461952;-103.02934;20150429T000000Z;2.0;STER_008;-999;-999;0.0504;0.0024;-999;0
GBOV_RM6_362;NorthSterling;Courtney Meier;cmeier@battelleecology.org;support-copernicus-gbov@acri-st.fr;NEON;1364;Grasslands;40.461952;-103.02934;20150514T000000Z;2.0;STER_008;-999;-999;0.0060;0.0006;-999;0
GBOV_RM6_362;NorthSterling;Courtney Meier;cmeier@battelleecology.org;support-copernicus-gbov@acri-st.fr;NEON;1364;Grasslands;40.461952;-103.02934;20150526T000000Z;2.0;STER_008;-999;-999;0.0117;0.0011;-999;0
GBOV_RM6_362;NorthSterling;Courtney Meier;cmeier@battelleecology.org;support-copernicus-gbov@acri-st.fr;NEON;1364;Grasslands;40.461952;-103.02934;20150610T000000Z;2.0;STER_008;-999;-999;0.0038;0.0012;-999;0
GBOV_RM6_362;NorthSterling;Courtney Meier;cmeier@battelleecology.org;support-copernicus-gbov@acri-st.fr;NEON;1364;Grasslands;40.461952;-103.02934;20150624T000000Z;2.0;STER_008;-999;-999;0.024;0.004;-999;0
GBOV_RM6_362;NorthSterling;Courtney Meier;cmeier@battelleecology.org;support-copernicus-gbov@acri-st.fr;NEON;1364;Grasslands;40.461952;-103.02934;20150709T000000Z;2.0;STER_008;-999;-999;0.151;0.024;-999;0
GBOV_RM6_362;NorthSterling;Courtney Meier;cmeier@battelleecology.org;support-copernicus-gbov@acri-st.fr;NEON;1364;Grasslands;40.461952;-103.02934;20150722T000000Z;2.0;STER_008;-999;-999;0.400;0.029;-999;0
GBOV_RM6_362;NorthSterling;Courtney Meier;cmeier@battelleecology.org;support-copernicus-gbov@acri-st.fr;NEON;1364;Grasslands;40.461952;-103.02934;20150805T000000Z;2.0;STER_008;0.42;0.04;-999;-999;0;-999
GBOV_RM6_362;NorthSterling;Courtney Meier;cmeier@battelleecology.org;support-copernicus-gbov@acri-st.fr;NEON;1364;Grasslands;40.461952;-103.02934;20150818T000000Z;2.0;STER_008;0.522;0.021;-999;-999;0;-999
GBOV_RM6_362;NorthSterling;Courtney Meier;cmeier@battelleecology.org;support-copernicus-gbov@acri-st.fr;NEON;1364;Grasslands;40.461952;-103.02934;20150902T000000Z;2.0;STER_008;0.308;0.023;-999;-999;0;-999
GBOV_RM6_362;NorthSterling;Courtney Meier;cmeier@battelleecology.org;support-copernicus-gbov@acri-st.fr;NEON;1364;Grasslands;40.461952;-103.02934;20150916T000000Z;2.0;STER_008;0.243;0.023;-999;-999;0;-999
GBOV_RM6_362;NorthSterling;Courtney Meier;cmeier@battelleecology.org;support-copernicus-gbov@acri-st.fr;NEON;1364;Grasslands;40.461952;-103.02934;20150929T000000Z;2.0;STER_008;0.357;0.019;-999;-999;0;-999
GBOV_RM6_362;NorthSterling;Courtney Meier;cmeier@battelleecology.org;support-copernicus-gbov@acri-st.fr;NEON;1364;Grasslands;40.461952;-103.02934;20151014T000000Z;2.0;STER_008;0.268;0.031;-999;-999;0;-999
GBOV_RM6_362;NorthSterling;Courtney Meier;cmeier@battelleecology.org;support-copernicus-gbov@acri-st.fr;NEON;1364;Grasslands;40.461952;-103.02934;20160414T000000Z;2.0;STER_008;-999;-999;0.0223;0.0025;-999;0
GBOV_RM6_362;NorthSterling;Courtney Meier;cmeier@battelleecology.org;support-copernicus-gbov@acri-st.fr;NEON;1364;Grasslands;40.461952;-103.02934;20160426T000000Z;2.0;STER_008;-999;-999;0.0168;0.0019;-999;0
GBOV_RM6_362;NorthSterling;Courtney Meier;cmeier@battelleecology.org;support-copernicus-gbov@acri-st.fr;NEON;1364;Grasslands;40.461952;-103.02934;20160511T000000Z;2.0;STER_008;-999;-999;0.0076;0.0012;-999;2
GBOV_RM6_362;NorthSterling;Courtney Meier;cmeier@battelleecology.org;support-copernicus-gbov@acri-st.fr;NEON;1364;Grasslands;40.461952;-103.02934;20160525T000000Z;2.0;STER_008;-999;-999;0.0110;0.0014;-999;0
GBOV_RM6_362;NorthSterling;Courtney Meier;cmeier@battelleecology.org;support-copernicus-gbov@acri-st.fr;NEON;1364;Grasslands;40.461952;-103.02934;20160622T000000Z;2.0;STER_008;-999;-999;0.0088;0.0032;-999;0
GBOV_RM6_362;NorthSterling;Courtney Meier;cmeier@battelleecology.org;support-copernicus-gbov@acri-st.fr;NEON;1364;Grasslands;40.461952;-103.02934;20160706T000000Z;2.0;STER_008;-999;-999;0.081;0.017;-999;0
GBOV_RM6_362;NorthSterling;Courtney Meier;cmeier@battelleecology.org;support-copernicus-gbov@acri-st.fr;NEON;1364;Grasslands;40.461952;-103.02934;20160720T000000Z;2.0;STER_008;-999;-999;0.451;0.031;-999;0
GBOV_RM6_362;NorthSterling;Courtney Meier;cmeier@battelleecology.org;support-copernicus-gbov@acri-st.fr;NEON;1364;Grasslands;40.461952;-103.02934;20160803T000000Z;2.0;STER_008;-999;-999;0.608;0.026;-999;0
GBOV_RM6_362;NorthSterling;Courtney Meier;cmeier@battelleecology.org;support-copernicus-gbov@acri-st.fr;NEON;1364;Grasslands;40.461952;-103.02934;20160822T000000Z;2.0;STER_008;-999;-999;0.080;0.015;-999;0
GBOV_RM6_362;NorthSterling;Courtney Meier;cmeier@battelleecology.org;support-copernicus-gbov@acri-st.fr;NEON;1364;Grasslands;40.461952;-103.02934;20160831T000000Z;2.0;STER_008;-999;-999;0.035;0.005;-999;0
GBOV_RM6_362;NorthSterling;Courtney Meier;cmeier@battelleecology.org;support-copernicus-gbov@acri-st.fr;NEON;1364;Grasslands;40.461952;-103.02934;20160914T000000Z;2.0;STER_008;-999;-999;0.088;0.004;-999;0
GBOV_RM6_362;NorthSterling;Courtney Meier;cmeier@battelleecology.org;support-copernicus-gbov@acri-st.fr;NEON;1364;Grasslands;40.461952;-103.02934;20160929T000000Z;2.0;STER_008;-999;-999;0.093;0.006;-999;0
GBOV_RM6_362;NorthSterling;Courtney Meier;cmeier@battelleecology.org;support-copernicus-gbov@acri-st.fr;NEON;1364;Grasslands;40.461952;-103.02934;20170405T000000Z;2.0;STER_008;-999;-999;0.0384;0.0019;-999;0
GBOV_RM6_362;NorthSterling;Courtney Meier;cmeier@battelleecology.org;support-copernicus-gbov@acri-st.fr;NEON;1364;Grasslands;40.461952;-103.02934;20170420T000000Z;2.0;STER_008;-999;-999;0.0271;0.0021;-999;0
GBOV_RM6_362;NorthSterling;Courtney Meier;cmeier@battelleecology.org;support-copernicus-gbov@acri-st.fr;NEON;1364;Grasslands;40.461952;-103.02934;20170504T000000Z;2.0;STER_008;-999;-999;0.0227;0.0025;-999;0
GBOV_RM6_362;NorthSterling;Courtney Meier;cmeier@battelleecology.org;support-copernicus-gbov@acri-st.fr;NEON;1364;Grasslands;40.461952;-103.02934;20170517T000000Z;2.0;STER_008;-999;-999;0.00244;0.00033;-999;0
GBOV_RM6_362;NorthSterling;Courtney Meier;cmeier@battelleecology.org;support-copernicus-gbov@acri-st.fr;NEON;1364;Grasslands;40.461952;-103.02934;20170601T000000Z;2.0;STER_008;-999;-999;0.00224;0.00032;-999;0
GBOV_RM6_362;NorthSterling;Courtney Meier;cmeier@battelleecology.org;support-copernicus-gbov@acri-st.fr;NEON;1364;Grasslands;40.461952;-103.02934;20170614T000000Z;2.0;STER_008;-999;-999;0.029;0.004;-999;0
GBOV_RM6_362;NorthSterling;Courtney Meier;cmeier@battelleecology.org;support-copernicus-gbov@acri-st.fr;NEON;1364;Grasslands;40.461952;-103.02934;20170628T000000Z;2.0;STER_008;-999;-999;0.059;0.006;-999;0
GBOV_RM6_362;NorthSterling;Courtney Meier;cmeier@battelleecology.org;support-copernicus-gbov@acri-st.fr;NEON;1364;Grasslands;40.461952;-103.02934;20170712T000000Z;2.0;STER_008;-999;-999;0.0029;0.0011;-999;0
GBOV_RM6_362;NorthSterling;Courtney Meier;cmeier@battelleecology.org;support-copernicus-gbov@acri-st.fr;NEON;1364;Grasslands;40.461952;-103.02934;20170725T000000Z;2.0;STER_008;-999;-999;0.012;0.005;-999;0
GBOV_RM6_362;NorthSterling;Courtney Meier;cmeier@battelleecology.org;support-copernicus-gbov@acri-st.fr;NEON;1364;Grasslands;40.461952;-103.02934;20170809T000000Z;2.0;STER_008;-999;-999;0.022;0.008;-999;0
GBOV_RM6_362;NorthSterling;Courtney Meier;cmeier@battelleecology.org;support-copernicus-gbov@acri-st.fr;NEON;1364;Grasslands;40.461952;-103.02934;20170823T000000Z;2.0;STER_008;-999;-999;0.0220;0.0013;-999;0
GBOV_RM6_362;NorthSterling;Courtney Meier;cmeier@battelleecology.org;support-copernicus-gbov@acri-st.fr;NEON;1364;Grasslands;40.461952;-103.02934;20170906T000000Z;2.0;STER_008;-999;-999;0.0030;0.0004;-999;0
GBOV_RM6_362;NorthSterling;Courtney Meier;cmeier@battelleecology.org;support-copernicus-gbov@acri-st.fr;NEON;1364;Grasslands;40.461952;-103.02934;20170920T000000Z;2.0;STER_008;-999;-999;0.0374;0.0019;-999;0
GBOV_RM6_362;NorthSterling;Courtney Meier;cmeier@battelleecology.org;support-copernicus-gbov@acri-st.fr;NEON;1364;Grasslands;40.461952;-103.02934;20180404T000000Z;2.0;STER_008;-999;-999;0.0359;0.0030;-999;0
GBOV_RM6_362;NorthSterling;Courtney Meier;cmeier@battelleecology.org;support-copernicus-gbov@acri-st.fr;NEON;1364;Grasslands;40.461952;-103.02934;20180419T000000Z;2.0;STER_008;-999;-999;0.092;0.008;-999;0
GBOV_RM6_362;NorthSterling;Courtney Meier;cmeier@battelleecology.org;support-copernicus-gbov@acri-st.fr;NEON;1364;Grasslands;40.461952;-103.02934;20180507T000000Z;2.0;STER_008;-999;-999;0.137;0.011;-999;0
GBOV_RM6_362;NorthSterling;Courtney Meier;cmeier@battelleecology.org;support-copernicus-gbov@acri-st.fr;NEON;1364;Grasslands;40.461952;-103.02934;20180516T000000Z;2.0;STER_008;-999;-999;0.316;0.018;-999;0
GBOV_RM6_362;NorthSterling;Courtney Meier;cmeier@battelleecology.org;support-copernicus-gbov@acri-st.fr;NEON;1364;Grasslands;40.461952;-103.02934;20180530T000000Z;2.0;STER_008;-999;-999;0.419;0.027;-999;0
GBOV_RM6_362;NorthSterling;Courtney Meier;cmeier@battelleecology.org;support-copernicus-gbov@acri-st.fr;NEON;1364;Grasslands;40.461952;-103.02934;20180613T000000Z;2.0;STER_008;-999;-999;0.035;0.004;-999;0
GBOV_RM6_362;NorthSterling;Courtney Meier;cmeier@battelleecology.org;support-copernicus-gbov@acri-st.fr;NEON;1364;Grasslands;40.461952;-103.02934;20180627T000000Z;2.0;STER_008;-999;-999;0.063;0.005;-999;0
GBOV_RM6_362;NorthSterling;Courtney Meier;cmeier@battelleecology.org;support-copernicus-gbov@acri-st.fr;NEON;1364;Grasslands;40.461952;-103.02934;20180711T000000Z;2.0;STER_008;-999;-999;0.0515;0.0026;-999;0
GBOV_RM6_362;NorthSterling;Courtney Meier;cmeier@battelleecology.org;support-copernicus-gbov@acri-st.fr;NEON;1364;Grasslands;40.461952;-103.02934;20180725T000000Z;2.0;STER_008;-999;-999;0.039;0.006;-999;0
GBOV_RM6_362;NorthSterling;Courtney Meier;cmeier@battelleecology.org;support-copernicus-gbov@acri-st.fr;NEON;1364;Grasslands;40.461952;-103.02934;20180808T000000Z;2.0;STER_008;-999;-999;0.125;0.010;-999;0
GBOV_RM6_362;NorthSterling;Courtney Meier;cmeier@battelleecology.org;support-copernicus-gbov@acri-st.fr;NEON;1364;Grasslands;40.461952;-103.02934;20180822T000000Z;2.0;STER_008;-999;-999;0.132;0.012;-999;0
GBOV_RM6_362;NorthSterling;Courtney Meier;cmeier@battelleecology.org;support-copernicus-gbov@acri-st.fr;NEON;1364;Grasslands;40.461952;-103.02934;20180906T000000Z;2.0;STER_008;-999;-999;0.081;0.009;-999;0
GBOV_RM6_362;NorthSterling;Courtney Meier;cmeier@battelleecology.org;support-copernicus-gbov@acri-st.fr;NEON;1364;Grasslands;40.461952;-103.02934;20180919T000000Z;2.0;STER_008;-999;-999;0.0163;0.0017;-999;0
GBOV_RM6_362;NorthSterling;Courtney Meier;cmeier@battelleecology.org;support-copernicus-gbov@acri-st.fr;NEON;1364;Grasslands;40.461952;-103.02934;20190402T181400Z;2.0;STER_008;-999;-999;0.0090;0.0009;-999;0
GBOV_RM6_362;NorthSterling;Courtney Meier;cmeier@battelleecology.org;support-copernicus-gbov@acri-st.fr;NEON;1364;Grasslands;40.461952;-103.02934;20190416T135000Z;2.0;STER_008;-999;-999;0.0072;0.0005;-999;0
GBOV_RM6_362;NorthSterling;Courtney Meier;cmeier@battelleecology.org;support-copernicus-gbov@acri-st.fr;NEON;1364;Grasslands;40.461952;-103.02934;20190430T162600Z;2.0;STER_008;-999;-999;0.00101;0.00018;-999;0
GBOV_RM6_362;NorthSterling;Courtney Meier;cmeier@battelleecology.org;support-copernicus-gbov@acri-st.fr;NEON;1364;Grasslands;40.461952;-103.02934;20190514T162600Z;2.0;STER_008;-999;-999;0.00325;0.00029;-999;0
GBOV_RM6_362;NorthSterling;Courtney Meier;cmeier@battelleecology.org;support-copernicus-gbov@acri-st.fr;NEON;1364;Grasslands;40.461952;-103.02934;20190530T104500Z;2.0;STER_008;-999;-999;0.0040;0.0006;-999;0
GBOV_RM6_362;NorthSterling;Courtney Meier;cmeier@battelleecology.org;support-copernicus-gbov@acri-st.fr;NEON;1364;Grasslands;40.461952;-103.02934;20190611T163500Z;2.0;STER_008;-999;-999;0.00070;0.00013;-999;0
GBOV_RM6_362;NorthSterling;Courtney Meier;cmeier@battelleecology.org;support-copernicus-gbov@acri-st.fr;NEON;1364;Grasslands;40.461952;-103.02934;20190625T165900Z;2.0;STER_008;-999;-999;0.0222;0.0035;-999;0
GBOV_RM6_362;NorthSterling;Courtney Meier;cmeier@battelleecology.org;support-copernicus-gbov@acri-st.fr;NEON;1364;Grasslands;40.461952;-103.02934;20190710T114700Z;2.0;STER_008;-999;-999;0.216;0.016;-999;0
GBOV_RM6_362;NorthSterling;Courtney Meier;cmeier@battelleecology.org;support-copernicus-gbov@acri-st.fr;NEON;1364;Grasslands;40.461952;-103.02934;20190724T123500Z;2.0;STER_008;-999;-999;0.230;0.025;-999;0
GBOV_RM6_362;NorthSterling;Courtney Meier;cmeier@battelleecology.org;support-copernicus-gbov@acri-st.fr;NEON;1364;Grasslands;40.461952;-103.02934;20190807T161500Z;2.0;STER_008;-999;-999;0.419;0.030;-999;0
GBOV_RM6_362;NorthSterling;Courtney Meier;cmeier@battelleecology.org;support-copernicus-gbov@acri-st.fr;NEON;1364;Grasslands;40.461952;-103.02934;20190820T141000Z;2.0;STER_008;-999;-999;0.171;0.016;-999;0
GBOV_RM6_362;NorthSterling;Courtney Meier;cmeier@battelleecology.org;support-copernicus-gbov@acri-st.fr;NEON;1364;Grasslands;40.461952;-103.02934;20190905T083000Z;2.0;STER_008;-999;-999;0.077;0.006;-999;0
GBOV_RM6_362;NorthSterling;Courtney Meier;cmeier@battelleecology.org;support-copernicus-gbov@acri-st.fr;NEON;1364;Grasslands;40.461952;-103.02934;20190917T153200Z;2.0;STER_008;-999;-999;0.0373;0.0028;-999;4
