GBOV_ID;Site;GROUND_DATA_PI;GROUND_DATA_PIs_Email;GBOV_Email;Network;Elevation;IGBP_class;Lat_IS;Lon_IS;TIME_IS;Version;PLOT_ID;FIPAR_up;FIPAR_up_err;FIPAR_down;FIPAR_down_err;up_flag;down_flag
GBOV_RM6_380;Woodworth;Courtney Meier;cmeier@battelleecology.org;support-copernicus-gbov@acri-st.fr;NEON;579;Croplands;47.128231048584;-99.2413635253906;20140508T000000Z;2.0;WOOD_044;-999;-999;0.0276;0.0031;-999;0
GBOV_RM6_380;Woodworth;Courtney Meier;cmeier@battelleecology.org;support-copernicus-gbov@acri-st.fr;NEON;579;Croplands;47.128231048584;-99.2413635253906;20140522T000000Z;2.0;WOOD_044;-999;-999;0.049;0.005;-999;0
GBOV_RM6_380;Woodworth;Courtney Meier;cmeier@battelleecology.org;support-copernicus-gbov@acri-st.fr;NEON;579;Croplands;47.128231048584;-99.2413635253906;20140619T000000Z;2.0;WOOD_044;-999;-999;0.64;0.05;-999;0
GBOV_RM6_380;Woodworth;Courtney Meier;cmeier@battelleecology.org;support-copernicus-gbov@acri-st.fr;NEON;579;Croplands;47.128231048584;-99.2413635253906;20140708T000000Z;2.0;WOOD_044;-999;-999;0.641;0.031;-999;0
GBOV_RM6_380;Woodworth;Courtney Meier;cmeier@battelleecology.org;support-copernicus-gbov@acri-st.fr;NEON;579;Croplands;47.128231048584;-99.2413635253906;20140717T000000Z;2.0;WOOD_044;-999;-999;0.611;0.020;-999;0
GBOV_RM6_380;Woodworth;Courtney Meier;cmeier@battelleecology.org;support-copernicus-gbov@acri-st.fr;NEON;579;Croplands;47.128231048584;-99.2413635253906;20140731T000000Z;2.0;WOOD_044;-999;-999;0.497;0.020;-999;0
GBOV_RM6_380;Woodworth;Courtney Meier;cmeier@battelleecology.org;support-copernicus-gbov@acri-st.fr;NEON;579;Croplands;47.128231048584;-99.2413635253906;20140814T000000Z;2.0;WOOD_044;-999;-999;0.388;0.023;-999;0
GBOV_RM6_380;Woodworth;Courtney Meier;cmeier@battelleecology.org;support-copernicus-gbov@acri-st.fr;NEON;579;Croplands;47.128231048584;-99.2413635253906;20140905T000000Z;2.0;WOOD_044;-999;-999;0.371;0.015;-999;0
GBOV_RM6_380;Woodworth;Courtney Meier;cmeier@battelleecology.org;support-copernicus-gbov@acri-st.fr;NEON;579;Croplands;47.128231048584;-99.2413635253906;20140911T000000Z;2.0;WOOD_044;-999;-999;0.202;0.010;-999;0
GBOV_RM6_380;Woodworth;Courtney Meier;cmeier@battelleecology.org;support-copernicus-gbov@acri-st.fr;NEON;579;Croplands;47.128231048584;-99.2413635253906;20140926T000000Z;2.0;WOOD_044;-999;-999;0.144;0.011;-999;0
GBOV_RM6_380;Woodworth;Courtney Meier;cmeier@battelleecology.org;support-copernicus-gbov@acri-st.fr;NEON;579;Croplands;47.128231048584;-99.2413635253906;20141009T000000Z;2.0;WOOD_044;-999;-999;0.104;0.006;-999;0
GBOV_RM6_380;Woodworth;Courtney Meier;cmeier@battelleecology.org;support-copernicus-gbov@acri-st.fr;NEON;579;Croplands;47.128231048584;-99.2413635253906;20141022T000000Z;2.0;WOOD_044;-999;-999;0.0164;0.0021;-999;0
GBOV_RM6_380;Woodworth;Courtney Meier;cmeier@battelleecology.org;support-copernicus-gbov@acri-st.fr;NEON;579;Croplands;47.128231048584;-99.2413635253906;20150403T000000Z;2.0;WOOD_044;-999;-999;0.032;0.004;-999;0
GBOV_RM6_380;Woodworth;Courtney Meier;cmeier@battelleecology.org;support-copernicus-gbov@acri-st.fr;NEON;579;Croplands;47.128231048584;-99.2413635253906;20150415T000000Z;2.0;WOOD_044;-999;-999;0.0447;0.0031;-999;0
GBOV_RM6_380;Woodworth;Courtney Meier;cmeier@battelleecology.org;support-copernicus-gbov@acri-st.fr;NEON;579;Croplands;47.128231048584;-99.2413635253906;20150430T000000Z;2.0;WOOD_044;-999;-999;0.0240;0.0028;-999;0
GBOV_RM6_380;Woodworth;Courtney Meier;cmeier@battelleecology.org;support-copernicus-gbov@acri-st.fr;NEON;579;Croplands;47.128231048584;-99.2413635253906;20150520T000000Z;2.0;WOOD_044;-999;-999;0.049;0.005;-999;0
GBOV_RM6_380;Woodworth;Courtney Meier;cmeier@battelleecology.org;support-copernicus-gbov@acri-st.fr;NEON;579;Croplands;47.128231048584;-99.2413635253906;20150603T000000Z;2.0;WOOD_044;-999;-999;0.164;0.020;-999;0
GBOV_RM6_380;Woodworth;Courtney Meier;cmeier@battelleecology.org;support-copernicus-gbov@acri-st.fr;NEON;579;Croplands;47.128231048584;-99.2413635253906;20150617T000000Z;2.0;WOOD_044;-999;-999;0.354;0.022;-999;0
GBOV_RM6_380;Woodworth;Courtney Meier;cmeier@battelleecology.org;support-copernicus-gbov@acri-st.fr;NEON;579;Croplands;47.128231048584;-99.2413635253906;20150701T000000Z;2.0;WOOD_044;-999;-999;0.676;0.021;-999;0
GBOV_RM6_380;Woodworth;Courtney Meier;cmeier@battelleecology.org;support-copernicus-gbov@acri-st.fr;NEON;579;Croplands;47.128231048584;-99.2413635253906;20150715T000000Z;2.0;WOOD_044;-999;-999;0.637;0.026;-999;16
GBOV_RM6_380;Woodworth;Courtney Meier;cmeier@battelleecology.org;support-copernicus-gbov@acri-st.fr;NEON;579;Croplands;47.128231048584;-99.2413635253906;20150729T000000Z;2.0;WOOD_044;-999;-999;0.195;0.011;-999;0
GBOV_RM6_380;Woodworth;Courtney Meier;cmeier@battelleecology.org;support-copernicus-gbov@acri-st.fr;NEON;579;Croplands;47.128231048584;-99.2413635253906;20150812T000000Z;2.0;WOOD_044;-999;-999;0.070;0.006;-999;0
GBOV_RM6_380;Woodworth;Courtney Meier;cmeier@battelleecology.org;support-copernicus-gbov@acri-st.fr;NEON;579;Croplands;47.128231048584;-99.2413635253906;20150827T000000Z;2.0;WOOD_044;-999;-999;0.173;0.017;-999;0
GBOV_RM6_380;Woodworth;Courtney Meier;cmeier@battelleecology.org;support-copernicus-gbov@acri-st.fr;NEON;579;Croplands;47.128231048584;-99.2413635253906;20150910T000000Z;2.0;WOOD_044;-999;-999;0.366;0.016;-999;0
GBOV_RM6_380;Woodworth;Courtney Meier;cmeier@battelleecology.org;support-copernicus-gbov@acri-st.fr;NEON;579;Croplands;47.128231048584;-99.2413635253906;20150928T000000Z;2.0;WOOD_044;-999;-999;0.167;0.013;-999;0
GBOV_RM6_380;Woodworth;Courtney Meier;cmeier@battelleecology.org;support-copernicus-gbov@acri-st.fr;NEON;579;Croplands;47.128231048584;-99.2413635253906;20151009T000000Z;2.0;WOOD_044;-999;-999;0.116;0.016;-999;0
