GBOV_ID;Site;GROUND_DATA_PI;GROUND_DATA_PIs_Email;GBOV_Email;Network;Elevation;IGBP_class;Lat_IS;Lon_IS;TIME_IS;Version;PLOT_ID;FIPAR_up;FIPAR_up_err;FIPAR_down;FIPAR_down_err;up_flag;down_flag
GBOV_RM6_785;Woodworth;Courtney Meier;cmeier@battelleecology.org;support-copernicus-gbov@acri-st.fr;NEON;579;Croplands;47.128231048584;-99.2413635253906;20140508T000000Z;2.0;WOOD_064;-999;-999;0.0358;0.0027;-999;32
GBOV_RM6_785;Woodworth;Courtney Meier;cmeier@battelleecology.org;support-copernicus-gbov@acri-st.fr;NEON;579;Croplands;47.128231048584;-99.2413635253906;20140522T000000Z;2.0;WOOD_064;-999;-999;0.058;0.007;-999;0
GBOV_RM6_785;Woodworth;Courtney Meier;cmeier@battelleecology.org;support-copernicus-gbov@acri-st.fr;NEON;579;Croplands;47.128231048584;-99.2413635253906;20140619T000000Z;2.0;WOOD_064;-999;-999;0.574;0.019;-999;0
GBOV_RM6_785;Woodworth;Courtney Meier;cmeier@battelleecology.org;support-copernicus-gbov@acri-st.fr;NEON;579;Croplands;47.128231048584;-99.2413635253906;20140708T000000Z;2.0;WOOD_064;-999;-999;0.581;0.023;-999;0
GBOV_RM6_785;Woodworth;Courtney Meier;cmeier@battelleecology.org;support-copernicus-gbov@acri-st.fr;NEON;579;Croplands;47.128231048584;-99.2413635253906;20140717T000000Z;2.0;WOOD_064;-999;-999;0.546;0.024;-999;0
GBOV_RM6_785;Woodworth;Courtney Meier;cmeier@battelleecology.org;support-copernicus-gbov@acri-st.fr;NEON;579;Croplands;47.128231048584;-99.2413635253906;20140731T000000Z;2.0;WOOD_064;-999;-999;0.459;0.027;-999;0
GBOV_RM6_785;Woodworth;Courtney Meier;cmeier@battelleecology.org;support-copernicus-gbov@acri-st.fr;NEON;579;Croplands;47.128231048584;-99.2413635253906;20140814T000000Z;2.0;WOOD_064;-999;-999;0.329;0.022;-999;0
GBOV_RM6_785;Woodworth;Courtney Meier;cmeier@battelleecology.org;support-copernicus-gbov@acri-st.fr;NEON;579;Croplands;47.128231048584;-99.2413635253906;20140905T000000Z;2.0;WOOD_064;-999;-999;0.330;0.015;-999;0
GBOV_RM6_785;Woodworth;Courtney Meier;cmeier@battelleecology.org;support-copernicus-gbov@acri-st.fr;NEON;579;Croplands;47.128231048584;-99.2413635253906;20140911T000000Z;2.0;WOOD_064;-999;-999;0.201;0.012;-999;0
GBOV_RM6_785;Woodworth;Courtney Meier;cmeier@battelleecology.org;support-copernicus-gbov@acri-st.fr;NEON;579;Croplands;47.128231048584;-99.2413635253906;20140926T000000Z;2.0;WOOD_064;-999;-999;0.139;0.012;-999;0
GBOV_RM6_785;Woodworth;Courtney Meier;cmeier@battelleecology.org;support-copernicus-gbov@acri-st.fr;NEON;579;Croplands;47.128231048584;-99.2413635253906;20141009T000000Z;2.0;WOOD_064;-999;-999;0.101;0.005;-999;0
GBOV_RM6_785;Woodworth;Courtney Meier;cmeier@battelleecology.org;support-copernicus-gbov@acri-st.fr;NEON;579;Croplands;47.128231048584;-99.2413635253906;20141022T000000Z;2.0;WOOD_064;-999;-999;0.0156;0.0009;-999;0
GBOV_RM6_785;Woodworth;Courtney Meier;cmeier@battelleecology.org;support-copernicus-gbov@acri-st.fr;NEON;579;Croplands;47.128231048584;-99.2413635253906;20150403T000000Z;2.0;WOOD_064;-999;-999;0.0406;0.0024;-999;0
GBOV_RM6_785;Woodworth;Courtney Meier;cmeier@battelleecology.org;support-copernicus-gbov@acri-st.fr;NEON;579;Croplands;47.128231048584;-99.2413635253906;20150415T000000Z;2.0;WOOD_064;-999;-999;0.0476;0.0026;-999;0
GBOV_RM6_785;Woodworth;Courtney Meier;cmeier@battelleecology.org;support-copernicus-gbov@acri-st.fr;NEON;579;Croplands;47.128231048584;-99.2413635253906;20150430T000000Z;2.0;WOOD_064;-999;-999;0.0335;0.0020;-999;0
GBOV_RM6_785;Woodworth;Courtney Meier;cmeier@battelleecology.org;support-copernicus-gbov@acri-st.fr;NEON;579;Croplands;47.128231048584;-99.2413635253906;20150520T000000Z;2.0;WOOD_064;-999;-999;0.063;0.008;-999;0
GBOV_RM6_785;Woodworth;Courtney Meier;cmeier@battelleecology.org;support-copernicus-gbov@acri-st.fr;NEON;579;Croplands;47.128231048584;-99.2413635253906;20150603T000000Z;2.0;WOOD_064;-999;-999;0.172;0.023;-999;0
GBOV_RM6_785;Woodworth;Courtney Meier;cmeier@battelleecology.org;support-copernicus-gbov@acri-st.fr;NEON;579;Croplands;47.128231048584;-99.2413635253906;20150617T000000Z;2.0;WOOD_064;-999;-999;0.395;0.019;-999;0
GBOV_RM6_785;Woodworth;Courtney Meier;cmeier@battelleecology.org;support-copernicus-gbov@acri-st.fr;NEON;579;Croplands;47.128231048584;-99.2413635253906;20150701T000000Z;2.0;WOOD_064;-999;-999;0.674;0.015;-999;0
GBOV_RM6_785;Woodworth;Courtney Meier;cmeier@battelleecology.org;support-copernicus-gbov@acri-st.fr;NEON;579;Croplands;47.128231048584;-99.2413635253906;20150715T000000Z;2.0;WOOD_064;-999;-999;0.605;0.021;-999;16
GBOV_RM6_785;Woodworth;Courtney Meier;cmeier@battelleecology.org;support-copernicus-gbov@acri-st.fr;NEON;579;Croplands;47.128231048584;-99.2413635253906;20150729T000000Z;2.0;WOOD_064;-999;-999;0.209;0.010;-999;0
GBOV_RM6_785;Woodworth;Courtney Meier;cmeier@battelleecology.org;support-copernicus-gbov@acri-st.fr;NEON;579;Croplands;47.128231048584;-99.2413635253906;20150812T000000Z;2.0;WOOD_064;-999;-999;0.093;0.007;-999;0
GBOV_RM6_785;Woodworth;Courtney Meier;cmeier@battelleecology.org;support-copernicus-gbov@acri-st.fr;NEON;579;Croplands;47.128231048584;-99.2413635253906;20150827T000000Z;2.0;WOOD_064;-999;-999;0.133;0.012;-999;0
GBOV_RM6_785;Woodworth;Courtney Meier;cmeier@battelleecology.org;support-copernicus-gbov@acri-st.fr;NEON;579;Croplands;47.128231048584;-99.2413635253906;20150910T000000Z;2.0;WOOD_064;-999;-999;0.290;0.022;-999;0
GBOV_RM6_785;Woodworth;Courtney Meier;cmeier@battelleecology.org;support-copernicus-gbov@acri-st.fr;NEON;579;Croplands;47.128231048584;-99.2413635253906;20150928T000000Z;2.0;WOOD_064;-999;-999;0.091;0.011;-999;0
GBOV_RM6_785;Woodworth;Courtney Meier;cmeier@battelleecology.org;support-copernicus-gbov@acri-st.fr;NEON;579;Croplands;47.128231048584;-99.2413635253906;20151009T000000Z;2.0;WOOD_064;-999;-999;0.059;0.008;-999;0
GBOV_RM6_785;Woodworth;Courtney Meier;cmeier@battelleecology.org;support-copernicus-gbov@acri-st.fr;NEON;579;Croplands;47.128231048584;-99.2413635253906;20160411T000000Z;2.0;WOOD_064;-999;-999;0.0338;0.0025;-999;0
GBOV_RM6_785;Woodworth;Courtney Meier;cmeier@battelleecology.org;support-copernicus-gbov@acri-st.fr;NEON;579;Croplands;47.128231048584;-99.2413635253906;20160427T000000Z;2.0;WOOD_064;-999;-999;0.057;0.004;-999;0
GBOV_RM6_785;Woodworth;Courtney Meier;cmeier@battelleecology.org;support-copernicus-gbov@acri-st.fr;NEON;579;Croplands;47.128231048584;-99.2413635253906;20160509T000000Z;2.0;WOOD_064;-999;-999;0.081;0.008;-999;0
GBOV_RM6_785;Woodworth;Courtney Meier;cmeier@battelleecology.org;support-copernicus-gbov@acri-st.fr;NEON;579;Croplands;47.128231048584;-99.2413635253906;20160523T000000Z;2.0;WOOD_064;-999;-999;0.177;0.016;-999;32
GBOV_RM6_785;Woodworth;Courtney Meier;cmeier@battelleecology.org;support-copernicus-gbov@acri-st.fr;NEON;579;Croplands;47.128231048584;-99.2413635253906;20160606T000000Z;2.0;WOOD_064;-999;-999;0.425;0.026;-999;32
GBOV_RM6_785;Woodworth;Courtney Meier;cmeier@battelleecology.org;support-copernicus-gbov@acri-st.fr;NEON;579;Croplands;47.128231048584;-99.2413635253906;20160620T000000Z;2.0;WOOD_064;-999;-999;0.556;0.021;-999;0
GBOV_RM6_785;Woodworth;Courtney Meier;cmeier@battelleecology.org;support-copernicus-gbov@acri-st.fr;NEON;579;Croplands;47.128231048584;-99.2413635253906;20160706T000000Z;2.0;WOOD_064;-999;-999;0.468;0.020;-999;0
GBOV_RM6_785;Woodworth;Courtney Meier;cmeier@battelleecology.org;support-copernicus-gbov@acri-st.fr;NEON;579;Croplands;47.128231048584;-99.2413635253906;20160718T000000Z;2.0;WOOD_064;-999;-999;0.568;0.019;-999;0
GBOV_RM6_785;Woodworth;Courtney Meier;cmeier@battelleecology.org;support-copernicus-gbov@acri-st.fr;NEON;579;Croplands;47.128231048584;-99.2413635253906;20160801T000000Z;2.0;WOOD_064;-999;-999;0.558;0.016;-999;0
GBOV_RM6_785;Woodworth;Courtney Meier;cmeier@battelleecology.org;support-copernicus-gbov@acri-st.fr;NEON;579;Croplands;47.128231048584;-99.2413635253906;20160815T000000Z;2.0;WOOD_064;-999;-999;0.387;0.018;-999;0
GBOV_RM6_785;Woodworth;Courtney Meier;cmeier@battelleecology.org;support-copernicus-gbov@acri-st.fr;NEON;579;Croplands;47.128231048584;-99.2413635253906;20160829T000000Z;2.0;WOOD_064;-999;-999;0.305;0.014;-999;0
GBOV_RM6_785;Woodworth;Courtney Meier;cmeier@battelleecology.org;support-copernicus-gbov@acri-st.fr;NEON;579;Croplands;47.128231048584;-99.2413635253906;20160912T000000Z;2.0;WOOD_064;-999;-999;0.162;0.010;-999;0
GBOV_RM6_785;Woodworth;Courtney Meier;cmeier@battelleecology.org;support-copernicus-gbov@acri-st.fr;NEON;579;Croplands;47.128231048584;-99.2413635253906;20160926T000000Z;2.0;WOOD_064;-999;-999;0.180;0.011;-999;0
GBOV_RM6_785;Woodworth;Courtney Meier;cmeier@battelleecology.org;support-copernicus-gbov@acri-st.fr;NEON;579;Croplands;47.128231048584;-99.2413635253906;20161011T000000Z;2.0;WOOD_064;-999;-999;0.0163;0.0014;-999;0
GBOV_RM6_785;Woodworth;Courtney Meier;cmeier@battelleecology.org;support-copernicus-gbov@acri-st.fr;NEON;579;Croplands;47.128231048584;-99.2413635253906;20170501T000000Z;2.0;WOOD_064;-999;-999;0.0185;0.0011;-999;0
GBOV_RM6_785;Woodworth;Courtney Meier;cmeier@battelleecology.org;support-copernicus-gbov@acri-st.fr;NEON;579;Croplands;47.128231048584;-99.2413635253906;20170515T000000Z;2.0;WOOD_064;-999;-999;0.0426;0.0025;-999;0
GBOV_RM6_785;Woodworth;Courtney Meier;cmeier@battelleecology.org;support-copernicus-gbov@acri-st.fr;NEON;579;Croplands;47.128231048584;-99.2413635253906;20170531T000000Z;2.0;WOOD_064;-999;-999;0.190;0.012;-999;0
GBOV_RM6_785;Woodworth;Courtney Meier;cmeier@battelleecology.org;support-copernicus-gbov@acri-st.fr;NEON;579;Croplands;47.128231048584;-99.2413635253906;20170612T000000Z;2.0;WOOD_064;-999;-999;0.289;0.020;-999;0
GBOV_RM6_785;Woodworth;Courtney Meier;cmeier@battelleecology.org;support-copernicus-gbov@acri-st.fr;NEON;579;Croplands;47.128231048584;-99.2413635253906;20170627T000000Z;2.0;WOOD_064;-999;-999;0.409;0.024;-999;0
GBOV_RM6_785;Woodworth;Courtney Meier;cmeier@battelleecology.org;support-copernicus-gbov@acri-st.fr;NEON;579;Croplands;47.128231048584;-99.2413635253906;20170710T000000Z;2.0;WOOD_064;-999;-999;0.477;0.024;-999;0
GBOV_RM6_785;Woodworth;Courtney Meier;cmeier@battelleecology.org;support-copernicus-gbov@acri-st.fr;NEON;579;Croplands;47.128231048584;-99.2413635253906;20170726T000000Z;2.0;WOOD_064;-999;-999;0.454;0.028;-999;0
GBOV_RM6_785;Woodworth;Courtney Meier;cmeier@battelleecology.org;support-copernicus-gbov@acri-st.fr;NEON;579;Croplands;47.128231048584;-99.2413635253906;20170807T000000Z;2.0;WOOD_064;-999;-999;0.296;0.022;-999;0
GBOV_RM6_785;Woodworth;Courtney Meier;cmeier@battelleecology.org;support-copernicus-gbov@acri-st.fr;NEON;579;Croplands;47.128231048584;-99.2413635253906;20170824T000000Z;2.0;WOOD_064;-999;-999;0.195;0.009;-999;0
GBOV_RM6_785;Woodworth;Courtney Meier;cmeier@battelleecology.org;support-copernicus-gbov@acri-st.fr;NEON;579;Croplands;47.128231048584;-99.2413635253906;20170905T000000Z;2.0;WOOD_064;-999;-999;0.070;0.004;-999;0
GBOV_RM6_785;Woodworth;Courtney Meier;cmeier@battelleecology.org;support-copernicus-gbov@acri-st.fr;NEON;579;Croplands;47.128231048584;-99.2413635253906;20170918T000000Z;2.0;WOOD_064;-999;-999;0.063;0.006;-999;0
GBOV_RM6_785;Woodworth;Courtney Meier;cmeier@battelleecology.org;support-copernicus-gbov@acri-st.fr;NEON;579;Croplands;47.128231048584;-99.2413635253906;20171002T000000Z;2.0;WOOD_064;-999;-999;0.046;0.010;-999;0
GBOV_RM6_785;Woodworth;Courtney Meier;cmeier@battelleecology.org;support-copernicus-gbov@acri-st.fr;NEON;579;Croplands;47.128231048584;-99.2413635253906;20171016T000000Z;2.0;WOOD_064;-999;-999;0.060;0.006;-999;0
GBOV_RM6_785;Woodworth;Courtney Meier;cmeier@battelleecology.org;support-copernicus-gbov@acri-st.fr;NEON;579;Croplands;47.128231048584;-99.2413635253906;20180502T000000Z;2.0;WOOD_064;-999;-999;0.0110;0.0012;-999;0
GBOV_RM6_785;Woodworth;Courtney Meier;cmeier@battelleecology.org;support-copernicus-gbov@acri-st.fr;NEON;579;Croplands;47.128231048584;-99.2413635253906;20180516T000000Z;2.0;WOOD_064;-999;-999;0.041;0.005;-999;0
GBOV_RM6_785;Woodworth;Courtney Meier;cmeier@battelleecology.org;support-copernicus-gbov@acri-st.fr;NEON;579;Croplands;47.128231048584;-99.2413635253906;20180601T000000Z;2.0;WOOD_064;-999;-999;0.328;0.024;-999;0
GBOV_RM6_785;Woodworth;Courtney Meier;cmeier@battelleecology.org;support-copernicus-gbov@acri-st.fr;NEON;579;Croplands;47.128231048584;-99.2413635253906;20180612T000000Z;2.0;WOOD_064;-999;-999;0.485;0.028;-999;0
GBOV_RM6_785;Woodworth;Courtney Meier;cmeier@battelleecology.org;support-copernicus-gbov@acri-st.fr;NEON;579;Croplands;47.128231048584;-99.2413635253906;20180627T000000Z;2.0;WOOD_064;-999;-999;0.525;0.022;-999;0
GBOV_RM6_785;Woodworth;Courtney Meier;cmeier@battelleecology.org;support-copernicus-gbov@acri-st.fr;NEON;579;Croplands;47.128231048584;-99.2413635253906;20180710T000000Z;2.0;WOOD_064;-999;-999;0.421;0.027;-999;0
GBOV_RM6_785;Woodworth;Courtney Meier;cmeier@battelleecology.org;support-copernicus-gbov@acri-st.fr;NEON;579;Croplands;47.128231048584;-99.2413635253906;20180726T000000Z;2.0;WOOD_064;-999;-999;0.134;0.011;-999;0
GBOV_RM6_785;Woodworth;Courtney Meier;cmeier@battelleecology.org;support-copernicus-gbov@acri-st.fr;NEON;579;Croplands;47.128231048584;-99.2413635253906;20180806T000000Z;2.0;WOOD_064;-999;-999;0.181;0.010;-999;0
GBOV_RM6_785;Woodworth;Courtney Meier;cmeier@battelleecology.org;support-copernicus-gbov@acri-st.fr;NEON;579;Croplands;47.128231048584;-99.2413635253906;20180820T000000Z;2.0;WOOD_064;-999;-999;0.128;0.017;-999;0
GBOV_RM6_785;Woodworth;Courtney Meier;cmeier@battelleecology.org;support-copernicus-gbov@acri-st.fr;NEON;579;Croplands;47.128231048584;-99.2413635253906;20180906T000000Z;2.0;WOOD_064;-999;-999;0.124;0.012;-999;0
GBOV_RM6_785;Woodworth;Courtney Meier;cmeier@battelleecology.org;support-copernicus-gbov@acri-st.fr;NEON;579;Croplands;47.128231048584;-99.2413635253906;20180919T000000Z;2.0;WOOD_064;-999;-999;0.087;0.008;-999;0
GBOV_RM6_785;Woodworth;Courtney Meier;cmeier@battelleecology.org;support-copernicus-gbov@acri-st.fr;NEON;579;Croplands;47.128231048584;-99.2413635253906;20181001T000000Z;2.0;WOOD_064;-999;-999;0.037;0.005;-999;0
GBOV_RM6_785;Woodworth;Courtney Meier;cmeier@battelleecology.org;support-copernicus-gbov@acri-st.fr;NEON;579;Croplands;47.128231048584;-99.2413635253906;20181015T000000Z;2.0;WOOD_064;-999;-999;0.0173;0.0028;-999;0
GBOV_RM6_785;Woodworth;Courtney Meier;cmeier@battelleecology.org;support-copernicus-gbov@acri-st.fr;NEON;579;Croplands;47.128231048584;-99.2413635253906;20190430T132000Z;2.0;WOOD_064;-999;-999;0.0137;0.0006;-999;0
GBOV_RM6_785;Woodworth;Courtney Meier;cmeier@battelleecology.org;support-copernicus-gbov@acri-st.fr;NEON;579;Croplands;47.128231048584;-99.2413635253906;20190513T133700Z;2.0;WOOD_064;-999;-999;0.0330;0.0031;-999;0
GBOV_RM6_785;Woodworth;Courtney Meier;cmeier@battelleecology.org;support-copernicus-gbov@acri-st.fr;NEON;579;Croplands;47.128231048584;-99.2413635253906;20190529T150500Z;2.0;WOOD_064;-999;-999;0.085;0.009;-999;0
GBOV_RM6_785;Woodworth;Courtney Meier;cmeier@battelleecology.org;support-copernicus-gbov@acri-st.fr;NEON;579;Croplands;47.128231048584;-99.2413635253906;20190613T101200Z;2.0;WOOD_064;-999;-999;0.251;0.017;-999;0
GBOV_RM6_785;Woodworth;Courtney Meier;cmeier@battelleecology.org;support-copernicus-gbov@acri-st.fr;NEON;579;Croplands;47.128231048584;-99.2413635253906;20190627T120200Z;2.0;WOOD_064;-999;-999;0.490;0.018;-999;0
GBOV_RM6_785;Woodworth;Courtney Meier;cmeier@battelleecology.org;support-copernicus-gbov@acri-st.fr;NEON;579;Croplands;47.128231048584;-99.2413635253906;20190711T105000Z;2.0;WOOD_064;-999;-999;0.627;0.022;-999;0
GBOV_RM6_785;Woodworth;Courtney Meier;cmeier@battelleecology.org;support-copernicus-gbov@acri-st.fr;NEON;579;Croplands;47.128231048584;-99.2413635253906;20190723T111300Z;2.0;WOOD_064;-999;-999;0.631;0.023;-999;0
GBOV_RM6_785;Woodworth;Courtney Meier;cmeier@battelleecology.org;support-copernicus-gbov@acri-st.fr;NEON;579;Croplands;47.128231048584;-99.2413635253906;20190805T121400Z;2.0;WOOD_064;-999;-999;0.584;0.025;-999;0
GBOV_RM6_785;Woodworth;Courtney Meier;cmeier@battelleecology.org;support-copernicus-gbov@acri-st.fr;NEON;579;Croplands;47.128231048584;-99.2413635253906;20190820T131200Z;2.0;WOOD_064;-999;-999;0.385;0.017;-999;0
GBOV_RM6_785;Woodworth;Courtney Meier;cmeier@battelleecology.org;support-copernicus-gbov@acri-st.fr;NEON;579;Croplands;47.128231048584;-99.2413635253906;20190904T142000Z;2.0;WOOD_064;-999;-999;0.235;0.012;-999;0
GBOV_RM6_785;Woodworth;Courtney Meier;cmeier@battelleecology.org;support-copernicus-gbov@acri-st.fr;NEON;579;Croplands;47.128231048584;-99.2413635253906;20190918T101900Z;2.0;WOOD_064;-999;-999;0.133;0.008;-999;0
GBOV_RM6_785;Woodworth;Courtney Meier;cmeier@battelleecology.org;support-copernicus-gbov@acri-st.fr;NEON;579;Croplands;47.128231048584;-99.2413635253906;20191004T090700Z;2.0;WOOD_064;-999;-999;0.138;0.014;-999;0
GBOV_RM6_785;Woodworth;Courtney Meier;cmeier@battelleecology.org;support-copernicus-gbov@acri-st.fr;NEON;579;Croplands;47.128231048584;-99.2413635253906;20191017T103000Z;2.0;WOOD_064;-999;-999;0.109;0.011;-999;4
