GBOV_ID;Site;GROUND_DATA_PI;GROUND_DATA_PIs_Email;GBOV_Email;Network;Elevation;IGBP_class;Lat_IS;Lon_IS;TIME_IS;Version;PLOT_ID;FIPAR_up;FIPAR_up_err;FIPAR_down;FIPAR_down_err;up_flag;down_flag
GBOV_RM6_534;Underc;Courtney Meier;cmeier@battelleecology.org;support-copernicus-gbov@acri-st.fr;NEON;518;Mixed Forest;46.233959;-89.53751;20140520T000000Z;2.0;UNDE_053;0.40;0.04;0.062;0.011;0;16
GBOV_RM6_534;Underc;Courtney Meier;cmeier@battelleecology.org;support-copernicus-gbov@acri-st.fr;NEON;518;Mixed Forest;46.233959;-89.53751;20140603T000000Z;2.0;UNDE_053;0.892;0.018;0.56;0.04;0;16
GBOV_RM6_534;Underc;Courtney Meier;cmeier@battelleecology.org;support-copernicus-gbov@acri-st.fr;NEON;518;Mixed Forest;46.233959;-89.53751;20140616T000000Z;2.0;UNDE_053;0.928;0.016;0.62;0.05;0;0
GBOV_RM6_534;Underc;Courtney Meier;cmeier@battelleecology.org;support-copernicus-gbov@acri-st.fr;NEON;518;Mixed Forest;46.233959;-89.53751;20140630T000000Z;2.0;UNDE_053;0.868;0.019;0.54;0.05;0;32
GBOV_RM6_534;Underc;Courtney Meier;cmeier@battelleecology.org;support-copernicus-gbov@acri-st.fr;NEON;518;Mixed Forest;46.233959;-89.53751;20140715T000000Z;2.0;UNDE_053;0.907;0.016;0.56;0.06;0;16
GBOV_RM6_534;Underc;Courtney Meier;cmeier@battelleecology.org;support-copernicus-gbov@acri-st.fr;NEON;518;Mixed Forest;46.233959;-89.53751;20140729T000000Z;2.0;UNDE_053;-999;-999;0.54;0.06;-999;16
GBOV_RM6_534;Underc;Courtney Meier;cmeier@battelleecology.org;support-copernicus-gbov@acri-st.fr;NEON;518;Mixed Forest;46.233959;-89.53751;20150430T000000Z;2.0;UNDE_053;0.377;0.023;0.055;0.006;8;16
GBOV_RM6_534;Underc;Courtney Meier;cmeier@battelleecology.org;support-copernicus-gbov@acri-st.fr;NEON;518;Mixed Forest;46.233959;-89.53751;20150512T000000Z;2.0;UNDE_053;0.422;0.029;0.078;0.010;0;0
GBOV_RM6_534;Underc;Courtney Meier;cmeier@battelleecology.org;support-copernicus-gbov@acri-st.fr;NEON;518;Mixed Forest;46.233959;-89.53751;20150526T000000Z;2.0;UNDE_053;0.812;0.022;0.29;0.04;0;0
GBOV_RM6_534;Underc;Courtney Meier;cmeier@battelleecology.org;support-copernicus-gbov@acri-st.fr;NEON;518;Mixed Forest;46.233959;-89.53751;20150610T000000Z;2.0;UNDE_053;0.908;0.017;-999;-999;8;-999
GBOV_RM6_534;Underc;Courtney Meier;cmeier@battelleecology.org;support-copernicus-gbov@acri-st.fr;NEON;518;Mixed Forest;46.233959;-89.53751;20150624T000000Z;2.0;UNDE_053;0.909;0.017;0.40;0.05;8;32
GBOV_RM6_534;Underc;Courtney Meier;cmeier@battelleecology.org;support-copernicus-gbov@acri-st.fr;NEON;518;Mixed Forest;46.233959;-89.53751;20150706T000000Z;2.0;UNDE_053;0.909;0.017;0.389;0.025;8;8
GBOV_RM6_534;Underc;Courtney Meier;cmeier@battelleecology.org;support-copernicus-gbov@acri-st.fr;NEON;518;Mixed Forest;46.233959;-89.53751;20150722T000000Z;2.0;UNDE_053;0.919;0.015;0.37;0.06;0;0
GBOV_RM6_534;Underc;Courtney Meier;cmeier@battelleecology.org;support-copernicus-gbov@acri-st.fr;NEON;518;Mixed Forest;46.233959;-89.53751;20150805T000000Z;2.0;UNDE_053;0.929;0.015;0.37;0.04;0;16
GBOV_RM6_534;Underc;Courtney Meier;cmeier@battelleecology.org;support-copernicus-gbov@acri-st.fr;NEON;518;Mixed Forest;46.233959;-89.53751;20150817T000000Z;2.0;UNDE_053;0.915;0.012;0.33;0.04;0;0
