GBOV_ID;Site;GROUND_DATA_PI;GROUND_DATA_PIs_Email;GBOV_Email;Network;Elevation;IGBP_class;Lat_IS;Lon_IS;TIME_IS;Version;PLOT_ID;FIPAR_up;FIPAR_up_err;FIPAR_down;FIPAR_down_err;up_flag;down_flag
GBOV_RM6_201;SmithsonianConservationBiologyInstitute;Courtney Meier;cmeier@battelleecology.org;support-copernicus-gbov@acri-st.fr;NEON;361;Deciduous Broadleaf;38.8929214477539;-78.1395034790039;20140609T000000Z;2.0;SCBI_063;0.899;0.013;-999;-999;0;-999
GBOV_RM6_201;SmithsonianConservationBiologyInstitute;Courtney Meier;cmeier@battelleecology.org;support-copernicus-gbov@acri-st.fr;NEON;361;Deciduous Broadleaf;38.8929214477539;-78.1395034790039;20140623T000000Z;2.0;SCBI_063;0.903;0.012;-999;-999;0;-999
GBOV_RM6_201;SmithsonianConservationBiologyInstitute;Courtney Meier;cmeier@battelleecology.org;support-copernicus-gbov@acri-st.fr;NEON;361;Deciduous Broadleaf;38.8929214477539;-78.1395034790039;20140703T000000Z;2.0;SCBI_063;0.903;0.013;-999;-999;0;-999
GBOV_RM6_201;SmithsonianConservationBiologyInstitute;Courtney Meier;cmeier@battelleecology.org;support-copernicus-gbov@acri-st.fr;NEON;361;Deciduous Broadleaf;38.8929214477539;-78.1395034790039;20140718T000000Z;2.0;SCBI_063;0.881;0.016;-999;-999;0;-999
GBOV_RM6_201;SmithsonianConservationBiologyInstitute;Courtney Meier;cmeier@battelleecology.org;support-copernicus-gbov@acri-st.fr;NEON;361;Deciduous Broadleaf;38.8929214477539;-78.1395034790039;20140804T000000Z;2.0;SCBI_063;0.860;0.014;-999;-999;8;-999
GBOV_RM6_201;SmithsonianConservationBiologyInstitute;Courtney Meier;cmeier@battelleecology.org;support-copernicus-gbov@acri-st.fr;NEON;361;Deciduous Broadleaf;38.8929214477539;-78.1395034790039;20140814T000000Z;2.0;SCBI_063;0.924;0.011;-999;-999;0;-999
GBOV_RM6_201;SmithsonianConservationBiologyInstitute;Courtney Meier;cmeier@battelleecology.org;support-copernicus-gbov@acri-st.fr;NEON;361;Deciduous Broadleaf;38.8929214477539;-78.1395034790039;20140829T000000Z;2.0;SCBI_063;0.895;0.012;-999;-999;8;-999
GBOV_RM6_201;SmithsonianConservationBiologyInstitute;Courtney Meier;cmeier@battelleecology.org;support-copernicus-gbov@acri-st.fr;NEON;361;Deciduous Broadleaf;38.8929214477539;-78.1395034790039;20140912T000000Z;2.0;SCBI_063;0.923;0.011;-999;-999;0;-999
GBOV_RM6_201;SmithsonianConservationBiologyInstitute;Courtney Meier;cmeier@battelleecology.org;support-copernicus-gbov@acri-st.fr;NEON;361;Deciduous Broadleaf;38.8929214477539;-78.1395034790039;20140926T000000Z;2.0;SCBI_063;0.941;0.010;-999;-999;0;-999
GBOV_RM6_201;SmithsonianConservationBiologyInstitute;Courtney Meier;cmeier@battelleecology.org;support-copernicus-gbov@acri-st.fr;NEON;361;Deciduous Broadleaf;38.8929214477539;-78.1395034790039;20141010T000000Z;2.0;SCBI_063;0.937;0.011;-999;-999;0;-999
GBOV_RM6_201;SmithsonianConservationBiologyInstitute;Courtney Meier;cmeier@battelleecology.org;support-copernicus-gbov@acri-st.fr;NEON;361;Deciduous Broadleaf;38.8929214477539;-78.1395034790039;20141024T000000Z;2.0;SCBI_063;0.841;0.016;-999;-999;0;-999
GBOV_RM6_201;SmithsonianConservationBiologyInstitute;Courtney Meier;cmeier@battelleecology.org;support-copernicus-gbov@acri-st.fr;NEON;361;Deciduous Broadleaf;38.8929214477539;-78.1395034790039;20150417T000000Z;2.0;SCBI_063;0.334;0.013;-999;-999;0;-999
GBOV_RM6_201;SmithsonianConservationBiologyInstitute;Courtney Meier;cmeier@battelleecology.org;support-copernicus-gbov@acri-st.fr;NEON;361;Deciduous Broadleaf;38.8929214477539;-78.1395034790039;20150504T000000Z;2.0;SCBI_063;0.752;0.013;-999;-999;0;-999
GBOV_RM6_201;SmithsonianConservationBiologyInstitute;Courtney Meier;cmeier@battelleecology.org;support-copernicus-gbov@acri-st.fr;NEON;361;Deciduous Broadleaf;38.8929214477539;-78.1395034790039;20150514T000000Z;2.0;SCBI_063;0.838;0.017;-999;-999;8;-999
GBOV_RM6_201;SmithsonianConservationBiologyInstitute;Courtney Meier;cmeier@battelleecology.org;support-copernicus-gbov@acri-st.fr;NEON;361;Deciduous Broadleaf;38.8929214477539;-78.1395034790039;20150529T000000Z;2.0;SCBI_063;0.895;0.012;-999;-999;0;-999
GBOV_RM6_201;SmithsonianConservationBiologyInstitute;Courtney Meier;cmeier@battelleecology.org;support-copernicus-gbov@acri-st.fr;NEON;361;Deciduous Broadleaf;38.8929214477539;-78.1395034790039;20150611T000000Z;2.0;SCBI_063;0.916;0.012;-999;-999;0;-999
GBOV_RM6_201;SmithsonianConservationBiologyInstitute;Courtney Meier;cmeier@battelleecology.org;support-copernicus-gbov@acri-st.fr;NEON;361;Deciduous Broadleaf;38.8929214477539;-78.1395034790039;20150629T000000Z;2.0;SCBI_063;0.927;0.012;-999;-999;8;-999
GBOV_RM6_201;SmithsonianConservationBiologyInstitute;Courtney Meier;cmeier@battelleecology.org;support-copernicus-gbov@acri-st.fr;NEON;361;Deciduous Broadleaf;38.8929214477539;-78.1395034790039;20150716T000000Z;2.0;SCBI_063;0.908;0.012;-999;-999;8;-999
GBOV_RM6_201;SmithsonianConservationBiologyInstitute;Courtney Meier;cmeier@battelleecology.org;support-copernicus-gbov@acri-st.fr;NEON;361;Deciduous Broadleaf;38.8929214477539;-78.1395034790039;20150723T000000Z;2.0;SCBI_063;0.897;0.020;-999;-999;8;-999
GBOV_RM6_201;SmithsonianConservationBiologyInstitute;Courtney Meier;cmeier@battelleecology.org;support-copernicus-gbov@acri-st.fr;NEON;361;Deciduous Broadleaf;38.8929214477539;-78.1395034790039;20150805T000000Z;2.0;SCBI_063;0.891;0.026;-999;-999;8;-999
GBOV_RM6_201;SmithsonianConservationBiologyInstitute;Courtney Meier;cmeier@battelleecology.org;support-copernicus-gbov@acri-st.fr;NEON;361;Deciduous Broadleaf;38.8929214477539;-78.1395034790039;20150821T000000Z;2.0;SCBI_063;0.919;0.011;-999;-999;8;-999
GBOV_RM6_201;SmithsonianConservationBiologyInstitute;Courtney Meier;cmeier@battelleecology.org;support-copernicus-gbov@acri-st.fr;NEON;361;Deciduous Broadleaf;38.8929214477539;-78.1395034790039;20150902T000000Z;2.0;SCBI_063;0.921;0.011;-999;-999;8;-999
GBOV_RM6_201;SmithsonianConservationBiologyInstitute;Courtney Meier;cmeier@battelleecology.org;support-copernicus-gbov@acri-st.fr;NEON;361;Deciduous Broadleaf;38.8929214477539;-78.1395034790039;20150916T000000Z;2.0;SCBI_063;0.925;0.011;-999;-999;0;-999
GBOV_RM6_201;SmithsonianConservationBiologyInstitute;Courtney Meier;cmeier@battelleecology.org;support-copernicus-gbov@acri-st.fr;NEON;361;Deciduous Broadleaf;38.8929214477539;-78.1395034790039;20151006T000000Z;2.0;SCBI_063;0.876;0.021;-999;-999;8;-999
GBOV_RM6_201;SmithsonianConservationBiologyInstitute;Courtney Meier;cmeier@battelleecology.org;support-copernicus-gbov@acri-st.fr;NEON;361;Deciduous Broadleaf;38.8929214477539;-78.1395034790039;20151015T000000Z;2.0;SCBI_063;0.893;0.012;-999;-999;8;-999
GBOV_RM6_201;SmithsonianConservationBiologyInstitute;Courtney Meier;cmeier@battelleecology.org;support-copernicus-gbov@acri-st.fr;NEON;361;Deciduous Broadleaf;38.8929214477539;-78.1395034790039;20151103T000000Z;2.0;SCBI_063;0.650;0.016;-999;-999;8;-999
GBOV_RM6_201;SmithsonianConservationBiologyInstitute;Courtney Meier;cmeier@battelleecology.org;support-copernicus-gbov@acri-st.fr;NEON;361;Deciduous Broadleaf;38.8929214477539;-78.1395034790039;20160413T000000Z;2.0;SCBI_063;0.434;0.021;0.366;0.010;0;0
GBOV_RM6_201;SmithsonianConservationBiologyInstitute;Courtney Meier;cmeier@battelleecology.org;support-copernicus-gbov@acri-st.fr;NEON;361;Deciduous Broadleaf;38.8929214477539;-78.1395034790039;20160421T000000Z;2.0;SCBI_063;0.342;0.013;0.108;0.007;0;0
GBOV_RM6_201;SmithsonianConservationBiologyInstitute;Courtney Meier;cmeier@battelleecology.org;support-copernicus-gbov@acri-st.fr;NEON;361;Deciduous Broadleaf;38.8929214477539;-78.1395034790039;20160520T000000Z;2.0;SCBI_063;0.654;0.019;-999;-999;0;-999
GBOV_RM6_201;SmithsonianConservationBiologyInstitute;Courtney Meier;cmeier@battelleecology.org;support-copernicus-gbov@acri-st.fr;NEON;361;Deciduous Broadleaf;38.8929214477539;-78.1395034790039;20160602T000000Z;2.0;SCBI_063;0.850;0.015;-999;-999;0;-999
GBOV_RM6_201;SmithsonianConservationBiologyInstitute;Courtney Meier;cmeier@battelleecology.org;support-copernicus-gbov@acri-st.fr;NEON;361;Deciduous Broadleaf;38.8929214477539;-78.1395034790039;20160622T000000Z;2.0;SCBI_063;0.900;0.012;-999;-999;0;-999
GBOV_RM6_201;SmithsonianConservationBiologyInstitute;Courtney Meier;cmeier@battelleecology.org;support-copernicus-gbov@acri-st.fr;NEON;361;Deciduous Broadleaf;38.8929214477539;-78.1395034790039;20160701T000000Z;2.0;SCBI_063;0.914;0.013;-999;-999;0;-999
GBOV_RM6_201;SmithsonianConservationBiologyInstitute;Courtney Meier;cmeier@battelleecology.org;support-copernicus-gbov@acri-st.fr;NEON;361;Deciduous Broadleaf;38.8929214477539;-78.1395034790039;20160713T000000Z;2.0;SCBI_063;0.916;0.011;-999;-999;0;-999
GBOV_RM6_201;SmithsonianConservationBiologyInstitute;Courtney Meier;cmeier@battelleecology.org;support-copernicus-gbov@acri-st.fr;NEON;361;Deciduous Broadleaf;38.8929214477539;-78.1395034790039;20160727T000000Z;2.0;SCBI_063;0.920;0.013;-999;-999;0;-999
GBOV_RM6_201;SmithsonianConservationBiologyInstitute;Courtney Meier;cmeier@battelleecology.org;support-copernicus-gbov@acri-st.fr;NEON;361;Deciduous Broadleaf;38.8929214477539;-78.1395034790039;20160812T000000Z;2.0;SCBI_063;0.891;0.017;-999;-999;64;-999
GBOV_RM6_201;SmithsonianConservationBiologyInstitute;Courtney Meier;cmeier@battelleecology.org;support-copernicus-gbov@acri-st.fr;NEON;361;Deciduous Broadleaf;38.8929214477539;-78.1395034790039;20160826T000000Z;2.0;SCBI_063;0.897;0.012;-999;-999;0;-999
GBOV_RM6_201;SmithsonianConservationBiologyInstitute;Courtney Meier;cmeier@battelleecology.org;support-copernicus-gbov@acri-st.fr;NEON;361;Deciduous Broadleaf;38.8929214477539;-78.1395034790039;20160909T000000Z;2.0;SCBI_063;0.913;0.011;-999;-999;64;-999
GBOV_RM6_201;SmithsonianConservationBiologyInstitute;Courtney Meier;cmeier@battelleecology.org;support-copernicus-gbov@acri-st.fr;NEON;361;Deciduous Broadleaf;38.8929214477539;-78.1395034790039;20160923T000000Z;2.0;SCBI_063;0.909;0.012;-999;-999;0;-999
GBOV_RM6_201;SmithsonianConservationBiologyInstitute;Courtney Meier;cmeier@battelleecology.org;support-copernicus-gbov@acri-st.fr;NEON;361;Deciduous Broadleaf;38.8929214477539;-78.1395034790039;20161007T000000Z;2.0;SCBI_063;0.908;0.012;-999;-999;0;-999
GBOV_RM6_201;SmithsonianConservationBiologyInstitute;Courtney Meier;cmeier@battelleecology.org;support-copernicus-gbov@acri-st.fr;NEON;361;Deciduous Broadleaf;38.8929214477539;-78.1395034790039;20161021T000000Z;2.0;SCBI_063;0.848;0.015;-999;-999;0;-999
GBOV_RM6_201;SmithsonianConservationBiologyInstitute;Courtney Meier;cmeier@battelleecology.org;support-copernicus-gbov@acri-st.fr;NEON;361;Deciduous Broadleaf;38.8929214477539;-78.1395034790039;20170330T000000Z;2.0;SCBI_063;0.330;0.010;0.0210;0.0007;0;0
GBOV_RM6_201;SmithsonianConservationBiologyInstitute;Courtney Meier;cmeier@battelleecology.org;support-copernicus-gbov@acri-st.fr;NEON;361;Deciduous Broadleaf;38.8929214477539;-78.1395034790039;20170417T000000Z;2.0;SCBI_063;0.541;0.012;0.127;0.007;0;0
GBOV_RM6_201;SmithsonianConservationBiologyInstitute;Courtney Meier;cmeier@battelleecology.org;support-copernicus-gbov@acri-st.fr;NEON;361;Deciduous Broadleaf;38.8929214477539;-78.1395034790039;20170426T000000Z;2.0;SCBI_063;0.725;0.013;0.546;0.029;0;0
GBOV_RM6_201;SmithsonianConservationBiologyInstitute;Courtney Meier;cmeier@battelleecology.org;support-copernicus-gbov@acri-st.fr;NEON;361;Deciduous Broadleaf;38.8929214477539;-78.1395034790039;20170509T000000Z;2.0;SCBI_063;0.836;0.014;0.732;0.033;0;0
GBOV_RM6_201;SmithsonianConservationBiologyInstitute;Courtney Meier;cmeier@battelleecology.org;support-copernicus-gbov@acri-st.fr;NEON;361;Deciduous Broadleaf;38.8929214477539;-78.1395034790039;20170608T000000Z;2.0;SCBI_063;0.899;0.013;0.69;0.05;0;0
GBOV_RM6_201;SmithsonianConservationBiologyInstitute;Courtney Meier;cmeier@battelleecology.org;support-copernicus-gbov@acri-st.fr;NEON;361;Deciduous Broadleaf;38.8929214477539;-78.1395034790039;20170622T000000Z;2.0;SCBI_063;0.921;0.012;-999;-999;0;-999
GBOV_RM6_201;SmithsonianConservationBiologyInstitute;Courtney Meier;cmeier@battelleecology.org;support-copernicus-gbov@acri-st.fr;NEON;361;Deciduous Broadleaf;38.8929214477539;-78.1395034790039;20170706T000000Z;2.0;SCBI_063;0.880;0.013;-999;-999;0;-999
GBOV_RM6_201;SmithsonianConservationBiologyInstitute;Courtney Meier;cmeier@battelleecology.org;support-copernicus-gbov@acri-st.fr;NEON;361;Deciduous Broadleaf;38.8929214477539;-78.1395034790039;20170721T000000Z;2.0;SCBI_063;0.913;0.013;-999;-999;0;-999
GBOV_RM6_201;SmithsonianConservationBiologyInstitute;Courtney Meier;cmeier@battelleecology.org;support-copernicus-gbov@acri-st.fr;NEON;361;Deciduous Broadleaf;38.8929214477539;-78.1395034790039;20170810T000000Z;2.0;SCBI_063;0.911;0.012;-999;-999;0;-999
GBOV_RM6_201;SmithsonianConservationBiologyInstitute;Courtney Meier;cmeier@battelleecology.org;support-copernicus-gbov@acri-st.fr;NEON;361;Deciduous Broadleaf;38.8929214477539;-78.1395034790039;20170818T000000Z;2.0;SCBI_063;0.916;0.012;-999;-999;0;-999
GBOV_RM6_201;SmithsonianConservationBiologyInstitute;Courtney Meier;cmeier@battelleecology.org;support-copernicus-gbov@acri-st.fr;NEON;361;Deciduous Broadleaf;38.8929214477539;-78.1395034790039;20170830T000000Z;2.0;SCBI_063;0.909;0.011;-999;-999;0;-999
GBOV_RM6_201;SmithsonianConservationBiologyInstitute;Courtney Meier;cmeier@battelleecology.org;support-copernicus-gbov@acri-st.fr;NEON;361;Deciduous Broadleaf;38.8929214477539;-78.1395034790039;20170913T000000Z;2.0;SCBI_063;0.935;0.010;-999;-999;0;-999
GBOV_RM6_201;SmithsonianConservationBiologyInstitute;Courtney Meier;cmeier@battelleecology.org;support-copernicus-gbov@acri-st.fr;NEON;361;Deciduous Broadleaf;38.8929214477539;-78.1395034790039;20170925T000000Z;2.0;SCBI_063;0.923;0.011;-999;-999;0;-999
GBOV_RM6_201;SmithsonianConservationBiologyInstitute;Courtney Meier;cmeier@battelleecology.org;support-copernicus-gbov@acri-st.fr;NEON;361;Deciduous Broadleaf;38.8929214477539;-78.1395034790039;20171013T000000Z;2.0;SCBI_063;0.881;0.012;-999;-999;0;-999
GBOV_RM6_201;SmithsonianConservationBiologyInstitute;Courtney Meier;cmeier@battelleecology.org;support-copernicus-gbov@acri-st.fr;NEON;361;Deciduous Broadleaf;38.8929214477539;-78.1395034790039;20171027T000000Z;2.0;SCBI_063;0.824;0.017;-999;-999;0;-999
GBOV_RM6_201;SmithsonianConservationBiologyInstitute;Courtney Meier;cmeier@battelleecology.org;support-copernicus-gbov@acri-st.fr;NEON;361;Deciduous Broadleaf;38.8929214477539;-78.1395034790039;20180402T000000Z;2.0;SCBI_063;0.277;0.014;-999;-999;0;-999
GBOV_RM6_201;SmithsonianConservationBiologyInstitute;Courtney Meier;cmeier@battelleecology.org;support-copernicus-gbov@acri-st.fr;NEON;361;Deciduous Broadleaf;38.8929214477539;-78.1395034790039;20180413T000000Z;2.0;SCBI_063;0.332;0.011;-999;-999;1;-999
GBOV_RM6_201;SmithsonianConservationBiologyInstitute;Courtney Meier;cmeier@battelleecology.org;support-copernicus-gbov@acri-st.fr;NEON;361;Deciduous Broadleaf;38.8929214477539;-78.1395034790039;20180502T000000Z;2.0;SCBI_063;0.605;0.012;-999;-999;1;-999
GBOV_RM6_201;SmithsonianConservationBiologyInstitute;Courtney Meier;cmeier@battelleecology.org;support-copernicus-gbov@acri-st.fr;NEON;361;Deciduous Broadleaf;38.8929214477539;-78.1395034790039;20180515T000000Z;2.0;SCBI_063;0.801;0.013;-999;-999;0;-999
GBOV_RM6_201;SmithsonianConservationBiologyInstitute;Courtney Meier;cmeier@battelleecology.org;support-copernicus-gbov@acri-st.fr;NEON;361;Deciduous Broadleaf;38.8929214477539;-78.1395034790039;20180524T000000Z;2.0;SCBI_063;0.874;0.015;-999;-999;0;-999
GBOV_RM6_201;SmithsonianConservationBiologyInstitute;Courtney Meier;cmeier@battelleecology.org;support-copernicus-gbov@acri-st.fr;NEON;361;Deciduous Broadleaf;38.8929214477539;-78.1395034790039;20180612T000000Z;2.0;SCBI_063;0.898;0.014;-999;-999;0;-999
GBOV_RM6_201;SmithsonianConservationBiologyInstitute;Courtney Meier;cmeier@battelleecology.org;support-copernicus-gbov@acri-st.fr;NEON;361;Deciduous Broadleaf;38.8929214477539;-78.1395034790039;20180621T000000Z;2.0;SCBI_063;0.913;0.012;-999;-999;0;-999
GBOV_RM6_201;SmithsonianConservationBiologyInstitute;Courtney Meier;cmeier@battelleecology.org;support-copernicus-gbov@acri-st.fr;NEON;361;Deciduous Broadleaf;38.8929214477539;-78.1395034790039;20180710T000000Z;2.0;SCBI_063;0.916;0.012;-999;-999;0;-999
GBOV_RM6_201;SmithsonianConservationBiologyInstitute;Courtney Meier;cmeier@battelleecology.org;support-copernicus-gbov@acri-st.fr;NEON;361;Deciduous Broadleaf;38.8929214477539;-78.1395034790039;20180716T000000Z;2.0;SCBI_063;0.918;0.012;-999;-999;0;-999
GBOV_RM6_201;SmithsonianConservationBiologyInstitute;Courtney Meier;cmeier@battelleecology.org;support-copernicus-gbov@acri-st.fr;NEON;361;Deciduous Broadleaf;38.8929214477539;-78.1395034790039;20180802T000000Z;2.0;SCBI_063;0.920;0.011;-999;-999;0;-999
GBOV_RM6_201;SmithsonianConservationBiologyInstitute;Courtney Meier;cmeier@battelleecology.org;support-copernicus-gbov@acri-st.fr;NEON;361;Deciduous Broadleaf;38.8929214477539;-78.1395034790039;20180816T000000Z;2.0;SCBI_063;0.916;0.012;-999;-999;0;-999
GBOV_RM6_201;SmithsonianConservationBiologyInstitute;Courtney Meier;cmeier@battelleecology.org;support-copernicus-gbov@acri-st.fr;NEON;361;Deciduous Broadleaf;38.8929214477539;-78.1395034790039;20180830T000000Z;2.0;SCBI_063;0.930;0.011;-999;-999;0;-999
GBOV_RM6_201;SmithsonianConservationBiologyInstitute;Courtney Meier;cmeier@battelleecology.org;support-copernicus-gbov@acri-st.fr;NEON;361;Deciduous Broadleaf;38.8929214477539;-78.1395034790039;20180914T000000Z;2.0;SCBI_063;0.927;0.011;-999;-999;0;-999
GBOV_RM6_201;SmithsonianConservationBiologyInstitute;Courtney Meier;cmeier@battelleecology.org;support-copernicus-gbov@acri-st.fr;NEON;361;Deciduous Broadleaf;38.8929214477539;-78.1395034790039;20180927T000000Z;2.0;SCBI_063;0.891;0.012;-999;-999;64;-999
GBOV_RM6_201;SmithsonianConservationBiologyInstitute;Courtney Meier;cmeier@battelleecology.org;support-copernicus-gbov@acri-st.fr;NEON;361;Deciduous Broadleaf;38.8929214477539;-78.1395034790039;20181016T000000Z;2.0;SCBI_063;0.850;0.014;-999;-999;0;-999
GBOV_RM6_201;SmithsonianConservationBiologyInstitute;Courtney Meier;cmeier@battelleecology.org;support-copernicus-gbov@acri-st.fr;NEON;361;Deciduous Broadleaf;38.8929214477539;-78.1395034790039;20181031T000000Z;2.0;SCBI_063;0.804;0.017;-999;-999;0;-999
GBOV_RM6_201;SmithsonianConservationBiologyInstitute;Courtney Meier;cmeier@battelleecology.org;support-copernicus-gbov@acri-st.fr;NEON;361;Deciduous Broadleaf;38.8929214477539;-78.1395034790039;20190325T134900Z;2.0;SCBI_063;0.323;0.011;-999;-999;0;0
GBOV_RM6_201;SmithsonianConservationBiologyInstitute;Courtney Meier;cmeier@battelleecology.org;support-copernicus-gbov@acri-st.fr;NEON;361;Deciduous Broadleaf;38.8929214477539;-78.1395034790039;20190409T194300Z;2.0;SCBI_063;0.274;0.011;-999;-999;0;0
GBOV_RM6_201;SmithsonianConservationBiologyInstitute;Courtney Meier;cmeier@battelleecology.org;support-copernicus-gbov@acri-st.fr;NEON;361;Deciduous Broadleaf;38.8929214477539;-78.1395034790039;20190425T184700Z;2.0;SCBI_063;0.680;0.015;-999;-999;0;0
GBOV_RM6_201;SmithsonianConservationBiologyInstitute;Courtney Meier;cmeier@battelleecology.org;support-copernicus-gbov@acri-st.fr;NEON;361;Deciduous Broadleaf;38.8929214477539;-78.1395034790039;20190508T160500Z;2.0;SCBI_063;0.842;0.013;-999;-999;0;0
GBOV_RM6_201;SmithsonianConservationBiologyInstitute;Courtney Meier;cmeier@battelleecology.org;support-copernicus-gbov@acri-st.fr;NEON;361;Deciduous Broadleaf;38.8929214477539;-78.1395034790039;20190523T045800Z;2.0;SCBI_063;0.871;0.016;-999;-999;0;0
GBOV_RM6_201;SmithsonianConservationBiologyInstitute;Courtney Meier;cmeier@battelleecology.org;support-copernicus-gbov@acri-st.fr;NEON;361;Deciduous Broadleaf;38.8929214477539;-78.1395034790039;20190606T053300Z;2.0;SCBI_063;0.877;0.016;-999;-999;0;0
GBOV_RM6_201;SmithsonianConservationBiologyInstitute;Courtney Meier;cmeier@battelleecology.org;support-copernicus-gbov@acri-st.fr;NEON;361;Deciduous Broadleaf;38.8929214477539;-78.1395034790039;20190730T050300Z;2.0;SCBI_063;0.923;0.012;-999;-999;0;0
GBOV_RM6_201;SmithsonianConservationBiologyInstitute;Courtney Meier;cmeier@battelleecology.org;support-copernicus-gbov@acri-st.fr;NEON;361;Deciduous Broadleaf;38.8929214477539;-78.1395034790039;20190813T084300Z;2.0;SCBI_063;0.891;0.013;-999;-999;0;0
GBOV_RM6_201;SmithsonianConservationBiologyInstitute;Courtney Meier;cmeier@battelleecology.org;support-copernicus-gbov@acri-st.fr;NEON;361;Deciduous Broadleaf;38.8929214477539;-78.1395034790039;20190828T144000Z;2.0;SCBI_063;0.908;0.012;-999;-999;0;0
GBOV_RM6_201;SmithsonianConservationBiologyInstitute;Courtney Meier;cmeier@battelleecology.org;support-copernicus-gbov@acri-st.fr;NEON;361;Deciduous Broadleaf;38.8929214477539;-78.1395034790039;20190912T071300Z;2.0;SCBI_063;0.919;0.016;-999;-999;0;0
GBOV_RM6_201;SmithsonianConservationBiologyInstitute;Courtney Meier;cmeier@battelleecology.org;support-copernicus-gbov@acri-st.fr;NEON;361;Deciduous Broadleaf;38.8929214477539;-78.1395034790039;20190926T065400Z;2.0;SCBI_063;0.840;0.012;-999;-999;0;0
GBOV_RM6_201;SmithsonianConservationBiologyInstitute;Courtney Meier;cmeier@battelleecology.org;support-copernicus-gbov@acri-st.fr;NEON;361;Deciduous Broadleaf;38.8929214477539;-78.1395034790039;20191010T070100Z;2.0;SCBI_063;0.852;0.016;-999;-999;0;0
GBOV_RM6_201;SmithsonianConservationBiologyInstitute;Courtney Meier;cmeier@battelleecology.org;support-copernicus-gbov@acri-st.fr;NEON;361;Deciduous Broadleaf;38.8929214477539;-78.1395034790039;20191024T071000Z;2.0;SCBI_063;0.810;0.014;-999;-999;0;0
