GBOV_ID;Site;GROUND_DATA_PI;GROUND_DATA_PIs_Email;GBOV_Email;Network;Elevation;IGBP_class;Lat_IS;Lon_IS;TIME_IS;Version;PLOT_ID;FIPAR_up;FIPAR_up_err;FIPAR_down;FIPAR_down_err;up_flag;down_flag
GBOV_RM6_1580;LajasExperimentalStation;Courtney Meier;cmeier@battelleecology.org;support-copernicus-gbov@acri-st.fr;NEON;24;Grassland;18.02125;-67.0769;20160415T094700Z;2.0;LAJA_047;-999;-999;0.0095;0.0017;-999;0
GBOV_RM6_1580;LajasExperimentalStation;Courtney Meier;cmeier@battelleecology.org;support-copernicus-gbov@acri-st.fr;NEON;24;Grassland;18.02125;-67.0769;20160429T094000Z;2.0;LAJA_047;-999;-999;0.043;0.007;-999;0
GBOV_RM6_1580;LajasExperimentalStation;Courtney Meier;cmeier@battelleecology.org;support-copernicus-gbov@acri-st.fr;NEON;24;Grassland;18.02125;-67.0769;20160513T105600Z;2.0;LAJA_047;-999;-999;0.761;0.026;-999;4
GBOV_RM6_1580;LajasExperimentalStation;Courtney Meier;cmeier@battelleecology.org;support-copernicus-gbov@acri-st.fr;NEON;24;Grassland;18.02125;-67.0769;20160527T094700Z;2.0;LAJA_047;-999;-999;0.30;0.04;-999;2
GBOV_RM6_1580;LajasExperimentalStation;Courtney Meier;cmeier@battelleecology.org;support-copernicus-gbov@acri-st.fr;NEON;24;Grassland;18.02125;-67.0769;20160610T084400Z;2.0;LAJA_047;-999;-999;0.00136;0.00028;-999;0
GBOV_RM6_1580;LajasExperimentalStation;Courtney Meier;cmeier@battelleecology.org;support-copernicus-gbov@acri-st.fr;NEON;24;Grassland;18.02125;-67.0769;20160624T091500Z;2.0;LAJA_047;-999;-999;0.0028;0.0006;-999;0
GBOV_RM6_1580;LajasExperimentalStation;Courtney Meier;cmeier@battelleecology.org;support-copernicus-gbov@acri-st.fr;NEON;24;Grassland;18.02125;-67.0769;20160708T085600Z;2.0;LAJA_047;-999;-999;0.036;0.004;-999;0
GBOV_RM6_1580;LajasExperimentalStation;Courtney Meier;cmeier@battelleecology.org;support-copernicus-gbov@acri-st.fr;NEON;24;Grassland;18.02125;-67.0769;20160722T083300Z;2.0;LAJA_047;-999;-999;0.051;0.009;-999;0
GBOV_RM6_1580;LajasExperimentalStation;Courtney Meier;cmeier@battelleecology.org;support-copernicus-gbov@acri-st.fr;NEON;24;Grassland;18.02125;-67.0769;20160805T084800Z;2.0;LAJA_047;-999;-999;0.115;0.013;-999;0
GBOV_RM6_1580;LajasExperimentalStation;Courtney Meier;cmeier@battelleecology.org;support-copernicus-gbov@acri-st.fr;NEON;24;Grassland;18.02125;-67.0769;20160818T164900Z;2.0;LAJA_047;-999;-999;0.43;0.05;-999;0
GBOV_RM6_1580;LajasExperimentalStation;Courtney Meier;cmeier@battelleecology.org;support-copernicus-gbov@acri-st.fr;NEON;24;Grassland;18.02125;-67.0769;20160902T130500Z;2.0;LAJA_047;-999;-999;0.843;0.029;-999;0
GBOV_RM6_1580;LajasExperimentalStation;Courtney Meier;cmeier@battelleecology.org;support-copernicus-gbov@acri-st.fr;NEON;24;Grassland;18.02125;-67.0769;20160916T080200Z;2.0;LAJA_047;-999;-999;0.51;0.05;-999;0
GBOV_RM6_1580;LajasExperimentalStation;Courtney Meier;cmeier@battelleecology.org;support-copernicus-gbov@acri-st.fr;NEON;24;Grassland;18.02125;-67.0769;20160930T090200Z;2.0;LAJA_047;-999;-999;0.876;0.031;-999;0
GBOV_RM6_1580;LajasExperimentalStation;Courtney Meier;cmeier@battelleecology.org;support-copernicus-gbov@acri-st.fr;NEON;24;Grassland;18.02125;-67.0769;20161014T073900Z;2.0;LAJA_047;-999;-999;0.857;0.015;-999;0
GBOV_RM6_1580;LajasExperimentalStation;Courtney Meier;cmeier@battelleecology.org;support-copernicus-gbov@acri-st.fr;NEON;24;Grassland;18.02125;-67.0769;20161028T082600Z;2.0;LAJA_047;-999;-999;0.811;0.017;-999;0
GBOV_RM6_1580;LajasExperimentalStation;Courtney Meier;cmeier@battelleecology.org;support-copernicus-gbov@acri-st.fr;NEON;24;Grassland;18.02125;-67.0769;20161111T073500Z;2.0;LAJA_047;-999;-999;0.46;0.05;-999;0
GBOV_RM6_1580;LajasExperimentalStation;Courtney Meier;cmeier@battelleecology.org;support-copernicus-gbov@acri-st.fr;NEON;24;Grassland;18.02125;-67.0769;20161123T073600Z;2.0;LAJA_047;-999;-999;0.513;0.035;-999;0
GBOV_RM6_1580;LajasExperimentalStation;Courtney Meier;cmeier@battelleecology.org;support-copernicus-gbov@acri-st.fr;NEON;24;Grassland;18.02125;-67.0769;20161208T080400Z;2.0;LAJA_047;-999;-999;0.420;0.028;-999;0
GBOV_RM6_1580;LajasExperimentalStation;Courtney Meier;cmeier@battelleecology.org;support-copernicus-gbov@acri-st.fr;NEON;24;Grassland;18.02125;-67.0769;20170112T083600Z;2.0;LAJA_047;-999;-999;0.630;0.028;-999;0
GBOV_RM6_1580;LajasExperimentalStation;Courtney Meier;cmeier@battelleecology.org;support-copernicus-gbov@acri-st.fr;NEON;24;Grassland;18.02125;-67.0769;20170127T083500Z;2.0;LAJA_047;-999;-999;0.419;0.026;-999;0
GBOV_RM6_1580;LajasExperimentalStation;Courtney Meier;cmeier@battelleecology.org;support-copernicus-gbov@acri-st.fr;NEON;24;Grassland;18.02125;-67.0769;20170210T074100Z;2.0;LAJA_047;-999;-999;0.306;0.026;-999;0
GBOV_RM6_1580;LajasExperimentalStation;Courtney Meier;cmeier@battelleecology.org;support-copernicus-gbov@acri-st.fr;NEON;24;Grassland;18.02125;-67.0769;20170224T075100Z;2.0;LAJA_047;-999;-999;0.328;0.028;-999;0
GBOV_RM6_1580;LajasExperimentalStation;Courtney Meier;cmeier@battelleecology.org;support-copernicus-gbov@acri-st.fr;NEON;24;Grassland;18.02125;-67.0769;20170307T092500Z;2.0;LAJA_047;-999;-999;0.153;0.018;-999;0
GBOV_RM6_1580;LajasExperimentalStation;Courtney Meier;cmeier@battelleecology.org;support-copernicus-gbov@acri-st.fr;NEON;24;Grassland;18.02125;-67.0769;20170324T073400Z;2.0;LAJA_047;-999;-999;0.439;0.030;-999;0
GBOV_RM6_1580;LajasExperimentalStation;Courtney Meier;cmeier@battelleecology.org;support-copernicus-gbov@acri-st.fr;NEON;24;Grassland;18.02125;-67.0769;20170407T075700Z;2.0;LAJA_047;-999;-999;0.244;0.023;-999;0
GBOV_RM6_1580;LajasExperimentalStation;Courtney Meier;cmeier@battelleecology.org;support-copernicus-gbov@acri-st.fr;NEON;24;Grassland;18.02125;-67.0769;20170419T081500Z;2.0;LAJA_047;-999;-999;0.76;0.04;-999;0
GBOV_RM6_1580;LajasExperimentalStation;Courtney Meier;cmeier@battelleecology.org;support-copernicus-gbov@acri-st.fr;NEON;24;Grassland;18.02125;-67.0769;20170503T163200Z;2.0;LAJA_047;-999;-999;0.868;0.024;-999;0
GBOV_RM6_1580;LajasExperimentalStation;Courtney Meier;cmeier@battelleecology.org;support-copernicus-gbov@acri-st.fr;NEON;24;Grassland;18.02125;-67.0769;20170518T162900Z;2.0;LAJA_047;-999;-999;0.936;0.012;-999;0
GBOV_RM6_1580;LajasExperimentalStation;Courtney Meier;cmeier@battelleecology.org;support-copernicus-gbov@acri-st.fr;NEON;24;Grassland;18.02125;-67.0769;20170601T160500Z;2.0;LAJA_047;-999;-999;0.860;0.023;-999;0
GBOV_RM6_1580;LajasExperimentalStation;Courtney Meier;cmeier@battelleecology.org;support-copernicus-gbov@acri-st.fr;NEON;24;Grassland;18.02125;-67.0769;20170615T160700Z;2.0;LAJA_047;-999;-999;0.694;0.032;-999;0
GBOV_RM6_1580;LajasExperimentalStation;Courtney Meier;cmeier@battelleecology.org;support-copernicus-gbov@acri-st.fr;NEON;24;Grassland;18.02125;-67.0769;20170629T170100Z;2.0;LAJA_047;-999;-999;0.48;0.05;-999;0
GBOV_RM6_1580;LajasExperimentalStation;Courtney Meier;cmeier@battelleecology.org;support-copernicus-gbov@acri-st.fr;NEON;24;Grassland;18.02125;-67.0769;20170713T162300Z;2.0;LAJA_047;-999;-999;0.117;0.010;-999;0
GBOV_RM6_1580;LajasExperimentalStation;Courtney Meier;cmeier@battelleecology.org;support-copernicus-gbov@acri-st.fr;NEON;24;Grassland;18.02125;-67.0769;20170727T155600Z;2.0;LAJA_047;-999;-999;0.096;0.014;-999;0
GBOV_RM6_1580;LajasExperimentalStation;Courtney Meier;cmeier@battelleecology.org;support-copernicus-gbov@acri-st.fr;NEON;24;Grassland;18.02125;-67.0769;20170810T165700Z;2.0;LAJA_047;-999;-999;0.048;0.007;-999;0
GBOV_RM6_1580;LajasExperimentalStation;Courtney Meier;cmeier@battelleecology.org;support-copernicus-gbov@acri-st.fr;NEON;24;Grassland;18.02125;-67.0769;20170824T155000Z;2.0;LAJA_047;-999;-999;0.50;0.05;-999;0
GBOV_RM6_1580;LajasExperimentalStation;Courtney Meier;cmeier@battelleecology.org;support-copernicus-gbov@acri-st.fr;NEON;24;Grassland;18.02125;-67.0769;20171019T151100Z;2.0;LAJA_047;-999;-999;0.240;0.012;-999;0
GBOV_RM6_1580;LajasExperimentalStation;Courtney Meier;cmeier@battelleecology.org;support-copernicus-gbov@acri-st.fr;NEON;24;Grassland;18.02125;-67.0769;20171102T152800Z;2.0;LAJA_047;-999;-999;0.615;0.020;-999;0
GBOV_RM6_1580;LajasExperimentalStation;Courtney Meier;cmeier@battelleecology.org;support-copernicus-gbov@acri-st.fr;NEON;24;Grassland;18.02125;-67.0769;20171116T160600Z;2.0;LAJA_047;-999;-999;0.324;0.009;-999;0
GBOV_RM6_1580;LajasExperimentalStation;Courtney Meier;cmeier@battelleecology.org;support-copernicus-gbov@acri-st.fr;NEON;24;Grassland;18.02125;-67.0769;20171130T154500Z;2.0;LAJA_047;-999;-999;0.624;0.016;-999;0
GBOV_RM6_1580;LajasExperimentalStation;Courtney Meier;cmeier@battelleecology.org;support-copernicus-gbov@acri-st.fr;NEON;24;Grassland;18.02125;-67.0769;20171214T160200Z;2.0;LAJA_047;-999;-999;0.822;0.011;-999;0
GBOV_RM6_1580;LajasExperimentalStation;Courtney Meier;cmeier@battelleecology.org;support-copernicus-gbov@acri-st.fr;NEON;24;Grassland;18.02125;-67.0769;20171228T150200Z;2.0;LAJA_047;-999;-999;0.642;0.016;-999;0
GBOV_RM6_1580;LajasExperimentalStation;Courtney Meier;cmeier@battelleecology.org;support-copernicus-gbov@acri-st.fr;NEON;24;Grassland;18.02125;-67.0769;20180111T160000Z;2.0;LAJA_047;-999;-999;0.329;0.014;-999;0
GBOV_RM6_1580;LajasExperimentalStation;Courtney Meier;cmeier@battelleecology.org;support-copernicus-gbov@acri-st.fr;NEON;24;Grassland;18.02125;-67.0769;20180125T161400Z;2.0;LAJA_047;-999;-999;0.557;0.022;-999;0
GBOV_RM6_1580;LajasExperimentalStation;Courtney Meier;cmeier@battelleecology.org;support-copernicus-gbov@acri-st.fr;NEON;24;Grassland;18.02125;-67.0769;20180208T163600Z;2.0;LAJA_047;-999;-999;0.647;0.030;-999;0
GBOV_RM6_1580;LajasExperimentalStation;Courtney Meier;cmeier@battelleecology.org;support-copernicus-gbov@acri-st.fr;NEON;24;Grassland;18.02125;-67.0769;20180222T161800Z;2.0;LAJA_047;-999;-999;0.287;0.015;-999;0
GBOV_RM6_1580;LajasExperimentalStation;Courtney Meier;cmeier@battelleecology.org;support-copernicus-gbov@acri-st.fr;NEON;24;Grassland;18.02125;-67.0769;20180308T164900Z;2.0;LAJA_047;-999;-999;0.533;0.016;-999;0
GBOV_RM6_1580;LajasExperimentalStation;Courtney Meier;cmeier@battelleecology.org;support-copernicus-gbov@acri-st.fr;NEON;24;Grassland;18.02125;-67.0769;20180322T161700Z;2.0;LAJA_047;-999;-999;0.292;0.027;-999;0
GBOV_RM6_1580;LajasExperimentalStation;Courtney Meier;cmeier@battelleecology.org;support-copernicus-gbov@acri-st.fr;NEON;24;Grassland;18.02125;-67.0769;20180405T140600Z;2.0;LAJA_047;-999;-999;0.335;0.015;-999;0
GBOV_RM6_1580;LajasExperimentalStation;Courtney Meier;cmeier@battelleecology.org;support-copernicus-gbov@acri-st.fr;NEON;24;Grassland;18.02125;-67.0769;20180419T154100Z;2.0;LAJA_047;-999;-999;0.286;0.019;-999;0
GBOV_RM6_1580;LajasExperimentalStation;Courtney Meier;cmeier@battelleecology.org;support-copernicus-gbov@acri-st.fr;NEON;24;Grassland;18.02125;-67.0769;20180503T155100Z;2.0;LAJA_047;-999;-999;0.378;0.020;-999;0
GBOV_RM6_1580;LajasExperimentalStation;Courtney Meier;cmeier@battelleecology.org;support-copernicus-gbov@acri-st.fr;NEON;24;Grassland;18.02125;-67.0769;20180517T161600Z;2.0;LAJA_047;-999;-999;0.073;0.011;-999;0
GBOV_RM6_1580;LajasExperimentalStation;Courtney Meier;cmeier@battelleecology.org;support-copernicus-gbov@acri-st.fr;NEON;24;Grassland;18.02125;-67.0769;20180604T072100Z;2.0;LAJA_047;-999;-999;0.053;0.005;-999;0
GBOV_RM6_1580;LajasExperimentalStation;Courtney Meier;cmeier@battelleecology.org;support-copernicus-gbov@acri-st.fr;NEON;24;Grassland;18.02125;-67.0769;20180614T160700Z;2.0;LAJA_047;-999;-999;0.023;0.004;-999;0
GBOV_RM6_1580;LajasExperimentalStation;Courtney Meier;cmeier@battelleecology.org;support-copernicus-gbov@acri-st.fr;NEON;24;Grassland;18.02125;-67.0769;20180628T155200Z;2.0;LAJA_047;-999;-999;0.254;0.020;-999;0
GBOV_RM6_1580;LajasExperimentalStation;Courtney Meier;cmeier@battelleecology.org;support-copernicus-gbov@acri-st.fr;NEON;24;Grassland;18.02125;-67.0769;20180712T144400Z;2.0;LAJA_047;-999;-999;0.406;0.022;-999;0
GBOV_RM6_1580;LajasExperimentalStation;Courtney Meier;cmeier@battelleecology.org;support-copernicus-gbov@acri-st.fr;NEON;24;Grassland;18.02125;-67.0769;20180726T141800Z;2.0;LAJA_047;-999;-999;0.027;0.005;-999;0
GBOV_RM6_1580;LajasExperimentalStation;Courtney Meier;cmeier@battelleecology.org;support-copernicus-gbov@acri-st.fr;NEON;24;Grassland;18.02125;-67.0769;20180809T152300Z;2.0;LAJA_047;-999;-999;0.041;0.009;-999;0
GBOV_RM6_1580;LajasExperimentalStation;Courtney Meier;cmeier@battelleecology.org;support-copernicus-gbov@acri-st.fr;NEON;24;Grassland;18.02125;-67.0769;20180823T160100Z;2.0;LAJA_047;-999;-999;0.583;0.023;-999;0
GBOV_RM6_1580;LajasExperimentalStation;Courtney Meier;cmeier@battelleecology.org;support-copernicus-gbov@acri-st.fr;NEON;24;Grassland;18.02125;-67.0769;20180907T070700Z;2.0;LAJA_047;-999;-999;0.580;0.023;-999;0
GBOV_RM6_1580;LajasExperimentalStation;Courtney Meier;cmeier@battelleecology.org;support-copernicus-gbov@acri-st.fr;NEON;24;Grassland;18.02125;-67.0769;20180920T113500Z;2.0;LAJA_047;-999;-999;0.813;0.018;-999;0
GBOV_RM6_1580;LajasExperimentalStation;Courtney Meier;cmeier@battelleecology.org;support-copernicus-gbov@acri-st.fr;NEON;24;Grassland;18.02125;-67.0769;20181004T161300Z;2.0;LAJA_047;-999;-999;0.195;0.020;-999;0
GBOV_RM6_1580;LajasExperimentalStation;Courtney Meier;cmeier@battelleecology.org;support-copernicus-gbov@acri-st.fr;NEON;24;Grassland;18.02125;-67.0769;20181018T170700Z;2.0;LAJA_047;-999;-999;0.400;0.018;-999;0
GBOV_RM6_1580;LajasExperimentalStation;Courtney Meier;cmeier@battelleecology.org;support-copernicus-gbov@acri-st.fr;NEON;24;Grassland;18.02125;-67.0769;20181101T170000Z;2.0;LAJA_047;-999;-999;0.771;0.020;-999;0
GBOV_RM6_1580;LajasExperimentalStation;Courtney Meier;cmeier@battelleecology.org;support-copernicus-gbov@acri-st.fr;NEON;24;Grassland;18.02125;-67.0769;20181116T121700Z;2.0;LAJA_047;-999;-999;0.453;0.016;-999;0
GBOV_RM6_1580;LajasExperimentalStation;Courtney Meier;cmeier@battelleecology.org;support-copernicus-gbov@acri-st.fr;NEON;24;Grassland;18.02125;-67.0769;20181130T070700Z;2.0;LAJA_047;-999;-999;0.574;0.019;-999;0
GBOV_RM6_1580;LajasExperimentalStation;Courtney Meier;cmeier@battelleecology.org;support-copernicus-gbov@acri-st.fr;NEON;24;Grassland;18.02125;-67.0769;20181214T072600Z;2.0;LAJA_047;-999;-999;0.481;0.027;-999;0
GBOV_RM6_1580;LajasExperimentalStation;Courtney Meier;cmeier@battelleecology.org;support-copernicus-gbov@acri-st.fr;NEON;24;Grassland;18.02125;-67.0769;20181228T071400Z;2.0;LAJA_047;-999;-999;0.456;0.027;-999;0
GBOV_RM6_1580;LajasExperimentalStation;Courtney Meier;cmeier@battelleecology.org;support-copernicus-gbov@acri-st.fr;NEON;24;Grassland;18.02125;-67.0769;20190110T073600Z;2.0;LAJA_047;-999;-999;0.154;0.009;-999;0
GBOV_RM6_1580;LajasExperimentalStation;Courtney Meier;cmeier@battelleecology.org;support-copernicus-gbov@acri-st.fr;NEON;24;Grassland;18.02125;-67.0769;20190124T070500Z;2.0;LAJA_047;-999;-999;0.634;0.020;-999;0
GBOV_RM6_1580;LajasExperimentalStation;Courtney Meier;cmeier@battelleecology.org;support-copernicus-gbov@acri-st.fr;NEON;24;Grassland;18.02125;-67.0769;20190207T070400Z;2.0;LAJA_047;-999;-999;0.596;0.022;-999;0
GBOV_RM6_1580;LajasExperimentalStation;Courtney Meier;cmeier@battelleecology.org;support-copernicus-gbov@acri-st.fr;NEON;24;Grassland;18.02125;-67.0769;20190221T070800Z;2.0;LAJA_047;-999;-999;0.758;0.018;-999;0
GBOV_RM6_1580;LajasExperimentalStation;Courtney Meier;cmeier@battelleecology.org;support-copernicus-gbov@acri-st.fr;NEON;24;Grassland;18.02125;-67.0769;20190307T070400Z;2.0;LAJA_047;-999;-999;0.724;0.029;-999;0
GBOV_RM6_1580;LajasExperimentalStation;Courtney Meier;cmeier@battelleecology.org;support-copernicus-gbov@acri-st.fr;NEON;24;Grassland;18.02125;-67.0769;20190321T065100Z;2.0;LAJA_047;-999;-999;0.502;0.031;-999;0
GBOV_RM6_1580;LajasExperimentalStation;Courtney Meier;cmeier@battelleecology.org;support-copernicus-gbov@acri-st.fr;NEON;24;Grassland;18.02125;-67.0769;20190404T063400Z;2.0;LAJA_047;-999;-999;0.358;0.034;-999;0
GBOV_RM6_1580;LajasExperimentalStation;Courtney Meier;cmeier@battelleecology.org;support-copernicus-gbov@acri-st.fr;NEON;24;Grassland;18.02125;-67.0769;20190418T120600Z;2.0;LAJA_047;-999;-999;0.032;0.006;-999;0
GBOV_RM6_1580;LajasExperimentalStation;Courtney Meier;cmeier@battelleecology.org;support-copernicus-gbov@acri-st.fr;NEON;24;Grassland;18.02125;-67.0769;20190502T055900Z;2.0;LAJA_047;-999;-999;0.113;0.008;-999;0
GBOV_RM6_1580;LajasExperimentalStation;Courtney Meier;cmeier@battelleecology.org;support-copernicus-gbov@acri-st.fr;NEON;24;Grassland;18.02125;-67.0769;20190516T055700Z;2.0;LAJA_047;-999;-999;0.072;0.011;-999;0
GBOV_RM6_1580;LajasExperimentalStation;Courtney Meier;cmeier@battelleecology.org;support-copernicus-gbov@acri-st.fr;NEON;24;Grassland;18.02125;-67.0769;20190530T055200Z;2.0;LAJA_047;-999;-999;0.507;0.013;-999;0
GBOV_RM6_1580;LajasExperimentalStation;Courtney Meier;cmeier@battelleecology.org;support-copernicus-gbov@acri-st.fr;NEON;24;Grassland;18.02125;-67.0769;20190613T054800Z;2.0;LAJA_047;-999;-999;0.059;0.006;-999;0
GBOV_RM6_1580;LajasExperimentalStation;Courtney Meier;cmeier@battelleecology.org;support-copernicus-gbov@acri-st.fr;NEON;24;Grassland;18.02125;-67.0769;20190626T142600Z;2.0;LAJA_047;-999;-999;0.022;0.006;-999;0
GBOV_RM6_1580;LajasExperimentalStation;Courtney Meier;cmeier@battelleecology.org;support-copernicus-gbov@acri-st.fr;NEON;24;Grassland;18.02125;-67.0769;20190711T060700Z;2.0;LAJA_047;-999;-999;0.125;0.016;-999;0
GBOV_RM6_1580;LajasExperimentalStation;Courtney Meier;cmeier@battelleecology.org;support-copernicus-gbov@acri-st.fr;NEON;24;Grassland;18.02125;-67.0769;20190725T060600Z;2.0;LAJA_047;-999;-999;0.260;0.024;-999;0
GBOV_RM6_1580;LajasExperimentalStation;Courtney Meier;cmeier@battelleecology.org;support-copernicus-gbov@acri-st.fr;NEON;24;Grassland;18.02125;-67.0769;20190807T151500Z;2.0;LAJA_047;-999;-999;0.331;0.024;-999;0
GBOV_RM6_1580;LajasExperimentalStation;Courtney Meier;cmeier@battelleecology.org;support-copernicus-gbov@acri-st.fr;NEON;24;Grassland;18.02125;-67.0769;20190822T162000Z;2.0;LAJA_047;-999;-999;0.241;0.018;-999;0
GBOV_RM6_1580;LajasExperimentalStation;Courtney Meier;cmeier@battelleecology.org;support-copernicus-gbov@acri-st.fr;NEON;24;Grassland;18.02125;-67.0769;20190905T151800Z;2.0;LAJA_047;-999;-999;0.212;0.018;-999;0
GBOV_RM6_1580;LajasExperimentalStation;Courtney Meier;cmeier@battelleecology.org;support-copernicus-gbov@acri-st.fr;NEON;24;Grassland;18.02125;-67.0769;20190919T073800Z;2.0;LAJA_047;-999;-999;0.512;0.015;-999;0
GBOV_RM6_1580;LajasExperimentalStation;Courtney Meier;cmeier@battelleecology.org;support-copernicus-gbov@acri-st.fr;NEON;24;Grassland;18.02125;-67.0769;20191003T161700Z;2.0;LAJA_047;-999;-999;0.743;0.020;-999;0
GBOV_RM6_1580;LajasExperimentalStation;Courtney Meier;cmeier@battelleecology.org;support-copernicus-gbov@acri-st.fr;NEON;24;Grassland;18.02125;-67.0769;20191017T150600Z;2.0;LAJA_047;-999;-999;0.624;0.022;-999;0
GBOV_RM6_1580;LajasExperimentalStation;Courtney Meier;cmeier@battelleecology.org;support-copernicus-gbov@acri-st.fr;NEON;24;Grassland;18.02125;-67.0769;20191030T113600Z;2.0;LAJA_047;-999;-999;0.161;0.013;-999;0
GBOV_RM6_1580;LajasExperimentalStation;Courtney Meier;cmeier@battelleecology.org;support-copernicus-gbov@acri-st.fr;NEON;24;Grassland;18.02125;-67.0769;20191114T065500Z;2.0;LAJA_047;-999;-999;0.261;0.025;-999;0
