GBOV_ID;Site;GROUND_DATA_PI;GROUND_DATA_PIs_Email;GBOV_Email;Network;Elevation;IGBP_class;Lat_IS;Lon_IS;TIME_IS;Version;PLOT_ID;FIPAR_up;FIPAR_up_err;FIPAR_down;FIPAR_down_err;up_flag;down_flag
GBOV_RM6_807;Woodworth;Courtney Meier;cmeier@battelleecology.org;support-copernicus-gbov@acri-st.fr;NEON;579;Croplands;47.128231048584;-99.2413635253906;20160411T000000Z;2.0;WOOD_069;-999;-999;0.0311;0.0016;-999;0
GBOV_RM6_807;Woodworth;Courtney Meier;cmeier@battelleecology.org;support-copernicus-gbov@acri-st.fr;NEON;579;Croplands;47.128231048584;-99.2413635253906;20160427T000000Z;2.0;WOOD_069;-999;-999;0.0322;0.0026;-999;0
GBOV_RM6_807;Woodworth;Courtney Meier;cmeier@battelleecology.org;support-copernicus-gbov@acri-st.fr;NEON;579;Croplands;47.128231048584;-99.2413635253906;20160509T000000Z;2.0;WOOD_069;-999;-999;0.193;0.016;-999;0
GBOV_RM6_807;Woodworth;Courtney Meier;cmeier@battelleecology.org;support-copernicus-gbov@acri-st.fr;NEON;579;Croplands;47.128231048584;-99.2413635253906;20160523T000000Z;2.0;WOOD_069;-999;-999;0.377;0.015;-999;32
GBOV_RM6_807;Woodworth;Courtney Meier;cmeier@battelleecology.org;support-copernicus-gbov@acri-st.fr;NEON;579;Croplands;47.128231048584;-99.2413635253906;20160606T000000Z;2.0;WOOD_069;-999;-999;0.721;0.024;-999;0
GBOV_RM6_807;Woodworth;Courtney Meier;cmeier@battelleecology.org;support-copernicus-gbov@acri-st.fr;NEON;579;Croplands;47.128231048584;-99.2413635253906;20160620T000000Z;2.0;WOOD_069;-999;-999;0.644;0.019;-999;0
GBOV_RM6_807;Woodworth;Courtney Meier;cmeier@battelleecology.org;support-copernicus-gbov@acri-st.fr;NEON;579;Croplands;47.128231048584;-99.2413635253906;20160706T000000Z;2.0;WOOD_069;-999;-999;0.307;0.028;-999;0
GBOV_RM6_807;Woodworth;Courtney Meier;cmeier@battelleecology.org;support-copernicus-gbov@acri-st.fr;NEON;579;Croplands;47.128231048584;-99.2413635253906;20160718T000000Z;2.0;WOOD_069;-999;-999;0.286;0.026;-999;0
GBOV_RM6_807;Woodworth;Courtney Meier;cmeier@battelleecology.org;support-copernicus-gbov@acri-st.fr;NEON;579;Croplands;47.128231048584;-99.2413635253906;20160801T000000Z;2.0;WOOD_069;-999;-999;0.348;0.028;-999;0
GBOV_RM6_807;Woodworth;Courtney Meier;cmeier@battelleecology.org;support-copernicus-gbov@acri-st.fr;NEON;579;Croplands;47.128231048584;-99.2413635253906;20160815T000000Z;2.0;WOOD_069;-999;-999;0.478;0.017;-999;0
GBOV_RM6_807;Woodworth;Courtney Meier;cmeier@battelleecology.org;support-copernicus-gbov@acri-st.fr;NEON;579;Croplands;47.128231048584;-99.2413635253906;20160829T000000Z;2.0;WOOD_069;-999;-999;0.538;0.027;-999;0
GBOV_RM6_807;Woodworth;Courtney Meier;cmeier@battelleecology.org;support-copernicus-gbov@acri-st.fr;NEON;579;Croplands;47.128231048584;-99.2413635253906;20160912T000000Z;2.0;WOOD_069;-999;-999;0.488;0.021;-999;0
GBOV_RM6_807;Woodworth;Courtney Meier;cmeier@battelleecology.org;support-copernicus-gbov@acri-st.fr;NEON;579;Croplands;47.128231048584;-99.2413635253906;20160926T000000Z;2.0;WOOD_069;-999;-999;0.463;0.021;-999;0
GBOV_RM6_807;Woodworth;Courtney Meier;cmeier@battelleecology.org;support-copernicus-gbov@acri-st.fr;NEON;579;Croplands;47.128231048584;-99.2413635253906;20161011T000000Z;2.0;WOOD_069;-999;-999;0.094;0.013;-999;0
GBOV_RM6_807;Woodworth;Courtney Meier;cmeier@battelleecology.org;support-copernicus-gbov@acri-st.fr;NEON;579;Croplands;47.128231048584;-99.2413635253906;20170501T000000Z;2.0;WOOD_069;-999;-999;0.0355;0.0031;-999;0
GBOV_RM6_807;Woodworth;Courtney Meier;cmeier@battelleecology.org;support-copernicus-gbov@acri-st.fr;NEON;579;Croplands;47.128231048584;-99.2413635253906;20170515T000000Z;2.0;WOOD_069;-999;-999;0.065;0.006;-999;0
GBOV_RM6_807;Woodworth;Courtney Meier;cmeier@battelleecology.org;support-copernicus-gbov@acri-st.fr;NEON;579;Croplands;47.128231048584;-99.2413635253906;20170531T000000Z;2.0;WOOD_069;-999;-999;0.335;0.015;-999;0
GBOV_RM6_807;Woodworth;Courtney Meier;cmeier@battelleecology.org;support-copernicus-gbov@acri-st.fr;NEON;579;Croplands;47.128231048584;-99.2413635253906;20170612T000000Z;2.0;WOOD_069;-999;-999;0.324;0.025;-999;0
GBOV_RM6_807;Woodworth;Courtney Meier;cmeier@battelleecology.org;support-copernicus-gbov@acri-st.fr;NEON;579;Croplands;47.128231048584;-99.2413635253906;20170627T000000Z;2.0;WOOD_069;-999;-999;0.656;0.021;-999;0
GBOV_RM6_807;Woodworth;Courtney Meier;cmeier@battelleecology.org;support-copernicus-gbov@acri-st.fr;NEON;579;Croplands;47.128231048584;-99.2413635253906;20170710T000000Z;2.0;WOOD_069;-999;-999;0.619;0.032;-999;0
GBOV_RM6_807;Woodworth;Courtney Meier;cmeier@battelleecology.org;support-copernicus-gbov@acri-st.fr;NEON;579;Croplands;47.128231048584;-99.2413635253906;20170726T000000Z;2.0;WOOD_069;-999;-999;0.48;0.04;-999;0
GBOV_RM6_807;Woodworth;Courtney Meier;cmeier@battelleecology.org;support-copernicus-gbov@acri-st.fr;NEON;579;Croplands;47.128231048584;-99.2413635253906;20170807T000000Z;2.0;WOOD_069;-999;-999;0.446;0.030;-999;0
GBOV_RM6_807;Woodworth;Courtney Meier;cmeier@battelleecology.org;support-copernicus-gbov@acri-st.fr;NEON;579;Croplands;47.128231048584;-99.2413635253906;20170824T000000Z;2.0;WOOD_069;-999;-999;0.248;0.012;-999;2
GBOV_RM6_807;Woodworth;Courtney Meier;cmeier@battelleecology.org;support-copernicus-gbov@acri-st.fr;NEON;579;Croplands;47.128231048584;-99.2413635253906;20170905T000000Z;2.0;WOOD_069;-999;-999;0.113;0.007;-999;0
GBOV_RM6_807;Woodworth;Courtney Meier;cmeier@battelleecology.org;support-copernicus-gbov@acri-st.fr;NEON;579;Croplands;47.128231048584;-99.2413635253906;20170918T000000Z;2.0;WOOD_069;-999;-999;0.119;0.008;-999;0
GBOV_RM6_807;Woodworth;Courtney Meier;cmeier@battelleecology.org;support-copernicus-gbov@acri-st.fr;NEON;579;Croplands;47.128231048584;-99.2413635253906;20171002T000000Z;2.0;WOOD_069;-999;-999;0.159;0.011;-999;0
GBOV_RM6_807;Woodworth;Courtney Meier;cmeier@battelleecology.org;support-copernicus-gbov@acri-st.fr;NEON;579;Croplands;47.128231048584;-99.2413635253906;20171016T000000Z;2.0;WOOD_069;-999;-999;0.155;0.012;-999;32
GBOV_RM6_807;Woodworth;Courtney Meier;cmeier@battelleecology.org;support-copernicus-gbov@acri-st.fr;NEON;579;Croplands;47.128231048584;-99.2413635253906;20180502T000000Z;2.0;WOOD_069;-999;-999;0.032;0.005;-999;0
GBOV_RM6_807;Woodworth;Courtney Meier;cmeier@battelleecology.org;support-copernicus-gbov@acri-st.fr;NEON;579;Croplands;47.128231048584;-99.2413635253906;20180516T000000Z;2.0;WOOD_069;-999;-999;0.173;0.016;-999;0
GBOV_RM6_807;Woodworth;Courtney Meier;cmeier@battelleecology.org;support-copernicus-gbov@acri-st.fr;NEON;579;Croplands;47.128231048584;-99.2413635253906;20180601T000000Z;2.0;WOOD_069;-999;-999;0.660;0.026;-999;0
GBOV_RM6_807;Woodworth;Courtney Meier;cmeier@battelleecology.org;support-copernicus-gbov@acri-st.fr;NEON;579;Croplands;47.128231048584;-99.2413635253906;20180612T000000Z;2.0;WOOD_069;-999;-999;0.701;0.018;-999;0
GBOV_RM6_807;Woodworth;Courtney Meier;cmeier@battelleecology.org;support-copernicus-gbov@acri-st.fr;NEON;579;Croplands;47.128231048584;-99.2413635253906;20180627T000000Z;2.0;WOOD_069;-999;-999;0.606;0.021;-999;0
GBOV_RM6_807;Woodworth;Courtney Meier;cmeier@battelleecology.org;support-copernicus-gbov@acri-st.fr;NEON;579;Croplands;47.128231048584;-99.2413635253906;20180710T000000Z;2.0;WOOD_069;-999;-999;0.546;0.021;-999;0
GBOV_RM6_807;Woodworth;Courtney Meier;cmeier@battelleecology.org;support-copernicus-gbov@acri-st.fr;NEON;579;Croplands;47.128231048584;-99.2413635253906;20180726T000000Z;2.0;WOOD_069;-999;-999;0.155;0.017;-999;0
GBOV_RM6_807;Woodworth;Courtney Meier;cmeier@battelleecology.org;support-copernicus-gbov@acri-st.fr;NEON;579;Croplands;47.128231048584;-99.2413635253906;20180806T000000Z;2.0;WOOD_069;-999;-999;0.190;0.009;-999;0
GBOV_RM6_807;Woodworth;Courtney Meier;cmeier@battelleecology.org;support-copernicus-gbov@acri-st.fr;NEON;579;Croplands;47.128231048584;-99.2413635253906;20180820T000000Z;2.0;WOOD_069;-999;-999;0.068;0.007;-999;0
GBOV_RM6_807;Woodworth;Courtney Meier;cmeier@battelleecology.org;support-copernicus-gbov@acri-st.fr;NEON;579;Croplands;47.128231048584;-99.2413635253906;20180906T000000Z;2.0;WOOD_069;-999;-999;0.220;0.023;-999;0
GBOV_RM6_807;Woodworth;Courtney Meier;cmeier@battelleecology.org;support-copernicus-gbov@acri-st.fr;NEON;579;Croplands;47.128231048584;-99.2413635253906;20180919T000000Z;2.0;WOOD_069;-999;-999;0.112;0.012;-999;0
GBOV_RM6_807;Woodworth;Courtney Meier;cmeier@battelleecology.org;support-copernicus-gbov@acri-st.fr;NEON;579;Croplands;47.128231048584;-99.2413635253906;20181001T000000Z;2.0;WOOD_069;-999;-999;0.082;0.010;-999;0
GBOV_RM6_807;Woodworth;Courtney Meier;cmeier@battelleecology.org;support-copernicus-gbov@acri-st.fr;NEON;579;Croplands;47.128231048584;-99.2413635253906;20181015T000000Z;2.0;WOOD_069;-999;-999;0.044;0.005;-999;0
GBOV_RM6_807;Woodworth;Courtney Meier;cmeier@battelleecology.org;support-copernicus-gbov@acri-st.fr;NEON;579;Croplands;47.128231048584;-99.2413635253906;20190430T130800Z;2.0;WOOD_069;-999;-999;0.0289;0.0029;-999;0
GBOV_RM6_807;Woodworth;Courtney Meier;cmeier@battelleecology.org;support-copernicus-gbov@acri-st.fr;NEON;579;Croplands;47.128231048584;-99.2413635253906;20190513T132800Z;2.0;WOOD_069;-999;-999;0.098;0.006;-999;0
GBOV_RM6_807;Woodworth;Courtney Meier;cmeier@battelleecology.org;support-copernicus-gbov@acri-st.fr;NEON;579;Croplands;47.128231048584;-99.2413635253906;20190529T145100Z;2.0;WOOD_069;-999;-999;0.344;0.023;-999;0
GBOV_RM6_807;Woodworth;Courtney Meier;cmeier@battelleecology.org;support-copernicus-gbov@acri-st.fr;NEON;579;Croplands;47.128231048584;-99.2413635253906;20190613T100300Z;2.0;WOOD_069;-999;-999;0.641;0.020;-999;0
GBOV_RM6_807;Woodworth;Courtney Meier;cmeier@battelleecology.org;support-copernicus-gbov@acri-st.fr;NEON;579;Croplands;47.128231048584;-99.2413635253906;20190627T114900Z;2.0;WOOD_069;-999;-999;0.664;0.021;-999;0
GBOV_RM6_807;Woodworth;Courtney Meier;cmeier@battelleecology.org;support-copernicus-gbov@acri-st.fr;NEON;579;Croplands;47.128231048584;-99.2413635253906;20190711T103800Z;2.0;WOOD_069;-999;-999;0.747;0.017;-999;0
GBOV_RM6_807;Woodworth;Courtney Meier;cmeier@battelleecology.org;support-copernicus-gbov@acri-st.fr;NEON;579;Croplands;47.128231048584;-99.2413635253906;20190723T105900Z;2.0;WOOD_069;-999;-999;0.702;0.016;-999;0
GBOV_RM6_807;Woodworth;Courtney Meier;cmeier@battelleecology.org;support-copernicus-gbov@acri-st.fr;NEON;579;Croplands;47.128231048584;-99.2413635253906;20190805T122800Z;2.0;WOOD_069;-999;-999;0.679;0.017;-999;0
GBOV_RM6_807;Woodworth;Courtney Meier;cmeier@battelleecology.org;support-copernicus-gbov@acri-st.fr;NEON;579;Croplands;47.128231048584;-99.2413635253906;20190820T132200Z;2.0;WOOD_069;-999;-999;0.394;0.015;-999;0
GBOV_RM6_807;Woodworth;Courtney Meier;cmeier@battelleecology.org;support-copernicus-gbov@acri-st.fr;NEON;579;Croplands;47.128231048584;-99.2413635253906;20190904T141100Z;2.0;WOOD_069;-999;-999;0.251;0.009;-999;0
GBOV_RM6_807;Woodworth;Courtney Meier;cmeier@battelleecology.org;support-copernicus-gbov@acri-st.fr;NEON;579;Croplands;47.128231048584;-99.2413635253906;20190918T102900Z;2.0;WOOD_069;-999;-999;0.295;0.010;-999;0
GBOV_RM6_807;Woodworth;Courtney Meier;cmeier@battelleecology.org;support-copernicus-gbov@acri-st.fr;NEON;579;Croplands;47.128231048584;-99.2413635253906;20191004T090100Z;2.0;WOOD_069;-999;-999;0.439;0.019;-999;0
GBOV_RM6_807;Woodworth;Courtney Meier;cmeier@battelleecology.org;support-copernicus-gbov@acri-st.fr;NEON;579;Croplands;47.128231048584;-99.2413635253906;20191017T103900Z;2.0;WOOD_069;-999;-999;0.281;0.029;-999;4
