GBOV_ID;Site;GROUND_DATA_PI;GROUND_DATA_PIs_Email;GBOV_Email;Network;Elevation;IGBP_class;Lat_IS;Lon_IS;TIME_IS;Version;PLOT_ID;FIPAR_up;FIPAR_up_err;FIPAR_down;FIPAR_down_err;up_flag;down_flag
GBOV_RM6_782;Woodworth;Courtney Meier;cmeier@battelleecology.org;support-copernicus-gbov@acri-st.fr;NEON;579;Croplands;47.128231048584;-99.2413635253906;20140508T000000Z;2.0;WOOD_058;-999;-999;0.037;0.005;-999;0
GBOV_RM6_782;Woodworth;Courtney Meier;cmeier@battelleecology.org;support-copernicus-gbov@acri-st.fr;NEON;579;Croplands;47.128231048584;-99.2413635253906;20140522T000000Z;2.0;WOOD_058;-999;-999;0.064;0.006;-999;0
GBOV_RM6_782;Woodworth;Courtney Meier;cmeier@battelleecology.org;support-copernicus-gbov@acri-st.fr;NEON;579;Croplands;47.128231048584;-99.2413635253906;20140619T000000Z;2.0;WOOD_058;-999;-999;0.671;0.024;-999;0
GBOV_RM6_782;Woodworth;Courtney Meier;cmeier@battelleecology.org;support-copernicus-gbov@acri-st.fr;NEON;579;Croplands;47.128231048584;-99.2413635253906;20140708T000000Z;2.0;WOOD_058;-999;-999;0.687;0.027;-999;0
GBOV_RM6_782;Woodworth;Courtney Meier;cmeier@battelleecology.org;support-copernicus-gbov@acri-st.fr;NEON;579;Croplands;47.128231048584;-99.2413635253906;20140717T000000Z;2.0;WOOD_058;-999;-999;0.603;0.022;-999;0
GBOV_RM6_782;Woodworth;Courtney Meier;cmeier@battelleecology.org;support-copernicus-gbov@acri-st.fr;NEON;579;Croplands;47.128231048584;-99.2413635253906;20140731T000000Z;2.0;WOOD_058;-999;-999;0.506;0.027;-999;0
GBOV_RM6_782;Woodworth;Courtney Meier;cmeier@battelleecology.org;support-copernicus-gbov@acri-st.fr;NEON;579;Croplands;47.128231048584;-99.2413635253906;20140814T000000Z;2.0;WOOD_058;-999;-999;0.319;0.021;-999;0
GBOV_RM6_782;Woodworth;Courtney Meier;cmeier@battelleecology.org;support-copernicus-gbov@acri-st.fr;NEON;579;Croplands;47.128231048584;-99.2413635253906;20140905T000000Z;2.0;WOOD_058;-999;-999;0.392;0.017;-999;0
GBOV_RM6_782;Woodworth;Courtney Meier;cmeier@battelleecology.org;support-copernicus-gbov@acri-st.fr;NEON;579;Croplands;47.128231048584;-99.2413635253906;20140911T000000Z;2.0;WOOD_058;-999;-999;0.239;0.011;-999;0
GBOV_RM6_782;Woodworth;Courtney Meier;cmeier@battelleecology.org;support-copernicus-gbov@acri-st.fr;NEON;579;Croplands;47.128231048584;-99.2413635253906;20140926T000000Z;2.0;WOOD_058;-999;-999;0.195;0.013;-999;0
GBOV_RM6_782;Woodworth;Courtney Meier;cmeier@battelleecology.org;support-copernicus-gbov@acri-st.fr;NEON;579;Croplands;47.128231048584;-99.2413635253906;20141009T000000Z;2.0;WOOD_058;-999;-999;0.142;0.009;-999;0
GBOV_RM6_782;Woodworth;Courtney Meier;cmeier@battelleecology.org;support-copernicus-gbov@acri-st.fr;NEON;579;Croplands;47.128231048584;-99.2413635253906;20141022T000000Z;2.0;WOOD_058;-999;-999;0.0210;0.0030;-999;0
GBOV_RM6_782;Woodworth;Courtney Meier;cmeier@battelleecology.org;support-copernicus-gbov@acri-st.fr;NEON;579;Croplands;47.128231048584;-99.2413635253906;20150403T000000Z;2.0;WOOD_058;-999;-999;0.0277;0.0020;-999;0
GBOV_RM6_782;Woodworth;Courtney Meier;cmeier@battelleecology.org;support-copernicus-gbov@acri-st.fr;NEON;579;Croplands;47.128231048584;-99.2413635253906;20150415T000000Z;2.0;WOOD_058;-999;-999;0.0389;0.0023;-999;0
GBOV_RM6_782;Woodworth;Courtney Meier;cmeier@battelleecology.org;support-copernicus-gbov@acri-st.fr;NEON;579;Croplands;47.128231048584;-99.2413635253906;20150430T000000Z;2.0;WOOD_058;-999;-999;0.0242;0.0021;-999;0
GBOV_RM6_782;Woodworth;Courtney Meier;cmeier@battelleecology.org;support-copernicus-gbov@acri-st.fr;NEON;579;Croplands;47.128231048584;-99.2413635253906;20150520T000000Z;2.0;WOOD_058;-999;-999;0.065;0.005;-999;0
GBOV_RM6_782;Woodworth;Courtney Meier;cmeier@battelleecology.org;support-copernicus-gbov@acri-st.fr;NEON;579;Croplands;47.128231048584;-99.2413635253906;20150603T000000Z;2.0;WOOD_058;-999;-999;0.217;0.016;-999;32
GBOV_RM6_782;Woodworth;Courtney Meier;cmeier@battelleecology.org;support-copernicus-gbov@acri-st.fr;NEON;579;Croplands;47.128231048584;-99.2413635253906;20150617T000000Z;2.0;WOOD_058;-999;-999;0.433;0.019;-999;0
GBOV_RM6_782;Woodworth;Courtney Meier;cmeier@battelleecology.org;support-copernicus-gbov@acri-st.fr;NEON;579;Croplands;47.128231048584;-99.2413635253906;20150701T000000Z;2.0;WOOD_058;-999;-999;0.692;0.018;-999;0
GBOV_RM6_782;Woodworth;Courtney Meier;cmeier@battelleecology.org;support-copernicus-gbov@acri-st.fr;NEON;579;Croplands;47.128231048584;-99.2413635253906;20150715T000000Z;2.0;WOOD_058;-999;-999;0.645;0.023;-999;0
GBOV_RM6_782;Woodworth;Courtney Meier;cmeier@battelleecology.org;support-copernicus-gbov@acri-st.fr;NEON;579;Croplands;47.128231048584;-99.2413635253906;20150729T000000Z;2.0;WOOD_058;-999;-999;0.193;0.011;-999;0
GBOV_RM6_782;Woodworth;Courtney Meier;cmeier@battelleecology.org;support-copernicus-gbov@acri-st.fr;NEON;579;Croplands;47.128231048584;-99.2413635253906;20150812T000000Z;2.0;WOOD_058;-999;-999;0.065;0.006;-999;0
GBOV_RM6_782;Woodworth;Courtney Meier;cmeier@battelleecology.org;support-copernicus-gbov@acri-st.fr;NEON;579;Croplands;47.128231048584;-99.2413635253906;20150827T000000Z;2.0;WOOD_058;-999;-999;0.130;0.011;-999;0
GBOV_RM6_782;Woodworth;Courtney Meier;cmeier@battelleecology.org;support-copernicus-gbov@acri-st.fr;NEON;579;Croplands;47.128231048584;-99.2413635253906;20150910T000000Z;2.0;WOOD_058;-999;-999;0.289;0.015;-999;0
GBOV_RM6_782;Woodworth;Courtney Meier;cmeier@battelleecology.org;support-copernicus-gbov@acri-st.fr;NEON;579;Croplands;47.128231048584;-99.2413635253906;20150928T000000Z;2.0;WOOD_058;-999;-999;0.123;0.010;-999;0
GBOV_RM6_782;Woodworth;Courtney Meier;cmeier@battelleecology.org;support-copernicus-gbov@acri-st.fr;NEON;579;Croplands;47.128231048584;-99.2413635253906;20151009T000000Z;2.0;WOOD_058;-999;-999;0.073;0.005;-999;0
GBOV_RM6_782;Woodworth;Courtney Meier;cmeier@battelleecology.org;support-copernicus-gbov@acri-st.fr;NEON;579;Croplands;47.128231048584;-99.2413635253906;20160411T000000Z;2.0;WOOD_058;-999;-999;0.0245;0.0013;-999;0
GBOV_RM6_782;Woodworth;Courtney Meier;cmeier@battelleecology.org;support-copernicus-gbov@acri-st.fr;NEON;579;Croplands;47.128231048584;-99.2413635253906;20160427T000000Z;2.0;WOOD_058;-999;-999;0.049;0.005;-999;0
GBOV_RM6_782;Woodworth;Courtney Meier;cmeier@battelleecology.org;support-copernicus-gbov@acri-st.fr;NEON;579;Croplands;47.128231048584;-99.2413635253906;20160509T000000Z;2.0;WOOD_058;-999;-999;0.157;0.014;-999;0
GBOV_RM6_782;Woodworth;Courtney Meier;cmeier@battelleecology.org;support-copernicus-gbov@acri-st.fr;NEON;579;Croplands;47.128231048584;-99.2413635253906;20160523T000000Z;2.0;WOOD_058;-999;-999;0.351;0.034;-999;32
GBOV_RM6_782;Woodworth;Courtney Meier;cmeier@battelleecology.org;support-copernicus-gbov@acri-st.fr;NEON;579;Croplands;47.128231048584;-99.2413635253906;20160606T000000Z;2.0;WOOD_058;-999;-999;0.663;0.025;-999;32
GBOV_RM6_782;Woodworth;Courtney Meier;cmeier@battelleecology.org;support-copernicus-gbov@acri-st.fr;NEON;579;Croplands;47.128231048584;-99.2413635253906;20160620T000000Z;2.0;WOOD_058;-999;-999;0.682;0.022;-999;0
GBOV_RM6_782;Woodworth;Courtney Meier;cmeier@battelleecology.org;support-copernicus-gbov@acri-st.fr;NEON;579;Croplands;47.128231048584;-99.2413635253906;20160706T000000Z;2.0;WOOD_058;-999;-999;0.601;0.028;-999;0
GBOV_RM6_782;Woodworth;Courtney Meier;cmeier@battelleecology.org;support-copernicus-gbov@acri-st.fr;NEON;579;Croplands;47.128231048584;-99.2413635253906;20160718T000000Z;2.0;WOOD_058;-999;-999;0.697;0.024;-999;0
GBOV_RM6_782;Woodworth;Courtney Meier;cmeier@battelleecology.org;support-copernicus-gbov@acri-st.fr;NEON;579;Croplands;47.128231048584;-99.2413635253906;20160801T000000Z;2.0;WOOD_058;-999;-999;0.699;0.018;-999;0
GBOV_RM6_782;Woodworth;Courtney Meier;cmeier@battelleecology.org;support-copernicus-gbov@acri-st.fr;NEON;579;Croplands;47.128231048584;-99.2413635253906;20160815T000000Z;2.0;WOOD_058;-999;-999;0.501;0.026;-999;0
GBOV_RM6_782;Woodworth;Courtney Meier;cmeier@battelleecology.org;support-copernicus-gbov@acri-st.fr;NEON;579;Croplands;47.128231048584;-99.2413635253906;20160829T000000Z;2.0;WOOD_058;-999;-999;0.367;0.020;-999;0
GBOV_RM6_782;Woodworth;Courtney Meier;cmeier@battelleecology.org;support-copernicus-gbov@acri-st.fr;NEON;579;Croplands;47.128231048584;-99.2413635253906;20160912T000000Z;2.0;WOOD_058;-999;-999;0.279;0.016;-999;0
GBOV_RM6_782;Woodworth;Courtney Meier;cmeier@battelleecology.org;support-copernicus-gbov@acri-st.fr;NEON;579;Croplands;47.128231048584;-99.2413635253906;20160926T000000Z;2.0;WOOD_058;-999;-999;0.254;0.014;-999;0
GBOV_RM6_782;Woodworth;Courtney Meier;cmeier@battelleecology.org;support-copernicus-gbov@acri-st.fr;NEON;579;Croplands;47.128231048584;-99.2413635253906;20161011T000000Z;2.0;WOOD_058;-999;-999;0.050;0.007;-999;0
GBOV_RM6_782;Woodworth;Courtney Meier;cmeier@battelleecology.org;support-copernicus-gbov@acri-st.fr;NEON;579;Croplands;47.128231048584;-99.2413635253906;20170501T000000Z;2.0;WOOD_058;-999;-999;0.0192;0.0017;-999;0
GBOV_RM6_782;Woodworth;Courtney Meier;cmeier@battelleecology.org;support-copernicus-gbov@acri-st.fr;NEON;579;Croplands;47.128231048584;-99.2413635253906;20170515T000000Z;2.0;WOOD_058;-999;-999;0.0484;0.0024;-999;0
GBOV_RM6_782;Woodworth;Courtney Meier;cmeier@battelleecology.org;support-copernicus-gbov@acri-st.fr;NEON;579;Croplands;47.128231048584;-99.2413635253906;20170531T000000Z;2.0;WOOD_058;-999;-999;0.213;0.015;-999;0
GBOV_RM6_782;Woodworth;Courtney Meier;cmeier@battelleecology.org;support-copernicus-gbov@acri-st.fr;NEON;579;Croplands;47.128231048584;-99.2413635253906;20170612T000000Z;2.0;WOOD_058;-999;-999;0.289;0.029;-999;0
GBOV_RM6_782;Woodworth;Courtney Meier;cmeier@battelleecology.org;support-copernicus-gbov@acri-st.fr;NEON;579;Croplands;47.128231048584;-99.2413635253906;20170627T000000Z;2.0;WOOD_058;-999;-999;0.582;0.034;-999;0
GBOV_RM6_782;Woodworth;Courtney Meier;cmeier@battelleecology.org;support-copernicus-gbov@acri-st.fr;NEON;579;Croplands;47.128231048584;-99.2413635253906;20170710T000000Z;2.0;WOOD_058;-999;-999;0.568;0.035;-999;0
GBOV_RM6_782;Woodworth;Courtney Meier;cmeier@battelleecology.org;support-copernicus-gbov@acri-st.fr;NEON;579;Croplands;47.128231048584;-99.2413635253906;20170726T000000Z;2.0;WOOD_058;-999;-999;0.48;0.04;-999;0
GBOV_RM6_782;Woodworth;Courtney Meier;cmeier@battelleecology.org;support-copernicus-gbov@acri-st.fr;NEON;579;Croplands;47.128231048584;-99.2413635253906;20170807T000000Z;2.0;WOOD_058;-999;-999;0.363;0.026;-999;0
GBOV_RM6_782;Woodworth;Courtney Meier;cmeier@battelleecology.org;support-copernicus-gbov@acri-st.fr;NEON;579;Croplands;47.128231048584;-99.2413635253906;20170824T000000Z;2.0;WOOD_058;-999;-999;0.216;0.018;-999;2
GBOV_RM6_782;Woodworth;Courtney Meier;cmeier@battelleecology.org;support-copernicus-gbov@acri-st.fr;NEON;579;Croplands;47.128231048584;-99.2413635253906;20170905T000000Z;2.0;WOOD_058;-999;-999;0.094;0.008;-999;0
GBOV_RM6_782;Woodworth;Courtney Meier;cmeier@battelleecology.org;support-copernicus-gbov@acri-st.fr;NEON;579;Croplands;47.128231048584;-99.2413635253906;20170918T000000Z;2.0;WOOD_058;-999;-999;0.087;0.007;-999;0
GBOV_RM6_782;Woodworth;Courtney Meier;cmeier@battelleecology.org;support-copernicus-gbov@acri-st.fr;NEON;579;Croplands;47.128231048584;-99.2413635253906;20171002T000000Z;2.0;WOOD_058;-999;-999;0.116;0.016;-999;0
GBOV_RM6_782;Woodworth;Courtney Meier;cmeier@battelleecology.org;support-copernicus-gbov@acri-st.fr;NEON;579;Croplands;47.128231048584;-99.2413635253906;20171016T000000Z;2.0;WOOD_058;-999;-999;0.142;0.016;-999;0
GBOV_RM6_782;Woodworth;Courtney Meier;cmeier@battelleecology.org;support-copernicus-gbov@acri-st.fr;NEON;579;Croplands;47.128231048584;-99.2413635253906;20180502T000000Z;2.0;WOOD_058;-999;-999;0.022;0.004;-999;0
GBOV_RM6_782;Woodworth;Courtney Meier;cmeier@battelleecology.org;support-copernicus-gbov@acri-st.fr;NEON;579;Croplands;47.128231048584;-99.2413635253906;20180516T000000Z;2.0;WOOD_058;-999;-999;0.154;0.022;-999;0
GBOV_RM6_782;Woodworth;Courtney Meier;cmeier@battelleecology.org;support-copernicus-gbov@acri-st.fr;NEON;579;Croplands;47.128231048584;-99.2413635253906;20180601T000000Z;2.0;WOOD_058;-999;-999;0.521;0.035;-999;0
GBOV_RM6_782;Woodworth;Courtney Meier;cmeier@battelleecology.org;support-copernicus-gbov@acri-st.fr;NEON;579;Croplands;47.128231048584;-99.2413635253906;20180612T000000Z;2.0;WOOD_058;-999;-999;0.715;0.026;-999;0
GBOV_RM6_782;Woodworth;Courtney Meier;cmeier@battelleecology.org;support-copernicus-gbov@acri-st.fr;NEON;579;Croplands;47.128231048584;-99.2413635253906;20180627T000000Z;2.0;WOOD_058;-999;-999;0.67;0.04;-999;0
GBOV_RM6_782;Woodworth;Courtney Meier;cmeier@battelleecology.org;support-copernicus-gbov@acri-st.fr;NEON;579;Croplands;47.128231048584;-99.2413635253906;20180710T000000Z;2.0;WOOD_058;-999;-999;0.467;0.028;-999;0
GBOV_RM6_782;Woodworth;Courtney Meier;cmeier@battelleecology.org;support-copernicus-gbov@acri-st.fr;NEON;579;Croplands;47.128231048584;-99.2413635253906;20180726T000000Z;2.0;WOOD_058;-999;-999;0.133;0.009;-999;0
GBOV_RM6_782;Woodworth;Courtney Meier;cmeier@battelleecology.org;support-copernicus-gbov@acri-st.fr;NEON;579;Croplands;47.128231048584;-99.2413635253906;20180806T000000Z;2.0;WOOD_058;-999;-999;0.267;0.014;-999;0
GBOV_RM6_782;Woodworth;Courtney Meier;cmeier@battelleecology.org;support-copernicus-gbov@acri-st.fr;NEON;579;Croplands;47.128231048584;-99.2413635253906;20180820T000000Z;2.0;WOOD_058;-999;-999;0.130;0.017;-999;0
GBOV_RM6_782;Woodworth;Courtney Meier;cmeier@battelleecology.org;support-copernicus-gbov@acri-st.fr;NEON;579;Croplands;47.128231048584;-99.2413635253906;20180906T000000Z;2.0;WOOD_058;-999;-999;0.238;0.017;-999;0
GBOV_RM6_782;Woodworth;Courtney Meier;cmeier@battelleecology.org;support-copernicus-gbov@acri-st.fr;NEON;579;Croplands;47.128231048584;-99.2413635253906;20180919T000000Z;2.0;WOOD_058;-999;-999;0.211;0.020;-999;0
GBOV_RM6_782;Woodworth;Courtney Meier;cmeier@battelleecology.org;support-copernicus-gbov@acri-st.fr;NEON;579;Croplands;47.128231048584;-99.2413635253906;20181001T000000Z;2.0;WOOD_058;-999;-999;0.116;0.017;-999;0
GBOV_RM6_782;Woodworth;Courtney Meier;cmeier@battelleecology.org;support-copernicus-gbov@acri-st.fr;NEON;579;Croplands;47.128231048584;-99.2413635253906;20181015T000000Z;2.0;WOOD_058;-999;-999;0.072;0.010;-999;0
GBOV_RM6_782;Woodworth;Courtney Meier;cmeier@battelleecology.org;support-copernicus-gbov@acri-st.fr;NEON;579;Croplands;47.128231048584;-99.2413635253906;20190430T125600Z;2.0;WOOD_058;-999;-999;0.0213;0.0022;-999;0
GBOV_RM6_782;Woodworth;Courtney Meier;cmeier@battelleecology.org;support-copernicus-gbov@acri-st.fr;NEON;579;Croplands;47.128231048584;-99.2413635253906;20190513T132100Z;2.0;WOOD_058;-999;-999;0.065;0.007;-999;0
GBOV_RM6_782;Woodworth;Courtney Meier;cmeier@battelleecology.org;support-copernicus-gbov@acri-st.fr;NEON;579;Croplands;47.128231048584;-99.2413635253906;20190529T142900Z;2.0;WOOD_058;-999;-999;0.229;0.024;-999;0
GBOV_RM6_782;Woodworth;Courtney Meier;cmeier@battelleecology.org;support-copernicus-gbov@acri-st.fr;NEON;579;Croplands;47.128231048584;-99.2413635253906;20190613T094900Z;2.0;WOOD_058;-999;-999;0.519;0.035;-999;0
GBOV_RM6_782;Woodworth;Courtney Meier;cmeier@battelleecology.org;support-copernicus-gbov@acri-st.fr;NEON;579;Croplands;47.128231048584;-99.2413635253906;20190627T113700Z;2.0;WOOD_058;-999;-999;0.638;0.024;-999;0
GBOV_RM6_782;Woodworth;Courtney Meier;cmeier@battelleecology.org;support-copernicus-gbov@acri-st.fr;NEON;579;Croplands;47.128231048584;-99.2413635253906;20190711T102500Z;2.0;WOOD_058;-999;-999;0.739;0.020;-999;0
GBOV_RM6_782;Woodworth;Courtney Meier;cmeier@battelleecology.org;support-copernicus-gbov@acri-st.fr;NEON;579;Croplands;47.128231048584;-99.2413635253906;20190723T104600Z;2.0;WOOD_058;-999;-999;0.659;0.018;-999;0
GBOV_RM6_782;Woodworth;Courtney Meier;cmeier@battelleecology.org;support-copernicus-gbov@acri-st.fr;NEON;579;Croplands;47.128231048584;-99.2413635253906;20190805T123600Z;2.0;WOOD_058;-999;-999;0.587;0.020;-999;0
GBOV_RM6_782;Woodworth;Courtney Meier;cmeier@battelleecology.org;support-copernicus-gbov@acri-st.fr;NEON;579;Croplands;47.128231048584;-99.2413635253906;20190820T133000Z;2.0;WOOD_058;-999;-999;0.359;0.015;-999;0
GBOV_RM6_782;Woodworth;Courtney Meier;cmeier@battelleecology.org;support-copernicus-gbov@acri-st.fr;NEON;579;Croplands;47.128231048584;-99.2413635253906;20190904T140100Z;2.0;WOOD_058;-999;-999;0.236;0.011;-999;0
GBOV_RM6_782;Woodworth;Courtney Meier;cmeier@battelleecology.org;support-copernicus-gbov@acri-st.fr;NEON;579;Croplands;47.128231048584;-99.2413635253906;20190918T103900Z;2.0;WOOD_058;-999;-999;0.207;0.014;-999;0
GBOV_RM6_782;Woodworth;Courtney Meier;cmeier@battelleecology.org;support-copernicus-gbov@acri-st.fr;NEON;579;Croplands;47.128231048584;-99.2413635253906;20191004T085500Z;2.0;WOOD_058;-999;-999;0.338;0.033;-999;0
GBOV_RM6_782;Woodworth;Courtney Meier;cmeier@battelleecology.org;support-copernicus-gbov@acri-st.fr;NEON;579;Croplands;47.128231048584;-99.2413635253906;20191017T104600Z;2.0;WOOD_058;-999;-999;0.185;0.027;-999;4
