GBOV_ID;Site;GROUND_DATA_PI;GROUND_DATA_PIs_Email;GBOV_Email;Network;Elevation;IGBP_class;Lat_IS;Lon_IS;TIME_IS;Version;PLOT_ID;FIPAR_up;FIPAR_up_err;FIPAR_down;FIPAR_down_err;up_flag;down_flag
GBOV_RM6_1454;DeadLake;Courtney Meier;cmeier@battelleecology.org;support-copernicus-gbov@acri-st.fr;NEON;22;Evergreen Broadleaf;32.54172;-87.80389;20170512T051800Z;2.0;DELA_051;0.882;0.015;0.061;0.015;1;1
GBOV_RM6_1454;DeadLake;Courtney Meier;cmeier@battelleecology.org;support-copernicus-gbov@acri-st.fr;NEON;22;Evergreen Broadleaf;32.54172;-87.80389;20170523T051900Z;2.0;DELA_051;0.898;0.014;0.084;0.023;1;1
GBOV_RM6_1454;DeadLake;Courtney Meier;cmeier@battelleecology.org;support-copernicus-gbov@acri-st.fr;NEON;22;Evergreen Broadleaf;32.54172;-87.80389;20170606T054300Z;2.0;DELA_051;0.810;0.021;0.092;0.028;1;1
GBOV_RM6_1454;DeadLake;Courtney Meier;cmeier@battelleecology.org;support-copernicus-gbov@acri-st.fr;NEON;22;Evergreen Broadleaf;32.54172;-87.80389;20170706T060900Z;2.0;DELA_051;0.896;0.015;0.419;0.013;0;0
GBOV_RM6_1454;DeadLake;Courtney Meier;cmeier@battelleecology.org;support-copernicus-gbov@acri-st.fr;NEON;22;Evergreen Broadleaf;32.54172;-87.80389;20170719T062100Z;2.0;DELA_051;0.901;0.015;0.137;0.022;0;0
GBOV_RM6_1454;DeadLake;Courtney Meier;cmeier@battelleecology.org;support-copernicus-gbov@acri-st.fr;NEON;22;Evergreen Broadleaf;32.54172;-87.80389;20170801T062400Z;2.0;DELA_051;0.905;0.014;0.293;0.022;0;0
GBOV_RM6_1454;DeadLake;Courtney Meier;cmeier@battelleecology.org;support-copernicus-gbov@acri-st.fr;NEON;22;Evergreen Broadleaf;32.54172;-87.80389;20170816T062600Z;2.0;DELA_051;0.885;0.014;0.112;0.019;0;0
GBOV_RM6_1454;DeadLake;Courtney Meier;cmeier@battelleecology.org;support-copernicus-gbov@acri-st.fr;NEON;22;Evergreen Broadleaf;32.54172;-87.80389;20170831T053800Z;2.0;DELA_051;0.892;0.013;0.299;0.016;0;0
GBOV_RM6_1454;DeadLake;Courtney Meier;cmeier@battelleecology.org;support-copernicus-gbov@acri-st.fr;NEON;22;Evergreen Broadleaf;32.54172;-87.80389;20170913T065900Z;2.0;DELA_051;0.883;0.011;0.102;0.013;0;0
GBOV_RM6_1454;DeadLake;Courtney Meier;cmeier@battelleecology.org;support-copernicus-gbov@acri-st.fr;NEON;22;Evergreen Broadleaf;32.54172;-87.80389;20170925T070900Z;2.0;DELA_051;0.863;0.015;0.040;0.006;0;0
GBOV_RM6_1454;DeadLake;Courtney Meier;cmeier@battelleecology.org;support-copernicus-gbov@acri-st.fr;NEON;22;Evergreen Broadleaf;32.54172;-87.80389;20171010T070200Z;2.0;DELA_051;0.823;0.014;0.037;0.004;0;0
GBOV_RM6_1454;DeadLake;Courtney Meier;cmeier@battelleecology.org;support-copernicus-gbov@acri-st.fr;NEON;22;Evergreen Broadleaf;32.54172;-87.80389;20171024T060200Z;2.0;DELA_051;0.849;0.014;0.049;0.006;1;1
GBOV_RM6_1454;DeadLake;Courtney Meier;cmeier@battelleecology.org;support-copernicus-gbov@acri-st.fr;NEON;22;Evergreen Broadleaf;32.54172;-87.80389;20180314T060800Z;2.0;DELA_051;0.286;0.011;0.0075;0.0020;0;0
GBOV_RM6_1454;DeadLake;Courtney Meier;cmeier@battelleecology.org;support-copernicus-gbov@acri-st.fr;NEON;22;Evergreen Broadleaf;32.54172;-87.80389;20180327T060700Z;2.0;DELA_051;0.380;0.018;0.0103;0.0013;0;0
GBOV_RM6_1454;DeadLake;Courtney Meier;cmeier@battelleecology.org;support-copernicus-gbov@acri-st.fr;NEON;22;Evergreen Broadleaf;32.54172;-87.80389;20180411T053700Z;2.0;DELA_051;0.777;0.018;0.154;0.018;0;0
GBOV_RM6_1454;DeadLake;Courtney Meier;cmeier@battelleecology.org;support-copernicus-gbov@acri-st.fr;NEON;22;Evergreen Broadleaf;32.54172;-87.80389;20180510T051400Z;2.0;DELA_051;0.910;0.014;0.026;0.008;1;1
GBOV_RM6_1454;DeadLake;Courtney Meier;cmeier@battelleecology.org;support-copernicus-gbov@acri-st.fr;NEON;22;Evergreen Broadleaf;32.54172;-87.80389;20180523T045500Z;2.0;DELA_051;0.922;0.014;0.303;0.023;0;0
GBOV_RM6_1454;DeadLake;Courtney Meier;cmeier@battelleecology.org;support-copernicus-gbov@acri-st.fr;NEON;22;Evergreen Broadleaf;32.54172;-87.80389;20180605T045400Z;2.0;DELA_051;0.913;0.016;0.141;0.026;0;0
GBOV_RM6_1454;DeadLake;Courtney Meier;cmeier@battelleecology.org;support-copernicus-gbov@acri-st.fr;NEON;22;Evergreen Broadleaf;32.54172;-87.80389;20180619T044900Z;2.0;DELA_051;0.912;0.015;0.217;0.023;64;0
GBOV_RM6_1454;DeadLake;Courtney Meier;cmeier@battelleecology.org;support-copernicus-gbov@acri-st.fr;NEON;22;Evergreen Broadleaf;32.54172;-87.80389;20180703T045100Z;2.0;DELA_051;0.864;0.017;0.174;0.030;0;0
GBOV_RM6_1454;DeadLake;Courtney Meier;cmeier@battelleecology.org;support-copernicus-gbov@acri-st.fr;NEON;22;Evergreen Broadleaf;32.54172;-87.80389;20180718T050500Z;2.0;DELA_051;0.898;0.015;0.091;0.016;0;0
GBOV_RM6_1454;DeadLake;Courtney Meier;cmeier@battelleecology.org;support-copernicus-gbov@acri-st.fr;NEON;22;Evergreen Broadleaf;32.54172;-87.80389;20180801T053200Z;2.0;DELA_051;0.881;0.016;0.111;0.020;0;0
GBOV_RM6_1454;DeadLake;Courtney Meier;cmeier@battelleecology.org;support-copernicus-gbov@acri-st.fr;NEON;22;Evergreen Broadleaf;32.54172;-87.80389;20180814T052700Z;2.0;DELA_051;0.883;0.014;0.078;0.014;0;0
GBOV_RM6_1454;DeadLake;Courtney Meier;cmeier@battelleecology.org;support-copernicus-gbov@acri-st.fr;NEON;22;Evergreen Broadleaf;32.54172;-87.80389;20180828T052500Z;2.0;DELA_051;0.884;0.012;0.257;0.025;0;0
GBOV_RM6_1454;DeadLake;Courtney Meier;cmeier@battelleecology.org;support-copernicus-gbov@acri-st.fr;NEON;22;Evergreen Broadleaf;32.54172;-87.80389;20180912T053500Z;2.0;DELA_051;0.872;0.011;0.120;0.015;0;0
GBOV_RM6_1454;DeadLake;Courtney Meier;cmeier@battelleecology.org;support-copernicus-gbov@acri-st.fr;NEON;22;Evergreen Broadleaf;32.54172;-87.80389;20180925T055100Z;2.0;DELA_051;0.868;0.014;0.097;0.014;0;0
GBOV_RM6_1454;DeadLake;Courtney Meier;cmeier@battelleecology.org;support-copernicus-gbov@acri-st.fr;NEON;22;Evergreen Broadleaf;32.54172;-87.80389;20181009T055800Z;2.0;DELA_051;0.859;0.013;0.083;0.010;0;0
GBOV_RM6_1454;DeadLake;Courtney Meier;cmeier@battelleecology.org;support-copernicus-gbov@acri-st.fr;NEON;22;Evergreen Broadleaf;32.54172;-87.80389;20181023T061000Z;2.0;DELA_051;0.868;0.012;0.037;0.005;0;0
GBOV_RM6_1454;DeadLake;Courtney Meier;cmeier@battelleecology.org;support-copernicus-gbov@acri-st.fr;NEON;22;Evergreen Broadleaf;32.54172;-87.80389;20190313T062700Z;2.0;DELA_051;0.300;0.010;0.00164;0.00031;0;0
GBOV_RM6_1454;DeadLake;Courtney Meier;cmeier@battelleecology.org;support-copernicus-gbov@acri-st.fr;NEON;22;Evergreen Broadleaf;32.54172;-87.80389;20190326T061700Z;2.0;DELA_051;0.475;0.018;0.0081;0.0011;0;0
GBOV_RM6_1454;DeadLake;Courtney Meier;cmeier@battelleecology.org;support-copernicus-gbov@acri-st.fr;NEON;22;Evergreen Broadleaf;32.54172;-87.80389;20190409T051600Z;2.0;DELA_051;0.755;0.021;-999;-999;0;-999
GBOV_RM6_1454;DeadLake;Courtney Meier;cmeier@battelleecology.org;support-copernicus-gbov@acri-st.fr;NEON;22;Evergreen Broadleaf;32.54172;-87.80389;20190425T061200Z;2.0;DELA_051;0.901;0.014;0.043;0.011;0;0
GBOV_RM6_1454;DeadLake;Courtney Meier;cmeier@battelleecology.org;support-copernicus-gbov@acri-st.fr;NEON;22;Evergreen Broadleaf;32.54172;-87.80389;20190508T051700Z;2.0;DELA_051;0.917;0.014;0.136;0.019;0;0
GBOV_RM6_1454;DeadLake;Courtney Meier;cmeier@battelleecology.org;support-copernicus-gbov@acri-st.fr;NEON;22;Evergreen Broadleaf;32.54172;-87.80389;20190522T050900Z;2.0;DELA_051;0.918;0.014;0.160;0.017;0;0
GBOV_RM6_1454;DeadLake;Courtney Meier;cmeier@battelleecology.org;support-copernicus-gbov@acri-st.fr;NEON;22;Evergreen Broadleaf;32.54172;-87.80389;20190605T050600Z;2.0;DELA_051;0.921;0.015;0.054;0.009;0;0
GBOV_RM6_1454;DeadLake;Courtney Meier;cmeier@battelleecology.org;support-copernicus-gbov@acri-st.fr;NEON;22;Evergreen Broadleaf;32.54172;-87.80389;20190618T051300Z;2.0;DELA_051;0.919;0.014;0.091;0.022;0;0
GBOV_RM6_1454;DeadLake;Courtney Meier;cmeier@battelleecology.org;support-copernicus-gbov@acri-st.fr;NEON;22;Evergreen Broadleaf;32.54172;-87.80389;20190702T050500Z;2.0;DELA_051;0.912;0.016;0.134;0.024;0;0
GBOV_RM6_1454;DeadLake;Courtney Meier;cmeier@battelleecology.org;support-copernicus-gbov@acri-st.fr;NEON;22;Evergreen Broadleaf;32.54172;-87.80389;20190717T051300Z;2.0;DELA_051;0.917;0.015;0.165;0.022;0;0
GBOV_RM6_1454;DeadLake;Courtney Meier;cmeier@battelleecology.org;support-copernicus-gbov@acri-st.fr;NEON;22;Evergreen Broadleaf;32.54172;-87.80389;20190731T053100Z;2.0;DELA_051;0.889;0.020;0.058;0.014;1;0
GBOV_RM6_1454;DeadLake;Courtney Meier;cmeier@battelleecology.org;support-copernicus-gbov@acri-st.fr;NEON;22;Evergreen Broadleaf;32.54172;-87.80389;20190815T053400Z;2.0;DELA_051;0.916;0.012;0.084;0.011;0;0
GBOV_RM6_1454;DeadLake;Courtney Meier;cmeier@battelleecology.org;support-copernicus-gbov@acri-st.fr;NEON;22;Evergreen Broadleaf;32.54172;-87.80389;20190829T053400Z;2.0;DELA_051;0.886;0.013;0.103;0.006;0;0
GBOV_RM6_1454;DeadLake;Courtney Meier;cmeier@battelleecology.org;support-copernicus-gbov@acri-st.fr;NEON;22;Evergreen Broadleaf;32.54172;-87.80389;20190911T054100Z;2.0;DELA_051;0.875;0.011;0.0260;0.0026;0;0
GBOV_RM6_1454;DeadLake;Courtney Meier;cmeier@battelleecology.org;support-copernicus-gbov@acri-st.fr;NEON;22;Evergreen Broadleaf;32.54172;-87.80389;20190926T054200Z;2.0;DELA_051;0.837;0.015;0.063;0.004;0;0
GBOV_RM6_1454;DeadLake;Courtney Meier;cmeier@battelleecology.org;support-copernicus-gbov@acri-st.fr;NEON;22;Evergreen Broadleaf;32.54172;-87.80389;20191009T055200Z;2.0;DELA_051;0.762;0.016;0.0240;0.0025;0;0
GBOV_RM6_1454;DeadLake;Courtney Meier;cmeier@battelleecology.org;support-copernicus-gbov@acri-st.fr;NEON;22;Evergreen Broadleaf;32.54172;-87.80389;20191023T055800Z;2.0;DELA_051;0.759;0.016;0.0602;0.0033;0;64
