GBOV_ID;Site;GROUND_DATA_PI;GROUND_DATA_PIs_Email;GBOV_Email;Network;Elevation;IGBP_class;Lat_IS;Lon_IS;TIME_IS;Version;PLOT_ID;FIPAR_up;FIPAR_up_err;FIPAR_down;FIPAR_down_err;up_flag;down_flag
GBOV_RM6_180;BlandyExperimentalFarm;Courtney Meier;cmeier@battelleecology.org;support-copernicus-gbov@acri-st.fr;NEON;183;Croplands;39.0602607727051;-78.0716400146484;20150429T000000Z;2.0;BLAN_052;0.664;0.022;0.089;0.015;0;0
GBOV_RM6_180;BlandyExperimentalFarm;Courtney Meier;cmeier@battelleecology.org;support-copernicus-gbov@acri-st.fr;NEON;183;Croplands;39.0602607727051;-78.0716400146484;20150515T000000Z;2.0;BLAN_052;0.960;0.013;0.443;0.028;0;8
GBOV_RM6_180;BlandyExperimentalFarm;Courtney Meier;cmeier@battelleecology.org;support-copernicus-gbov@acri-st.fr;NEON;183;Croplands;39.0602607727051;-78.0716400146484;20150527T000000Z;2.0;BLAN_052;0.971;0.011;0.504;0.032;0;8
GBOV_RM6_180;BlandyExperimentalFarm;Courtney Meier;cmeier@battelleecology.org;support-copernicus-gbov@acri-st.fr;NEON;183;Croplands;39.0602607727051;-78.0716400146484;20150612T000000Z;2.0;BLAN_052;0.75;0.04;0.616;0.024;8;16
GBOV_RM6_180;BlandyExperimentalFarm;Courtney Meier;cmeier@battelleecology.org;support-copernicus-gbov@acri-st.fr;NEON;183;Croplands;39.0602607727051;-78.0716400146484;20150625T000000Z;2.0;BLAN_052;0.82;0.05;0.492;0.030;8;0
GBOV_RM6_180;BlandyExperimentalFarm;Courtney Meier;cmeier@battelleecology.org;support-copernicus-gbov@acri-st.fr;NEON;183;Croplands;39.0602607727051;-78.0716400146484;20150710T000000Z;2.0;BLAN_052;0.74;0.04;0.482;0.028;8;8
GBOV_RM6_180;BlandyExperimentalFarm;Courtney Meier;cmeier@battelleecology.org;support-copernicus-gbov@acri-st.fr;NEON;183;Croplands;39.0602607727051;-78.0716400146484;20150722T000000Z;2.0;BLAN_052;0.85;0.04;0.411;0.027;8;8
GBOV_RM6_180;BlandyExperimentalFarm;Courtney Meier;cmeier@battelleecology.org;support-copernicus-gbov@acri-st.fr;NEON;183;Croplands;39.0602607727051;-78.0716400146484;20150806T000000Z;2.0;BLAN_052;0.87;0.04;0.377;0.024;8;8
GBOV_RM6_180;BlandyExperimentalFarm;Courtney Meier;cmeier@battelleecology.org;support-copernicus-gbov@acri-st.fr;NEON;183;Croplands;39.0602607727051;-78.0716400146484;20150819T000000Z;2.0;BLAN_052;0.928;0.029;0.390;0.026;8;8
GBOV_RM6_180;BlandyExperimentalFarm;Courtney Meier;cmeier@battelleecology.org;support-copernicus-gbov@acri-st.fr;NEON;183;Croplands;39.0602607727051;-78.0716400146484;20150904T000000Z;2.0;BLAN_052;0.921;0.030;0.361;0.017;8;0
GBOV_RM6_180;BlandyExperimentalFarm;Courtney Meier;cmeier@battelleecology.org;support-copernicus-gbov@acri-st.fr;NEON;183;Croplands;39.0602607727051;-78.0716400146484;20150918T000000Z;2.0;BLAN_052;0.959;0.010;0.307;0.019;8;10
GBOV_RM6_180;BlandyExperimentalFarm;Courtney Meier;cmeier@battelleecology.org;support-copernicus-gbov@acri-st.fr;NEON;183;Croplands;39.0602607727051;-78.0716400146484;20151008T000000Z;2.0;BLAN_052;0.923;0.017;0.220;0.028;8;0
GBOV_RM6_180;BlandyExperimentalFarm;Courtney Meier;cmeier@battelleecology.org;support-copernicus-gbov@acri-st.fr;NEON;183;Croplands;39.0602607727051;-78.0716400146484;20151014T000000Z;2.0;BLAN_052;0.928;0.014;0.294;0.011;8;8
GBOV_RM6_180;BlandyExperimentalFarm;Courtney Meier;cmeier@battelleecology.org;support-copernicus-gbov@acri-st.fr;NEON;183;Croplands;39.0602607727051;-78.0716400146484;20151030T000000Z;2.0;BLAN_052;0.809;0.025;0.265;0.010;0;0
GBOV_RM6_180;BlandyExperimentalFarm;Courtney Meier;cmeier@battelleecology.org;support-copernicus-gbov@acri-st.fr;NEON;183;Croplands;39.0602607727051;-78.0716400146484;20160406T000000Z;2.0;BLAN_052;0.528;0.027;0.162;0.012;0;0
GBOV_RM6_180;BlandyExperimentalFarm;Courtney Meier;cmeier@battelleecology.org;support-copernicus-gbov@acri-st.fr;NEON;183;Croplands;39.0602607727051;-78.0716400146484;20160420T000000Z;2.0;BLAN_052;0.608;0.030;0.164;0.023;0;0
GBOV_RM6_180;BlandyExperimentalFarm;Courtney Meier;cmeier@battelleecology.org;support-copernicus-gbov@acri-st.fr;NEON;183;Croplands;39.0602607727051;-78.0716400146484;20160504T000000Z;2.0;BLAN_052;0.860;0.021;0.406;0.032;0;0
GBOV_RM6_180;BlandyExperimentalFarm;Courtney Meier;cmeier@battelleecology.org;support-copernicus-gbov@acri-st.fr;NEON;183;Croplands;39.0602607727051;-78.0716400146484;20160524T000000Z;2.0;BLAN_052;-999;-999;0.44;0.05;-999;0
GBOV_RM6_180;BlandyExperimentalFarm;Courtney Meier;cmeier@battelleecology.org;support-copernicus-gbov@acri-st.fr;NEON;183;Croplands;39.0602607727051;-78.0716400146484;20160601T000000Z;2.0;BLAN_052;0.76;0.05;0.55;0.04;8;8
GBOV_RM6_180;BlandyExperimentalFarm;Courtney Meier;cmeier@battelleecology.org;support-copernicus-gbov@acri-st.fr;NEON;183;Croplands;39.0602607727051;-78.0716400146484;20160610T000000Z;2.0;BLAN_052;0.972;0.010;-999;-999;-999;0
GBOV_RM6_180;BlandyExperimentalFarm;Courtney Meier;cmeier@battelleecology.org;support-copernicus-gbov@acri-st.fr;NEON;183;Croplands;39.0602607727051;-78.0716400146484;20160629T000000Z;2.0;BLAN_052;0.74;0.04;0.506;0.021;8;0
GBOV_RM6_180;BlandyExperimentalFarm;Courtney Meier;cmeier@battelleecology.org;support-copernicus-gbov@acri-st.fr;NEON;183;Croplands;39.0602607727051;-78.0716400146484;20160830T084700Z;2.0;BLAN_052;0.969;0.010;0.27;0.04;64;0
GBOV_RM6_180;BlandyExperimentalFarm;Courtney Meier;cmeier@battelleecology.org;support-copernicus-gbov@acri-st.fr;NEON;183;Croplands;39.0602607727051;-78.0716400146484;20160911T000000Z;2.0;BLAN_052;0.90;0.04;0.123;0.015;8;0
GBOV_RM6_180;BlandyExperimentalFarm;Courtney Meier;cmeier@battelleecology.org;support-copernicus-gbov@acri-st.fr;NEON;183;Croplands;39.0602607727051;-78.0716400146484;20160921T000000Z;2.0;BLAN_052;0.963;0.010;0.266;0.012;0;0
GBOV_RM6_180;BlandyExperimentalFarm;Courtney Meier;cmeier@battelleecology.org;support-copernicus-gbov@acri-st.fr;NEON;183;Croplands;39.0602607727051;-78.0716400146484;20161006T061500Z;2.0;BLAN_052;0.955;0.011;0.201;0.015;0;0
GBOV_RM6_180;BlandyExperimentalFarm;Courtney Meier;cmeier@battelleecology.org;support-copernicus-gbov@acri-st.fr;NEON;183;Croplands;39.0602607727051;-78.0716400146484;20161019T083400Z;2.0;BLAN_052;0.934;0.012;0.347;0.012;0;64
GBOV_RM6_180;BlandyExperimentalFarm;Courtney Meier;cmeier@battelleecology.org;support-copernicus-gbov@acri-st.fr;NEON;183;Croplands;39.0602607727051;-78.0716400146484;20170315T171700Z;2.0;BLAN_052;0.515;0.018;0.0069;0.0013;0;4
GBOV_RM6_180;BlandyExperimentalFarm;Courtney Meier;cmeier@battelleecology.org;support-copernicus-gbov@acri-st.fr;NEON;183;Croplands;39.0602607727051;-78.0716400146484;20170329T075600Z;2.0;BLAN_052;0.500;0.022;0.243;0.010;0;64
GBOV_RM6_180;BlandyExperimentalFarm;Courtney Meier;cmeier@battelleecology.org;support-copernicus-gbov@acri-st.fr;NEON;183;Croplands;39.0602607727051;-78.0716400146484;20170413T000000Z;2.0;BLAN_052;0.683;0.025;0.213;0.021;0;0
GBOV_RM6_180;BlandyExperimentalFarm;Courtney Meier;cmeier@battelleecology.org;support-copernicus-gbov@acri-st.fr;NEON;183;Croplands;39.0602607727051;-78.0716400146484;20170426T000000Z;2.0;BLAN_052;0.927;0.014;0.255;0.035;0;0
GBOV_RM6_180;BlandyExperimentalFarm;Courtney Meier;cmeier@battelleecology.org;support-copernicus-gbov@acri-st.fr;NEON;183;Croplands;39.0602607727051;-78.0716400146484;20170510T000000Z;2.0;BLAN_052;0.972;0.010;0.370;0.028;0;8
GBOV_RM6_180;BlandyExperimentalFarm;Courtney Meier;cmeier@battelleecology.org;support-copernicus-gbov@acri-st.fr;NEON;183;Croplands;39.0602607727051;-78.0716400146484;20170607T000000Z;2.0;BLAN_052;0.974;0.010;0.393;0.031;8;0
GBOV_RM6_180;BlandyExperimentalFarm;Courtney Meier;cmeier@battelleecology.org;support-copernicus-gbov@acri-st.fr;NEON;183;Croplands;39.0602607727051;-78.0716400146484;20170621T000000Z;2.0;BLAN_052;0.88;0.04;0.428;0.025;0;0
GBOV_RM6_180;BlandyExperimentalFarm;Courtney Meier;cmeier@battelleecology.org;support-copernicus-gbov@acri-st.fr;NEON;183;Croplands;39.0602607727051;-78.0716400146484;20170705T000000Z;2.0;BLAN_052;0.969;0.011;0.186;0.030;0;0
GBOV_RM6_180;BlandyExperimentalFarm;Courtney Meier;cmeier@battelleecology.org;support-copernicus-gbov@acri-st.fr;NEON;183;Croplands;39.0602607727051;-78.0716400146484;20170718T000000Z;2.0;BLAN_052;0.977;0.010;0.382;0.014;0;0
GBOV_RM6_180;BlandyExperimentalFarm;Courtney Meier;cmeier@battelleecology.org;support-copernicus-gbov@acri-st.fr;NEON;183;Croplands;39.0602607727051;-78.0716400146484;20170808T000000Z;2.0;BLAN_052;0.968;0.011;0.384;0.030;0;0
GBOV_RM6_180;BlandyExperimentalFarm;Courtney Meier;cmeier@battelleecology.org;support-copernicus-gbov@acri-st.fr;NEON;183;Croplands;39.0602607727051;-78.0716400146484;20170816T000000Z;2.0;BLAN_052;0.976;0.010;0.365;0.015;0;0
GBOV_RM6_180;BlandyExperimentalFarm;Courtney Meier;cmeier@battelleecology.org;support-copernicus-gbov@acri-st.fr;NEON;183;Croplands;39.0602607727051;-78.0716400146484;20170901T000000Z;2.0;BLAN_052;0.961;0.010;0.095;0.023;0;0
GBOV_RM6_180;BlandyExperimentalFarm;Courtney Meier;cmeier@battelleecology.org;support-copernicus-gbov@acri-st.fr;NEON;183;Croplands;39.0602607727051;-78.0716400146484;20170913T000000Z;2.0;BLAN_052;0.953;0.011;0.100;0.022;0;0
GBOV_RM6_180;BlandyExperimentalFarm;Courtney Meier;cmeier@battelleecology.org;support-copernicus-gbov@acri-st.fr;NEON;183;Croplands;39.0602607727051;-78.0716400146484;20170928T000000Z;2.0;BLAN_052;0.926;0.012;0.180;0.013;0;0
GBOV_RM6_180;BlandyExperimentalFarm;Courtney Meier;cmeier@battelleecology.org;support-copernicus-gbov@acri-st.fr;NEON;183;Croplands;39.0602607727051;-78.0716400146484;20171011T151900Z;2.0;BLAN_052;0.931;0.012;0.074;0.009;0;0
GBOV_RM6_180;BlandyExperimentalFarm;Courtney Meier;cmeier@battelleecology.org;support-copernicus-gbov@acri-st.fr;NEON;183;Croplands;39.0602607727051;-78.0716400146484;20171025T073100Z;2.0;BLAN_052;0.877;0.013;0.103;0.011;0;0
GBOV_RM6_180;BlandyExperimentalFarm;Courtney Meier;cmeier@battelleecology.org;support-copernicus-gbov@acri-st.fr;NEON;183;Croplands;39.0602607727051;-78.0716400146484;20180314T000000Z;2.0;BLAN_052;0.450;0.018;0.052;0.005;0;0
GBOV_RM6_180;BlandyExperimentalFarm;Courtney Meier;cmeier@battelleecology.org;support-copernicus-gbov@acri-st.fr;NEON;183;Croplands;39.0602607727051;-78.0716400146484;20180328T000000Z;2.0;BLAN_052;0.471;0.017;0.0128;0.0030;0;0
GBOV_RM6_180;BlandyExperimentalFarm;Courtney Meier;cmeier@battelleecology.org;support-copernicus-gbov@acri-st.fr;NEON;183;Croplands;39.0602607727051;-78.0716400146484;20180411T000000Z;2.0;BLAN_052;0.423;0.016;0.021;0.005;0;0
GBOV_RM6_180;BlandyExperimentalFarm;Courtney Meier;cmeier@battelleecology.org;support-copernicus-gbov@acri-st.fr;NEON;183;Croplands;39.0602607727051;-78.0716400146484;20180425T000000Z;2.0;BLAN_052;0.579;0.027;0.042;0.008;1;0
GBOV_RM6_180;BlandyExperimentalFarm;Courtney Meier;cmeier@battelleecology.org;support-copernicus-gbov@acri-st.fr;NEON;183;Croplands;39.0602607727051;-78.0716400146484;20180509T000000Z;2.0;BLAN_052;0.867;0.021;0.348;0.021;0;64
GBOV_RM6_180;BlandyExperimentalFarm;Courtney Meier;cmeier@battelleecology.org;support-copernicus-gbov@acri-st.fr;NEON;183;Croplands;39.0602607727051;-78.0716400146484;20180523T000000Z;2.0;BLAN_052;0.962;0.011;0.54;0.04;0;0
GBOV_RM6_180;BlandyExperimentalFarm;Courtney Meier;cmeier@battelleecology.org;support-copernicus-gbov@acri-st.fr;NEON;183;Croplands;39.0602607727051;-78.0716400146484;20180606T000000Z;2.0;BLAN_052;0.975;0.010;0.49;0.05;0;0
GBOV_RM6_180;BlandyExperimentalFarm;Courtney Meier;cmeier@battelleecology.org;support-copernicus-gbov@acri-st.fr;NEON;183;Croplands;39.0602607727051;-78.0716400146484;20180626T000000Z;2.0;BLAN_052;0.972;0.010;0.331;0.031;64;0
GBOV_RM6_180;BlandyExperimentalFarm;Courtney Meier;cmeier@battelleecology.org;support-copernicus-gbov@acri-st.fr;NEON;183;Croplands;39.0602607727051;-78.0716400146484;20180705T000000Z;2.0;BLAN_052;0.968;0.010;0.255;0.017;0;0
GBOV_RM6_180;BlandyExperimentalFarm;Courtney Meier;cmeier@battelleecology.org;support-copernicus-gbov@acri-st.fr;NEON;183;Croplands;39.0602607727051;-78.0716400146484;20180719T000000Z;2.0;BLAN_052;0.970;0.010;0.359;0.025;0;0
GBOV_RM6_180;BlandyExperimentalFarm;Courtney Meier;cmeier@battelleecology.org;support-copernicus-gbov@acri-st.fr;NEON;183;Croplands;39.0602607727051;-78.0716400146484;20180731T000000Z;2.0;BLAN_052;0.969;0.010;0.149;0.023;0;0
GBOV_RM6_180;BlandyExperimentalFarm;Courtney Meier;cmeier@battelleecology.org;support-copernicus-gbov@acri-st.fr;NEON;183;Croplands;39.0602607727051;-78.0716400146484;20180815T000000Z;2.0;BLAN_052;0.967;0.010;0.265;0.019;0;0
GBOV_RM6_180;BlandyExperimentalFarm;Courtney Meier;cmeier@battelleecology.org;support-copernicus-gbov@acri-st.fr;NEON;183;Croplands;39.0602607727051;-78.0716400146484;20180829T000000Z;2.0;BLAN_052;0.959;0.011;0.354;0.021;0;0
GBOV_RM6_180;BlandyExperimentalFarm;Courtney Meier;cmeier@battelleecology.org;support-copernicus-gbov@acri-st.fr;NEON;183;Croplands;39.0602607727051;-78.0716400146484;20180912T000000Z;2.0;BLAN_052;0.958;0.010;0.108;0.026;0;0
GBOV_RM6_180;BlandyExperimentalFarm;Courtney Meier;cmeier@battelleecology.org;support-copernicus-gbov@acri-st.fr;NEON;183;Croplands;39.0602607727051;-78.0716400146484;20180928T000000Z;2.0;BLAN_052;0.954;0.011;0.241;0.014;0;8
GBOV_RM6_180;BlandyExperimentalFarm;Courtney Meier;cmeier@battelleecology.org;support-copernicus-gbov@acri-st.fr;NEON;183;Croplands;39.0602607727051;-78.0716400146484;20181016T000000Z;2.0;BLAN_052;0.953;0.011;0.133;0.014;0;0
GBOV_RM6_180;BlandyExperimentalFarm;Courtney Meier;cmeier@battelleecology.org;support-copernicus-gbov@acri-st.fr;NEON;183;Croplands;39.0602607727051;-78.0716400146484;20181026T000000Z;2.0;BLAN_052;0.949;0.011;0.246;0.010;0;0
GBOV_RM6_180;BlandyExperimentalFarm;Courtney Meier;cmeier@battelleecology.org;support-copernicus-gbov@acri-st.fr;NEON;183;Croplands;39.0602607727051;-78.0716400146484;20190326T190000Z;2.0;BLAN_052;0.429;0.017;0.0156;0.0031;0;0
GBOV_RM6_180;BlandyExperimentalFarm;Courtney Meier;cmeier@battelleecology.org;support-copernicus-gbov@acri-st.fr;NEON;183;Croplands;39.0602607727051;-78.0716400146484;20190410T184700Z;2.0;BLAN_052;0.414;0.027;0.0110;0.0028;0;0
GBOV_RM6_180;BlandyExperimentalFarm;Courtney Meier;cmeier@battelleecology.org;support-copernicus-gbov@acri-st.fr;NEON;183;Croplands;39.0602607727051;-78.0716400146484;20190423T185600Z;2.0;BLAN_052;0.799;0.017;0.142;0.029;0;0
GBOV_RM6_180;BlandyExperimentalFarm;Courtney Meier;cmeier@battelleecology.org;support-copernicus-gbov@acri-st.fr;NEON;183;Croplands;39.0602607727051;-78.0716400146484;20190508T062600Z;2.0;BLAN_052;0.958;0.011;-999;-999;0;0
GBOV_RM6_180;BlandyExperimentalFarm;Courtney Meier;cmeier@battelleecology.org;support-copernicus-gbov@acri-st.fr;NEON;183;Croplands;39.0602607727051;-78.0716400146484;20190522T045400Z;2.0;BLAN_052;0.970;0.011;-999;-999;0;0
GBOV_RM6_180;BlandyExperimentalFarm;Courtney Meier;cmeier@battelleecology.org;support-copernicus-gbov@acri-st.fr;NEON;183;Croplands;39.0602607727051;-78.0716400146484;20190605T045300Z;2.0;BLAN_052;0.973;0.010;-999;-999;0;0
GBOV_RM6_180;BlandyExperimentalFarm;Courtney Meier;cmeier@battelleecology.org;support-copernicus-gbov@acri-st.fr;NEON;183;Croplands;39.0602607727051;-78.0716400146484;20190620T050800Z;2.0;BLAN_052;0.967;0.010;-999;-999;0;0
GBOV_RM6_180;BlandyExperimentalFarm;Courtney Meier;cmeier@battelleecology.org;support-copernicus-gbov@acri-st.fr;NEON;183;Croplands;39.0602607727051;-78.0716400146484;20190702T050200Z;2.0;BLAN_052;0.968;0.010;-999;-999;0;0
GBOV_RM6_180;BlandyExperimentalFarm;Courtney Meier;cmeier@battelleecology.org;support-copernicus-gbov@acri-st.fr;NEON;183;Croplands;39.0602607727051;-78.0716400146484;20190716T050700Z;2.0;BLAN_052;0.968;0.010;-999;-999;0;0
GBOV_RM6_180;BlandyExperimentalFarm;Courtney Meier;cmeier@battelleecology.org;support-copernicus-gbov@acri-st.fr;NEON;183;Croplands;39.0602607727051;-78.0716400146484;20190731T052500Z;2.0;BLAN_052;0.960;0.011;-999;-999;-999;0
GBOV_RM6_180;BlandyExperimentalFarm;Courtney Meier;cmeier@battelleecology.org;support-copernicus-gbov@acri-st.fr;NEON;183;Croplands;39.0602607727051;-78.0716400146484;20190814T063900Z;2.0;BLAN_052;0.956;0.010;-999;-999;0;0
GBOV_RM6_180;BlandyExperimentalFarm;Courtney Meier;cmeier@battelleecology.org;support-copernicus-gbov@acri-st.fr;NEON;183;Croplands;39.0602607727051;-78.0716400146484;20190827T131300Z;2.0;BLAN_052;0.964;0.010;-999;-999;0;0
GBOV_RM6_180;BlandyExperimentalFarm;Courtney Meier;cmeier@battelleecology.org;support-copernicus-gbov@acri-st.fr;NEON;183;Croplands;39.0602607727051;-78.0716400146484;20190911T043500Z;2.0;BLAN_052;0.951;0.010;0.159;0.022;0;0
GBOV_RM6_180;BlandyExperimentalFarm;Courtney Meier;cmeier@battelleecology.org;support-copernicus-gbov@acri-st.fr;NEON;183;Croplands;39.0602607727051;-78.0716400146484;20190925T152800Z;2.0;BLAN_052;0.921;0.011;0.063;0.007;0;8
GBOV_RM6_180;BlandyExperimentalFarm;Courtney Meier;cmeier@battelleecology.org;support-copernicus-gbov@acri-st.fr;NEON;183;Croplands;39.0602607727051;-78.0716400146484;20191008T131100Z;2.0;BLAN_052;0.924;0.011;0.032;0.006;0;0
GBOV_RM6_180;BlandyExperimentalFarm;Courtney Meier;cmeier@battelleecology.org;support-copernicus-gbov@acri-st.fr;NEON;183;Croplands;39.0602607727051;-78.0716400146484;20191022T105600Z;2.0;BLAN_052;0.933;0.011;0.051;0.006;0;0
