GBOV_ID;Site;GROUND_DATA_PI;GROUND_DATA_PIs_Email;GBOV_Email;Network;Elevation;IGBP_class;Lat_IS;Lon_IS;TIME_IS;Version;PLOT_ID;FIPAR_up;FIPAR_up_err;FIPAR_down;FIPAR_down_err;up_flag;down_flag
GBOV_RM6_356;Moab;Courtney Meier;cmeier@battelleecology.org;support-copernicus-gbov@acri-st.fr;NEON;1767;Grasslands;38.24836;-109.38831;20150513T000000Z;2.0;MOAB_061;-999;-999;0.0107;0.0017;-999;0
GBOV_RM6_356;Moab;Courtney Meier;cmeier@battelleecology.org;support-copernicus-gbov@acri-st.fr;NEON;1767;Grasslands;38.24836;-109.38831;20150528T000000Z;2.0;MOAB_061;-999;-999;0.0027;0.0005;-999;0
GBOV_RM6_356;Moab;Courtney Meier;cmeier@battelleecology.org;support-copernicus-gbov@acri-st.fr;NEON;1767;Grasslands;38.24836;-109.38831;20150609T000000Z;2.0;MOAB_061;-999;-999;0.00077;0.00032;-999;0
GBOV_RM6_356;Moab;Courtney Meier;cmeier@battelleecology.org;support-copernicus-gbov@acri-st.fr;NEON;1767;Grasslands;38.24836;-109.38831;20150625T000000Z;2.0;MOAB_061;-999;-999;0.000166;0.000034;-999;0
GBOV_RM6_356;Moab;Courtney Meier;cmeier@battelleecology.org;support-copernicus-gbov@acri-st.fr;NEON;1767;Grasslands;38.24836;-109.38831;20150722T000000Z;2.0;MOAB_061;-999;-999;0.024;0.004;-999;0
GBOV_RM6_356;Moab;Courtney Meier;cmeier@battelleecology.org;support-copernicus-gbov@acri-st.fr;NEON;1767;Grasslands;38.24836;-109.38831;20150804T000000Z;2.0;MOAB_061;-999;-999;0.00046;0.00010;-999;0
GBOV_RM6_356;Moab;Courtney Meier;cmeier@battelleecology.org;support-copernicus-gbov@acri-st.fr;NEON;1767;Grasslands;38.24836;-109.38831;20150818T000000Z;2.0;MOAB_061;-999;-999;0.00015;0.00005;-999;0
GBOV_RM6_356;Moab;Courtney Meier;cmeier@battelleecology.org;support-copernicus-gbov@acri-st.fr;NEON;1767;Grasslands;38.24836;-109.38831;20150901T000000Z;2.0;MOAB_061;-999;-999;0.000079;0.000025;-999;0
GBOV_RM6_356;Moab;Courtney Meier;cmeier@battelleecology.org;support-copernicus-gbov@acri-st.fr;NEON;1767;Grasslands;38.24836;-109.38831;20150916T000000Z;2.0;MOAB_061;-999;-999;0.0000042;0.0000031;-999;0
GBOV_RM6_356;Moab;Courtney Meier;cmeier@battelleecology.org;support-copernicus-gbov@acri-st.fr;NEON;1767;Grasslands;38.24836;-109.38831;20150930T000000Z;2.0;MOAB_061;-999;-999;0.000063;0.00002;-999;0
GBOV_RM6_356;Moab;Courtney Meier;cmeier@battelleecology.org;support-copernicus-gbov@acri-st.fr;NEON;1767;Grasslands;38.24836;-109.38831;20151014T000000Z;2.0;MOAB_061;-999;-999;0.00093;0.00020;-999;0
GBOV_RM6_356;Moab;Courtney Meier;cmeier@battelleecology.org;support-copernicus-gbov@acri-st.fr;NEON;1767;Grasslands;38.24836;-109.38831;20151027T000000Z;2.0;MOAB_061;-999;-999;0.00068;0.00013;-999;0
GBOV_RM6_356;Moab;Courtney Meier;cmeier@battelleecology.org;support-copernicus-gbov@acri-st.fr;NEON;1767;Grasslands;38.24836;-109.38831;20160317T000000Z;2.0;MOAB_061;-999;-999;0.00219;0.00033;-999;0
GBOV_RM6_356;Moab;Courtney Meier;cmeier@battelleecology.org;support-copernicus-gbov@acri-st.fr;NEON;1767;Grasslands;38.24836;-109.38831;20160330T000000Z;2.0;MOAB_061;-999;-999;0.00073;0.00008;-999;0
GBOV_RM6_356;Moab;Courtney Meier;cmeier@battelleecology.org;support-copernicus-gbov@acri-st.fr;NEON;1767;Grasslands;38.24836;-109.38831;20160413T000000Z;2.0;MOAB_061;-999;-999;0.00158;0.00030;-999;0
GBOV_RM6_356;Moab;Courtney Meier;cmeier@battelleecology.org;support-copernicus-gbov@acri-st.fr;NEON;1767;Grasslands;38.24836;-109.38831;20160427T000000Z;2.0;MOAB_061;-999;-999;0.0007;0.0004;-999;0
GBOV_RM6_356;Moab;Courtney Meier;cmeier@battelleecology.org;support-copernicus-gbov@acri-st.fr;NEON;1767;Grasslands;38.24836;-109.38831;20160512T000000Z;2.0;MOAB_061;-999;-999;0.0075;0.0015;-999;0
GBOV_RM6_356;Moab;Courtney Meier;cmeier@battelleecology.org;support-copernicus-gbov@acri-st.fr;NEON;1767;Grasslands;38.24836;-109.38831;20160608T000000Z;2.0;MOAB_061;-999;-999;0.00063;0.00030;-999;0
GBOV_RM6_356;Moab;Courtney Meier;cmeier@battelleecology.org;support-copernicus-gbov@acri-st.fr;NEON;1767;Grasslands;38.24836;-109.38831;20160621T000000Z;2.0;MOAB_061;-999;-999;0.0014;0.0012;-999;0
GBOV_RM6_356;Moab;Courtney Meier;cmeier@battelleecology.org;support-copernicus-gbov@acri-st.fr;NEON;1767;Grasslands;38.24836;-109.38831;20160706T000000Z;2.0;MOAB_061;-999;-999;0.0039;0.0007;-999;0
GBOV_RM6_356;Moab;Courtney Meier;cmeier@battelleecology.org;support-copernicus-gbov@acri-st.fr;NEON;1767;Grasslands;38.24836;-109.38831;20160720T000000Z;2.0;MOAB_061;-999;-999;0.0006;0.0005;-999;0
GBOV_RM6_356;Moab;Courtney Meier;cmeier@battelleecology.org;support-copernicus-gbov@acri-st.fr;NEON;1767;Grasslands;38.24836;-109.38831;20160803T000000Z;2.0;MOAB_061;-999;-999;0.00018;0.00007;-999;0
GBOV_RM6_356;Moab;Courtney Meier;cmeier@battelleecology.org;support-copernicus-gbov@acri-st.fr;NEON;1767;Grasslands;38.24836;-109.38831;20160816T000000Z;2.0;MOAB_061;-999;-999;0.00145;0.00028;-999;0
GBOV_RM6_356;Moab;Courtney Meier;cmeier@battelleecology.org;support-copernicus-gbov@acri-st.fr;NEON;1767;Grasslands;38.24836;-109.38831;20160831T000000Z;2.0;MOAB_061;-999;-999;0.0073;0.0022;-999;0
GBOV_RM6_356;Moab;Courtney Meier;cmeier@battelleecology.org;support-copernicus-gbov@acri-st.fr;NEON;1767;Grasslands;38.24836;-109.38831;20160914T000000Z;2.0;MOAB_061;-999;-999;0.0009;0.0005;-999;0
GBOV_RM6_356;Moab;Courtney Meier;cmeier@battelleecology.org;support-copernicus-gbov@acri-st.fr;NEON;1767;Grasslands;38.24836;-109.38831;20160928T000000Z;2.0;MOAB_061;-999;-999;0.00170;0.00031;-999;0
GBOV_RM6_356;Moab;Courtney Meier;cmeier@battelleecology.org;support-copernicus-gbov@acri-st.fr;NEON;1767;Grasslands;38.24836;-109.38831;20161025T000000Z;2.0;MOAB_061;-999;-999;0.00025;0.00005;-999;0
GBOV_RM6_356;Moab;Courtney Meier;cmeier@battelleecology.org;support-copernicus-gbov@acri-st.fr;NEON;1767;Grasslands;38.24836;-109.38831;20170329T000000Z;2.0;MOAB_061;-999;-999;0.0104;0.0014;-999;0
GBOV_RM6_356;Moab;Courtney Meier;cmeier@battelleecology.org;support-copernicus-gbov@acri-st.fr;NEON;1767;Grasslands;38.24836;-109.38831;20170412T000000Z;2.0;MOAB_061;-999;-999;0.0152;0.0015;-999;0
GBOV_RM6_356;Moab;Courtney Meier;cmeier@battelleecology.org;support-copernicus-gbov@acri-st.fr;NEON;1767;Grasslands;38.24836;-109.38831;20170426T000000Z;2.0;MOAB_061;-999;-999;0.0043;0.0005;-999;0
GBOV_RM6_356;Moab;Courtney Meier;cmeier@battelleecology.org;support-copernicus-gbov@acri-st.fr;NEON;1767;Grasslands;38.24836;-109.38831;20170511T000000Z;2.0;MOAB_061;-999;-999;0.0014;0.0004;-999;1
GBOV_RM6_356;Moab;Courtney Meier;cmeier@battelleecology.org;support-copernicus-gbov@acri-st.fr;NEON;1767;Grasslands;38.24836;-109.38831;20170524T000000Z;2.0;MOAB_061;-999;-999;0.0055;0.0012;-999;0
GBOV_RM6_356;Moab;Courtney Meier;cmeier@battelleecology.org;support-copernicus-gbov@acri-st.fr;NEON;1767;Grasslands;38.24836;-109.38831;20170608T000000Z;2.0;MOAB_061;-999;-999;0.0045;0.0011;-999;0
GBOV_RM6_356;Moab;Courtney Meier;cmeier@battelleecology.org;support-copernicus-gbov@acri-st.fr;NEON;1767;Grasslands;38.24836;-109.38831;20170622T000000Z;2.0;MOAB_061;-999;-999;0.00051;0.00014;-999;0
GBOV_RM6_356;Moab;Courtney Meier;cmeier@battelleecology.org;support-copernicus-gbov@acri-st.fr;NEON;1767;Grasslands;38.24836;-109.38831;20170706T000000Z;2.0;MOAB_061;-999;-999;0.0042;0.0008;-999;0
GBOV_RM6_356;Moab;Courtney Meier;cmeier@battelleecology.org;support-copernicus-gbov@acri-st.fr;NEON;1767;Grasslands;38.24836;-109.38831;20170720T000000Z;2.0;MOAB_061;-999;-999;0.0034;0.0005;-999;0
GBOV_RM6_356;Moab;Courtney Meier;cmeier@battelleecology.org;support-copernicus-gbov@acri-st.fr;NEON;1767;Grasslands;38.24836;-109.38831;20170802T000000Z;2.0;MOAB_061;-999;-999;0.026;0.004;-999;0
GBOV_RM6_356;Moab;Courtney Meier;cmeier@battelleecology.org;support-copernicus-gbov@acri-st.fr;NEON;1767;Grasslands;38.24836;-109.38831;20170817T000000Z;2.0;MOAB_061;-999;-999;0.018;0.007;-999;0
GBOV_RM6_356;Moab;Courtney Meier;cmeier@battelleecology.org;support-copernicus-gbov@acri-st.fr;NEON;1767;Grasslands;38.24836;-109.38831;20170831T000000Z;2.0;MOAB_061;-999;-999;0.0022;0.0005;-999;0
GBOV_RM6_356;Moab;Courtney Meier;cmeier@battelleecology.org;support-copernicus-gbov@acri-st.fr;NEON;1767;Grasslands;38.24836;-109.38831;20170912T000000Z;2.0;MOAB_061;-999;-999;0.0092;0.0011;-999;0
GBOV_RM6_356;Moab;Courtney Meier;cmeier@battelleecology.org;support-copernicus-gbov@acri-st.fr;NEON;1767;Grasslands;38.24836;-109.38831;20170928T000000Z;2.0;MOAB_061;-999;-999;0.0030;0.0005;-999;0
GBOV_RM6_356;Moab;Courtney Meier;cmeier@battelleecology.org;support-copernicus-gbov@acri-st.fr;NEON;1767;Grasslands;38.24836;-109.38831;20171010T000000Z;2.0;MOAB_061;-999;-999;0.0120;0.0010;-999;0
GBOV_RM6_356;Moab;Courtney Meier;cmeier@battelleecology.org;support-copernicus-gbov@acri-st.fr;NEON;1767;Grasslands;38.24836;-109.38831;20171026T000000Z;2.0;MOAB_061;-999;-999;0.0061;0.0007;-999;0
GBOV_RM6_356;Moab;Courtney Meier;cmeier@battelleecology.org;support-copernicus-gbov@acri-st.fr;NEON;1767;Grasslands;38.24836;-109.38831;20180329T000000Z;2.0;MOAB_061;-999;-999;0.0055;0.0007;-999;0
GBOV_RM6_356;Moab;Courtney Meier;cmeier@battelleecology.org;support-copernicus-gbov@acri-st.fr;NEON;1767;Grasslands;38.24836;-109.38831;20180411T000000Z;2.0;MOAB_061;-999;-999;0.0035;0.0005;-999;0
GBOV_RM6_356;Moab;Courtney Meier;cmeier@battelleecology.org;support-copernicus-gbov@acri-st.fr;NEON;1767;Grasslands;38.24836;-109.38831;20180425T000000Z;2.0;MOAB_061;-999;-999;0.0094;0.0015;-999;2
GBOV_RM6_356;Moab;Courtney Meier;cmeier@battelleecology.org;support-copernicus-gbov@acri-st.fr;NEON;1767;Grasslands;38.24836;-109.38831;20180508T000000Z;2.0;MOAB_061;-999;-999;0.0146;0.0015;-999;0
GBOV_RM6_356;Moab;Courtney Meier;cmeier@battelleecology.org;support-copernicus-gbov@acri-st.fr;NEON;1767;Grasslands;38.24836;-109.38831;20180523T000000Z;2.0;MOAB_061;-999;-999;0.00083;0.00011;-999;0
GBOV_RM6_356;Moab;Courtney Meier;cmeier@battelleecology.org;support-copernicus-gbov@acri-st.fr;NEON;1767;Grasslands;38.24836;-109.38831;20180607T000000Z;2.0;MOAB_061;-999;-999;0.00165;0.00024;-999;0
GBOV_RM6_356;Moab;Courtney Meier;cmeier@battelleecology.org;support-copernicus-gbov@acri-st.fr;NEON;1767;Grasslands;38.24836;-109.38831;20180621T000000Z;2.0;MOAB_061;-999;-999;0.00262;0.00033;-999;0
GBOV_RM6_356;Moab;Courtney Meier;cmeier@battelleecology.org;support-copernicus-gbov@acri-st.fr;NEON;1767;Grasslands;38.24836;-109.38831;20180703T000000Z;2.0;MOAB_061;-999;-999;0.000160;0.000027;-999;0
GBOV_RM6_356;Moab;Courtney Meier;cmeier@battelleecology.org;support-copernicus-gbov@acri-st.fr;NEON;1767;Grasslands;38.24836;-109.38831;20180718T000000Z;2.0;MOAB_061;-999;-999;0.0100;0.0012;-999;0
GBOV_RM6_356;Moab;Courtney Meier;cmeier@battelleecology.org;support-copernicus-gbov@acri-st.fr;NEON;1767;Grasslands;38.24836;-109.38831;20180801T000000Z;2.0;MOAB_061;-999;-999;0.0028;0.0018;-999;0
GBOV_RM6_356;Moab;Courtney Meier;cmeier@battelleecology.org;support-copernicus-gbov@acri-st.fr;NEON;1767;Grasslands;38.24836;-109.38831;20180815T000000Z;2.0;MOAB_061;-999;-999;0.00003;0.000012;-999;0
GBOV_RM6_356;Moab;Courtney Meier;cmeier@battelleecology.org;support-copernicus-gbov@acri-st.fr;NEON;1767;Grasslands;38.24836;-109.38831;20180828T000000Z;2.0;MOAB_061;-999;-999;0.00129;0.00019;-999;0
GBOV_RM6_356;Moab;Courtney Meier;cmeier@battelleecology.org;support-copernicus-gbov@acri-st.fr;NEON;1767;Grasslands;38.24836;-109.38831;20180912T000000Z;2.0;MOAB_061;-999;-999;0.00231;0.00033;-999;0
GBOV_RM6_356;Moab;Courtney Meier;cmeier@battelleecology.org;support-copernicus-gbov@acri-st.fr;NEON;1767;Grasslands;38.24836;-109.38831;20180925T000000Z;2.0;MOAB_061;-999;-999;0.0032;0.0005;-999;0
GBOV_RM6_356;Moab;Courtney Meier;cmeier@battelleecology.org;support-copernicus-gbov@acri-st.fr;NEON;1767;Grasslands;38.24836;-109.38831;20181009T000000Z;2.0;MOAB_061;-999;-999;0.0084;0.0008;-999;0
GBOV_RM6_356;Moab;Courtney Meier;cmeier@battelleecology.org;support-copernicus-gbov@acri-st.fr;NEON;1767;Grasslands;38.24836;-109.38831;20181024T000000Z;2.0;MOAB_061;-999;-999;0.00041;0.00009;-999;0
GBOV_RM6_356;Moab;Courtney Meier;cmeier@battelleecology.org;support-copernicus-gbov@acri-st.fr;NEON;1767;Grasslands;38.24836;-109.38831;20190325T163900Z;2.0;MOAB_061;-999;-999;0.0100;0.0011;-999;0
GBOV_RM6_356;Moab;Courtney Meier;cmeier@battelleecology.org;support-copernicus-gbov@acri-st.fr;NEON;1767;Grasslands;38.24836;-109.38831;20190411T174900Z;2.0;MOAB_061;-999;-999;0.0053;0.0007;-999;0
GBOV_RM6_356;Moab;Courtney Meier;cmeier@battelleecology.org;support-copernicus-gbov@acri-st.fr;NEON;1767;Grasslands;38.24836;-109.38831;20190423T162700Z;2.0;MOAB_061;-999;-999;0.0144;0.0016;-999;0
GBOV_RM6_356;Moab;Courtney Meier;cmeier@battelleecology.org;support-copernicus-gbov@acri-st.fr;NEON;1767;Grasslands;38.24836;-109.38831;20190506T132600Z;2.0;MOAB_061;-999;-999;0.0023;0.0005;-999;0
GBOV_RM6_356;Moab;Courtney Meier;cmeier@battelleecology.org;support-copernicus-gbov@acri-st.fr;NEON;1767;Grasslands;38.24836;-109.38831;20190522T170700Z;2.0;MOAB_061;-999;-999;0.0031;0.0006;-999;0
GBOV_RM6_356;Moab;Courtney Meier;cmeier@battelleecology.org;support-copernicus-gbov@acri-st.fr;NEON;1767;Grasslands;38.24836;-109.38831;20190619T174100Z;2.0;MOAB_061;-999;-999;0.0056;0.0013;-999;0
GBOV_RM6_356;Moab;Courtney Meier;cmeier@battelleecology.org;support-copernicus-gbov@acri-st.fr;NEON;1767;Grasslands;38.24836;-109.38831;20190701T161300Z;2.0;MOAB_061;-999;-999;0.0018;0.0005;-999;0
GBOV_RM6_356;Moab;Courtney Meier;cmeier@battelleecology.org;support-copernicus-gbov@acri-st.fr;NEON;1767;Grasslands;38.24836;-109.38831;20190716T170200Z;2.0;MOAB_061;-999;-999;0.00124;0.00028;-999;0
GBOV_RM6_356;Moab;Courtney Meier;cmeier@battelleecology.org;support-copernicus-gbov@acri-st.fr;NEON;1767;Grasslands;38.24836;-109.38831;20190731T161700Z;2.0;MOAB_061;-999;-999;0.00031;0.00010;-999;0
GBOV_RM6_356;Moab;Courtney Meier;cmeier@battelleecology.org;support-copernicus-gbov@acri-st.fr;NEON;1767;Grasslands;38.24836;-109.38831;20190814T154000Z;2.0;MOAB_061;-999;-999;0.00119;0.00026;-999;0
GBOV_RM6_356;Moab;Courtney Meier;cmeier@battelleecology.org;support-copernicus-gbov@acri-st.fr;NEON;1767;Grasslands;38.24836;-109.38831;20190826T170300Z;2.0;MOAB_061;-999;-999;0.0029;0.0004;-999;2
GBOV_RM6_356;Moab;Courtney Meier;cmeier@battelleecology.org;support-copernicus-gbov@acri-st.fr;NEON;1767;Grasslands;38.24836;-109.38831;20190909T174300Z;2.0;MOAB_061;-999;-999;0.00466;0.00033;-999;0
GBOV_RM6_356;Moab;Courtney Meier;cmeier@battelleecology.org;support-copernicus-gbov@acri-st.fr;NEON;1767;Grasslands;38.24836;-109.38831;20190923T150200Z;2.0;MOAB_061;-999;-999;0.00017;0.00007;-999;0
GBOV_RM6_356;Moab;Courtney Meier;cmeier@battelleecology.org;support-copernicus-gbov@acri-st.fr;NEON;1767;Grasslands;38.24836;-109.38831;20191008T110300Z;2.0;MOAB_061;-999;-999;0.0038;0.0006;-999;0
GBOV_RM6_356;Moab;Courtney Meier;cmeier@battelleecology.org;support-copernicus-gbov@acri-st.fr;NEON;1767;Grasslands;38.24836;-109.38831;20191023T100800Z;2.0;MOAB_061;-999;-999;0.00037;0.00007;-999;0
