GBOV_ID;Site;GROUND_DATA_PI;GROUND_DATA_PIs_Email;GBOV_Email;Network;Elevation;IGBP_class;Lat_IS;Lon_IS;TIME_IS;Version;PLOT_ID;FIPAR_up;FIPAR_up_err;FIPAR_down;FIPAR_down_err;up_flag;down_flag
GBOV_RM6_789;BartlettExperimentalForest;Courtney Meier;cmeier@battelleecology.org;support-copernicus-gbov@acri-st.fr;NEON;232;Mixed Forest;44.063901;-71.287308;20140508T000000Z;2.0;BART_041;0.53;0.05;0.0189;0.0024;0;0
GBOV_RM6_789;BartlettExperimentalForest;Courtney Meier;cmeier@battelleecology.org;support-copernicus-gbov@acri-st.fr;NEON;232;Mixed Forest;44.063901;-71.287308;20140521T000000Z;2.0;BART_041;0.866;0.016;0.194;0.021;0;0
GBOV_RM6_789;BartlettExperimentalForest;Courtney Meier;cmeier@battelleecology.org;support-copernicus-gbov@acri-st.fr;NEON;232;Mixed Forest;44.063901;-71.287308;20140604T000000Z;2.0;BART_041;0.918;0.012;0.209;0.030;64;0
GBOV_RM6_789;BartlettExperimentalForest;Courtney Meier;cmeier@battelleecology.org;support-copernicus-gbov@acri-st.fr;NEON;232;Mixed Forest;44.063901;-71.287308;20140619T000000Z;2.0;BART_041;0.927;0.013;0.374;0.028;0;0
GBOV_RM6_789;BartlettExperimentalForest;Courtney Meier;cmeier@battelleecology.org;support-copernicus-gbov@acri-st.fr;NEON;232;Mixed Forest;44.063901;-71.287308;20140702T000000Z;2.0;BART_041;0.928;0.013;0.229;0.033;0;0
GBOV_RM6_789;BartlettExperimentalForest;Courtney Meier;cmeier@battelleecology.org;support-copernicus-gbov@acri-st.fr;NEON;232;Mixed Forest;44.063901;-71.287308;20140716T000000Z;2.0;BART_041;0.943;0.011;0.151;0.025;0;0
GBOV_RM6_789;BartlettExperimentalForest;Courtney Meier;cmeier@battelleecology.org;support-copernicus-gbov@acri-st.fr;NEON;232;Mixed Forest;44.063901;-71.287308;20140730T000000Z;2.0;BART_041;0.932;0.011;0.232;0.024;0;0
GBOV_RM6_789;BartlettExperimentalForest;Courtney Meier;cmeier@battelleecology.org;support-copernicus-gbov@acri-st.fr;NEON;232;Mixed Forest;44.063901;-71.287308;20140826T000000Z;2.0;BART_041;0.957;0.010;0.460;0.021;0;16
GBOV_RM6_789;BartlettExperimentalForest;Courtney Meier;cmeier@battelleecology.org;support-copernicus-gbov@acri-st.fr;NEON;232;Mixed Forest;44.063901;-71.287308;20140910T000000Z;2.0;BART_041;0.961;0.010;0.197;0.020;0;0
GBOV_RM6_789;BartlettExperimentalForest;Courtney Meier;cmeier@battelleecology.org;support-copernicus-gbov@acri-st.fr;NEON;232;Mixed Forest;44.063901;-71.287308;20140924T000000Z;2.0;BART_041;0.916;0.011;0.386;0.023;64;0
GBOV_RM6_789;BartlettExperimentalForest;Courtney Meier;cmeier@battelleecology.org;support-copernicus-gbov@acri-st.fr;NEON;232;Mixed Forest;44.063901;-71.287308;20141009T000000Z;2.0;BART_041;0.920;0.013;0.177;0.024;0;0
GBOV_RM6_789;BartlettExperimentalForest;Courtney Meier;cmeier@battelleecology.org;support-copernicus-gbov@acri-st.fr;NEON;232;Mixed Forest;44.063901;-71.287308;20150519T000000Z;2.0;BART_041;0.887;0.015;0.102;0.017;0;0
GBOV_RM6_789;BartlettExperimentalForest;Courtney Meier;cmeier@battelleecology.org;support-copernicus-gbov@acri-st.fr;NEON;232;Mixed Forest;44.063901;-71.287308;20150602T000000Z;2.0;BART_041;0.936;0.012;0.149;0.025;0;2
GBOV_RM6_789;BartlettExperimentalForest;Courtney Meier;cmeier@battelleecology.org;support-copernicus-gbov@acri-st.fr;NEON;232;Mixed Forest;44.063901;-71.287308;20150616T000000Z;2.0;BART_041;0.938;0.013;0.144;0.021;1;9
GBOV_RM6_789;BartlettExperimentalForest;Courtney Meier;cmeier@battelleecology.org;support-copernicus-gbov@acri-st.fr;NEON;232;Mixed Forest;44.063901;-71.287308;20150628T000000Z;2.0;BART_041;0.922;0.012;0.143;0.023;0;0
GBOV_RM6_789;BartlettExperimentalForest;Courtney Meier;cmeier@battelleecology.org;support-copernicus-gbov@acri-st.fr;NEON;232;Mixed Forest;44.063901;-71.287308;20150714T000000Z;2.0;BART_041;0.940;0.011;0.229;0.028;8;32
GBOV_RM6_789;BartlettExperimentalForest;Courtney Meier;cmeier@battelleecology.org;support-copernicus-gbov@acri-st.fr;NEON;232;Mixed Forest;44.063901;-71.287308;20150729T000000Z;2.0;BART_041;0.952;0.011;0.184;0.028;8;0
GBOV_RM6_789;BartlettExperimentalForest;Courtney Meier;cmeier@battelleecology.org;support-copernicus-gbov@acri-st.fr;NEON;232;Mixed Forest;44.063901;-71.287308;20150811T000000Z;2.0;BART_041;0.947;0.011;0.327;0.016;0;0
GBOV_RM6_789;BartlettExperimentalForest;Courtney Meier;cmeier@battelleecology.org;support-copernicus-gbov@acri-st.fr;NEON;232;Mixed Forest;44.063901;-71.287308;20150827T000000Z;2.0;BART_041;0.960;0.010;0.331;0.019;8;0
GBOV_RM6_789;BartlettExperimentalForest;Courtney Meier;cmeier@battelleecology.org;support-copernicus-gbov@acri-st.fr;NEON;232;Mixed Forest;44.063901;-71.287308;20150909T000000Z;2.0;BART_041;0.957;0.010;0.277;0.017;8;8
GBOV_RM6_789;BartlettExperimentalForest;Courtney Meier;cmeier@battelleecology.org;support-copernicus-gbov@acri-st.fr;NEON;232;Mixed Forest;44.063901;-71.287308;20150922T000000Z;2.0;BART_041;0.956;0.011;0.295;0.016;0;0
GBOV_RM6_789;BartlettExperimentalForest;Courtney Meier;cmeier@battelleecology.org;support-copernicus-gbov@acri-st.fr;NEON;232;Mixed Forest;44.063901;-71.287308;20151005T000000Z;2.0;BART_041;0.959;0.010;0.204;0.024;0;0
GBOV_RM6_789;BartlettExperimentalForest;Courtney Meier;cmeier@battelleecology.org;support-copernicus-gbov@acri-st.fr;NEON;232;Mixed Forest;44.063901;-71.287308;20151019T000000Z;2.0;BART_041;0.917;0.013;0.215;0.021;8;0
GBOV_RM6_789;BartlettExperimentalForest;Courtney Meier;cmeier@battelleecology.org;support-copernicus-gbov@acri-st.fr;NEON;232;Mixed Forest;44.063901;-71.287308;20160517T000000Z;2.0;BART_041;0.553;0.035;0.161;0.014;0;0
GBOV_RM6_789;BartlettExperimentalForest;Courtney Meier;cmeier@battelleecology.org;support-copernicus-gbov@acri-st.fr;NEON;232;Mixed Forest;44.063901;-71.287308;20160601T000000Z;2.0;BART_041;0.941;0.011;0.337;0.033;0;0
GBOV_RM6_789;BartlettExperimentalForest;Courtney Meier;cmeier@battelleecology.org;support-copernicus-gbov@acri-st.fr;NEON;232;Mixed Forest;44.063901;-71.287308;20160614T000000Z;2.0;BART_041;0.933;0.013;0.136;0.023;0;16
GBOV_RM6_789;BartlettExperimentalForest;Courtney Meier;cmeier@battelleecology.org;support-copernicus-gbov@acri-st.fr;NEON;232;Mixed Forest;44.063901;-71.287308;20160628T000000Z;2.0;BART_041;0.939;0.012;0.301;0.027;0;0
GBOV_RM6_789;BartlettExperimentalForest;Courtney Meier;cmeier@battelleecology.org;support-copernicus-gbov@acri-st.fr;NEON;232;Mixed Forest;44.063901;-71.287308;20160712T000000Z;2.0;BART_041;0.941;0.012;0.252;0.033;0;0
GBOV_RM6_789;BartlettExperimentalForest;Courtney Meier;cmeier@battelleecology.org;support-copernicus-gbov@acri-st.fr;NEON;232;Mixed Forest;44.063901;-71.287308;20160726T000000Z;2.0;BART_041;0.929;0.012;0.248;0.033;0;0
GBOV_RM6_789;BartlettExperimentalForest;Courtney Meier;cmeier@battelleecology.org;support-copernicus-gbov@acri-st.fr;NEON;232;Mixed Forest;44.063901;-71.287308;20160809T000000Z;2.0;BART_041;0.949;0.011;0.363;0.016;0;0
GBOV_RM6_789;BartlettExperimentalForest;Courtney Meier;cmeier@battelleecology.org;support-copernicus-gbov@acri-st.fr;NEON;232;Mixed Forest;44.063901;-71.287308;20160823T000000Z;2.0;BART_041;0.948;0.010;0.346;0.016;0;0
GBOV_RM6_789;BartlettExperimentalForest;Courtney Meier;cmeier@battelleecology.org;support-copernicus-gbov@acri-st.fr;NEON;232;Mixed Forest;44.063901;-71.287308;20160907T000000Z;2.0;BART_041;0.947;0.010;0.250;0.028;8;0
GBOV_RM6_789;BartlettExperimentalForest;Courtney Meier;cmeier@battelleecology.org;support-copernicus-gbov@acri-st.fr;NEON;232;Mixed Forest;44.063901;-71.287308;20160919T000000Z;2.0;BART_041;0.952;0.011;0.218;0.020;0;0
GBOV_RM6_789;BartlettExperimentalForest;Courtney Meier;cmeier@battelleecology.org;support-copernicus-gbov@acri-st.fr;NEON;232;Mixed Forest;44.063901;-71.287308;20161004T000000Z;2.0;BART_041;0.968;0.011;0.135;0.018;0;0
GBOV_RM6_789;BartlettExperimentalForest;Courtney Meier;cmeier@battelleecology.org;support-copernicus-gbov@acri-st.fr;NEON;232;Mixed Forest;44.063901;-71.287308;20161018T000000Z;2.0;BART_041;0.935;0.012;0.089;0.016;0;0
GBOV_RM6_789;BartlettExperimentalForest;Courtney Meier;cmeier@battelleecology.org;support-copernicus-gbov@acri-st.fr;NEON;232;Mixed Forest;44.063901;-71.287308;20170502T000000Z;2.0;BART_041;0.467;0.033;0.0162;0.0031;0;0
GBOV_RM6_789;BartlettExperimentalForest;Courtney Meier;cmeier@battelleecology.org;support-copernicus-gbov@acri-st.fr;NEON;232;Mixed Forest;44.063901;-71.287308;20170516T000000Z;2.0;BART_041;0.688;0.025;0.030;0.004;0;0
GBOV_RM6_789;BartlettExperimentalForest;Courtney Meier;cmeier@battelleecology.org;support-copernicus-gbov@acri-st.fr;NEON;232;Mixed Forest;44.063901;-71.287308;20170601T000000Z;2.0;BART_041;0.904;0.014;0.280;0.030;8;0
GBOV_RM6_789;BartlettExperimentalForest;Courtney Meier;cmeier@battelleecology.org;support-copernicus-gbov@acri-st.fr;NEON;232;Mixed Forest;44.063901;-71.287308;20170614T000000Z;2.0;BART_041;0.911;0.015;0.286;0.027;0;8
GBOV_RM6_789;BartlettExperimentalForest;Courtney Meier;cmeier@battelleecology.org;support-copernicus-gbov@acri-st.fr;NEON;232;Mixed Forest;44.063901;-71.287308;20170627T000000Z;2.0;BART_041;0.896;0.015;0.235;0.032;0;0
GBOV_RM6_789;BartlettExperimentalForest;Courtney Meier;cmeier@battelleecology.org;support-copernicus-gbov@acri-st.fr;NEON;232;Mixed Forest;44.063901;-71.287308;20170711T000000Z;2.0;BART_041;0.912;0.015;0.111;0.024;0;0
GBOV_RM6_789;BartlettExperimentalForest;Courtney Meier;cmeier@battelleecology.org;support-copernicus-gbov@acri-st.fr;NEON;232;Mixed Forest;44.063901;-71.287308;20170725T000000Z;2.0;BART_041;0.914;0.012;0.407;0.024;0;0
GBOV_RM6_789;BartlettExperimentalForest;Courtney Meier;cmeier@battelleecology.org;support-copernicus-gbov@acri-st.fr;NEON;232;Mixed Forest;44.063901;-71.287308;20170809T000000Z;2.0;BART_041;0.927;0.012;0.231;0.029;64;0
GBOV_RM6_789;BartlettExperimentalForest;Courtney Meier;cmeier@battelleecology.org;support-copernicus-gbov@acri-st.fr;NEON;232;Mixed Forest;44.063901;-71.287308;20170822T000000Z;2.0;BART_041;0.938;0.013;0.131;0.022;64;0
GBOV_RM6_789;BartlettExperimentalForest;Courtney Meier;cmeier@battelleecology.org;support-copernicus-gbov@acri-st.fr;NEON;232;Mixed Forest;44.063901;-71.287308;20170906T000000Z;2.0;BART_041;0.933;0.011;0.102;0.018;0;0
GBOV_RM6_789;BartlettExperimentalForest;Courtney Meier;cmeier@battelleecology.org;support-copernicus-gbov@acri-st.fr;NEON;232;Mixed Forest;44.063901;-71.287308;20170919T000000Z;2.0;BART_041;0.927;0.012;0.121;0.021;0;0
GBOV_RM6_789;BartlettExperimentalForest;Courtney Meier;cmeier@battelleecology.org;support-copernicus-gbov@acri-st.fr;NEON;232;Mixed Forest;44.063901;-71.287308;20171002T000000Z;2.0;BART_041;0.933;0.012;0.139;0.017;0;16
GBOV_RM6_789;BartlettExperimentalForest;Courtney Meier;cmeier@battelleecology.org;support-copernicus-gbov@acri-st.fr;NEON;232;Mixed Forest;44.063901;-71.287308;20171017T000000Z;2.0;BART_041;0.899;0.012;0.136;0.015;0;0
GBOV_RM6_789;BartlettExperimentalForest;Courtney Meier;cmeier@battelleecology.org;support-copernicus-gbov@acri-st.fr;NEON;232;Mixed Forest;44.063901;-71.287308;20180501T000000Z;2.0;BART_041;0.521;0.032;0.0120;0.0033;0;0
GBOV_RM6_789;BartlettExperimentalForest;Courtney Meier;cmeier@battelleecology.org;support-copernicus-gbov@acri-st.fr;NEON;232;Mixed Forest;44.063901;-71.287308;20180530T000000Z;2.0;BART_041;0.914;0.014;0.335;0.031;0;0
GBOV_RM6_789;BartlettExperimentalForest;Courtney Meier;cmeier@battelleecology.org;support-copernicus-gbov@acri-st.fr;NEON;232;Mixed Forest;44.063901;-71.287308;20180612T074400Z;2.0;BART_041;0.936;0.013;0.447;0.031;0;0
GBOV_RM6_789;BartlettExperimentalForest;Courtney Meier;cmeier@battelleecology.org;support-copernicus-gbov@acri-st.fr;NEON;232;Mixed Forest;44.063901;-71.287308;20180626T053900Z;2.0;BART_041;0.929;0.014;0.355;0.032;0;0
GBOV_RM6_789;BartlettExperimentalForest;Courtney Meier;cmeier@battelleecology.org;support-copernicus-gbov@acri-st.fr;NEON;232;Mixed Forest;44.063901;-71.287308;20180710T000000Z;2.0;BART_041;0.944;0.012;0.20;0.04;0;0
GBOV_RM6_789;BartlettExperimentalForest;Courtney Meier;cmeier@battelleecology.org;support-copernicus-gbov@acri-st.fr;NEON;232;Mixed Forest;44.063901;-71.287308;20180724T000000Z;2.0;BART_041;0.933;0.012;0.128;0.029;0;0
GBOV_RM6_789;BartlettExperimentalForest;Courtney Meier;cmeier@battelleecology.org;support-copernicus-gbov@acri-st.fr;NEON;232;Mixed Forest;44.063901;-71.287308;20180821T000000Z;2.0;BART_041;0.950;0.011;0.18;0.04;0;0
GBOV_RM6_789;BartlettExperimentalForest;Courtney Meier;cmeier@battelleecology.org;support-copernicus-gbov@acri-st.fr;NEON;232;Mixed Forest;44.063901;-71.287308;20180905T000000Z;2.0;BART_041;0.954;0.011;0.212;0.022;0;0
GBOV_RM6_789;BartlettExperimentalForest;Courtney Meier;cmeier@battelleecology.org;support-copernicus-gbov@acri-st.fr;NEON;232;Mixed Forest;44.063901;-71.287308;20180918T000000Z;2.0;BART_041;0.950;0.012;0.236;0.034;64;0
GBOV_RM6_789;BartlettExperimentalForest;Courtney Meier;cmeier@battelleecology.org;support-copernicus-gbov@acri-st.fr;NEON;232;Mixed Forest;44.063901;-71.287308;20181001T000000Z;2.0;BART_041;0.965;0.011;0.231;0.031;0;0
GBOV_RM6_789;BartlettExperimentalForest;Courtney Meier;cmeier@battelleecology.org;support-copernicus-gbov@acri-st.fr;NEON;232;Mixed Forest;44.063901;-71.287308;20181016T000000Z;2.0;BART_041;0.901;0.013;0.100;0.014;0;0
GBOV_RM6_789;BartlettExperimentalForest;Courtney Meier;cmeier@battelleecology.org;support-copernicus-gbov@acri-st.fr;NEON;232;Mixed Forest;44.063901;-71.287308;20190429T181700Z;2.0;BART_041;0.512;0.034;0.0060;0.0014;0;0
GBOV_RM6_789;BartlettExperimentalForest;Courtney Meier;cmeier@battelleecology.org;support-copernicus-gbov@acri-st.fr;NEON;232;Mixed Forest;44.063901;-71.287308;20190513T144000Z;2.0;BART_041;0.522;0.028;0.037;0.005;0;0
GBOV_RM6_789;BartlettExperimentalForest;Courtney Meier;cmeier@battelleecology.org;support-copernicus-gbov@acri-st.fr;NEON;232;Mixed Forest;44.063901;-71.287308;20190529T060300Z;2.0;BART_041;0.841;0.019;0.153;0.029;0;0
GBOV_RM6_789;BartlettExperimentalForest;Courtney Meier;cmeier@battelleecology.org;support-copernicus-gbov@acri-st.fr;NEON;232;Mixed Forest;44.063901;-71.287308;20190610T165000Z;2.0;BART_041;0.932;0.013;0.21;0.05;0;0
GBOV_RM6_789;BartlettExperimentalForest;Courtney Meier;cmeier@battelleecology.org;support-copernicus-gbov@acri-st.fr;NEON;232;Mixed Forest;44.063901;-71.287308;20190624T184400Z;2.0;BART_041;0.917;0.015;0.437;0.034;0;0
GBOV_RM6_789;BartlettExperimentalForest;Courtney Meier;cmeier@battelleecology.org;support-copernicus-gbov@acri-st.fr;NEON;232;Mixed Forest;44.063901;-71.287308;20190708T195000Z;2.0;BART_041;0.903;0.015;0.29;0.04;0;0
GBOV_RM6_789;BartlettExperimentalForest;Courtney Meier;cmeier@battelleecology.org;support-copernicus-gbov@acri-st.fr;NEON;232;Mixed Forest;44.063901;-71.287308;20190722T141800Z;2.0;BART_041;0.933;0.012;0.144;0.035;0;0
GBOV_RM6_789;BartlettExperimentalForest;Courtney Meier;cmeier@battelleecology.org;support-copernicus-gbov@acri-st.fr;NEON;232;Mixed Forest;44.063901;-71.287308;20190805T163700Z;2.0;BART_041;0.938;0.012;0.46;0.05;0;8
GBOV_RM6_789;BartlettExperimentalForest;Courtney Meier;cmeier@battelleecology.org;support-copernicus-gbov@acri-st.fr;NEON;232;Mixed Forest;44.063901;-71.287308;20190819T171200Z;2.0;BART_041;0.948;0.011;0.15;0.04;0;0
GBOV_RM6_789;BartlettExperimentalForest;Courtney Meier;cmeier@battelleecology.org;support-copernicus-gbov@acri-st.fr;NEON;232;Mixed Forest;44.063901;-71.287308;20190903T175800Z;2.0;BART_041;0.946;0.010;0.29;0.04;0;2
GBOV_RM6_789;BartlettExperimentalForest;Courtney Meier;cmeier@battelleecology.org;support-copernicus-gbov@acri-st.fr;NEON;232;Mixed Forest;44.063901;-71.287308;20190916T164100Z;2.0;BART_041;0.954;0.011;0.314;0.030;0;0
GBOV_RM6_789;BartlettExperimentalForest;Courtney Meier;cmeier@battelleecology.org;support-copernicus-gbov@acri-st.fr;NEON;232;Mixed Forest;44.063901;-71.287308;20190930T150900Z;2.0;BART_041;0.955;0.011;0.118;0.021;0;0
GBOV_RM6_789;BartlettExperimentalForest;Courtney Meier;cmeier@battelleecology.org;support-copernicus-gbov@acri-st.fr;NEON;232;Mixed Forest;44.063901;-71.287308;20191014T164900Z;2.0;BART_041;0.952;0.012;0.077;0.017;0;0
