GBOV_ID;Site;GROUND_DATA_PI;GROUND_DATA_PIs_Email;GBOV_Email;Network;Elevation;IGBP_class;Lat_IS;Lon_IS;TIME_IS;Version;PLOT_ID;FIPAR_up;FIPAR_up_err;FIPAR_down;FIPAR_down_err;up_flag;down_flag
GBOV_RM6_1054;Underc;Courtney Meier;cmeier@battelleecology.org;support-copernicus-gbov@acri-st.fr;NEON;518;Mixed Forest;46.233959;-89.53751;20150902T000000Z;2.0;UNDE_045;0.888;0.013;0.35;0.04;32;0
GBOV_RM6_1054;Underc;Courtney Meier;cmeier@battelleecology.org;support-copernicus-gbov@acri-st.fr;NEON;518;Mixed Forest;46.233959;-89.53751;20150915T000000Z;2.0;UNDE_045;0.864;0.012;0.504;0.035;0;0
GBOV_RM6_1054;Underc;Courtney Meier;cmeier@battelleecology.org;support-copernicus-gbov@acri-st.fr;NEON;518;Mixed Forest;46.233959;-89.53751;20150930T000000Z;2.0;UNDE_045;0.884;0.013;0.418;0.023;0;0
GBOV_RM6_1054;Underc;Courtney Meier;cmeier@battelleecology.org;support-copernicus-gbov@acri-st.fr;NEON;518;Mixed Forest;46.233959;-89.53751;20151015T000000Z;2.0;UNDE_045;0.651;0.027;0.027;0.008;0;0
GBOV_RM6_1054;Underc;Courtney Meier;cmeier@battelleecology.org;support-copernicus-gbov@acri-st.fr;NEON;518;Mixed Forest;46.233959;-89.53751;20151027T000000Z;2.0;UNDE_045;0.547;0.019;0.038;0.008;0;0
GBOV_RM6_1054;Underc;Courtney Meier;cmeier@battelleecology.org;support-copernicus-gbov@acri-st.fr;NEON;518;Mixed Forest;46.233959;-89.53751;20160510T000000Z;2.0;UNDE_045;0.292;0.011;0.037;0.005;0;0
GBOV_RM6_1054;Underc;Courtney Meier;cmeier@battelleecology.org;support-copernicus-gbov@acri-st.fr;NEON;518;Mixed Forest;46.233959;-89.53751;20160523T000000Z;2.0;UNDE_045;0.548;0.027;0.196;0.028;0;0
GBOV_RM6_1054;Underc;Courtney Meier;cmeier@battelleecology.org;support-copernicus-gbov@acri-st.fr;NEON;518;Mixed Forest;46.233959;-89.53751;20160607T000000Z;2.0;UNDE_045;0.832;0.019;0.46;0.04;0;0
GBOV_RM6_1054;Underc;Courtney Meier;cmeier@battelleecology.org;support-copernicus-gbov@acri-st.fr;NEON;518;Mixed Forest;46.233959;-89.53751;20160621T000000Z;2.0;UNDE_045;0.884;0.017;0.487;0.030;0;8
GBOV_RM6_1054;Underc;Courtney Meier;cmeier@battelleecology.org;support-copernicus-gbov@acri-st.fr;NEON;518;Mixed Forest;46.233959;-89.53751;20160706T000000Z;2.0;UNDE_045;0.892;0.015;0.625;0.035;0;0
GBOV_RM6_1054;Underc;Courtney Meier;cmeier@battelleecology.org;support-copernicus-gbov@acri-st.fr;NEON;518;Mixed Forest;46.233959;-89.53751;20160720T000000Z;2.0;UNDE_045;0.885;0.016;0.51;0.04;0;16
GBOV_RM6_1054;Underc;Courtney Meier;cmeier@battelleecology.org;support-copernicus-gbov@acri-st.fr;NEON;518;Mixed Forest;46.233959;-89.53751;20160802T000000Z;2.0;UNDE_045;0.880;0.016;0.55;0.04;0;0
GBOV_RM6_1054;Underc;Courtney Meier;cmeier@battelleecology.org;support-copernicus-gbov@acri-st.fr;NEON;518;Mixed Forest;46.233959;-89.53751;20160819T000000Z;2.0;UNDE_045;0.889;0.014;0.48;0.05;0;0
GBOV_RM6_1054;Underc;Courtney Meier;cmeier@battelleecology.org;support-copernicus-gbov@acri-st.fr;NEON;518;Mixed Forest;46.233959;-89.53751;20160829T000000Z;2.0;UNDE_045;0.879;0.014;0.56;0.04;0;16
GBOV_RM6_1054;Underc;Courtney Meier;cmeier@battelleecology.org;support-copernicus-gbov@acri-st.fr;NEON;518;Mixed Forest;46.233959;-89.53751;20161010T000000Z;2.0;UNDE_045;0.651;0.019;0.132;0.022;0;0
GBOV_RM6_1054;Underc;Courtney Meier;cmeier@battelleecology.org;support-copernicus-gbov@acri-st.fr;NEON;518;Mixed Forest;46.233959;-89.53751;20170510T000000Z;2.0;UNDE_045;0.283;0.011;0.038;0.008;0;0
GBOV_RM6_1054;Underc;Courtney Meier;cmeier@battelleecology.org;support-copernicus-gbov@acri-st.fr;NEON;518;Mixed Forest;46.233959;-89.53751;20170523T000000Z;2.0;UNDE_045;0.345;0.014;0.123;0.017;0;0
GBOV_RM6_1054;Underc;Courtney Meier;cmeier@battelleecology.org;support-copernicus-gbov@acri-st.fr;NEON;518;Mixed Forest;46.233959;-89.53751;20170606T000000Z;2.0;UNDE_045;0.802;0.023;0.630;0.034;0;0
GBOV_RM6_1054;Underc;Courtney Meier;cmeier@battelleecology.org;support-copernicus-gbov@acri-st.fr;NEON;518;Mixed Forest;46.233959;-89.53751;20170619T000000Z;2.0;UNDE_045;0.865;0.017;0.58;0.05;0;0
GBOV_RM6_1054;Underc;Courtney Meier;cmeier@battelleecology.org;support-copernicus-gbov@acri-st.fr;NEON;518;Mixed Forest;46.233959;-89.53751;20170705T000000Z;2.0;UNDE_045;0.898;0.014;0.56;0.05;0;0
GBOV_RM6_1054;Underc;Courtney Meier;cmeier@battelleecology.org;support-copernicus-gbov@acri-st.fr;NEON;518;Mixed Forest;46.233959;-89.53751;20170718T000000Z;2.0;UNDE_045;0.884;0.015;0.51;0.05;0;0
GBOV_RM6_1054;Underc;Courtney Meier;cmeier@battelleecology.org;support-copernicus-gbov@acri-st.fr;NEON;518;Mixed Forest;46.233959;-89.53751;20170801T000000Z;2.0;UNDE_045;0.897;0.016;0.51;0.06;0;8
GBOV_RM6_1054;Underc;Courtney Meier;cmeier@battelleecology.org;support-copernicus-gbov@acri-st.fr;NEON;518;Mixed Forest;46.233959;-89.53751;20170815T000000Z;2.0;UNDE_045;0.887;0.015;0.53;0.04;0;0
GBOV_RM6_1054;Underc;Courtney Meier;cmeier@battelleecology.org;support-copernicus-gbov@acri-st.fr;NEON;518;Mixed Forest;46.233959;-89.53751;20170913T000000Z;2.0;UNDE_045;0.899;0.012;0.54;0.04;0;0
GBOV_RM6_1054;Underc;Courtney Meier;cmeier@battelleecology.org;support-copernicus-gbov@acri-st.fr;NEON;518;Mixed Forest;46.233959;-89.53751;20170926T000000Z;2.0;UNDE_045;0.860;0.016;0.267;0.033;0;0
GBOV_RM6_1054;Underc;Courtney Meier;cmeier@battelleecology.org;support-copernicus-gbov@acri-st.fr;NEON;518;Mixed Forest;46.233959;-89.53751;20171012T000000Z;2.0;UNDE_045;0.777;0.019;0.138;0.024;0;0
GBOV_RM6_1054;Underc;Courtney Meier;cmeier@battelleecology.org;support-copernicus-gbov@acri-st.fr;NEON;518;Mixed Forest;46.233959;-89.53751;20180508T000000Z;2.0;UNDE_045;0.325;0.014;0.035;0.016;0;0
GBOV_RM6_1054;Underc;Courtney Meier;cmeier@battelleecology.org;support-copernicus-gbov@acri-st.fr;NEON;518;Mixed Forest;46.233959;-89.53751;20180524T000000Z;2.0;UNDE_045;0.670;0.028;0.29;0.04;0;0
GBOV_RM6_1054;Underc;Courtney Meier;cmeier@battelleecology.org;support-copernicus-gbov@acri-st.fr;NEON;518;Mixed Forest;46.233959;-89.53751;20180606T000000Z;2.0;UNDE_045;0.857;0.018;0.57;0.05;0;0
GBOV_RM6_1054;Underc;Courtney Meier;cmeier@battelleecology.org;support-copernicus-gbov@acri-st.fr;NEON;518;Mixed Forest;46.233959;-89.53751;20180619T000000Z;2.0;UNDE_045;0.880;0.015;0.61;0.04;0;0
GBOV_RM6_1054;Underc;Courtney Meier;cmeier@battelleecology.org;support-copernicus-gbov@acri-st.fr;NEON;518;Mixed Forest;46.233959;-89.53751;20180703T000000Z;2.0;UNDE_045;0.897;0.015;0.59;0.05;0;0
GBOV_RM6_1054;Underc;Courtney Meier;cmeier@battelleecology.org;support-copernicus-gbov@acri-st.fr;NEON;518;Mixed Forest;46.233959;-89.53751;20180718T000000Z;2.0;UNDE_045;0.892;0.015;0.66;0.04;0;0
GBOV_RM6_1054;Underc;Courtney Meier;cmeier@battelleecology.org;support-copernicus-gbov@acri-st.fr;NEON;518;Mixed Forest;46.233959;-89.53751;20180731T000000Z;2.0;UNDE_045;0.889;0.015;0.65;0.04;0;0
GBOV_RM6_1054;Underc;Courtney Meier;cmeier@battelleecology.org;support-copernicus-gbov@acri-st.fr;NEON;518;Mixed Forest;46.233959;-89.53751;20180815T000000Z;2.0;UNDE_045;0.896;0.014;0.54;0.04;0;0
GBOV_RM6_1054;Underc;Courtney Meier;cmeier@battelleecology.org;support-copernicus-gbov@acri-st.fr;NEON;518;Mixed Forest;46.233959;-89.53751;20180830T000000Z;2.0;UNDE_045;0.889;0.013;0.653;0.033;0;2
GBOV_RM6_1054;Underc;Courtney Meier;cmeier@battelleecology.org;support-copernicus-gbov@acri-st.fr;NEON;518;Mixed Forest;46.233959;-89.53751;20180911T064100Z;2.0;UNDE_045;0.893;0.013;0.48;0.04;0;0
GBOV_RM6_1054;Underc;Courtney Meier;cmeier@battelleecology.org;support-copernicus-gbov@acri-st.fr;NEON;518;Mixed Forest;46.233959;-89.53751;20180925T135300Z;2.0;UNDE_045;0.906;0.012;0.307;0.029;0;0
GBOV_RM6_1054;Underc;Courtney Meier;cmeier@battelleecology.org;support-copernicus-gbov@acri-st.fr;NEON;518;Mixed Forest;46.233959;-89.53751;20181011T101500Z;2.0;UNDE_045;0.794;0.020;0.111;0.010;0;0
GBOV_RM6_1054;Underc;Courtney Meier;cmeier@battelleecology.org;support-copernicus-gbov@acri-st.fr;NEON;518;Mixed Forest;46.233959;-89.53751;20190508T115700Z;2.0;UNDE_045;0.282;0.014;0.015;0.006;0;0
GBOV_RM6_1054;Underc;Courtney Meier;cmeier@battelleecology.org;support-copernicus-gbov@acri-st.fr;NEON;518;Mixed Forest;46.233959;-89.53751;20190522T093900Z;2.0;UNDE_045;0.282;0.013;0.045;0.007;0;0
GBOV_RM6_1054;Underc;Courtney Meier;cmeier@battelleecology.org;support-copernicus-gbov@acri-st.fr;NEON;518;Mixed Forest;46.233959;-89.53751;20190603T141000Z;2.0;UNDE_045;0.641;0.021;0.228;0.033;0;0
GBOV_RM6_1054;Underc;Courtney Meier;cmeier@battelleecology.org;support-copernicus-gbov@acri-st.fr;NEON;518;Mixed Forest;46.233959;-89.53751;20190619T172500Z;2.0;UNDE_045;0.887;0.016;0.58;0.05;0;0
GBOV_RM6_1054;Underc;Courtney Meier;cmeier@battelleecology.org;support-copernicus-gbov@acri-st.fr;NEON;518;Mixed Forest;46.233959;-89.53751;20190630T134100Z;2.0;UNDE_045;0.894;0.015;0.50;0.05;0;0
GBOV_RM6_1054;Underc;Courtney Meier;cmeier@battelleecology.org;support-copernicus-gbov@acri-st.fr;NEON;518;Mixed Forest;46.233959;-89.53751;20190717T164200Z;2.0;UNDE_045;0.891;0.015;0.51;0.05;0;0
GBOV_RM6_1054;Underc;Courtney Meier;cmeier@battelleecology.org;support-copernicus-gbov@acri-st.fr;NEON;518;Mixed Forest;46.233959;-89.53751;20190730T061800Z;2.0;UNDE_045;0.900;0.016;0.60;0.05;0;0
GBOV_RM6_1054;Underc;Courtney Meier;cmeier@battelleecology.org;support-copernicus-gbov@acri-st.fr;NEON;518;Mixed Forest;46.233959;-89.53751;20190813T123200Z;2.0;UNDE_045;0.906;0.014;0.57;0.05;0;0
GBOV_RM6_1054;Underc;Courtney Meier;cmeier@battelleecology.org;support-copernicus-gbov@acri-st.fr;NEON;518;Mixed Forest;46.233959;-89.53751;20190826T124800Z;2.0;UNDE_045;0.910;0.013;0.50;0.04;0;0
GBOV_RM6_1054;Underc;Courtney Meier;cmeier@battelleecology.org;support-copernicus-gbov@acri-st.fr;NEON;518;Mixed Forest;46.233959;-89.53751;20190909T130800Z;2.0;UNDE_045;0.911;0.013;0.44;0.05;0;0
GBOV_RM6_1054;Underc;Courtney Meier;cmeier@battelleecology.org;support-copernicus-gbov@acri-st.fr;NEON;518;Mixed Forest;46.233959;-89.53751;20190923T092500Z;2.0;UNDE_045;0.893;0.012;0.29;0.04;0;0
GBOV_RM6_1054;Underc;Courtney Meier;cmeier@battelleecology.org;support-copernicus-gbov@acri-st.fr;NEON;518;Mixed Forest;46.233959;-89.53751;20191008T181000Z;2.0;UNDE_045;0.809;0.018;0.190;0.024;0;0
