GBOV_ID;Site;GROUND_DATA_PI;GROUND_DATA_PIs_Email;GBOV_Email;Network;Elevation;IGBP_class;Lat_IS;Lon_IS;TIME_IS;Version;PLOT_ID;FIPAR_up;FIPAR_up_err;FIPAR_down;FIPAR_down_err;up_flag;down_flag
GBOV_RM6_401;OakRidge;Courtney Meier;cmeier@battelleecology.org;support-copernicus-gbov@acri-st.fr;NEON;334;Mixed Forest;35.9641189575195;-84.282600402832;20150330T000000Z;2.0;ORNL_045;0.310;0.017;0.0049;0.0013;0;0
GBOV_RM6_401;OakRidge;Courtney Meier;cmeier@battelleecology.org;support-copernicus-gbov@acri-st.fr;NEON;334;Mixed Forest;35.9641189575195;-84.282600402832;20150417T000000Z;2.0;ORNL_045;0.561;0.026;0.021;0.005;0;0
GBOV_RM6_401;OakRidge;Courtney Meier;cmeier@battelleecology.org;support-copernicus-gbov@acri-st.fr;NEON;334;Mixed Forest;35.9641189575195;-84.282600402832;20150428T000000Z;2.0;ORNL_045;0.829;0.014;0.388;0.007;0;0
GBOV_RM6_401;OakRidge;Courtney Meier;cmeier@battelleecology.org;support-copernicus-gbov@acri-st.fr;NEON;334;Mixed Forest;35.9641189575195;-84.282600402832;20150512T000000Z;2.0;ORNL_045;0.887;0.013;0.250;0.012;0;0
GBOV_RM6_401;OakRidge;Courtney Meier;cmeier@battelleecology.org;support-copernicus-gbov@acri-st.fr;NEON;334;Mixed Forest;35.9641189575195;-84.282600402832;20150527T000000Z;2.0;ORNL_045;0.910;0.012;0.144;0.017;0;0
GBOV_RM6_401;OakRidge;Courtney Meier;cmeier@battelleecology.org;support-copernicus-gbov@acri-st.fr;NEON;334;Mixed Forest;35.9641189575195;-84.282600402832;20150610T000000Z;2.0;ORNL_045;0.910;0.012;0.281;0.011;0;0
GBOV_RM6_401;OakRidge;Courtney Meier;cmeier@battelleecology.org;support-copernicus-gbov@acri-st.fr;NEON;334;Mixed Forest;35.9641189575195;-84.282600402832;20150624T000000Z;2.0;ORNL_045;0.858;0.013;0.125;0.008;0;0
GBOV_RM6_401;OakRidge;Courtney Meier;cmeier@battelleecology.org;support-copernicus-gbov@acri-st.fr;NEON;334;Mixed Forest;35.9641189575195;-84.282600402832;20150708T000000Z;2.0;ORNL_045;0.909;0.012;0.087;0.012;0;0
GBOV_RM6_401;OakRidge;Courtney Meier;cmeier@battelleecology.org;support-copernicus-gbov@acri-st.fr;NEON;334;Mixed Forest;35.9641189575195;-84.282600402832;20150722T000000Z;2.0;ORNL_045;0.846;0.018;0.247;0.009;0;0
GBOV_RM6_401;OakRidge;Courtney Meier;cmeier@battelleecology.org;support-copernicus-gbov@acri-st.fr;NEON;334;Mixed Forest;35.9641189575195;-84.282600402832;20150805T000000Z;2.0;ORNL_045;0.898;0.012;0.047;0.008;0;0
GBOV_RM6_401;OakRidge;Courtney Meier;cmeier@battelleecology.org;support-copernicus-gbov@acri-st.fr;NEON;334;Mixed Forest;35.9641189575195;-84.282600402832;20150818T000000Z;2.0;ORNL_045;0.912;0.012;0.067;0.012;0;0
GBOV_RM6_401;OakRidge;Courtney Meier;cmeier@battelleecology.org;support-copernicus-gbov@acri-st.fr;NEON;334;Mixed Forest;35.9641189575195;-84.282600402832;20150901T000000Z;2.0;ORNL_045;0.905;0.011;0.202;0.014;0;0
GBOV_RM6_401;OakRidge;Courtney Meier;cmeier@battelleecology.org;support-copernicus-gbov@acri-st.fr;NEON;334;Mixed Forest;35.9641189575195;-84.282600402832;20150914T000000Z;2.0;ORNL_045;0.908;0.011;0.115;0.011;0;0
GBOV_RM6_401;OakRidge;Courtney Meier;cmeier@battelleecology.org;support-copernicus-gbov@acri-st.fr;NEON;334;Mixed Forest;35.9641189575195;-84.282600402832;20150930T000000Z;2.0;ORNL_045;0.912;0.011;0.143;0.010;0;0
GBOV_RM6_401;OakRidge;Courtney Meier;cmeier@battelleecology.org;support-copernicus-gbov@acri-st.fr;NEON;334;Mixed Forest;35.9641189575195;-84.282600402832;20151012T000000Z;2.0;ORNL_045;0.899;0.012;0.100;0.011;0;0
GBOV_RM6_401;OakRidge;Courtney Meier;cmeier@battelleecology.org;support-copernicus-gbov@acri-st.fr;NEON;334;Mixed Forest;35.9641189575195;-84.282600402832;20151030T000000Z;2.0;ORNL_045;0.829;0.017;0.100;0.006;0;0
GBOV_RM6_401;OakRidge;Courtney Meier;cmeier@battelleecology.org;support-copernicus-gbov@acri-st.fr;NEON;334;Mixed Forest;35.9641189575195;-84.282600402832;20160328T000000Z;2.0;ORNL_045;0.250;0.012;0.018;0.004;0;0
GBOV_RM6_401;OakRidge;Courtney Meier;cmeier@battelleecology.org;support-copernicus-gbov@acri-st.fr;NEON;334;Mixed Forest;35.9641189575195;-84.282600402832;20160411T000000Z;2.0;ORNL_045;0.349;0.014;0.0215;0.0015;0;0
GBOV_RM6_401;OakRidge;Courtney Meier;cmeier@battelleecology.org;support-copernicus-gbov@acri-st.fr;NEON;334;Mixed Forest;35.9641189575195;-84.282600402832;20160426T000000Z;2.0;ORNL_045;0.877;0.013;0.177;0.013;0;0
GBOV_RM6_401;OakRidge;Courtney Meier;cmeier@battelleecology.org;support-copernicus-gbov@acri-st.fr;NEON;334;Mixed Forest;35.9641189575195;-84.282600402832;20160510T000000Z;2.0;ORNL_045;0.920;0.011;0.322;0.019;0;0
GBOV_RM6_401;OakRidge;Courtney Meier;cmeier@battelleecology.org;support-copernicus-gbov@acri-st.fr;NEON;334;Mixed Forest;35.9641189575195;-84.282600402832;20160524T000000Z;2.0;ORNL_045;0.940;0.011;0.143;0.021;0;0
GBOV_RM6_401;OakRidge;Courtney Meier;cmeier@battelleecology.org;support-copernicus-gbov@acri-st.fr;NEON;334;Mixed Forest;35.9641189575195;-84.282600402832;20160623T000000Z;2.0;ORNL_045;0.929;0.011;0.165;0.015;0;0
GBOV_RM6_401;OakRidge;Courtney Meier;cmeier@battelleecology.org;support-copernicus-gbov@acri-st.fr;NEON;334;Mixed Forest;35.9641189575195;-84.282600402832;20160707T000000Z;2.0;ORNL_045;0.931;0.011;0.101;0.017;0;0
GBOV_RM6_401;OakRidge;Courtney Meier;cmeier@battelleecology.org;support-copernicus-gbov@acri-st.fr;NEON;334;Mixed Forest;35.9641189575195;-84.282600402832;20160720T000000Z;2.0;ORNL_045;0.935;0.012;0.202;0.019;0;0
GBOV_RM6_401;OakRidge;Courtney Meier;cmeier@battelleecology.org;support-copernicus-gbov@acri-st.fr;NEON;334;Mixed Forest;35.9641189575195;-84.282600402832;20160801T000000Z;2.0;ORNL_045;0.923;0.012;0.203;0.018;0;0
GBOV_RM6_401;OakRidge;Courtney Meier;cmeier@battelleecology.org;support-copernicus-gbov@acri-st.fr;NEON;334;Mixed Forest;35.9641189575195;-84.282600402832;20160817T000000Z;2.0;ORNL_045;0.916;0.012;0.166;0.014;0;0
GBOV_RM6_401;OakRidge;Courtney Meier;cmeier@battelleecology.org;support-copernicus-gbov@acri-st.fr;NEON;334;Mixed Forest;35.9641189575195;-84.282600402832;20160831T000000Z;2.0;ORNL_045;0.928;0.010;0.196;0.012;0;0
GBOV_RM6_401;OakRidge;Courtney Meier;cmeier@battelleecology.org;support-copernicus-gbov@acri-st.fr;NEON;334;Mixed Forest;35.9641189575195;-84.282600402832;20160915T000000Z;2.0;ORNL_045;0.907;0.011;0.208;0.009;0;0
GBOV_RM6_401;OakRidge;Courtney Meier;cmeier@battelleecology.org;support-copernicus-gbov@acri-st.fr;NEON;334;Mixed Forest;35.9641189575195;-84.282600402832;20160930T000000Z;2.0;ORNL_045;0.917;0.011;0.101;0.005;0;0
GBOV_RM6_401;OakRidge;Courtney Meier;cmeier@battelleecology.org;support-copernicus-gbov@acri-st.fr;NEON;334;Mixed Forest;35.9641189575195;-84.282600402832;20161013T000000Z;2.0;ORNL_045;0.906;0.011;0.083;0.009;0;0
GBOV_RM6_401;OakRidge;Courtney Meier;cmeier@battelleecology.org;support-copernicus-gbov@acri-st.fr;NEON;334;Mixed Forest;35.9641189575195;-84.282600402832;20161027T000000Z;2.0;ORNL_045;0.924;0.012;0.072;0.008;0;0
GBOV_RM6_401;OakRidge;Courtney Meier;cmeier@battelleecology.org;support-copernicus-gbov@acri-st.fr;NEON;334;Mixed Forest;35.9641189575195;-84.282600402832;20161107T000000Z;2.0;ORNL_045;0.837;0.012;0.037;0.006;0;0
GBOV_RM6_401;OakRidge;Courtney Meier;cmeier@battelleecology.org;support-copernicus-gbov@acri-st.fr;NEON;334;Mixed Forest;35.9641189575195;-84.282600402832;20170329T000000Z;2.0;ORNL_045;0.267;0.011;0.022;0.005;0;0
GBOV_RM6_401;OakRidge;Courtney Meier;cmeier@battelleecology.org;support-copernicus-gbov@acri-st.fr;NEON;334;Mixed Forest;35.9641189575195;-84.282600402832;20170411T000000Z;2.0;ORNL_045;0.266;0.014;0.033;0.012;0;0
GBOV_RM6_401;OakRidge;Courtney Meier;cmeier@battelleecology.org;support-copernicus-gbov@acri-st.fr;NEON;334;Mixed Forest;35.9641189575195;-84.282600402832;20170426T000000Z;2.0;ORNL_045;0.827;0.013;-999;-999;0;-999
GBOV_RM6_401;OakRidge;Courtney Meier;cmeier@battelleecology.org;support-copernicus-gbov@acri-st.fr;NEON;334;Mixed Forest;35.9641189575195;-84.282600402832;20170510T000000Z;2.0;ORNL_045;0.897;0.012;0.285;0.018;0;0
GBOV_RM6_401;OakRidge;Courtney Meier;cmeier@battelleecology.org;support-copernicus-gbov@acri-st.fr;NEON;334;Mixed Forest;35.9641189575195;-84.282600402832;20170522T000000Z;2.0;ORNL_045;0.900;0.013;0.143;0.024;0;0
GBOV_RM6_401;OakRidge;Courtney Meier;cmeier@battelleecology.org;support-copernicus-gbov@acri-st.fr;NEON;334;Mixed Forest;35.9641189575195;-84.282600402832;20170608T000000Z;2.0;ORNL_045;0.904;0.013;0.316;0.021;0;0
GBOV_RM6_401;OakRidge;Courtney Meier;cmeier@battelleecology.org;support-copernicus-gbov@acri-st.fr;NEON;334;Mixed Forest;35.9641189575195;-84.282600402832;20170621T000000Z;2.0;ORNL_045;0.911;0.012;0.140;0.013;0;0
GBOV_RM6_401;OakRidge;Courtney Meier;cmeier@battelleecology.org;support-copernicus-gbov@acri-st.fr;NEON;334;Mixed Forest;35.9641189575195;-84.282600402832;20170703T000000Z;2.0;ORNL_045;0.900;0.012;0.201;0.027;0;0
GBOV_RM6_401;OakRidge;Courtney Meier;cmeier@battelleecology.org;support-copernicus-gbov@acri-st.fr;NEON;334;Mixed Forest;35.9641189575195;-84.282600402832;20170718T000000Z;2.0;ORNL_045;0.908;0.012;0.189;0.016;0;0
GBOV_RM6_401;OakRidge;Courtney Meier;cmeier@battelleecology.org;support-copernicus-gbov@acri-st.fr;NEON;334;Mixed Forest;35.9641189575195;-84.282600402832;20170803T000000Z;2.0;ORNL_045;0.907;0.012;0.116;0.017;0;0
GBOV_RM6_401;OakRidge;Courtney Meier;cmeier@battelleecology.org;support-copernicus-gbov@acri-st.fr;NEON;334;Mixed Forest;35.9641189575195;-84.282600402832;20170815T000000Z;2.0;ORNL_045;0.916;0.011;0.102;0.026;0;0
GBOV_RM6_401;OakRidge;Courtney Meier;cmeier@battelleecology.org;support-copernicus-gbov@acri-st.fr;NEON;334;Mixed Forest;35.9641189575195;-84.282600402832;20170831T000000Z;2.0;ORNL_045;0.915;0.010;0.072;0.015;0;0
GBOV_RM6_401;OakRidge;Courtney Meier;cmeier@battelleecology.org;support-copernicus-gbov@acri-st.fr;NEON;334;Mixed Forest;35.9641189575195;-84.282600402832;20170913T000000Z;2.0;ORNL_045;0.911;0.010;0.088;0.012;0;0
GBOV_RM6_401;OakRidge;Courtney Meier;cmeier@battelleecology.org;support-copernicus-gbov@acri-st.fr;NEON;334;Mixed Forest;35.9641189575195;-84.282600402832;20170927T000000Z;2.0;ORNL_045;0.888;0.011;0.148;0.012;0;0
GBOV_RM6_401;OakRidge;Courtney Meier;cmeier@battelleecology.org;support-copernicus-gbov@acri-st.fr;NEON;334;Mixed Forest;35.9641189575195;-84.282600402832;20171012T000000Z;2.0;ORNL_045;0.912;0.010;0.112;0.013;0;0
GBOV_RM6_401;OakRidge;Courtney Meier;cmeier@battelleecology.org;support-copernicus-gbov@acri-st.fr;NEON;334;Mixed Forest;35.9641189575195;-84.282600402832;20171026T000000Z;2.0;ORNL_045;0.857;0.013;0.129;0.010;0;0
GBOV_RM6_401;OakRidge;Courtney Meier;cmeier@battelleecology.org;support-copernicus-gbov@acri-st.fr;NEON;334;Mixed Forest;35.9641189575195;-84.282600402832;20180403T000000Z;2.0;ORNL_045;0.267;0.011;0.0078;0.0034;0;0
GBOV_RM6_401;OakRidge;Courtney Meier;cmeier@battelleecology.org;support-copernicus-gbov@acri-st.fr;NEON;334;Mixed Forest;35.9641189575195;-84.282600402832;20180417T000000Z;2.0;ORNL_045;0.359;0.012;0.029;0.007;0;0
GBOV_RM6_401;OakRidge;Courtney Meier;cmeier@battelleecology.org;support-copernicus-gbov@acri-st.fr;NEON;334;Mixed Forest;35.9641189575195;-84.282600402832;20180501T000000Z;2.0;ORNL_045;0.815;0.013;0.195;0.021;0;0
GBOV_RM6_401;OakRidge;Courtney Meier;cmeier@battelleecology.org;support-copernicus-gbov@acri-st.fr;NEON;334;Mixed Forest;35.9641189575195;-84.282600402832;20180515T000000Z;2.0;ORNL_045;0.940;0.012;0.172;0.026;0;0
GBOV_RM6_401;OakRidge;Courtney Meier;cmeier@battelleecology.org;support-copernicus-gbov@acri-st.fr;NEON;334;Mixed Forest;35.9641189575195;-84.282600402832;20180613T000000Z;2.0;ORNL_045;0.936;0.013;0.103;0.022;0;0
GBOV_RM6_401;OakRidge;Courtney Meier;cmeier@battelleecology.org;support-copernicus-gbov@acri-st.fr;NEON;334;Mixed Forest;35.9641189575195;-84.282600402832;20180627T100100Z;2.0;ORNL_045;0.931;0.011;0.103;0.018;0;0
GBOV_RM6_401;OakRidge;Courtney Meier;cmeier@battelleecology.org;support-copernicus-gbov@acri-st.fr;NEON;334;Mixed Forest;35.9641189575195;-84.282600402832;20180712T065400Z;2.0;ORNL_045;0.935;0.012;0.164;0.030;0;0
GBOV_RM6_401;OakRidge;Courtney Meier;cmeier@battelleecology.org;support-copernicus-gbov@acri-st.fr;NEON;334;Mixed Forest;35.9641189575195;-84.282600402832;20180724T080700Z;2.0;ORNL_045;0.925;0.012;0.208;0.027;0;0
GBOV_RM6_401;OakRidge;Courtney Meier;cmeier@battelleecology.org;support-copernicus-gbov@acri-st.fr;NEON;334;Mixed Forest;35.9641189575195;-84.282600402832;20180807T080900Z;2.0;ORNL_045;0.937;0.012;0.267;0.015;0;0
GBOV_RM6_401;OakRidge;Courtney Meier;cmeier@battelleecology.org;support-copernicus-gbov@acri-st.fr;NEON;334;Mixed Forest;35.9641189575195;-84.282600402832;20180823T000000Z;2.0;ORNL_045;0.923;0.012;0.355;0.025;0;0
GBOV_RM6_401;OakRidge;Courtney Meier;cmeier@battelleecology.org;support-copernicus-gbov@acri-st.fr;NEON;334;Mixed Forest;35.9641189575195;-84.282600402832;20180904T000000Z;2.0;ORNL_045;0.928;0.011;0.362;0.018;0;0
GBOV_RM6_401;OakRidge;Courtney Meier;cmeier@battelleecology.org;support-copernicus-gbov@acri-st.fr;NEON;334;Mixed Forest;35.9641189575195;-84.282600402832;20180921T000000Z;2.0;ORNL_045;0.927;0.011;0.207;0.019;0;0
GBOV_RM6_401;OakRidge;Courtney Meier;cmeier@battelleecology.org;support-copernicus-gbov@acri-st.fr;NEON;334;Mixed Forest;35.9641189575195;-84.282600402832;20181005T000000Z;2.0;ORNL_045;0.934;0.010;0.333;0.016;0;0
GBOV_RM6_401;OakRidge;Courtney Meier;cmeier@battelleecology.org;support-copernicus-gbov@acri-st.fr;NEON;334;Mixed Forest;35.9641189575195;-84.282600402832;20181016T000000Z;2.0;ORNL_045;0.937;0.011;0.159;0.014;0;0
GBOV_RM6_401;OakRidge;Courtney Meier;cmeier@battelleecology.org;support-copernicus-gbov@acri-st.fr;NEON;334;Mixed Forest;35.9641189575195;-84.282600402832;20181101T000000Z;2.0;ORNL_045;0.928;0.012;0.095;0.010;0;0
GBOV_RM6_401;OakRidge;Courtney Meier;cmeier@battelleecology.org;support-copernicus-gbov@acri-st.fr;NEON;334;Mixed Forest;35.9641189575195;-84.282600402832;20190319T070100Z;2.0;ORNL_045;0.302;0.010;0.051;0.007;0;0
GBOV_RM6_401;OakRidge;Courtney Meier;cmeier@battelleecology.org;support-copernicus-gbov@acri-st.fr;NEON;334;Mixed Forest;35.9641189575195;-84.282600402832;20190402T070400Z;2.0;ORNL_045;0.268;0.010;0.0058;0.0024;0;0
GBOV_RM6_401;OakRidge;Courtney Meier;cmeier@battelleecology.org;support-copernicus-gbov@acri-st.fr;NEON;334;Mixed Forest;35.9641189575195;-84.282600402832;20190416T063000Z;2.0;ORNL_045;0.574;0.016;0.090;0.006;0;0
GBOV_RM6_401;OakRidge;Courtney Meier;cmeier@battelleecology.org;support-copernicus-gbov@acri-st.fr;NEON;334;Mixed Forest;35.9641189575195;-84.282600402832;20190430T055700Z;2.0;ORNL_045;0.898;0.012;0.278;0.019;0;0
GBOV_RM6_401;OakRidge;Courtney Meier;cmeier@battelleecology.org;support-copernicus-gbov@acri-st.fr;NEON;334;Mixed Forest;35.9641189575195;-84.282600402832;20190515T062000Z;2.0;ORNL_045;0.917;0.012;0.328;0.022;0;0
GBOV_RM6_401;OakRidge;Courtney Meier;cmeier@battelleecology.org;support-copernicus-gbov@acri-st.fr;NEON;334;Mixed Forest;35.9641189575195;-84.282600402832;20190530T054300Z;2.0;ORNL_045;0.933;0.012;0.282;0.023;0;0
GBOV_RM6_401;OakRidge;Courtney Meier;cmeier@battelleecology.org;support-copernicus-gbov@acri-st.fr;NEON;334;Mixed Forest;35.9641189575195;-84.282600402832;20190612T055800Z;2.0;ORNL_045;0.935;0.012;0.155;0.015;0;0
GBOV_RM6_401;OakRidge;Courtney Meier;cmeier@battelleecology.org;support-copernicus-gbov@acri-st.fr;NEON;334;Mixed Forest;35.9641189575195;-84.282600402832;20190626T053800Z;2.0;ORNL_045;0.923;0.011;0.198;0.025;0;0
GBOV_RM6_401;OakRidge;Courtney Meier;cmeier@battelleecology.org;support-copernicus-gbov@acri-st.fr;NEON;334;Mixed Forest;35.9641189575195;-84.282600402832;20190710T055500Z;2.0;ORNL_045;0.929;0.012;0.177;0.026;0;0
GBOV_RM6_401;OakRidge;Courtney Meier;cmeier@battelleecology.org;support-copernicus-gbov@acri-st.fr;NEON;334;Mixed Forest;35.9641189575195;-84.282600402832;20190724T054400Z;2.0;ORNL_045;0.921;0.012;0.209;0.027;0;0
GBOV_RM6_401;OakRidge;Courtney Meier;cmeier@battelleecology.org;support-copernicus-gbov@acri-st.fr;NEON;334;Mixed Forest;35.9641189575195;-84.282600402832;20190807T061200Z;2.0;ORNL_045;0.920;0.012;0.170;0.018;0;0
GBOV_RM6_401;OakRidge;Courtney Meier;cmeier@battelleecology.org;support-copernicus-gbov@acri-st.fr;NEON;334;Mixed Forest;35.9641189575195;-84.282600402832;20190821T060200Z;2.0;ORNL_045;0.912;0.011;0.237;0.013;0;0
GBOV_RM6_401;OakRidge;Courtney Meier;cmeier@battelleecology.org;support-copernicus-gbov@acri-st.fr;NEON;334;Mixed Forest;35.9641189575195;-84.282600402832;20190905T184800Z;2.0;ORNL_045;0.906;0.013;0.268;0.014;0;0
GBOV_RM6_401;OakRidge;Courtney Meier;cmeier@battelleecology.org;support-copernicus-gbov@acri-st.fr;NEON;334;Mixed Forest;35.9641189575195;-84.282600402832;20190917T065800Z;2.0;ORNL_045;0.920;0.011;0.177;0.025;0;0
GBOV_RM6_401;OakRidge;Courtney Meier;cmeier@battelleecology.org;support-copernicus-gbov@acri-st.fr;NEON;334;Mixed Forest;35.9641189575195;-84.282600402832;20191001T063600Z;2.0;ORNL_045;0.922;0.011;0.275;0.018;0;0
GBOV_RM6_401;OakRidge;Courtney Meier;cmeier@battelleecology.org;support-copernicus-gbov@acri-st.fr;NEON;334;Mixed Forest;35.9641189575195;-84.282600402832;20191017T071500Z;2.0;ORNL_045;0.898;0.012;0.285;0.016;0;0
GBOV_RM6_401;OakRidge;Courtney Meier;cmeier@battelleecology.org;support-copernicus-gbov@acri-st.fr;NEON;334;Mixed Forest;35.9641189575195;-84.282600402832;20191029T071700Z;2.0;ORNL_045;0.882;0.012;0.171;0.018;0;0
