GBOV_ID;Site;GROUND_DATA_PI;GROUND_DATA_PIs_Email;GBOV_Email;Network;Elevation;IGBP_class;Lat_IS;Lon_IS;TIME_IS;Version;PLOT_ID;FIPAR_up;FIPAR_up_err;FIPAR_down;FIPAR_down_err;up_flag;down_flag
GBOV_RM6_810;NiwotRidgeMountainResearchStation;Katherine N. Suding;suding@colorado.edu;support-copernicus-gbov@acri-st.fr;NEON;3050;Evergreen Needleleaf;40.0543;-105.58245;20170728T000000Z;2.0;NIWO_048;-999;-999;0.372;0.033;-999;0
GBOV_RM6_810;NiwotRidgeMountainResearchStation;Katherine N. Suding;suding@colorado.edu;support-copernicus-gbov@acri-st.fr;NEON;3050;Evergreen Needleleaf;40.0543;-105.58245;20170811T000000Z;2.0;NIWO_048;-999;-999;0.357;0.028;-999;0
GBOV_RM6_810;NiwotRidgeMountainResearchStation;Katherine N. Suding;suding@colorado.edu;support-copernicus-gbov@acri-st.fr;NEON;3050;Evergreen Needleleaf;40.0543;-105.58245;20170825T000000Z;2.0;NIWO_048;-999;-999;0.178;0.011;-999;0
GBOV_RM6_810;NiwotRidgeMountainResearchStation;Katherine N. Suding;suding@colorado.edu;support-copernicus-gbov@acri-st.fr;NEON;3050;Evergreen Needleleaf;40.0543;-105.58245;20170908T000000Z;2.0;NIWO_048;-999;-999;0.0704;0.0033;-999;0
GBOV_RM6_810;NiwotRidgeMountainResearchStation;Katherine N. Suding;suding@colorado.edu;support-copernicus-gbov@acri-st.fr;NEON;3050;Evergreen Needleleaf;40.0543;-105.58245;20170922T000000Z;2.0;NIWO_048;-999;-999;0.0265;0.0013;-999;0
GBOV_RM6_810;NiwotRidgeMountainResearchStation;Katherine N. Suding;suding@colorado.edu;support-copernicus-gbov@acri-st.fr;NEON;3050;Evergreen Needleleaf;40.0543;-105.58245;20180525T000000Z;2.0;NIWO_048;-999;-999;0.00012;0.00004;-999;4
GBOV_RM6_810;NiwotRidgeMountainResearchStation;Katherine N. Suding;suding@colorado.edu;support-copernicus-gbov@acri-st.fr;NEON;3050;Evergreen Needleleaf;40.0543;-105.58245;20180608T000000Z;2.0;NIWO_048;-999;-999;0.0063;0.0017;-999;4
GBOV_RM6_810;NiwotRidgeMountainResearchStation;Katherine N. Suding;suding@colorado.edu;support-copernicus-gbov@acri-st.fr;NEON;3050;Evergreen Needleleaf;40.0543;-105.58245;20180622T000000Z;2.0;NIWO_048;-999;-999;0.106;0.010;-999;0
GBOV_RM6_810;NiwotRidgeMountainResearchStation;Katherine N. Suding;suding@colorado.edu;support-copernicus-gbov@acri-st.fr;NEON;3050;Evergreen Needleleaf;40.0543;-105.58245;20180706T000000Z;2.0;NIWO_048;-999;-999;0.225;0.021;-999;0
GBOV_RM6_810;NiwotRidgeMountainResearchStation;Katherine N. Suding;suding@colorado.edu;support-copernicus-gbov@acri-st.fr;NEON;3050;Evergreen Needleleaf;40.0543;-105.58245;20180720T000000Z;2.0;NIWO_048;-999;-999;0.189;0.015;-999;0
GBOV_RM6_810;NiwotRidgeMountainResearchStation;Katherine N. Suding;suding@colorado.edu;support-copernicus-gbov@acri-st.fr;NEON;3050;Evergreen Needleleaf;40.0543;-105.58245;20180803T000000Z;2.0;NIWO_048;-999;-999;0.148;0.011;-999;0
GBOV_RM6_810;NiwotRidgeMountainResearchStation;Katherine N. Suding;suding@colorado.edu;support-copernicus-gbov@acri-st.fr;NEON;3050;Evergreen Needleleaf;40.0543;-105.58245;20180817T000000Z;2.0;NIWO_048;-999;-999;0.0692;0.0031;-999;0
GBOV_RM6_810;NiwotRidgeMountainResearchStation;Katherine N. Suding;suding@colorado.edu;support-copernicus-gbov@acri-st.fr;NEON;3050;Evergreen Needleleaf;40.0543;-105.58245;20180831T000000Z;2.0;NIWO_048;-999;-999;0.0506;0.0029;-999;0
GBOV_RM6_810;NiwotRidgeMountainResearchStation;Katherine N. Suding;suding@colorado.edu;support-copernicus-gbov@acri-st.fr;NEON;3050;Evergreen Needleleaf;40.0543;-105.58245;20180914T000000Z;2.0;NIWO_048;-999;-999;0.0379;0.0020;-999;0
GBOV_RM6_810;NiwotRidgeMountainResearchStation;Katherine N. Suding;suding@colorado.edu;support-copernicus-gbov@acri-st.fr;NEON;3050;Evergreen Needleleaf;40.0543;-105.58245;20180928T000000Z;2.0;NIWO_048;-999;-999;0.0296;0.0016;-999;0
GBOV_RM6_810;NiwotRidgeMountainResearchStation;Katherine N. Suding;suding@colorado.edu;support-copernicus-gbov@acri-st.fr;NEON;3050;Evergreen Needleleaf;40.0543;-105.58245;20190531T112400Z;2.0;NIWO_048;-999;-999;0.000025;0.000012;-999;0
GBOV_RM6_810;NiwotRidgeMountainResearchStation;Katherine N. Suding;suding@colorado.edu;support-copernicus-gbov@acri-st.fr;NEON;3050;Evergreen Needleleaf;40.0543;-105.58245;20190617T123000Z;2.0;NIWO_048;-999;-999;0.000031;0.00001;-999;0
GBOV_RM6_810;NiwotRidgeMountainResearchStation;Katherine N. Suding;suding@colorado.edu;support-copernicus-gbov@acri-st.fr;NEON;3050;Evergreen Needleleaf;40.0543;-105.58245;20190701T125000Z;2.0;NIWO_048;-999;-999;0.0021;0.0007;-999;0
GBOV_RM6_810;NiwotRidgeMountainResearchStation;Katherine N. Suding;suding@colorado.edu;support-copernicus-gbov@acri-st.fr;NEON;3050;Evergreen Needleleaf;40.0543;-105.58245;20190715T132200Z;2.0;NIWO_048;-999;-999;0.146;0.017;-999;0
GBOV_RM6_810;NiwotRidgeMountainResearchStation;Katherine N. Suding;suding@colorado.edu;support-copernicus-gbov@acri-st.fr;NEON;3050;Evergreen Needleleaf;40.0543;-105.58245;20190729T142400Z;2.0;NIWO_048;-999;-999;0.188;0.019;-999;0
GBOV_RM6_810;NiwotRidgeMountainResearchStation;Katherine N. Suding;suding@colorado.edu;support-copernicus-gbov@acri-st.fr;NEON;3050;Evergreen Needleleaf;40.0543;-105.58245;20190812T104200Z;2.0;NIWO_048;-999;-999;0.269;0.024;-999;0
GBOV_RM6_810;NiwotRidgeMountainResearchStation;Katherine N. Suding;suding@colorado.edu;support-copernicus-gbov@acri-st.fr;NEON;3050;Evergreen Needleleaf;40.0543;-105.58245;20190827T074200Z;2.0;NIWO_048;-999;-999;0.194;0.008;-999;0
GBOV_RM6_810;NiwotRidgeMountainResearchStation;Katherine N. Suding;suding@colorado.edu;support-copernicus-gbov@acri-st.fr;NEON;3050;Evergreen Needleleaf;40.0543;-105.58245;20190909T110100Z;2.0;NIWO_048;-999;-999;0.060;0.005;-999;0
GBOV_RM6_810;NiwotRidgeMountainResearchStation;Katherine N. Suding;suding@colorado.edu;support-copernicus-gbov@acri-st.fr;NEON;3050;Evergreen Needleleaf;40.0543;-105.58245;20190923T125100Z;2.0;NIWO_048;-999;-999;0.0345;0.0025;-999;0
