GBOV_ID;Site;GROUND_DATA_PI;GROUND_DATA_PIs_Email;GBOV_Email;Network;Elevation;IGBP_class;Lat_IS;Lon_IS;TIME_IS;Version;PLOT_ID;FIPAR_up;FIPAR_up_err;FIPAR_down;FIPAR_down_err;up_flag;down_flag
GBOV_RM6_374;TalladegaNationalForest;Courtney Meier;cmeier@battelleecology.org;support-copernicus-gbov@acri-st.fr;NEON;135;Mixed Forest;32.9504585266113;-87.3932723999023;20140516T000000Z;2.0;TALL_046;0.858;0.022;0.41;0.04;0;32
GBOV_RM6_374;TalladegaNationalForest;Courtney Meier;cmeier@battelleecology.org;support-copernicus-gbov@acri-st.fr;NEON;135;Mixed Forest;32.9504585266113;-87.3932723999023;20140530T000000Z;2.0;TALL_046;0.873;0.017;0.44;0.04;0;0
GBOV_RM6_374;TalladegaNationalForest;Courtney Meier;cmeier@battelleecology.org;support-copernicus-gbov@acri-st.fr;NEON;135;Mixed Forest;32.9504585266113;-87.3932723999023;20140613T000000Z;2.0;TALL_046;0.848;0.021;0.35;0.06;0;0
GBOV_RM6_374;TalladegaNationalForest;Courtney Meier;cmeier@battelleecology.org;support-copernicus-gbov@acri-st.fr;NEON;135;Mixed Forest;32.9504585266113;-87.3932723999023;20140627T000000Z;2.0;TALL_046;0.894;0.017;0.43;0.06;0;0
GBOV_RM6_374;TalladegaNationalForest;Courtney Meier;cmeier@battelleecology.org;support-copernicus-gbov@acri-st.fr;NEON;135;Mixed Forest;32.9504585266113;-87.3932723999023;20140711T000000Z;2.0;TALL_046;0.891;0.015;0.31;0.04;32;32
GBOV_RM6_374;TalladegaNationalForest;Courtney Meier;cmeier@battelleecology.org;support-copernicus-gbov@acri-st.fr;NEON;135;Mixed Forest;32.9504585266113;-87.3932723999023;20140725T000000Z;2.0;TALL_046;0.881;0.019;0.33;0.04;0;0
GBOV_RM6_374;TalladegaNationalForest;Courtney Meier;cmeier@battelleecology.org;support-copernicus-gbov@acri-st.fr;NEON;135;Mixed Forest;32.9504585266113;-87.3932723999023;20140808T000000Z;2.0;TALL_046;0.884;0.017;0.357;0.032;0;0
GBOV_RM6_374;TalladegaNationalForest;Courtney Meier;cmeier@battelleecology.org;support-copernicus-gbov@acri-st.fr;NEON;135;Mixed Forest;32.9504585266113;-87.3932723999023;20140822T000000Z;2.0;TALL_046;0.867;0.017;0.430;0.031;0;0
GBOV_RM6_374;TalladegaNationalForest;Courtney Meier;cmeier@battelleecology.org;support-copernicus-gbov@acri-st.fr;NEON;135;Mixed Forest;32.9504585266113;-87.3932723999023;20140905T000000Z;2.0;TALL_046;0.888;0.012;0.290;0.035;0;0
GBOV_RM6_374;TalladegaNationalForest;Courtney Meier;cmeier@battelleecology.org;support-copernicus-gbov@acri-st.fr;NEON;135;Mixed Forest;32.9504585266113;-87.3932723999023;20140919T000000Z;2.0;TALL_046;0.856;0.015;0.32;0.04;0;0
GBOV_RM6_374;TalladegaNationalForest;Courtney Meier;cmeier@battelleecology.org;support-copernicus-gbov@acri-st.fr;NEON;135;Mixed Forest;32.9504585266113;-87.3932723999023;20141006T000000Z;2.0;TALL_046;0.887;0.015;0.273;0.032;0;32
GBOV_RM6_374;TalladegaNationalForest;Courtney Meier;cmeier@battelleecology.org;support-copernicus-gbov@acri-st.fr;NEON;135;Mixed Forest;32.9504585266113;-87.3932723999023;20141017T000000Z;2.0;TALL_046;0.894;0.014;0.351;0.028;0;0
GBOV_RM6_374;TalladegaNationalForest;Courtney Meier;cmeier@battelleecology.org;support-copernicus-gbov@acri-st.fr;NEON;135;Mixed Forest;32.9504585266113;-87.3932723999023;20141031T000000Z;2.0;TALL_046;0.889;0.015;0.216;0.022;0;0
GBOV_RM6_374;TalladegaNationalForest;Courtney Meier;cmeier@battelleecology.org;support-copernicus-gbov@acri-st.fr;NEON;135;Mixed Forest;32.9504585266113;-87.3932723999023;20150320T000000Z;2.0;TALL_046;0.649;0.017;0.063;0.009;0;32
GBOV_RM6_374;TalladegaNationalForest;Courtney Meier;cmeier@battelleecology.org;support-copernicus-gbov@acri-st.fr;NEON;135;Mixed Forest;32.9504585266113;-87.3932723999023;20150402T000000Z;2.0;TALL_046;0.644;0.016;0.076;0.015;0;0
GBOV_RM6_374;TalladegaNationalForest;Courtney Meier;cmeier@battelleecology.org;support-copernicus-gbov@acri-st.fr;NEON;135;Mixed Forest;32.9504585266113;-87.3932723999023;20150416T000000Z;2.0;TALL_046;0.825;0.017;0.328;0.034;0;0
GBOV_RM6_374;TalladegaNationalForest;Courtney Meier;cmeier@battelleecology.org;support-copernicus-gbov@acri-st.fr;NEON;135;Mixed Forest;32.9504585266113;-87.3932723999023;20150430T000000Z;2.0;TALL_046;0.858;0.019;0.46;0.06;0;0
GBOV_RM6_374;TalladegaNationalForest;Courtney Meier;cmeier@battelleecology.org;support-copernicus-gbov@acri-st.fr;NEON;135;Mixed Forest;32.9504585266113;-87.3932723999023;20150514T000000Z;2.0;TALL_046;0.869;0.021;0.18;0.04;0;0
GBOV_RM6_374;TalladegaNationalForest;Courtney Meier;cmeier@battelleecology.org;support-copernicus-gbov@acri-st.fr;NEON;135;Mixed Forest;32.9504585266113;-87.3932723999023;20150611T000000Z;2.0;TALL_046;0.904;0.018;0.410;0.027;0;0
GBOV_RM6_374;TalladegaNationalForest;Courtney Meier;cmeier@battelleecology.org;support-copernicus-gbov@acri-st.fr;NEON;135;Mixed Forest;32.9504585266113;-87.3932723999023;20150625T000000Z;2.0;TALL_046;0.882;0.019;0.333;0.026;0;0
GBOV_RM6_374;TalladegaNationalForest;Courtney Meier;cmeier@battelleecology.org;support-copernicus-gbov@acri-st.fr;NEON;135;Mixed Forest;32.9504585266113;-87.3932723999023;20150709T000000Z;2.0;TALL_046;0.922;0.014;0.21;0.04;0;0
GBOV_RM6_374;TalladegaNationalForest;Courtney Meier;cmeier@battelleecology.org;support-copernicus-gbov@acri-st.fr;NEON;135;Mixed Forest;32.9504585266113;-87.3932723999023;20150806T000000Z;2.0;TALL_046;0.847;0.018;0.287;0.029;0;0
GBOV_RM6_374;TalladegaNationalForest;Courtney Meier;cmeier@battelleecology.org;support-copernicus-gbov@acri-st.fr;NEON;135;Mixed Forest;32.9504585266113;-87.3932723999023;20150820T000000Z;2.0;TALL_046;0.871;0.016;0.21;0.04;0;0
GBOV_RM6_374;TalladegaNationalForest;Courtney Meier;cmeier@battelleecology.org;support-copernicus-gbov@acri-st.fr;NEON;135;Mixed Forest;32.9504585266113;-87.3932723999023;20150903T000000Z;2.0;TALL_046;0.857;0.015;0.29;0.05;0;0
GBOV_RM6_374;TalladegaNationalForest;Courtney Meier;cmeier@battelleecology.org;support-copernicus-gbov@acri-st.fr;NEON;135;Mixed Forest;32.9504585266113;-87.3932723999023;20150917T000000Z;2.0;TALL_046;0.868;0.013;0.276;0.031;0;0
GBOV_RM6_374;TalladegaNationalForest;Courtney Meier;cmeier@battelleecology.org;support-copernicus-gbov@acri-st.fr;NEON;135;Mixed Forest;32.9504585266113;-87.3932723999023;20151001T000000Z;2.0;TALL_046;0.888;0.016;0.267;0.024;0;8
GBOV_RM6_374;TalladegaNationalForest;Courtney Meier;cmeier@battelleecology.org;support-copernicus-gbov@acri-st.fr;NEON;135;Mixed Forest;32.9504585266113;-87.3932723999023;20151015T000000Z;2.0;TALL_046;0.885;0.013;0.204;0.030;0;0
GBOV_RM6_374;TalladegaNationalForest;Courtney Meier;cmeier@battelleecology.org;support-copernicus-gbov@acri-st.fr;NEON;135;Mixed Forest;32.9504585266113;-87.3932723999023;20151029T000000Z;2.0;TALL_046;0.863;0.017;0.143;0.022;0;0
GBOV_RM6_374;TalladegaNationalForest;Courtney Meier;cmeier@battelleecology.org;support-copernicus-gbov@acri-st.fr;NEON;135;Mixed Forest;32.9504585266113;-87.3932723999023;20160317T000000Z;2.0;TALL_046;0.566;0.020;0.087;0.017;0;0
GBOV_RM6_374;TalladegaNationalForest;Courtney Meier;cmeier@battelleecology.org;support-copernicus-gbov@acri-st.fr;NEON;135;Mixed Forest;32.9504585266113;-87.3932723999023;20160401T000000Z;2.0;TALL_046;0.525;0.021;0.072;0.017;36;0
GBOV_RM6_374;TalladegaNationalForest;Courtney Meier;cmeier@battelleecology.org;support-copernicus-gbov@acri-st.fr;NEON;135;Mixed Forest;32.9504585266113;-87.3932723999023;20160414T000000Z;2.0;TALL_046;0.641;0.028;0.157;0.017;0;0
GBOV_RM6_374;TalladegaNationalForest;Courtney Meier;cmeier@battelleecology.org;support-copernicus-gbov@acri-st.fr;NEON;135;Mixed Forest;32.9504585266113;-87.3932723999023;20160428T000000Z;2.0;TALL_046;0.786;0.024;0.25;0.04;0;0
GBOV_RM6_374;TalladegaNationalForest;Courtney Meier;cmeier@battelleecology.org;support-copernicus-gbov@acri-st.fr;NEON;135;Mixed Forest;32.9504585266113;-87.3932723999023;20160511T000000Z;2.0;TALL_046;0.767;0.027;0.24;0.04;0;0
GBOV_RM6_374;TalladegaNationalForest;Courtney Meier;cmeier@battelleecology.org;support-copernicus-gbov@acri-st.fr;NEON;135;Mixed Forest;32.9504585266113;-87.3932723999023;20160608T000000Z;2.0;TALL_046;0.823;0.028;0.30;0.04;0;0
GBOV_RM6_374;TalladegaNationalForest;Courtney Meier;cmeier@battelleecology.org;support-copernicus-gbov@acri-st.fr;NEON;135;Mixed Forest;32.9504585266113;-87.3932723999023;20160621T000000Z;2.0;TALL_046;0.797;0.026;0.27;0.05;0;0
GBOV_RM6_374;TalladegaNationalForest;Courtney Meier;cmeier@battelleecology.org;support-copernicus-gbov@acri-st.fr;NEON;135;Mixed Forest;32.9504585266113;-87.3932723999023;20160719T000000Z;2.0;TALL_046;0.818;0.030;0.32;0.04;0;0
GBOV_RM6_374;TalladegaNationalForest;Courtney Meier;cmeier@battelleecology.org;support-copernicus-gbov@acri-st.fr;NEON;135;Mixed Forest;32.9504585266113;-87.3932723999023;20160804T000000Z;2.0;TALL_046;0.770;0.031;0.41;0.04;0;0
GBOV_RM6_374;TalladegaNationalForest;Courtney Meier;cmeier@battelleecology.org;support-copernicus-gbov@acri-st.fr;NEON;135;Mixed Forest;32.9504585266113;-87.3932723999023;20160819T000000Z;2.0;TALL_046;0.738;0.021;0.291;0.029;65;9
GBOV_RM6_374;TalladegaNationalForest;Courtney Meier;cmeier@battelleecology.org;support-copernicus-gbov@acri-st.fr;NEON;135;Mixed Forest;32.9504585266113;-87.3932723999023;20160830T000000Z;2.0;TALL_046;0.883;0.015;0.262;0.029;1;1
GBOV_RM6_374;TalladegaNationalForest;Courtney Meier;cmeier@battelleecology.org;support-copernicus-gbov@acri-st.fr;NEON;135;Mixed Forest;32.9504585266113;-87.3932723999023;20160913T000000Z;2.0;TALL_046;0.834;0.022;0.31;0.04;1;1
GBOV_RM6_374;TalladegaNationalForest;Courtney Meier;cmeier@battelleecology.org;support-copernicus-gbov@acri-st.fr;NEON;135;Mixed Forest;32.9504585266113;-87.3932723999023;20160929T000000Z;2.0;TALL_046;0.884;0.017;0.208;0.026;1;9
GBOV_RM6_374;TalladegaNationalForest;Courtney Meier;cmeier@battelleecology.org;support-copernicus-gbov@acri-st.fr;NEON;135;Mixed Forest;32.9504585266113;-87.3932723999023;20161013T000000Z;2.0;TALL_046;0.838;0.017;0.222;0.021;1;9
GBOV_RM6_374;TalladegaNationalForest;Courtney Meier;cmeier@battelleecology.org;support-copernicus-gbov@acri-st.fr;NEON;135;Mixed Forest;32.9504585266113;-87.3932723999023;20161025T000000Z;2.0;TALL_046;0.805;0.017;0.149;0.020;1;9
GBOV_RM6_374;TalladegaNationalForest;Courtney Meier;cmeier@battelleecology.org;support-copernicus-gbov@acri-st.fr;NEON;135;Mixed Forest;32.9504585266113;-87.3932723999023;20161110T000000Z;2.0;TALL_046;0.829;0.016;0.095;0.013;1;1
GBOV_RM6_374;TalladegaNationalForest;Courtney Meier;cmeier@battelleecology.org;support-copernicus-gbov@acri-st.fr;NEON;135;Mixed Forest;32.9504585266113;-87.3932723999023;20161122T000000Z;2.0;TALL_046;0.846;0.015;0.114;0.012;1;1
GBOV_RM6_374;TalladegaNationalForest;Courtney Meier;cmeier@battelleecology.org;support-copernicus-gbov@acri-st.fr;NEON;135;Mixed Forest;32.9504585266113;-87.3932723999023;20170324T000000Z;2.0;TALL_046;0.567;0.019;0.056;0.010;0;0
GBOV_RM6_374;TalladegaNationalForest;Courtney Meier;cmeier@battelleecology.org;support-copernicus-gbov@acri-st.fr;NEON;135;Mixed Forest;32.9504585266113;-87.3932723999023;20170406T000000Z;2.0;TALL_046;0.605;0.023;0.135;0.012;0;0
GBOV_RM6_374;TalladegaNationalForest;Courtney Meier;cmeier@battelleecology.org;support-copernicus-gbov@acri-st.fr;NEON;135;Mixed Forest;32.9504585266113;-87.3932723999023;20170419T000000Z;2.0;TALL_046;0.791;0.022;0.19;0.04;1;1
GBOV_RM6_374;TalladegaNationalForest;Courtney Meier;cmeier@battelleecology.org;support-copernicus-gbov@acri-st.fr;NEON;135;Mixed Forest;32.9504585266113;-87.3932723999023;20170503T000000Z;2.0;TALL_046;0.782;0.028;0.39;0.04;0;0
GBOV_RM6_374;TalladegaNationalForest;Courtney Meier;cmeier@battelleecology.org;support-copernicus-gbov@acri-st.fr;NEON;135;Mixed Forest;32.9504585266113;-87.3932723999023;20170519T000000Z;2.0;TALL_046;0.803;0.027;0.27;0.04;1;1
GBOV_RM6_374;TalladegaNationalForest;Courtney Meier;cmeier@battelleecology.org;support-copernicus-gbov@acri-st.fr;NEON;135;Mixed Forest;32.9504585266113;-87.3932723999023;20170602T000000Z;2.0;TALL_046;0.74;0.04;0.34;0.04;1;9
GBOV_RM6_374;TalladegaNationalForest;Courtney Meier;cmeier@battelleecology.org;support-copernicus-gbov@acri-st.fr;NEON;135;Mixed Forest;32.9504585266113;-87.3932723999023;20170613T000000Z;2.0;TALL_046;0.77;0.04;0.34;0.05;1;1
GBOV_RM6_374;TalladegaNationalForest;Courtney Meier;cmeier@battelleecology.org;support-copernicus-gbov@acri-st.fr;NEON;135;Mixed Forest;32.9504585266113;-87.3932723999023;20170628T000000Z;2.0;TALL_046;0.77;0.04;0.30;0.05;0;0
GBOV_RM6_374;TalladegaNationalForest;Courtney Meier;cmeier@battelleecology.org;support-copernicus-gbov@acri-st.fr;NEON;135;Mixed Forest;32.9504585266113;-87.3932723999023;20170712T000000Z;2.0;TALL_046;0.76;0.04;0.36;0.05;0;0
GBOV_RM6_374;TalladegaNationalForest;Courtney Meier;cmeier@battelleecology.org;support-copernicus-gbov@acri-st.fr;NEON;135;Mixed Forest;32.9504585266113;-87.3932723999023;20170726T000000Z;2.0;TALL_046;0.822;0.032;0.24;0.04;0;0
GBOV_RM6_374;TalladegaNationalForest;Courtney Meier;cmeier@battelleecology.org;support-copernicus-gbov@acri-st.fr;NEON;135;Mixed Forest;32.9504585266113;-87.3932723999023;20170809T000000Z;2.0;TALL_046;0.779;0.034;0.23;0.04;0;0
GBOV_RM6_374;TalladegaNationalForest;Courtney Meier;cmeier@battelleecology.org;support-copernicus-gbov@acri-st.fr;NEON;135;Mixed Forest;32.9504585266113;-87.3932723999023;20170825T000000Z;2.0;TALL_046;0.820;0.030;0.30;0.04;0;0
GBOV_RM6_374;TalladegaNationalForest;Courtney Meier;cmeier@battelleecology.org;support-copernicus-gbov@acri-st.fr;NEON;135;Mixed Forest;32.9504585266113;-87.3932723999023;20170906T000000Z;2.0;TALL_046;0.793;0.026;0.231;0.035;0;0
GBOV_RM6_374;TalladegaNationalForest;Courtney Meier;cmeier@battelleecology.org;support-copernicus-gbov@acri-st.fr;NEON;135;Mixed Forest;32.9504585266113;-87.3932723999023;20170919T000000Z;2.0;TALL_046;0.810;0.018;0.229;0.026;0;0
GBOV_RM6_374;TalladegaNationalForest;Courtney Meier;cmeier@battelleecology.org;support-copernicus-gbov@acri-st.fr;NEON;135;Mixed Forest;32.9504585266113;-87.3932723999023;20171003T000000Z;2.0;TALL_046;0.807;0.016;0.277;0.034;0;0
GBOV_RM6_374;TalladegaNationalForest;Courtney Meier;cmeier@battelleecology.org;support-copernicus-gbov@acri-st.fr;NEON;135;Mixed Forest;32.9504585266113;-87.3932723999023;20171017T000000Z;2.0;TALL_046;0.818;0.014;0.243;0.034;1;1
GBOV_RM6_374;TalladegaNationalForest;Courtney Meier;cmeier@battelleecology.org;support-copernicus-gbov@acri-st.fr;NEON;135;Mixed Forest;32.9504585266113;-87.3932723999023;20171101T000000Z;2.0;TALL_046;0.875;0.014;0.112;0.015;0;0
GBOV_RM6_374;TalladegaNationalForest;Courtney Meier;cmeier@battelleecology.org;support-copernicus-gbov@acri-st.fr;NEON;135;Mixed Forest;32.9504585266113;-87.3932723999023;20180321T000000Z;2.0;TALL_046;0.549;0.023;0.079;0.016;0;0
GBOV_RM6_374;TalladegaNationalForest;Courtney Meier;cmeier@battelleecology.org;support-copernicus-gbov@acri-st.fr;NEON;135;Mixed Forest;32.9504585266113;-87.3932723999023;20180403T000000Z;2.0;TALL_046;0.543;0.022;0.080;0.023;0;0
GBOV_RM6_374;TalladegaNationalForest;Courtney Meier;cmeier@battelleecology.org;support-copernicus-gbov@acri-st.fr;NEON;135;Mixed Forest;32.9504585266113;-87.3932723999023;20180418T000000Z;2.0;TALL_046;0.760;0.025;0.26;0.05;0;0
GBOV_RM6_374;TalladegaNationalForest;Courtney Meier;cmeier@battelleecology.org;support-copernicus-gbov@acri-st.fr;NEON;135;Mixed Forest;32.9504585266113;-87.3932723999023;20180502T000000Z;2.0;TALL_046;0.815;0.026;0.27;0.07;0;0
GBOV_RM6_374;TalladegaNationalForest;Courtney Meier;cmeier@battelleecology.org;support-copernicus-gbov@acri-st.fr;NEON;135;Mixed Forest;32.9504585266113;-87.3932723999023;20180516T000000Z;2.0;TALL_046;0.731;0.035;0.23;0.06;0;0
GBOV_RM6_374;TalladegaNationalForest;Courtney Meier;cmeier@battelleecology.org;support-copernicus-gbov@acri-st.fr;NEON;135;Mixed Forest;32.9504585266113;-87.3932723999023;20180601T000000Z;2.0;TALL_046;0.803;0.034;0.25;0.06;0;0
GBOV_RM6_374;TalladegaNationalForest;Courtney Meier;cmeier@battelleecology.org;support-copernicus-gbov@acri-st.fr;NEON;135;Mixed Forest;32.9504585266113;-87.3932723999023;20180613T000000Z;2.0;TALL_046;0.79;0.04;0.28;0.06;0;0
GBOV_RM6_374;TalladegaNationalForest;Courtney Meier;cmeier@battelleecology.org;support-copernicus-gbov@acri-st.fr;NEON;135;Mixed Forest;32.9504585266113;-87.3932723999023;20180627T000000Z;2.0;TALL_046;0.832;0.034;0.30;0.06;0;0
GBOV_RM6_374;TalladegaNationalForest;Courtney Meier;cmeier@battelleecology.org;support-copernicus-gbov@acri-st.fr;NEON;135;Mixed Forest;32.9504585266113;-87.3932723999023;20180711T000000Z;2.0;TALL_046;0.80;0.04;0.33;0.05;0;0
GBOV_RM6_374;TalladegaNationalForest;Courtney Meier;cmeier@battelleecology.org;support-copernicus-gbov@acri-st.fr;NEON;135;Mixed Forest;32.9504585266113;-87.3932723999023;20180724T000000Z;2.0;TALL_046;0.80;0.04;0.34;0.06;0;0
GBOV_RM6_374;TalladegaNationalForest;Courtney Meier;cmeier@battelleecology.org;support-copernicus-gbov@acri-st.fr;NEON;135;Mixed Forest;32.9504585266113;-87.3932723999023;20180808T000000Z;2.0;TALL_046;0.821;0.029;0.24;0.04;0;0
GBOV_RM6_374;TalladegaNationalForest;Courtney Meier;cmeier@battelleecology.org;support-copernicus-gbov@acri-st.fr;NEON;135;Mixed Forest;32.9504585266113;-87.3932723999023;20180821T000000Z;2.0;TALL_046;0.821;0.029;0.28;0.06;0;0
GBOV_RM6_374;TalladegaNationalForest;Courtney Meier;cmeier@battelleecology.org;support-copernicus-gbov@acri-st.fr;NEON;135;Mixed Forest;32.9504585266113;-87.3932723999023;20180907T000000Z;2.0;TALL_046;0.827;0.025;0.28;0.05;0;0
GBOV_RM6_374;TalladegaNationalForest;Courtney Meier;cmeier@battelleecology.org;support-copernicus-gbov@acri-st.fr;NEON;135;Mixed Forest;32.9504585266113;-87.3932723999023;20180918T000000Z;2.0;TALL_046;0.842;0.019;0.31;0.04;2;0
GBOV_RM6_374;TalladegaNationalForest;Courtney Meier;cmeier@battelleecology.org;support-copernicus-gbov@acri-st.fr;NEON;135;Mixed Forest;32.9504585266113;-87.3932723999023;20181002T000000Z;2.0;TALL_046;0.876;0.017;0.33;0.04;0;0
GBOV_RM6_374;TalladegaNationalForest;Courtney Meier;cmeier@battelleecology.org;support-copernicus-gbov@acri-st.fr;NEON;135;Mixed Forest;32.9504585266113;-87.3932723999023;20181016T000000Z;2.0;TALL_046;0.904;0.011;0.237;0.030;0;0
GBOV_RM6_374;TalladegaNationalForest;Courtney Meier;cmeier@battelleecology.org;support-copernicus-gbov@acri-st.fr;NEON;135;Mixed Forest;32.9504585266113;-87.3932723999023;20181030T000000Z;2.0;TALL_046;0.899;0.016;0.246;0.031;0;0
GBOV_RM6_374;TalladegaNationalForest;Courtney Meier;cmeier@battelleecology.org;support-copernicus-gbov@acri-st.fr;NEON;135;Mixed Forest;32.9504585266113;-87.3932723999023;20190319T062900Z;2.0;TALL_046;0.513;0.022;0.113;0.030;0;0
GBOV_RM6_374;TalladegaNationalForest;Courtney Meier;cmeier@battelleecology.org;support-copernicus-gbov@acri-st.fr;NEON;135;Mixed Forest;32.9504585266113;-87.3932723999023;20190402T055200Z;2.0;TALL_046;0.545;0.028;0.135;0.027;0;0
GBOV_RM6_374;TalladegaNationalForest;Courtney Meier;cmeier@battelleecology.org;support-copernicus-gbov@acri-st.fr;NEON;135;Mixed Forest;32.9504585266113;-87.3932723999023;20190417T054400Z;2.0;TALL_046;0.732;0.025;0.21;0.05;0;0
GBOV_RM6_374;TalladegaNationalForest;Courtney Meier;cmeier@battelleecology.org;support-copernicus-gbov@acri-st.fr;NEON;135;Mixed Forest;32.9504585266113;-87.3932723999023;20190430T052000Z;2.0;TALL_046;0.817;0.025;0.49;0.05;0;0
GBOV_RM6_374;TalladegaNationalForest;Courtney Meier;cmeier@battelleecology.org;support-copernicus-gbov@acri-st.fr;NEON;135;Mixed Forest;32.9504585266113;-87.3932723999023;20190515T051400Z;2.0;TALL_046;0.827;0.030;0.527;0.033;0;0
GBOV_RM6_374;TalladegaNationalForest;Courtney Meier;cmeier@battelleecology.org;support-copernicus-gbov@acri-st.fr;NEON;135;Mixed Forest;32.9504585266113;-87.3932723999023;20190530T045200Z;2.0;TALL_046;0.851;0.028;0.41;0.06;0;0
GBOV_RM6_374;TalladegaNationalForest;Courtney Meier;cmeier@battelleecology.org;support-copernicus-gbov@acri-st.fr;NEON;135;Mixed Forest;32.9504585266113;-87.3932723999023;20190611T044600Z;2.0;TALL_046;0.848;0.028;0.41;0.04;0;0
GBOV_RM6_374;TalladegaNationalForest;Courtney Meier;cmeier@battelleecology.org;support-copernicus-gbov@acri-st.fr;NEON;135;Mixed Forest;32.9504585266113;-87.3932723999023;20190625T050000Z;2.0;TALL_046;0.852;0.026;0.31;0.06;0;0
GBOV_RM6_374;TalladegaNationalForest;Courtney Meier;cmeier@battelleecology.org;support-copernicus-gbov@acri-st.fr;NEON;135;Mixed Forest;32.9504585266113;-87.3932723999023;20190711T050700Z;2.0;TALL_046;0.843;0.028;0.39;0.04;0;0
GBOV_RM6_374;TalladegaNationalForest;Courtney Meier;cmeier@battelleecology.org;support-copernicus-gbov@acri-st.fr;NEON;135;Mixed Forest;32.9504585266113;-87.3932723999023;20190724T050800Z;2.0;TALL_046;0.837;0.033;0.43;0.05;0;0
GBOV_RM6_374;TalladegaNationalForest;Courtney Meier;cmeier@battelleecology.org;support-copernicus-gbov@acri-st.fr;NEON;135;Mixed Forest;32.9504585266113;-87.3932723999023;20190806T051000Z;2.0;TALL_046;0.856;0.024;0.40;0.04;0;0
GBOV_RM6_374;TalladegaNationalForest;Courtney Meier;cmeier@battelleecology.org;support-copernicus-gbov@acri-st.fr;NEON;135;Mixed Forest;32.9504585266113;-87.3932723999023;20190820T053300Z;2.0;TALL_046;0.822;0.032;0.44;0.05;0;0
GBOV_RM6_374;TalladegaNationalForest;Courtney Meier;cmeier@battelleecology.org;support-copernicus-gbov@acri-st.fr;NEON;135;Mixed Forest;32.9504585266113;-87.3932723999023;20190904T053600Z;2.0;TALL_046;0.839;0.027;0.39;0.04;0;0
GBOV_RM6_374;TalladegaNationalForest;Courtney Meier;cmeier@battelleecology.org;support-copernicus-gbov@acri-st.fr;NEON;135;Mixed Forest;32.9504585266113;-87.3932723999023;20190917T054300Z;2.0;TALL_046;0.855;0.022;0.30;0.04;0;0
GBOV_RM6_374;TalladegaNationalForest;Courtney Meier;cmeier@battelleecology.org;support-copernicus-gbov@acri-st.fr;NEON;135;Mixed Forest;32.9504585266113;-87.3932723999023;20191001T054600Z;2.0;TALL_046;0.862;0.017;0.27;0.04;0;0
GBOV_RM6_374;TalladegaNationalForest;Courtney Meier;cmeier@battelleecology.org;support-copernicus-gbov@acri-st.fr;NEON;135;Mixed Forest;32.9504585266113;-87.3932723999023;20191016T061000Z;2.0;TALL_046;0.874;0.012;0.30;0.04;0;0
GBOV_RM6_374;TalladegaNationalForest;Courtney Meier;cmeier@battelleecology.org;support-copernicus-gbov@acri-st.fr;NEON;135;Mixed Forest;32.9504585266113;-87.3932723999023;20191029T061000Z;2.0;TALL_046;0.862;0.014;0.31;0.04;0;0
