GBOV_ID;Site;GROUND_DATA_PI;GROUND_DATA_PIs_Email;GBOV_Email;Network;Elevation;IGBP_class;Lat_IS;Lon_IS;TIME_IS;Version;PLOT_ID;FIPAR_up;FIPAR_up_err;FIPAR_down;FIPAR_down_err;up_flag;down_flag
GBOV_RM6_1652;SantaRita;Courtney Meier;cmeier@battelleecology.org;support-copernicus-gbov@acri-st.fr;NEON;983;Closed Shrublands;31.91068;-110.83549;20160427T060500Z;2.0;SRER_046;-999;-999;0.014;0.005;-999;0
GBOV_RM6_1652;SantaRita;Courtney Meier;cmeier@battelleecology.org;support-copernicus-gbov@acri-st.fr;NEON;983;Closed Shrublands;31.91068;-110.83549;20160512T060600Z;2.0;SRER_046;-999;-999;0.017;0.007;-999;0
GBOV_RM6_1652;SantaRita;Courtney Meier;cmeier@battelleecology.org;support-copernicus-gbov@acri-st.fr;NEON;983;Closed Shrublands;31.91068;-110.83549;20160525T060900Z;2.0;SRER_046;-999;-999;0.074;0.021;-999;0
GBOV_RM6_1652;SantaRita;Courtney Meier;cmeier@battelleecology.org;support-copernicus-gbov@acri-st.fr;NEON;983;Closed Shrublands;31.91068;-110.83549;20160608T135800Z;2.0;SRER_046;-999;-999;0.0032;0.0011;-999;0
GBOV_RM6_1652;SantaRita;Courtney Meier;cmeier@battelleecology.org;support-copernicus-gbov@acri-st.fr;NEON;983;Closed Shrublands;31.91068;-110.83549;20160622T114300Z;2.0;SRER_046;-999;-999;0.0019;0.0006;-999;0
GBOV_RM6_1652;SantaRita;Courtney Meier;cmeier@battelleecology.org;support-copernicus-gbov@acri-st.fr;NEON;983;Closed Shrublands;31.91068;-110.83549;20160706T121700Z;2.0;SRER_046;-999;-999;0.048;0.016;-999;0
GBOV_RM6_1652;SantaRita;Courtney Meier;cmeier@battelleecology.org;support-copernicus-gbov@acri-st.fr;NEON;983;Closed Shrublands;31.91068;-110.83549;20160721T132200Z;2.0;SRER_046;-999;-999;0.048;0.015;-999;0
GBOV_RM6_1652;SantaRita;Courtney Meier;cmeier@battelleecology.org;support-copernicus-gbov@acri-st.fr;NEON;983;Closed Shrublands;31.91068;-110.83549;20160803T130800Z;2.0;SRER_046;-999;-999;0.032;0.009;-999;0
GBOV_RM6_1652;SantaRita;Courtney Meier;cmeier@battelleecology.org;support-copernicus-gbov@acri-st.fr;NEON;983;Closed Shrublands;31.91068;-110.83549;20160817T111700Z;2.0;SRER_046;-999;-999;0.18;0.04;-999;0
GBOV_RM6_1652;SantaRita;Courtney Meier;cmeier@battelleecology.org;support-copernicus-gbov@acri-st.fr;NEON;983;Closed Shrublands;31.91068;-110.83549;20160831T104200Z;2.0;SRER_046;-999;-999;0.113;0.026;-999;0
GBOV_RM6_1652;SantaRita;Courtney Meier;cmeier@battelleecology.org;support-copernicus-gbov@acri-st.fr;NEON;983;Closed Shrublands;31.91068;-110.83549;20160914T114000Z;2.0;SRER_046;-999;-999;0.113;0.021;-999;0
GBOV_RM6_1652;SantaRita;Courtney Meier;cmeier@battelleecology.org;support-copernicus-gbov@acri-st.fr;NEON;983;Closed Shrublands;31.91068;-110.83549;20160928T100800Z;2.0;SRER_046;-999;-999;0.092;0.019;-999;0
GBOV_RM6_1652;SantaRita;Courtney Meier;cmeier@battelleecology.org;support-copernicus-gbov@acri-st.fr;NEON;983;Closed Shrublands;31.91068;-110.83549;20161012T110600Z;2.0;SRER_046;-999;-999;0.106;0.019;-999;0
GBOV_RM6_1652;SantaRita;Courtney Meier;cmeier@battelleecology.org;support-copernicus-gbov@acri-st.fr;NEON;983;Closed Shrublands;31.91068;-110.83549;20161026T142600Z;2.0;SRER_046;-999;-999;0.052;0.009;-999;0
GBOV_RM6_1652;SantaRita;Courtney Meier;cmeier@battelleecology.org;support-copernicus-gbov@acri-st.fr;NEON;983;Closed Shrublands;31.91068;-110.83549;20161109T101300Z;2.0;SRER_046;-999;-999;0.066;0.013;-999;0
GBOV_RM6_1652;SantaRita;Courtney Meier;cmeier@battelleecology.org;support-copernicus-gbov@acri-st.fr;NEON;983;Closed Shrublands;31.91068;-110.83549;20161123T092400Z;2.0;SRER_046;-999;-999;0.051;0.009;-999;0
GBOV_RM6_1652;SantaRita;Courtney Meier;cmeier@battelleecology.org;support-copernicus-gbov@acri-st.fr;NEON;983;Closed Shrublands;31.91068;-110.83549;20170609T093600Z;2.0;SRER_046;-999;-999;0.0056;0.0025;-999;0
GBOV_RM6_1652;SantaRita;Courtney Meier;cmeier@battelleecology.org;support-copernicus-gbov@acri-st.fr;NEON;983;Closed Shrublands;31.91068;-110.83549;20170621T082700Z;2.0;SRER_046;-999;-999;0.0010;0.0004;-999;0
GBOV_RM6_1652;SantaRita;Courtney Meier;cmeier@battelleecology.org;support-copernicus-gbov@acri-st.fr;NEON;983;Closed Shrublands;31.91068;-110.83549;20170707T094600Z;2.0;SRER_046;-999;-999;0.0018;0.0006;-999;0
GBOV_RM6_1652;SantaRita;Courtney Meier;cmeier@battelleecology.org;support-copernicus-gbov@acri-st.fr;NEON;983;Closed Shrublands;31.91068;-110.83549;20170719T155100Z;2.0;SRER_046;-999;-999;0.014;0.005;-999;0
GBOV_RM6_1652;SantaRita;Courtney Meier;cmeier@battelleecology.org;support-copernicus-gbov@acri-st.fr;NEON;983;Closed Shrublands;31.91068;-110.83549;20170803T085200Z;2.0;SRER_046;-999;-999;0.096;0.021;-999;0
GBOV_RM6_1652;SantaRita;Courtney Meier;cmeier@battelleecology.org;support-copernicus-gbov@acri-st.fr;NEON;983;Closed Shrublands;31.91068;-110.83549;20170816T104400Z;2.0;SRER_046;-999;-999;0.034;0.009;-999;0
GBOV_RM6_1652;SantaRita;Courtney Meier;cmeier@battelleecology.org;support-copernicus-gbov@acri-st.fr;NEON;983;Closed Shrublands;31.91068;-110.83549;20170830T155200Z;2.0;SRER_046;-999;-999;0.0052;0.0021;-999;0
GBOV_RM6_1652;SantaRita;Courtney Meier;cmeier@battelleecology.org;support-copernicus-gbov@acri-st.fr;NEON;983;Closed Shrublands;31.91068;-110.83549;20170913T155700Z;2.0;SRER_046;-999;-999;0.0039;0.0015;-999;0
GBOV_RM6_1652;SantaRita;Courtney Meier;cmeier@battelleecology.org;support-copernicus-gbov@acri-st.fr;NEON;983;Closed Shrublands;31.91068;-110.83549;20170927T152000Z;2.0;SRER_046;-999;-999;0.012;0.007;-999;0
GBOV_RM6_1652;SantaRita;Courtney Meier;cmeier@battelleecology.org;support-copernicus-gbov@acri-st.fr;NEON;983;Closed Shrublands;31.91068;-110.83549;20171011T150900Z;2.0;SRER_046;-999;-999;0.006;0.004;-999;0
GBOV_RM6_1652;SantaRita;Courtney Meier;cmeier@battelleecology.org;support-copernicus-gbov@acri-st.fr;NEON;983;Closed Shrublands;31.91068;-110.83549;20171025T114400Z;2.0;SRER_046;-999;-999;0.0086;0.0031;-999;0
GBOV_RM6_1652;SantaRita;Courtney Meier;cmeier@battelleecology.org;support-copernicus-gbov@acri-st.fr;NEON;983;Closed Shrublands;31.91068;-110.83549;20180314T150700Z;2.0;SRER_046;-999;-999;0.014;0.005;-999;0
GBOV_RM6_1652;SantaRita;Courtney Meier;cmeier@battelleecology.org;support-copernicus-gbov@acri-st.fr;NEON;983;Closed Shrublands;31.91068;-110.83549;20180403T135400Z;2.0;SRER_046;-999;-999;0.040;0.011;-999;0
GBOV_RM6_1652;SantaRita;Courtney Meier;cmeier@battelleecology.org;support-copernicus-gbov@acri-st.fr;NEON;983;Closed Shrublands;31.91068;-110.83549;20180411T121700Z;2.0;SRER_046;-999;-999;0.067;0.010;-999;0
GBOV_RM6_1652;SantaRita;Courtney Meier;cmeier@battelleecology.org;support-copernicus-gbov@acri-st.fr;NEON;983;Closed Shrublands;31.91068;-110.83549;20180425T105200Z;2.0;SRER_046;-999;-999;0.029;0.006;-999;0
GBOV_RM6_1652;SantaRita;Courtney Meier;cmeier@battelleecology.org;support-copernicus-gbov@acri-st.fr;NEON;983;Closed Shrublands;31.91068;-110.83549;20180509T142400Z;2.0;SRER_046;-999;-999;0.014;0.004;-999;0
GBOV_RM6_1652;SantaRita;Courtney Meier;cmeier@battelleecology.org;support-copernicus-gbov@acri-st.fr;NEON;983;Closed Shrublands;31.91068;-110.83549;20180523T132300Z;2.0;SRER_046;-999;-999;0.0056;0.0015;-999;0
GBOV_RM6_1652;SantaRita;Courtney Meier;cmeier@battelleecology.org;support-copernicus-gbov@acri-st.fr;NEON;983;Closed Shrublands;31.91068;-110.83549;20180606T165100Z;2.0;SRER_046;-999;-999;0.0038;0.0013;-999;0
GBOV_RM6_1652;SantaRita;Courtney Meier;cmeier@battelleecology.org;support-copernicus-gbov@acri-st.fr;NEON;983;Closed Shrublands;31.91068;-110.83549;20180620T135800Z;2.0;SRER_046;-999;-999;0.011;0.005;-999;0
GBOV_RM6_1652;SantaRita;Courtney Meier;cmeier@battelleecology.org;support-copernicus-gbov@acri-st.fr;NEON;983;Closed Shrublands;31.91068;-110.83549;20180704T122000Z;2.0;SRER_046;-999;-999;0.0086;0.0029;-999;0
GBOV_RM6_1652;SantaRita;Courtney Meier;cmeier@battelleecology.org;support-copernicus-gbov@acri-st.fr;NEON;983;Closed Shrublands;31.91068;-110.83549;20180719T092000Z;2.0;SRER_046;-999;-999;0.024;0.008;-999;0
GBOV_RM6_1652;SantaRita;Courtney Meier;cmeier@battelleecology.org;support-copernicus-gbov@acri-st.fr;NEON;983;Closed Shrublands;31.91068;-110.83549;20180801T132700Z;2.0;SRER_046;-999;-999;0.0067;0.0021;-999;0
GBOV_RM6_1652;SantaRita;Courtney Meier;cmeier@battelleecology.org;support-copernicus-gbov@acri-st.fr;NEON;983;Closed Shrublands;31.91068;-110.83549;20180816T112600Z;2.0;SRER_046;-999;-999;0.0101;0.0023;-999;0
GBOV_RM6_1652;SantaRita;Courtney Meier;cmeier@battelleecology.org;support-copernicus-gbov@acri-st.fr;NEON;983;Closed Shrublands;31.91068;-110.83549;20180829T154000Z;2.0;SRER_046;-999;-999;0.051;0.013;-999;0
GBOV_RM6_1652;SantaRita;Courtney Meier;cmeier@battelleecology.org;support-copernicus-gbov@acri-st.fr;NEON;983;Closed Shrublands;31.91068;-110.83549;20180912T121100Z;2.0;SRER_046;-999;-999;0.031;0.008;-999;0
GBOV_RM6_1652;SantaRita;Courtney Meier;cmeier@battelleecology.org;support-copernicus-gbov@acri-st.fr;NEON;983;Closed Shrublands;31.91068;-110.83549;20180926T132600Z;2.0;SRER_046;-999;-999;0.070;0.014;-999;0
GBOV_RM6_1652;SantaRita;Courtney Meier;cmeier@battelleecology.org;support-copernicus-gbov@acri-st.fr;NEON;983;Closed Shrublands;31.91068;-110.83549;20181010T125400Z;2.0;SRER_046;-999;-999;0.092;0.020;-999;0
GBOV_RM6_1652;SantaRita;Courtney Meier;cmeier@battelleecology.org;support-copernicus-gbov@acri-st.fr;NEON;983;Closed Shrublands;31.91068;-110.83549;20181024T102900Z;2.0;SRER_046;-999;-999;0.146;0.027;-999;0
GBOV_RM6_1652;SantaRita;Courtney Meier;cmeier@battelleecology.org;support-copernicus-gbov@acri-st.fr;NEON;983;Closed Shrublands;31.91068;-110.83549;20190304T142400Z;2.0;SRER_046;-999;-999;0.042;0.008;-999;0
GBOV_RM6_1652;SantaRita;Courtney Meier;cmeier@battelleecology.org;support-copernicus-gbov@acri-st.fr;NEON;983;Closed Shrublands;31.91068;-110.83549;20190318T115600Z;2.0;SRER_046;-999;-999;0.043;0.009;-999;0
GBOV_RM6_1652;SantaRita;Courtney Meier;cmeier@battelleecology.org;support-copernicus-gbov@acri-st.fr;NEON;983;Closed Shrublands;31.91068;-110.83549;20190401T152700Z;2.0;SRER_046;-999;-999;0.074;0.019;-999;0
GBOV_RM6_1652;SantaRita;Courtney Meier;cmeier@battelleecology.org;support-copernicus-gbov@acri-st.fr;NEON;983;Closed Shrublands;31.91068;-110.83549;20190415T141100Z;2.0;SRER_046;-999;-999;0.062;0.011;-999;0
GBOV_RM6_1652;SantaRita;Courtney Meier;cmeier@battelleecology.org;support-copernicus-gbov@acri-st.fr;NEON;983;Closed Shrublands;31.91068;-110.83549;20190430T081000Z;2.0;SRER_046;-999;-999;0.113;0.018;-999;0
GBOV_RM6_1652;SantaRita;Courtney Meier;cmeier@battelleecology.org;support-copernicus-gbov@acri-st.fr;NEON;983;Closed Shrublands;31.91068;-110.83549;20190513T120300Z;2.0;SRER_046;-999;-999;0.022;0.008;-999;0
GBOV_RM6_1652;SantaRita;Courtney Meier;cmeier@battelleecology.org;support-copernicus-gbov@acri-st.fr;NEON;983;Closed Shrublands;31.91068;-110.83549;20190527T100100Z;2.0;SRER_046;-999;-999;0.016;0.004;-999;0
GBOV_RM6_1652;SantaRita;Courtney Meier;cmeier@battelleecology.org;support-copernicus-gbov@acri-st.fr;NEON;983;Closed Shrublands;31.91068;-110.83549;20190610T090000Z;2.0;SRER_046;-999;-999;0.012;0.005;-999;2
GBOV_RM6_1652;SantaRita;Courtney Meier;cmeier@battelleecology.org;support-copernicus-gbov@acri-st.fr;NEON;983;Closed Shrublands;31.91068;-110.83549;20190624T104900Z;2.0;SRER_046;-999;-999;0.0037;0.0014;-999;0
GBOV_RM6_1652;SantaRita;Courtney Meier;cmeier@battelleecology.org;support-copernicus-gbov@acri-st.fr;NEON;983;Closed Shrublands;31.91068;-110.83549;20190708T090100Z;2.0;SRER_046;-999;-999;0.024;0.013;-999;0
GBOV_RM6_1652;SantaRita;Courtney Meier;cmeier@battelleecology.org;support-copernicus-gbov@acri-st.fr;NEON;983;Closed Shrublands;31.91068;-110.83549;20190722T111800Z;2.0;SRER_046;-999;-999;0.0021;0.0008;-999;0
GBOV_RM6_1652;SantaRita;Courtney Meier;cmeier@battelleecology.org;support-copernicus-gbov@acri-st.fr;NEON;983;Closed Shrublands;31.91068;-110.83549;20190805T100300Z;2.0;SRER_046;-999;-999;0.039;0.010;-999;0
GBOV_RM6_1652;SantaRita;Courtney Meier;cmeier@battelleecology.org;support-copernicus-gbov@acri-st.fr;NEON;983;Closed Shrublands;31.91068;-110.83549;20190819T123900Z;2.0;SRER_046;-999;-999;0.033;0.010;-999;0
GBOV_RM6_1652;SantaRita;Courtney Meier;cmeier@battelleecology.org;support-copernicus-gbov@acri-st.fr;NEON;983;Closed Shrublands;31.91068;-110.83549;20190902T132600Z;2.0;SRER_046;-999;-999;0.016;0.005;-999;0
GBOV_RM6_1652;SantaRita;Courtney Meier;cmeier@battelleecology.org;support-copernicus-gbov@acri-st.fr;NEON;983;Closed Shrublands;31.91068;-110.83549;20190917T085700Z;2.0;SRER_046;-999;-999;0.045;0.012;-999;0
GBOV_RM6_1652;SantaRita;Courtney Meier;cmeier@battelleecology.org;support-copernicus-gbov@acri-st.fr;NEON;983;Closed Shrublands;31.91068;-110.83549;20190930T120600Z;2.0;SRER_046;-999;-999;0.069;0.014;-999;0
GBOV_RM6_1652;SantaRita;Courtney Meier;cmeier@battelleecology.org;support-copernicus-gbov@acri-st.fr;NEON;983;Closed Shrublands;31.91068;-110.83549;20191014T104300Z;2.0;SRER_046;-999;-999;0.122;0.023;-999;0
GBOV_RM6_1652;SantaRita;Courtney Meier;cmeier@battelleecology.org;support-copernicus-gbov@acri-st.fr;NEON;983;Closed Shrublands;31.91068;-110.83549;20191028T111300Z;2.0;SRER_046;-999;-999;0.086;0.013;-999;0
