GBOV_ID;Site;GROUND_DATA_PI;GROUND_DATA_PIs_Email;GBOV_Email;Network;Elevation;IGBP_class;Lat_IS;Lon_IS;TIME_IS;Version;PLOT_ID;FIPAR_up;FIPAR_up_err;FIPAR_down;FIPAR_down_err;up_flag;down_flag
GBOV_RM6_1060;Underc;Courtney Meier;cmeier@battelleecology.org;support-copernicus-gbov@acri-st.fr;NEON;518;Mixed Forest;46.233959;-89.53751;20150901T000000Z;2.0;UNDE_048;-999;-999;0.238;0.033;2;-999
GBOV_RM6_1060;Underc;Courtney Meier;cmeier@battelleecology.org;support-copernicus-gbov@acri-st.fr;NEON;518;Mixed Forest;46.233959;-89.53751;20150915T000000Z;2.0;UNDE_048;0.865;0.017;0.262;0.024;0;0
GBOV_RM6_1060;Underc;Courtney Meier;cmeier@battelleecology.org;support-copernicus-gbov@acri-st.fr;NEON;518;Mixed Forest;46.233959;-89.53751;20150930T000000Z;2.0;UNDE_048;0.843;0.021;-999;-999;0;-999
GBOV_RM6_1060;Underc;Courtney Meier;cmeier@battelleecology.org;support-copernicus-gbov@acri-st.fr;NEON;518;Mixed Forest;46.233959;-89.53751;20151015T000000Z;2.0;UNDE_048;0.625;0.021;0.037;0.008;0;0
GBOV_RM6_1060;Underc;Courtney Meier;cmeier@battelleecology.org;support-copernicus-gbov@acri-st.fr;NEON;518;Mixed Forest;46.233959;-89.53751;20151027T000000Z;2.0;UNDE_048;0.660;0.024;0.052;0.012;0;0
GBOV_RM6_1060;Underc;Courtney Meier;cmeier@battelleecology.org;support-copernicus-gbov@acri-st.fr;NEON;518;Mixed Forest;46.233959;-89.53751;20160510T000000Z;2.0;UNDE_048;0.39;0.04;0.074;0.017;0;0
GBOV_RM6_1060;Underc;Courtney Meier;cmeier@battelleecology.org;support-copernicus-gbov@acri-st.fr;NEON;518;Mixed Forest;46.233959;-89.53751;20160523T000000Z;2.0;UNDE_048;0.594;0.030;0.181;0.021;0;0
GBOV_RM6_1060;Underc;Courtney Meier;cmeier@battelleecology.org;support-copernicus-gbov@acri-st.fr;NEON;518;Mixed Forest;46.233959;-89.53751;20160607T000000Z;2.0;UNDE_048;0.799;0.023;0.364;0.031;0;32
GBOV_RM6_1060;Underc;Courtney Meier;cmeier@battelleecology.org;support-copernicus-gbov@acri-st.fr;NEON;518;Mixed Forest;46.233959;-89.53751;20160623T000000Z;2.0;UNDE_048;0.835;0.025;0.59;0.04;0;0
GBOV_RM6_1060;Underc;Courtney Meier;cmeier@battelleecology.org;support-copernicus-gbov@acri-st.fr;NEON;518;Mixed Forest;46.233959;-89.53751;20160706T000000Z;2.0;UNDE_048;0.848;0.023;0.54;0.04;0;0
GBOV_RM6_1060;Underc;Courtney Meier;cmeier@battelleecology.org;support-copernicus-gbov@acri-st.fr;NEON;518;Mixed Forest;46.233959;-89.53751;20160720T000000Z;2.0;UNDE_048;0.860;0.019;0.44;0.04;0;16
GBOV_RM6_1060;Underc;Courtney Meier;cmeier@battelleecology.org;support-copernicus-gbov@acri-st.fr;NEON;518;Mixed Forest;46.233959;-89.53751;20160802T000000Z;2.0;UNDE_048;0.861;0.018;0.45;0.04;0;0
GBOV_RM6_1060;Underc;Courtney Meier;cmeier@battelleecology.org;support-copernicus-gbov@acri-st.fr;NEON;518;Mixed Forest;46.233959;-89.53751;20160819T000000Z;2.0;UNDE_048;0.857;0.020;0.375;0.035;0;0
GBOV_RM6_1060;Underc;Courtney Meier;cmeier@battelleecology.org;support-copernicus-gbov@acri-st.fr;NEON;518;Mixed Forest;46.233959;-89.53751;20160829T000000Z;2.0;UNDE_048;0.856;0.018;0.389;0.029;0;0
GBOV_RM6_1060;Underc;Courtney Meier;cmeier@battelleecology.org;support-copernicus-gbov@acri-st.fr;NEON;518;Mixed Forest;46.233959;-89.53751;20161010T000000Z;2.0;UNDE_048;0.607;0.031;0.098;0.017;0;0
GBOV_RM6_1060;Underc;Courtney Meier;cmeier@battelleecology.org;support-copernicus-gbov@acri-st.fr;NEON;518;Mixed Forest;46.233959;-89.53751;20170510T000000Z;2.0;UNDE_048;0.38;0.04;0.057;0.016;0;0
GBOV_RM6_1060;Underc;Courtney Meier;cmeier@battelleecology.org;support-copernicus-gbov@acri-st.fr;NEON;518;Mixed Forest;46.233959;-89.53751;20170523T000000Z;2.0;UNDE_048;0.47;0.04;0.126;0.017;0;0
GBOV_RM6_1060;Underc;Courtney Meier;cmeier@battelleecology.org;support-copernicus-gbov@acri-st.fr;NEON;518;Mixed Forest;46.233959;-89.53751;20170606T000000Z;2.0;UNDE_048;0.802;0.025;0.45;0.04;0;0
GBOV_RM6_1060;Underc;Courtney Meier;cmeier@battelleecology.org;support-copernicus-gbov@acri-st.fr;NEON;518;Mixed Forest;46.233959;-89.53751;20170619T000000Z;2.0;UNDE_048;0.851;0.023;0.50;0.05;0;0
GBOV_RM6_1060;Underc;Courtney Meier;cmeier@battelleecology.org;support-copernicus-gbov@acri-st.fr;NEON;518;Mixed Forest;46.233959;-89.53751;20170705T000000Z;2.0;UNDE_048;0.866;0.024;0.48;0.05;0;0
GBOV_RM6_1060;Underc;Courtney Meier;cmeier@battelleecology.org;support-copernicus-gbov@acri-st.fr;NEON;518;Mixed Forest;46.233959;-89.53751;20170718T000000Z;2.0;UNDE_048;0.866;0.023;0.46;0.05;0;0
GBOV_RM6_1060;Underc;Courtney Meier;cmeier@battelleecology.org;support-copernicus-gbov@acri-st.fr;NEON;518;Mixed Forest;46.233959;-89.53751;20170801T000000Z;2.0;UNDE_048;0.878;0.019;0.39;0.05;0;8
GBOV_RM6_1060;Underc;Courtney Meier;cmeier@battelleecology.org;support-copernicus-gbov@acri-st.fr;NEON;518;Mixed Forest;46.233959;-89.53751;20170815T000000Z;2.0;UNDE_048;0.893;0.019;0.44;0.04;0;0
GBOV_RM6_1060;Underc;Courtney Meier;cmeier@battelleecology.org;support-copernicus-gbov@acri-st.fr;NEON;518;Mixed Forest;46.233959;-89.53751;20170913T000000Z;2.0;UNDE_048;0.893;0.017;0.37;0.04;0;0
GBOV_RM6_1060;Underc;Courtney Meier;cmeier@battelleecology.org;support-copernicus-gbov@acri-st.fr;NEON;518;Mixed Forest;46.233959;-89.53751;20170926T000000Z;2.0;UNDE_048;0.787;0.028;0.178;0.027;0;0
GBOV_RM6_1060;Underc;Courtney Meier;cmeier@battelleecology.org;support-copernicus-gbov@acri-st.fr;NEON;518;Mixed Forest;46.233959;-89.53751;20171012T000000Z;2.0;UNDE_048;0.746;0.035;0.131;0.023;0;0
GBOV_RM6_1060;Underc;Courtney Meier;cmeier@battelleecology.org;support-copernicus-gbov@acri-st.fr;NEON;518;Mixed Forest;46.233959;-89.53751;20180508T000000Z;2.0;UNDE_048;0.44;0.04;0.077;0.024;0;0
GBOV_RM6_1060;Underc;Courtney Meier;cmeier@battelleecology.org;support-copernicus-gbov@acri-st.fr;NEON;518;Mixed Forest;46.233959;-89.53751;20180524T000000Z;2.0;UNDE_048;0.726;0.029;0.238;0.023;0;0
GBOV_RM6_1060;Underc;Courtney Meier;cmeier@battelleecology.org;support-copernicus-gbov@acri-st.fr;NEON;518;Mixed Forest;46.233959;-89.53751;20180606T000000Z;2.0;UNDE_048;0.857;0.027;0.468;0.030;0;0
GBOV_RM6_1060;Underc;Courtney Meier;cmeier@battelleecology.org;support-copernicus-gbov@acri-st.fr;NEON;518;Mixed Forest;46.233959;-89.53751;20180619T000000Z;2.0;UNDE_048;0.859;0.024;0.61;0.05;0;0
GBOV_RM6_1060;Underc;Courtney Meier;cmeier@battelleecology.org;support-copernicus-gbov@acri-st.fr;NEON;518;Mixed Forest;46.233959;-89.53751;20180703T000000Z;2.0;UNDE_048;0.881;0.024;0.58;0.04;0;0
GBOV_RM6_1060;Underc;Courtney Meier;cmeier@battelleecology.org;support-copernicus-gbov@acri-st.fr;NEON;518;Mixed Forest;46.233959;-89.53751;20180718T000000Z;2.0;UNDE_048;0.878;0.022;0.73;0.05;0;0
GBOV_RM6_1060;Underc;Courtney Meier;cmeier@battelleecology.org;support-copernicus-gbov@acri-st.fr;NEON;518;Mixed Forest;46.233959;-89.53751;20180731T000000Z;2.0;UNDE_048;0.891;0.019;0.63;0.05;0;0
GBOV_RM6_1060;Underc;Courtney Meier;cmeier@battelleecology.org;support-copernicus-gbov@acri-st.fr;NEON;518;Mixed Forest;46.233959;-89.53751;20180815T000000Z;2.0;UNDE_048;0.884;0.020;0.54;0.05;0;0
GBOV_RM6_1060;Underc;Courtney Meier;cmeier@battelleecology.org;support-copernicus-gbov@acri-st.fr;NEON;518;Mixed Forest;46.233959;-89.53751;20180830T000000Z;2.0;UNDE_048;0.868;0.022;0.55;0.04;0;0
GBOV_RM6_1060;Underc;Courtney Meier;cmeier@battelleecology.org;support-copernicus-gbov@acri-st.fr;NEON;518;Mixed Forest;46.233959;-89.53751;20180911T064700Z;2.0;UNDE_048;0.888;0.019;0.27;0.04;0;0
GBOV_RM6_1060;Underc;Courtney Meier;cmeier@battelleecology.org;support-copernicus-gbov@acri-st.fr;NEON;518;Mixed Forest;46.233959;-89.53751;20180925T133900Z;2.0;UNDE_048;0.873;0.022;0.223;0.031;0;0
GBOV_RM6_1060;Underc;Courtney Meier;cmeier@battelleecology.org;support-copernicus-gbov@acri-st.fr;NEON;518;Mixed Forest;46.233959;-89.53751;20181011T100400Z;2.0;UNDE_048;0.746;0.032;0.108;0.016;0;0
GBOV_RM6_1060;Underc;Courtney Meier;cmeier@battelleecology.org;support-copernicus-gbov@acri-st.fr;NEON;518;Mixed Forest;46.233959;-89.53751;20190508T121900Z;2.0;UNDE_048;0.41;0.04;0.054;0.015;0;0
GBOV_RM6_1060;Underc;Courtney Meier;cmeier@battelleecology.org;support-copernicus-gbov@acri-st.fr;NEON;518;Mixed Forest;46.233959;-89.53751;20190522T102400Z;2.0;UNDE_048;0.38;0.04;0.099;0.023;0;0
GBOV_RM6_1060;Underc;Courtney Meier;cmeier@battelleecology.org;support-copernicus-gbov@acri-st.fr;NEON;518;Mixed Forest;46.233959;-89.53751;20190603T150000Z;2.0;UNDE_048;0.689;0.029;0.172;0.027;0;0
GBOV_RM6_1060;Underc;Courtney Meier;cmeier@battelleecology.org;support-copernicus-gbov@acri-st.fr;NEON;518;Mixed Forest;46.233959;-89.53751;20190618T203000Z;2.0;UNDE_048;0.867;0.020;0.565;0.030;0;0
GBOV_RM6_1060;Underc;Courtney Meier;cmeier@battelleecology.org;support-copernicus-gbov@acri-st.fr;NEON;518;Mixed Forest;46.233959;-89.53751;20190630T132100Z;2.0;UNDE_048;0.868;0.020;0.50;0.05;0;0
GBOV_RM6_1060;Underc;Courtney Meier;cmeier@battelleecology.org;support-copernicus-gbov@acri-st.fr;NEON;518;Mixed Forest;46.233959;-89.53751;20190717T165500Z;2.0;UNDE_048;0.869;0.023;0.48;0.05;0;0
GBOV_RM6_1060;Underc;Courtney Meier;cmeier@battelleecology.org;support-copernicus-gbov@acri-st.fr;NEON;518;Mixed Forest;46.233959;-89.53751;20190730T061600Z;2.0;UNDE_048;0.879;0.022;0.57;0.04;0;0
GBOV_RM6_1060;Underc;Courtney Meier;cmeier@battelleecology.org;support-copernicus-gbov@acri-st.fr;NEON;518;Mixed Forest;46.233959;-89.53751;20190813T115000Z;2.0;UNDE_048;0.903;0.016;0.49;0.05;0;2
GBOV_RM6_1060;Underc;Courtney Meier;cmeier@battelleecology.org;support-copernicus-gbov@acri-st.fr;NEON;518;Mixed Forest;46.233959;-89.53751;20190826T131700Z;2.0;UNDE_048;0.889;0.019;0.42;0.05;0;0
GBOV_RM6_1060;Underc;Courtney Meier;cmeier@battelleecology.org;support-copernicus-gbov@acri-st.fr;NEON;518;Mixed Forest;46.233959;-89.53751;20190909T132100Z;2.0;UNDE_048;0.918;0.017;0.33;0.04;0;0
GBOV_RM6_1060;Underc;Courtney Meier;cmeier@battelleecology.org;support-copernicus-gbov@acri-st.fr;NEON;518;Mixed Forest;46.233959;-89.53751;20190923T092600Z;2.0;UNDE_048;0.852;0.024;0.170;0.024;0;0
GBOV_RM6_1060;Underc;Courtney Meier;cmeier@battelleecology.org;support-copernicus-gbov@acri-st.fr;NEON;518;Mixed Forest;46.233959;-89.53751;20191008T182400Z;2.0;UNDE_048;0.739;0.028;0.157;0.019;0;0
