GBOV_ID;Site;GROUND_DATA_PI;GROUND_DATA_PIs_Email;GBOV_Email;Network;Elevation;IGBP_class;Lat_IS;Lon_IS;TIME_IS;Version;PLOT_ID;FIPAR_up;FIPAR_up_err;FIPAR_down;FIPAR_down_err;up_flag;down_flag
GBOV_RM6_347;GuanicaForest;Courtney Meier;cmeier@battelleecology.org;support-copernicus-gbov@acri-st.fr;NEON;143;Evergreen Broadleaf;17.9695491790771;-66.8686981201172;20150728T000000Z;2.0;GUAN_054;0.588;0.028;0.109;0.018;0;0
GBOV_RM6_347;GuanicaForest;Courtney Meier;cmeier@battelleecology.org;support-copernicus-gbov@acri-st.fr;NEON;143;Evergreen Broadleaf;17.9695491790771;-66.8686981201172;20150822T000000Z;2.0;GUAN_054;0.584;0.033;0.104;0.012;0;0
GBOV_RM6_347;GuanicaForest;Courtney Meier;cmeier@battelleecology.org;support-copernicus-gbov@acri-st.fr;NEON;143;Evergreen Broadleaf;17.9695491790771;-66.8686981201172;20150908T000000Z;2.0;GUAN_054;0.598;0.025;-999;-999;0;-999
GBOV_RM6_347;GuanicaForest;Courtney Meier;cmeier@battelleecology.org;support-copernicus-gbov@acri-st.fr;NEON;143;Evergreen Broadleaf;17.9695491790771;-66.8686981201172;20150923T000000Z;2.0;GUAN_054;0.647;0.024;-999;-999;0;-999
GBOV_RM6_347;GuanicaForest;Courtney Meier;cmeier@battelleecology.org;support-copernicus-gbov@acri-st.fr;NEON;143;Evergreen Broadleaf;17.9695491790771;-66.8686981201172;20151009T000000Z;2.0;GUAN_054;0.692;0.022;-999;-999;0;-999
GBOV_RM6_347;GuanicaForest;Courtney Meier;cmeier@battelleecology.org;support-copernicus-gbov@acri-st.fr;NEON;143;Evergreen Broadleaf;17.9695491790771;-66.8686981201172;20151022T000000Z;2.0;GUAN_054;0.531;0.023;-999;-999;0;-999
GBOV_RM6_347;GuanicaForest;Courtney Meier;cmeier@battelleecology.org;support-copernicus-gbov@acri-st.fr;NEON;143;Evergreen Broadleaf;17.9695491790771;-66.8686981201172;20151105T000000Z;2.0;GUAN_054;0.708;0.017;-999;-999;0;-999
GBOV_RM6_347;GuanicaForest;Courtney Meier;cmeier@battelleecology.org;support-copernicus-gbov@acri-st.fr;NEON;143;Evergreen Broadleaf;17.9695491790771;-66.8686981201172;20151118T000000Z;2.0;GUAN_054;0.679;0.022;-999;-999;0;-999
GBOV_RM6_347;GuanicaForest;Courtney Meier;cmeier@battelleecology.org;support-copernicus-gbov@acri-st.fr;NEON;143;Evergreen Broadleaf;17.9695491790771;-66.8686981201172;20151201T000000Z;2.0;GUAN_054;0.722;0.018;-999;-999;8;-999
GBOV_RM6_347;GuanicaForest;Courtney Meier;cmeier@battelleecology.org;support-copernicus-gbov@acri-st.fr;NEON;143;Evergreen Broadleaf;17.9695491790771;-66.8686981201172;20151215T000000Z;2.0;GUAN_054;0.722;0.019;-999;-999;0;-999
GBOV_RM6_347;GuanicaForest;Courtney Meier;cmeier@battelleecology.org;support-copernicus-gbov@acri-st.fr;NEON;143;Evergreen Broadleaf;17.9695491790771;-66.8686981201172;20160204T000000Z;2.0;GUAN_054;0.644;0.023;-999;-999;0;-999
GBOV_RM6_347;GuanicaForest;Courtney Meier;cmeier@battelleecology.org;support-copernicus-gbov@acri-st.fr;NEON;143;Evergreen Broadleaf;17.9695491790771;-66.8686981201172;20160216T000000Z;2.0;GUAN_054;0.549;0.029;-999;-999;0;-999
GBOV_RM6_347;GuanicaForest;Courtney Meier;cmeier@battelleecology.org;support-copernicus-gbov@acri-st.fr;NEON;143;Evergreen Broadleaf;17.9695491790771;-66.8686981201172;20160229T000000Z;2.0;GUAN_054;0.660;0.021;-999;-999;0;-999
GBOV_RM6_347;GuanicaForest;Courtney Meier;cmeier@battelleecology.org;support-copernicus-gbov@acri-st.fr;NEON;143;Evergreen Broadleaf;17.9695491790771;-66.8686981201172;20160315T000000Z;2.0;GUAN_054;0.583;0.030;-999;-999;0;-999
GBOV_RM6_347;GuanicaForest;Courtney Meier;cmeier@battelleecology.org;support-copernicus-gbov@acri-st.fr;NEON;143;Evergreen Broadleaf;17.9695491790771;-66.8686981201172;20160328T000000Z;2.0;GUAN_054;0.506;0.028;-999;-999;1;-999
GBOV_RM6_347;GuanicaForest;Courtney Meier;cmeier@battelleecology.org;support-copernicus-gbov@acri-st.fr;NEON;143;Evergreen Broadleaf;17.9695491790771;-66.8686981201172;20160411T000000Z;2.0;GUAN_054;0.494;0.031;-999;-999;0;-999
GBOV_RM6_347;GuanicaForest;Courtney Meier;cmeier@battelleecology.org;support-copernicus-gbov@acri-st.fr;NEON;143;Evergreen Broadleaf;17.9695491790771;-66.8686981201172;20160427T000000Z;2.0;GUAN_054;0.639;0.032;-999;-999;0;-999
GBOV_RM6_347;GuanicaForest;Courtney Meier;cmeier@battelleecology.org;support-copernicus-gbov@acri-st.fr;NEON;143;Evergreen Broadleaf;17.9695491790771;-66.8686981201172;20160510T000000Z;2.0;GUAN_054;0.690;0.030;-999;-999;0;-999
GBOV_RM6_347;GuanicaForest;Courtney Meier;cmeier@battelleecology.org;support-copernicus-gbov@acri-st.fr;NEON;143;Evergreen Broadleaf;17.9695491790771;-66.8686981201172;20160524T000000Z;2.0;GUAN_054;0.748;0.026;-999;-999;0;-999
GBOV_RM6_347;GuanicaForest;Courtney Meier;cmeier@battelleecology.org;support-copernicus-gbov@acri-st.fr;NEON;143;Evergreen Broadleaf;17.9695491790771;-66.8686981201172;20160606T000000Z;2.0;GUAN_054;0.737;0.032;-999;-999;0;-999
GBOV_RM6_347;GuanicaForest;Courtney Meier;cmeier@battelleecology.org;support-copernicus-gbov@acri-st.fr;NEON;143;Evergreen Broadleaf;17.9695491790771;-66.8686981201172;20160621T000000Z;2.0;GUAN_054;0.720;0.033;-999;-999;0;-999
GBOV_RM6_347;GuanicaForest;Courtney Meier;cmeier@battelleecology.org;support-copernicus-gbov@acri-st.fr;NEON;143;Evergreen Broadleaf;17.9695491790771;-66.8686981201172;20160705T000000Z;2.0;GUAN_054;0.67;0.04;-999;-999;0;-999
GBOV_RM6_347;GuanicaForest;Courtney Meier;cmeier@battelleecology.org;support-copernicus-gbov@acri-st.fr;NEON;143;Evergreen Broadleaf;17.9695491790771;-66.8686981201172;20160719T000000Z;2.0;GUAN_054;0.659;0.035;-999;-999;0;-999
GBOV_RM6_347;GuanicaForest;Courtney Meier;cmeier@battelleecology.org;support-copernicus-gbov@acri-st.fr;NEON;143;Evergreen Broadleaf;17.9695491790771;-66.8686981201172;20160802T000000Z;2.0;GUAN_054;0.623;0.035;-999;-999;0;-999
GBOV_RM6_347;GuanicaForest;Courtney Meier;cmeier@battelleecology.org;support-copernicus-gbov@acri-st.fr;NEON;143;Evergreen Broadleaf;17.9695491790771;-66.8686981201172;20160819T000000Z;2.0;GUAN_054;0.703;0.021;-999;-999;0;-999
GBOV_RM6_347;GuanicaForest;Courtney Meier;cmeier@battelleecology.org;support-copernicus-gbov@acri-st.fr;NEON;143;Evergreen Broadleaf;17.9695491790771;-66.8686981201172;20160830T000000Z;2.0;GUAN_054;0.770;0.026;-999;-999;0;-999
GBOV_RM6_347;GuanicaForest;Courtney Meier;cmeier@battelleecology.org;support-copernicus-gbov@acri-st.fr;NEON;143;Evergreen Broadleaf;17.9695491790771;-66.8686981201172;20160913T000000Z;2.0;GUAN_054;0.789;0.019;-999;-999;0;-999
GBOV_RM6_347;GuanicaForest;Courtney Meier;cmeier@battelleecology.org;support-copernicus-gbov@acri-st.fr;NEON;143;Evergreen Broadleaf;17.9695491790771;-66.8686981201172;20160927T000000Z;2.0;GUAN_054;0.670;0.019;-999;-999;32;-999
GBOV_RM6_347;GuanicaForest;Courtney Meier;cmeier@battelleecology.org;support-copernicus-gbov@acri-st.fr;NEON;143;Evergreen Broadleaf;17.9695491790771;-66.8686981201172;20161012T000000Z;2.0;GUAN_054;0.759;0.020;-999;-999;0;-999
GBOV_RM6_347;GuanicaForest;Courtney Meier;cmeier@battelleecology.org;support-copernicus-gbov@acri-st.fr;NEON;143;Evergreen Broadleaf;17.9695491790771;-66.8686981201172;20161025T000000Z;2.0;GUAN_054;0.826;0.020;-999;-999;0;-999
GBOV_RM6_347;GuanicaForest;Courtney Meier;cmeier@battelleecology.org;support-copernicus-gbov@acri-st.fr;NEON;143;Evergreen Broadleaf;17.9695491790771;-66.8686981201172;20161109T000000Z;2.0;GUAN_054;0.802;0.020;-999;-999;0;-999
GBOV_RM6_347;GuanicaForest;Courtney Meier;cmeier@battelleecology.org;support-copernicus-gbov@acri-st.fr;NEON;143;Evergreen Broadleaf;17.9695491790771;-66.8686981201172;20161122T000000Z;2.0;GUAN_054;0.824;0.014;-999;-999;0;-999
GBOV_RM6_347;GuanicaForest;Courtney Meier;cmeier@battelleecology.org;support-copernicus-gbov@acri-st.fr;NEON;143;Evergreen Broadleaf;17.9695491790771;-66.8686981201172;20161205T000000Z;2.0;GUAN_054;0.769;0.022;-999;-999;8;-999
GBOV_RM6_347;GuanicaForest;Courtney Meier;cmeier@battelleecology.org;support-copernicus-gbov@acri-st.fr;NEON;143;Evergreen Broadleaf;17.9695491790771;-66.8686981201172;20170113T000000Z;2.0;GUAN_054;0.767;0.027;-999;-999;0;-999
GBOV_RM6_347;GuanicaForest;Courtney Meier;cmeier@battelleecology.org;support-copernicus-gbov@acri-st.fr;NEON;143;Evergreen Broadleaf;17.9695491790771;-66.8686981201172;20170126T000000Z;2.0;GUAN_054;0.779;0.018;-999;-999;0;-999
GBOV_RM6_347;GuanicaForest;Courtney Meier;cmeier@battelleecology.org;support-copernicus-gbov@acri-st.fr;NEON;143;Evergreen Broadleaf;17.9695491790771;-66.8686981201172;20170206T000000Z;2.0;GUAN_054;0.794;0.017;-999;-999;0;-999
GBOV_RM6_347;GuanicaForest;Courtney Meier;cmeier@battelleecology.org;support-copernicus-gbov@acri-st.fr;NEON;143;Evergreen Broadleaf;17.9695491790771;-66.8686981201172;20170310T000000Z;2.0;GUAN_054;0.720;0.027;-999;-999;2;-999
GBOV_RM6_347;GuanicaForest;Courtney Meier;cmeier@battelleecology.org;support-copernicus-gbov@acri-st.fr;NEON;143;Evergreen Broadleaf;17.9695491790771;-66.8686981201172;20170320T000000Z;2.0;GUAN_054;0.673;0.028;-999;-999;0;-999
GBOV_RM6_347;GuanicaForest;Courtney Meier;cmeier@battelleecology.org;support-copernicus-gbov@acri-st.fr;NEON;143;Evergreen Broadleaf;17.9695491790771;-66.8686981201172;20170403T000000Z;2.0;GUAN_054;0.728;0.028;-999;-999;2;-999
GBOV_RM6_347;GuanicaForest;Courtney Meier;cmeier@battelleecology.org;support-copernicus-gbov@acri-st.fr;NEON;143;Evergreen Broadleaf;17.9695491790771;-66.8686981201172;20170417T000000Z;2.0;GUAN_054;0.630;0.031;-999;-999;0;-999
GBOV_RM6_347;GuanicaForest;Courtney Meier;cmeier@battelleecology.org;support-copernicus-gbov@acri-st.fr;NEON;143;Evergreen Broadleaf;17.9695491790771;-66.8686981201172;20170502T000000Z;2.0;GUAN_054;0.681;0.035;-999;-999;0;-999
GBOV_RM6_347;GuanicaForest;Courtney Meier;cmeier@battelleecology.org;support-copernicus-gbov@acri-st.fr;NEON;143;Evergreen Broadleaf;17.9695491790771;-66.8686981201172;20170516T000000Z;2.0;GUAN_054;0.633;0.034;-999;-999;0;-999
GBOV_RM6_347;GuanicaForest;Courtney Meier;cmeier@battelleecology.org;support-copernicus-gbov@acri-st.fr;NEON;143;Evergreen Broadleaf;17.9695491790771;-66.8686981201172;20170529T000000Z;2.0;GUAN_054;0.58;0.04;-999;-999;0;-999
GBOV_RM6_347;GuanicaForest;Courtney Meier;cmeier@battelleecology.org;support-copernicus-gbov@acri-st.fr;NEON;143;Evergreen Broadleaf;17.9695491790771;-66.8686981201172;20170613T000000Z;2.0;GUAN_054;0.564;0.034;-999;-999;0;-999
GBOV_RM6_347;GuanicaForest;Courtney Meier;cmeier@battelleecology.org;support-copernicus-gbov@acri-st.fr;NEON;143;Evergreen Broadleaf;17.9695491790771;-66.8686981201172;20170627T000000Z;2.0;GUAN_054;0.501;0.026;-999;-999;0;-999
GBOV_RM6_347;GuanicaForest;Courtney Meier;cmeier@battelleecology.org;support-copernicus-gbov@acri-st.fr;NEON;143;Evergreen Broadleaf;17.9695491790771;-66.8686981201172;20170711T000000Z;2.0;GUAN_054;0.470;0.029;-999;-999;0;-999
GBOV_RM6_347;GuanicaForest;Courtney Meier;cmeier@battelleecology.org;support-copernicus-gbov@acri-st.fr;NEON;143;Evergreen Broadleaf;17.9695491790771;-66.8686981201172;20170725T000000Z;2.0;GUAN_054;0.632;0.035;-999;-999;0;-999
GBOV_RM6_347;GuanicaForest;Courtney Meier;cmeier@battelleecology.org;support-copernicus-gbov@acri-st.fr;NEON;143;Evergreen Broadleaf;17.9695491790771;-66.8686981201172;20170808T000000Z;2.0;GUAN_054;0.491;0.033;-999;-999;0;-999
GBOV_RM6_347;GuanicaForest;Courtney Meier;cmeier@battelleecology.org;support-copernicus-gbov@acri-st.fr;NEON;143;Evergreen Broadleaf;17.9695491790771;-66.8686981201172;20170822T000000Z;2.0;GUAN_054;0.543;0.033;-999;-999;0;-999
GBOV_RM6_347;GuanicaForest;Courtney Meier;cmeier@battelleecology.org;support-copernicus-gbov@acri-st.fr;NEON;143;Evergreen Broadleaf;17.9695491790771;-66.8686981201172;20170904T000000Z;2.0;GUAN_054;0.771;0.027;-999;-999;0;-999
GBOV_RM6_347;GuanicaForest;Courtney Meier;cmeier@battelleecology.org;support-copernicus-gbov@acri-st.fr;NEON;143;Evergreen Broadleaf;17.9695491790771;-66.8686981201172;20170918T000000Z;2.0;GUAN_054;0.802;0.029;-999;-999;2;-999
GBOV_RM6_347;GuanicaForest;Courtney Meier;cmeier@battelleecology.org;support-copernicus-gbov@acri-st.fr;NEON;143;Evergreen Broadleaf;17.9695491790771;-66.8686981201172;20171017T000000Z;2.0;GUAN_054;0.565;0.033;-999;-999;0;-999
GBOV_RM6_347;GuanicaForest;Courtney Meier;cmeier@battelleecology.org;support-copernicus-gbov@acri-st.fr;NEON;143;Evergreen Broadleaf;17.9695491790771;-66.8686981201172;20171031T000000Z;2.0;GUAN_054;0.651;0.034;-999;-999;0;-999
GBOV_RM6_347;GuanicaForest;Courtney Meier;cmeier@battelleecology.org;support-copernicus-gbov@acri-st.fr;NEON;143;Evergreen Broadleaf;17.9695491790771;-66.8686981201172;20171114T000000Z;2.0;GUAN_054;0.689;0.032;-999;-999;0;-999
GBOV_RM6_347;GuanicaForest;Courtney Meier;cmeier@battelleecology.org;support-copernicus-gbov@acri-st.fr;NEON;143;Evergreen Broadleaf;17.9695491790771;-66.8686981201172;20171128T000000Z;2.0;GUAN_054;0.713;0.028;-999;-999;0;-999
GBOV_RM6_347;GuanicaForest;Courtney Meier;cmeier@battelleecology.org;support-copernicus-gbov@acri-st.fr;NEON;143;Evergreen Broadleaf;17.9695491790771;-66.8686981201172;20171211T000000Z;2.0;GUAN_054;0.713;0.033;-999;-999;0;-999
GBOV_RM6_347;GuanicaForest;Courtney Meier;cmeier@battelleecology.org;support-copernicus-gbov@acri-st.fr;NEON;143;Evergreen Broadleaf;17.9695491790771;-66.8686981201172;20171227T000000Z;2.0;GUAN_054;0.690;0.032;-999;-999;0;-999
GBOV_RM6_347;GuanicaForest;Courtney Meier;cmeier@battelleecology.org;support-copernicus-gbov@acri-st.fr;NEON;143;Evergreen Broadleaf;17.9695491790771;-66.8686981201172;20180108T000000Z;2.0;GUAN_054;0.70;0.04;-999;-999;0;-999
GBOV_RM6_347;GuanicaForest;Courtney Meier;cmeier@battelleecology.org;support-copernicus-gbov@acri-st.fr;NEON;143;Evergreen Broadleaf;17.9695491790771;-66.8686981201172;20180122T000000Z;2.0;GUAN_054;0.692;0.035;-999;-999;0;-999
GBOV_RM6_347;GuanicaForest;Courtney Meier;cmeier@battelleecology.org;support-copernicus-gbov@acri-st.fr;NEON;143;Evergreen Broadleaf;17.9695491790771;-66.8686981201172;20180205T000000Z;2.0;GUAN_054;0.687;0.034;-999;-999;0;-999
GBOV_RM6_347;GuanicaForest;Courtney Meier;cmeier@battelleecology.org;support-copernicus-gbov@acri-st.fr;NEON;143;Evergreen Broadleaf;17.9695491790771;-66.8686981201172;20180219T000000Z;2.0;GUAN_054;0.66;0.04;-999;-999;0;-999
GBOV_RM6_347;GuanicaForest;Courtney Meier;cmeier@battelleecology.org;support-copernicus-gbov@acri-st.fr;NEON;143;Evergreen Broadleaf;17.9695491790771;-66.8686981201172;20180305T000000Z;2.0;GUAN_054;0.65;0.04;-999;-999;0;-999
GBOV_RM6_347;GuanicaForest;Courtney Meier;cmeier@battelleecology.org;support-copernicus-gbov@acri-st.fr;NEON;143;Evergreen Broadleaf;17.9695491790771;-66.8686981201172;20180319T000000Z;2.0;GUAN_054;0.70;0.04;-999;-999;0;-999
GBOV_RM6_347;GuanicaForest;Courtney Meier;cmeier@battelleecology.org;support-copernicus-gbov@acri-st.fr;NEON;143;Evergreen Broadleaf;17.9695491790771;-66.8686981201172;20180402T000000Z;2.0;GUAN_054;0.70;0.04;-999;-999;0;-999
GBOV_RM6_347;GuanicaForest;Courtney Meier;cmeier@battelleecology.org;support-copernicus-gbov@acri-st.fr;NEON;143;Evergreen Broadleaf;17.9695491790771;-66.8686981201172;20180417T000000Z;2.0;GUAN_054;0.664;0.034;-999;-999;0;-999
GBOV_RM6_347;GuanicaForest;Courtney Meier;cmeier@battelleecology.org;support-copernicus-gbov@acri-st.fr;NEON;143;Evergreen Broadleaf;17.9695491790771;-66.8686981201172;20180430T000000Z;2.0;GUAN_054;0.72;0.05;-999;-999;0;-999
GBOV_RM6_347;GuanicaForest;Courtney Meier;cmeier@battelleecology.org;support-copernicus-gbov@acri-st.fr;NEON;143;Evergreen Broadleaf;17.9695491790771;-66.8686981201172;20180515T000000Z;2.0;GUAN_054;0.68;0.05;-999;-999;0;-999
GBOV_RM6_347;GuanicaForest;Courtney Meier;cmeier@battelleecology.org;support-copernicus-gbov@acri-st.fr;NEON;143;Evergreen Broadleaf;17.9695491790771;-66.8686981201172;20180529T000000Z;2.0;GUAN_054;0.64;0.05;-999;-999;0;-999
GBOV_RM6_347;GuanicaForest;Courtney Meier;cmeier@battelleecology.org;support-copernicus-gbov@acri-st.fr;NEON;143;Evergreen Broadleaf;17.9695491790771;-66.8686981201172;20180625T000000Z;2.0;GUAN_054;0.61;0.04;-999;-999;0;-999
GBOV_RM6_347;GuanicaForest;Courtney Meier;cmeier@battelleecology.org;support-copernicus-gbov@acri-st.fr;NEON;143;Evergreen Broadleaf;17.9695491790771;-66.8686981201172;20180710T000000Z;2.0;GUAN_054;0.69;0.04;-999;-999;0;-999
GBOV_RM6_347;GuanicaForest;Courtney Meier;cmeier@battelleecology.org;support-copernicus-gbov@acri-st.fr;NEON;143;Evergreen Broadleaf;17.9695491790771;-66.8686981201172;20180724T000000Z;2.0;GUAN_054;0.64;0.05;-999;-999;0;-999
GBOV_RM6_347;GuanicaForest;Courtney Meier;cmeier@battelleecology.org;support-copernicus-gbov@acri-st.fr;NEON;143;Evergreen Broadleaf;17.9695491790771;-66.8686981201172;20180807T000000Z;2.0;GUAN_054;0.64;0.04;-999;-999;0;-999
GBOV_RM6_347;GuanicaForest;Courtney Meier;cmeier@battelleecology.org;support-copernicus-gbov@acri-st.fr;NEON;143;Evergreen Broadleaf;17.9695491790771;-66.8686981201172;20180821T000000Z;2.0;GUAN_054;0.64;0.05;-999;-999;0;-999
GBOV_RM6_347;GuanicaForest;Courtney Meier;cmeier@battelleecology.org;support-copernicus-gbov@acri-st.fr;NEON;143;Evergreen Broadleaf;17.9695491790771;-66.8686981201172;20180904T000000Z;2.0;GUAN_054;0.599;0.035;-999;-999;0;-999
GBOV_RM6_347;GuanicaForest;Courtney Meier;cmeier@battelleecology.org;support-copernicus-gbov@acri-st.fr;NEON;143;Evergreen Broadleaf;17.9695491790771;-66.8686981201172;20180918T000000Z;2.0;GUAN_054;0.64;0.05;-999;-999;0;-999
GBOV_RM6_347;GuanicaForest;Courtney Meier;cmeier@battelleecology.org;support-copernicus-gbov@acri-st.fr;NEON;143;Evergreen Broadleaf;17.9695491790771;-66.8686981201172;20181002T000000Z;2.0;GUAN_054;0.66;0.04;-999;-999;0;-999
GBOV_RM6_347;GuanicaForest;Courtney Meier;cmeier@battelleecology.org;support-copernicus-gbov@acri-st.fr;NEON;143;Evergreen Broadleaf;17.9695491790771;-66.8686981201172;20181016T000000Z;2.0;GUAN_054;0.74;0.04;-999;-999;0;-999
GBOV_RM6_347;GuanicaForest;Courtney Meier;cmeier@battelleecology.org;support-copernicus-gbov@acri-st.fr;NEON;143;Evergreen Broadleaf;17.9695491790771;-66.8686981201172;20181029T000000Z;2.0;GUAN_054;0.783;0.030;-999;-999;0;-999
GBOV_RM6_347;GuanicaForest;Courtney Meier;cmeier@battelleecology.org;support-copernicus-gbov@acri-st.fr;NEON;143;Evergreen Broadleaf;17.9695491790771;-66.8686981201172;20181112T063800Z;2.0;GUAN_054;0.814;0.022;-999;-999;0;0
GBOV_RM6_347;GuanicaForest;Courtney Meier;cmeier@battelleecology.org;support-copernicus-gbov@acri-st.fr;NEON;143;Evergreen Broadleaf;17.9695491790771;-66.8686981201172;20181127T064100Z;2.0;GUAN_054;0.783;0.025;-999;-999;0;0
GBOV_RM6_347;GuanicaForest;Courtney Meier;cmeier@battelleecology.org;support-copernicus-gbov@acri-st.fr;NEON;143;Evergreen Broadleaf;17.9695491790771;-66.8686981201172;20181211T064500Z;2.0;GUAN_054;0.752;0.022;-999;-999;0;0
GBOV_RM6_347;GuanicaForest;Courtney Meier;cmeier@battelleecology.org;support-copernicus-gbov@acri-st.fr;NEON;143;Evergreen Broadleaf;17.9695491790771;-66.8686981201172;20181227T070300Z;2.0;GUAN_054;0.753;0.025;-999;-999;0;0
GBOV_RM6_347;GuanicaForest;Courtney Meier;cmeier@battelleecology.org;support-copernicus-gbov@acri-st.fr;NEON;143;Evergreen Broadleaf;17.9695491790771;-66.8686981201172;20190107T065700Z;2.0;GUAN_054;0.710;0.023;-999;-999;0;0
GBOV_RM6_347;GuanicaForest;Courtney Meier;cmeier@battelleecology.org;support-copernicus-gbov@acri-st.fr;NEON;143;Evergreen Broadleaf;17.9695491790771;-66.8686981201172;20190121T070500Z;2.0;GUAN_054;0.733;0.029;-999;-999;0;0
GBOV_RM6_347;GuanicaForest;Courtney Meier;cmeier@battelleecology.org;support-copernicus-gbov@acri-st.fr;NEON;143;Evergreen Broadleaf;17.9695491790771;-66.8686981201172;20190204T070400Z;2.0;GUAN_054;0.665;0.032;-999;-999;0;0
GBOV_RM6_347;GuanicaForest;Courtney Meier;cmeier@battelleecology.org;support-copernicus-gbov@acri-st.fr;NEON;143;Evergreen Broadleaf;17.9695491790771;-66.8686981201172;20190218T065700Z;2.0;GUAN_054;0.639;0.034;-999;-999;0;0
GBOV_RM6_347;GuanicaForest;Courtney Meier;cmeier@battelleecology.org;support-copernicus-gbov@acri-st.fr;NEON;143;Evergreen Broadleaf;17.9695491790771;-66.8686981201172;20190305T065100Z;2.0;GUAN_054;0.58;0.04;-999;-999;0;0
GBOV_RM6_347;GuanicaForest;Courtney Meier;cmeier@battelleecology.org;support-copernicus-gbov@acri-st.fr;NEON;143;Evergreen Broadleaf;17.9695491790771;-66.8686981201172;20190318T064200Z;2.0;GUAN_054;0.63;0.04;-999;-999;0;0
GBOV_RM6_347;GuanicaForest;Courtney Meier;cmeier@battelleecology.org;support-copernicus-gbov@acri-st.fr;NEON;143;Evergreen Broadleaf;17.9695491790771;-66.8686981201172;20190401T063300Z;2.0;GUAN_054;0.63;0.04;-999;-999;0;0
GBOV_RM6_347;GuanicaForest;Courtney Meier;cmeier@battelleecology.org;support-copernicus-gbov@acri-st.fr;NEON;143;Evergreen Broadleaf;17.9695491790771;-66.8686981201172;20190415T061600Z;2.0;GUAN_054;0.63;0.04;-999;-999;0;0
GBOV_RM6_347;GuanicaForest;Courtney Meier;cmeier@battelleecology.org;support-copernicus-gbov@acri-st.fr;NEON;143;Evergreen Broadleaf;17.9695491790771;-66.8686981201172;20190430T060500Z;2.0;GUAN_054;0.59;0.04;-999;-999;0;0
GBOV_RM6_347;GuanicaForest;Courtney Meier;cmeier@battelleecology.org;support-copernicus-gbov@acri-st.fr;NEON;143;Evergreen Broadleaf;17.9695491790771;-66.8686981201172;20190514T055900Z;2.0;GUAN_054;0.56;0.04;-999;-999;0;0
GBOV_RM6_347;GuanicaForest;Courtney Meier;cmeier@battelleecology.org;support-copernicus-gbov@acri-st.fr;NEON;143;Evergreen Broadleaf;17.9695491790771;-66.8686981201172;20190529T060600Z;2.0;GUAN_054;0.56;0.04;-999;-999;0;0
GBOV_RM6_347;GuanicaForest;Courtney Meier;cmeier@battelleecology.org;support-copernicus-gbov@acri-st.fr;NEON;143;Evergreen Broadleaf;17.9695491790771;-66.8686981201172;20190611T055200Z;2.0;GUAN_054;0.49;0.04;-999;-999;0;0
GBOV_RM6_347;GuanicaForest;Courtney Meier;cmeier@battelleecology.org;support-copernicus-gbov@acri-st.fr;NEON;143;Evergreen Broadleaf;17.9695491790771;-66.8686981201172;20190626T060700Z;2.0;GUAN_054;0.51;0.04;-999;-999;0;0
GBOV_RM6_347;GuanicaForest;Courtney Meier;cmeier@battelleecology.org;support-copernicus-gbov@acri-st.fr;NEON;143;Evergreen Broadleaf;17.9695491790771;-66.8686981201172;20190709T060600Z;2.0;GUAN_054;0.49;0.04;-999;-999;0;0
GBOV_RM6_347;GuanicaForest;Courtney Meier;cmeier@battelleecology.org;support-copernicus-gbov@acri-st.fr;NEON;143;Evergreen Broadleaf;17.9695491790771;-66.8686981201172;20190724T061300Z;2.0;GUAN_054;0.476;0.030;-999;-999;0;0
GBOV_RM6_347;GuanicaForest;Courtney Meier;cmeier@battelleecology.org;support-copernicus-gbov@acri-st.fr;NEON;143;Evergreen Broadleaf;17.9695491790771;-66.8686981201172;20190806T061500Z;2.0;GUAN_054;0.48;0.05;-999;-999;0;0
GBOV_RM6_347;GuanicaForest;Courtney Meier;cmeier@battelleecology.org;support-copernicus-gbov@acri-st.fr;NEON;143;Evergreen Broadleaf;17.9695491790771;-66.8686981201172;20190820T061400Z;2.0;GUAN_054;0.46;0.04;-999;-999;0;0
GBOV_RM6_347;GuanicaForest;Courtney Meier;cmeier@battelleecology.org;support-copernicus-gbov@acri-st.fr;NEON;143;Evergreen Broadleaf;17.9695491790771;-66.8686981201172;20190903T062900Z;2.0;GUAN_054;0.48;0.05;-999;-999;0;0
GBOV_RM6_347;GuanicaForest;Courtney Meier;cmeier@battelleecology.org;support-copernicus-gbov@acri-st.fr;NEON;143;Evergreen Broadleaf;17.9695491790771;-66.8686981201172;20190917T062600Z;2.0;GUAN_054;0.51;0.04;-999;-999;0;0
GBOV_RM6_347;GuanicaForest;Courtney Meier;cmeier@battelleecology.org;support-copernicus-gbov@acri-st.fr;NEON;143;Evergreen Broadleaf;17.9695491790771;-66.8686981201172;20190930T063500Z;2.0;GUAN_054;0.59;0.04;-999;-999;0;0
GBOV_RM6_347;GuanicaForest;Courtney Meier;cmeier@battelleecology.org;support-copernicus-gbov@acri-st.fr;NEON;143;Evergreen Broadleaf;17.9695491790771;-66.8686981201172;20191015T063200Z;2.0;GUAN_054;0.61;0.04;-999;-999;0;0
GBOV_RM6_347;GuanicaForest;Courtney Meier;cmeier@battelleecology.org;support-copernicus-gbov@acri-st.fr;NEON;143;Evergreen Broadleaf;17.9695491790771;-66.8686981201172;20191029T064600Z;2.0;GUAN_054;0.609;0.035;-999;-999;0;0
GBOV_RM6_347;GuanicaForest;Courtney Meier;cmeier@battelleecology.org;support-copernicus-gbov@acri-st.fr;NEON;143;Evergreen Broadleaf;17.9695491790771;-66.8686981201172;20191111T063100Z;2.0;GUAN_054;0.622;0.034;-999;-999;0;0
GBOV_RM6_347;GuanicaForest;Courtney Meier;cmeier@battelleecology.org;support-copernicus-gbov@acri-st.fr;NEON;143;Evergreen Broadleaf;17.9695491790771;-66.8686981201172;20191125T064500Z;2.0;GUAN_054;0.655;0.033;-999;-999;0;0
