GBOV_ID;Site;GROUND_DATA_PI;GROUND_DATA_PIs_Email;GBOV_Email;Network;Elevation;IGBP_class;Lat_IS;Lon_IS;TIME_IS;Version;PLOT_ID;FIPAR_up;FIPAR_up_err;FIPAR_down;FIPAR_down_err;up_flag;down_flag
GBOV_RM6_398;OakRidge;Courtney Meier;cmeier@battelleecology.org;support-copernicus-gbov@acri-st.fr;NEON;334;Mixed Forest;35.9641189575195;-84.282600402832;20150330T000000Z;2.0;ORNL_054;0.319;0.015;0.0100;0.0029;0;0
GBOV_RM6_398;OakRidge;Courtney Meier;cmeier@battelleecology.org;support-copernicus-gbov@acri-st.fr;NEON;334;Mixed Forest;35.9641189575195;-84.282600402832;20150417T000000Z;2.0;ORNL_054;0.682;0.018;0.046;0.006;0;0
GBOV_RM6_398;OakRidge;Courtney Meier;cmeier@battelleecology.org;support-copernicus-gbov@acri-st.fr;NEON;334;Mixed Forest;35.9641189575195;-84.282600402832;20150428T000000Z;2.0;ORNL_054;0.884;0.013;0.411;0.010;0;8
GBOV_RM6_398;OakRidge;Courtney Meier;cmeier@battelleecology.org;support-copernicus-gbov@acri-st.fr;NEON;334;Mixed Forest;35.9641189575195;-84.282600402832;20150512T000000Z;2.0;ORNL_054;0.903;0.014;0.296;0.014;0;8
GBOV_RM6_398;OakRidge;Courtney Meier;cmeier@battelleecology.org;support-copernicus-gbov@acri-st.fr;NEON;334;Mixed Forest;35.9641189575195;-84.282600402832;20150527T000000Z;2.0;ORNL_054;0.925;0.013;0.223;0.019;0;0
GBOV_RM6_398;OakRidge;Courtney Meier;cmeier@battelleecology.org;support-copernicus-gbov@acri-st.fr;NEON;334;Mixed Forest;35.9641189575195;-84.282600402832;20150610T000000Z;2.0;ORNL_054;0.898;0.014;0.306;0.018;0;0
GBOV_RM6_398;OakRidge;Courtney Meier;cmeier@battelleecology.org;support-copernicus-gbov@acri-st.fr;NEON;334;Mixed Forest;35.9641189575195;-84.282600402832;20150624T000000Z;2.0;ORNL_054;0.892;0.014;0.195;0.019;64;0
GBOV_RM6_398;OakRidge;Courtney Meier;cmeier@battelleecology.org;support-copernicus-gbov@acri-st.fr;NEON;334;Mixed Forest;35.9641189575195;-84.282600402832;20150708T000000Z;2.0;ORNL_054;0.936;0.012;0.195;0.015;0;0
GBOV_RM6_398;OakRidge;Courtney Meier;cmeier@battelleecology.org;support-copernicus-gbov@acri-st.fr;NEON;334;Mixed Forest;35.9641189575195;-84.282600402832;20150722T000000Z;2.0;ORNL_054;0.931;0.012;0.275;0.012;0;0
GBOV_RM6_398;OakRidge;Courtney Meier;cmeier@battelleecology.org;support-copernicus-gbov@acri-st.fr;NEON;334;Mixed Forest;35.9641189575195;-84.282600402832;20150805T000000Z;2.0;ORNL_054;0.914;0.012;0.223;0.021;0;0
GBOV_RM6_398;OakRidge;Courtney Meier;cmeier@battelleecology.org;support-copernicus-gbov@acri-st.fr;NEON;334;Mixed Forest;35.9641189575195;-84.282600402832;20150818T000000Z;2.0;ORNL_054;0.938;0.011;0.178;0.018;0;0
GBOV_RM6_398;OakRidge;Courtney Meier;cmeier@battelleecology.org;support-copernicus-gbov@acri-st.fr;NEON;334;Mixed Forest;35.9641189575195;-84.282600402832;20150901T000000Z;2.0;ORNL_054;0.937;0.011;0.251;0.013;0;0
GBOV_RM6_398;OakRidge;Courtney Meier;cmeier@battelleecology.org;support-copernicus-gbov@acri-st.fr;NEON;334;Mixed Forest;35.9641189575195;-84.282600402832;20150914T000000Z;2.0;ORNL_054;0.941;0.011;0.169;0.013;0;0
GBOV_RM6_398;OakRidge;Courtney Meier;cmeier@battelleecology.org;support-copernicus-gbov@acri-st.fr;NEON;334;Mixed Forest;35.9641189575195;-84.282600402832;20150930T000000Z;2.0;ORNL_054;0.939;0.012;0.202;0.008;0;32
GBOV_RM6_398;OakRidge;Courtney Meier;cmeier@battelleecology.org;support-copernicus-gbov@acri-st.fr;NEON;334;Mixed Forest;35.9641189575195;-84.282600402832;20151012T000000Z;2.0;ORNL_054;0.936;0.011;0.148;0.014;0;0
GBOV_RM6_398;OakRidge;Courtney Meier;cmeier@battelleecology.org;support-copernicus-gbov@acri-st.fr;NEON;334;Mixed Forest;35.9641189575195;-84.282600402832;20151030T000000Z;2.0;ORNL_054;0.867;0.015;0.070;0.008;0;0
GBOV_RM6_398;OakRidge;Courtney Meier;cmeier@battelleecology.org;support-copernicus-gbov@acri-st.fr;NEON;334;Mixed Forest;35.9641189575195;-84.282600402832;20160328T000000Z;2.0;ORNL_054;0.318;0.012;0.027;0.005;0;0
GBOV_RM6_398;OakRidge;Courtney Meier;cmeier@battelleecology.org;support-copernicus-gbov@acri-st.fr;NEON;334;Mixed Forest;35.9641189575195;-84.282600402832;20160411T000000Z;2.0;ORNL_054;0.427;0.012;0.0316;0.0033;0;0
GBOV_RM6_398;OakRidge;Courtney Meier;cmeier@battelleecology.org;support-copernicus-gbov@acri-st.fr;NEON;334;Mixed Forest;35.9641189575195;-84.282600402832;20160426T000000Z;2.0;ORNL_054;0.912;0.014;0.162;0.013;0;0
GBOV_RM6_398;OakRidge;Courtney Meier;cmeier@battelleecology.org;support-copernicus-gbov@acri-st.fr;NEON;334;Mixed Forest;35.9641189575195;-84.282600402832;20160510T000000Z;2.0;ORNL_054;0.938;0.013;0.273;0.024;0;0
GBOV_RM6_398;OakRidge;Courtney Meier;cmeier@battelleecology.org;support-copernicus-gbov@acri-st.fr;NEON;334;Mixed Forest;35.9641189575195;-84.282600402832;20160524T000000Z;2.0;ORNL_054;0.958;0.012;0.177;0.022;0;0
GBOV_RM6_398;OakRidge;Courtney Meier;cmeier@battelleecology.org;support-copernicus-gbov@acri-st.fr;NEON;334;Mixed Forest;35.9641189575195;-84.282600402832;20160623T000000Z;2.0;ORNL_054;0.948;0.012;0.211;0.022;0;0
GBOV_RM6_398;OakRidge;Courtney Meier;cmeier@battelleecology.org;support-copernicus-gbov@acri-st.fr;NEON;334;Mixed Forest;35.9641189575195;-84.282600402832;20160707T000000Z;2.0;ORNL_054;0.940;0.012;0.187;0.019;0;0
GBOV_RM6_398;OakRidge;Courtney Meier;cmeier@battelleecology.org;support-copernicus-gbov@acri-st.fr;NEON;334;Mixed Forest;35.9641189575195;-84.282600402832;20160720T000000Z;2.0;ORNL_054;0.948;0.011;0.248;0.023;0;0
GBOV_RM6_398;OakRidge;Courtney Meier;cmeier@battelleecology.org;support-copernicus-gbov@acri-st.fr;NEON;334;Mixed Forest;35.9641189575195;-84.282600402832;20160801T000000Z;2.0;ORNL_054;0.941;0.011;0.218;0.018;0;0
GBOV_RM6_398;OakRidge;Courtney Meier;cmeier@battelleecology.org;support-copernicus-gbov@acri-st.fr;NEON;334;Mixed Forest;35.9641189575195;-84.282600402832;20160817T000000Z;2.0;ORNL_054;0.957;0.011;0.201;0.017;0;0
GBOV_RM6_398;OakRidge;Courtney Meier;cmeier@battelleecology.org;support-copernicus-gbov@acri-st.fr;NEON;334;Mixed Forest;35.9641189575195;-84.282600402832;20160831T000000Z;2.0;ORNL_054;0.953;0.011;0.249;0.019;0;0
GBOV_RM6_398;OakRidge;Courtney Meier;cmeier@battelleecology.org;support-copernicus-gbov@acri-st.fr;NEON;334;Mixed Forest;35.9641189575195;-84.282600402832;20160915T000000Z;2.0;ORNL_054;0.948;0.011;0.264;0.016;0;0
GBOV_RM6_398;OakRidge;Courtney Meier;cmeier@battelleecology.org;support-copernicus-gbov@acri-st.fr;NEON;334;Mixed Forest;35.9641189575195;-84.282600402832;20160930T000000Z;2.0;ORNL_054;0.948;0.011;0.163;0.012;0;0
GBOV_RM6_398;OakRidge;Courtney Meier;cmeier@battelleecology.org;support-copernicus-gbov@acri-st.fr;NEON;334;Mixed Forest;35.9641189575195;-84.282600402832;20161013T000000Z;2.0;ORNL_054;0.942;0.011;0.091;0.009;0;0
GBOV_RM6_398;OakRidge;Courtney Meier;cmeier@battelleecology.org;support-copernicus-gbov@acri-st.fr;NEON;334;Mixed Forest;35.9641189575195;-84.282600402832;20161027T000000Z;2.0;ORNL_054;0.930;0.013;0.092;0.011;0;0
GBOV_RM6_398;OakRidge;Courtney Meier;cmeier@battelleecology.org;support-copernicus-gbov@acri-st.fr;NEON;334;Mixed Forest;35.9641189575195;-84.282600402832;20161107T000000Z;2.0;ORNL_054;0.900;0.012;0.057;0.008;0;0
GBOV_RM6_398;OakRidge;Courtney Meier;cmeier@battelleecology.org;support-copernicus-gbov@acri-st.fr;NEON;334;Mixed Forest;35.9641189575195;-84.282600402832;20170329T000000Z;2.0;ORNL_054;0.304;0.014;0.034;0.007;0;16
GBOV_RM6_398;OakRidge;Courtney Meier;cmeier@battelleecology.org;support-copernicus-gbov@acri-st.fr;NEON;334;Mixed Forest;35.9641189575195;-84.282600402832;20170411T000000Z;2.0;ORNL_054;0.323;0.017;0.0210;0.0035;0;0
GBOV_RM6_398;OakRidge;Courtney Meier;cmeier@battelleecology.org;support-copernicus-gbov@acri-st.fr;NEON;334;Mixed Forest;35.9641189575195;-84.282600402832;20170426T000000Z;2.0;ORNL_054;0.897;0.015;0.211;0.025;0;0
GBOV_RM6_398;OakRidge;Courtney Meier;cmeier@battelleecology.org;support-copernicus-gbov@acri-st.fr;NEON;334;Mixed Forest;35.9641189575195;-84.282600402832;20170510T000000Z;2.0;ORNL_054;0.913;0.016;0.351;0.021;0;0
GBOV_RM6_398;OakRidge;Courtney Meier;cmeier@battelleecology.org;support-copernicus-gbov@acri-st.fr;NEON;334;Mixed Forest;35.9641189575195;-84.282600402832;20170522T000000Z;2.0;ORNL_054;0.928;0.013;0.172;0.019;0;0
GBOV_RM6_398;OakRidge;Courtney Meier;cmeier@battelleecology.org;support-copernicus-gbov@acri-st.fr;NEON;334;Mixed Forest;35.9641189575195;-84.282600402832;20170608T000000Z;2.0;ORNL_054;0.933;0.013;0.269;0.021;0;0
GBOV_RM6_398;OakRidge;Courtney Meier;cmeier@battelleecology.org;support-copernicus-gbov@acri-st.fr;NEON;334;Mixed Forest;35.9641189575195;-84.282600402832;20170621T000000Z;2.0;ORNL_054;0.939;0.012;0.150;0.014;0;0
GBOV_RM6_398;OakRidge;Courtney Meier;cmeier@battelleecology.org;support-copernicus-gbov@acri-st.fr;NEON;334;Mixed Forest;35.9641189575195;-84.282600402832;20170703T000000Z;2.0;ORNL_054;0.923;0.011;0.233;0.023;0;0
GBOV_RM6_398;OakRidge;Courtney Meier;cmeier@battelleecology.org;support-copernicus-gbov@acri-st.fr;NEON;334;Mixed Forest;35.9641189575195;-84.282600402832;20170718T000000Z;2.0;ORNL_054;0.923;0.013;0.205;0.022;0;0
GBOV_RM6_398;OakRidge;Courtney Meier;cmeier@battelleecology.org;support-copernicus-gbov@acri-st.fr;NEON;334;Mixed Forest;35.9641189575195;-84.282600402832;20170803T000000Z;2.0;ORNL_054;0.932;0.013;0.154;0.022;0;0
GBOV_RM6_398;OakRidge;Courtney Meier;cmeier@battelleecology.org;support-copernicus-gbov@acri-st.fr;NEON;334;Mixed Forest;35.9641189575195;-84.282600402832;20170815T000000Z;2.0;ORNL_054;0.944;0.013;0.157;0.017;0;0
GBOV_RM6_398;OakRidge;Courtney Meier;cmeier@battelleecology.org;support-copernicus-gbov@acri-st.fr;NEON;334;Mixed Forest;35.9641189575195;-84.282600402832;20170831T000000Z;2.0;ORNL_054;0.951;0.011;0.096;0.015;0;0
GBOV_RM6_398;OakRidge;Courtney Meier;cmeier@battelleecology.org;support-copernicus-gbov@acri-st.fr;NEON;334;Mixed Forest;35.9641189575195;-84.282600402832;20170913T000000Z;2.0;ORNL_054;0.956;0.011;0.116;0.022;0;0
GBOV_RM6_398;OakRidge;Courtney Meier;cmeier@battelleecology.org;support-copernicus-gbov@acri-st.fr;NEON;334;Mixed Forest;35.9641189575195;-84.282600402832;20170927T000000Z;2.0;ORNL_054;0.934;0.012;0.222;0.026;0;0
GBOV_RM6_398;OakRidge;Courtney Meier;cmeier@battelleecology.org;support-copernicus-gbov@acri-st.fr;NEON;334;Mixed Forest;35.9641189575195;-84.282600402832;20171012T000000Z;2.0;ORNL_054;0.954;0.011;0.144;0.013;0;0
GBOV_RM6_398;OakRidge;Courtney Meier;cmeier@battelleecology.org;support-copernicus-gbov@acri-st.fr;NEON;334;Mixed Forest;35.9641189575195;-84.282600402832;20171026T000000Z;2.0;ORNL_054;0.928;0.013;0.213;0.019;0;0
GBOV_RM6_398;OakRidge;Courtney Meier;cmeier@battelleecology.org;support-copernicus-gbov@acri-st.fr;NEON;334;Mixed Forest;35.9641189575195;-84.282600402832;20180403T000000Z;2.0;ORNL_054;0.343;0.015;0.0098;0.0021;0;0
GBOV_RM6_398;OakRidge;Courtney Meier;cmeier@battelleecology.org;support-copernicus-gbov@acri-st.fr;NEON;334;Mixed Forest;35.9641189575195;-84.282600402832;20180417T000000Z;2.0;ORNL_054;0.437;0.016;0.031;0.005;0;0
GBOV_RM6_398;OakRidge;Courtney Meier;cmeier@battelleecology.org;support-copernicus-gbov@acri-st.fr;NEON;334;Mixed Forest;35.9641189575195;-84.282600402832;20180501T000000Z;2.0;ORNL_054;0.894;0.013;0.328;0.023;0;0
GBOV_RM6_398;OakRidge;Courtney Meier;cmeier@battelleecology.org;support-copernicus-gbov@acri-st.fr;NEON;334;Mixed Forest;35.9641189575195;-84.282600402832;20180515T000000Z;2.0;ORNL_054;0.957;0.011;0.279;0.020;0;0
GBOV_RM6_398;OakRidge;Courtney Meier;cmeier@battelleecology.org;support-copernicus-gbov@acri-st.fr;NEON;334;Mixed Forest;35.9641189575195;-84.282600402832;20180613T000000Z;2.0;ORNL_054;0.954;0.012;0.246;0.017;0;0
GBOV_RM6_398;OakRidge;Courtney Meier;cmeier@battelleecology.org;support-copernicus-gbov@acri-st.fr;NEON;334;Mixed Forest;35.9641189575195;-84.282600402832;20180627T100100Z;2.0;ORNL_054;0.948;0.011;0.179;0.025;0;0
GBOV_RM6_398;OakRidge;Courtney Meier;cmeier@battelleecology.org;support-copernicus-gbov@acri-st.fr;NEON;334;Mixed Forest;35.9641189575195;-84.282600402832;20180712T065300Z;2.0;ORNL_054;0.947;0.011;0.214;0.023;0;0
GBOV_RM6_398;OakRidge;Courtney Meier;cmeier@battelleecology.org;support-copernicus-gbov@acri-st.fr;NEON;334;Mixed Forest;35.9641189575195;-84.282600402832;20180724T080800Z;2.0;ORNL_054;0.953;0.011;0.233;0.035;0;2
GBOV_RM6_398;OakRidge;Courtney Meier;cmeier@battelleecology.org;support-copernicus-gbov@acri-st.fr;NEON;334;Mixed Forest;35.9641189575195;-84.282600402832;20180807T080900Z;2.0;ORNL_054;0.950;0.011;0.346;0.025;0;0
GBOV_RM6_398;OakRidge;Courtney Meier;cmeier@battelleecology.org;support-copernicus-gbov@acri-st.fr;NEON;334;Mixed Forest;35.9641189575195;-84.282600402832;20180823T000000Z;2.0;ORNL_054;0.954;0.011;0.408;0.020;0;0
GBOV_RM6_398;OakRidge;Courtney Meier;cmeier@battelleecology.org;support-copernicus-gbov@acri-st.fr;NEON;334;Mixed Forest;35.9641189575195;-84.282600402832;20180904T000000Z;2.0;ORNL_054;0.952;0.011;0.421;0.027;0;0
GBOV_RM6_398;OakRidge;Courtney Meier;cmeier@battelleecology.org;support-copernicus-gbov@acri-st.fr;NEON;334;Mixed Forest;35.9641189575195;-84.282600402832;20180921T000000Z;2.0;ORNL_054;0.953;0.011;0.254;0.022;0;0
GBOV_RM6_398;OakRidge;Courtney Meier;cmeier@battelleecology.org;support-copernicus-gbov@acri-st.fr;NEON;334;Mixed Forest;35.9641189575195;-84.282600402832;20181005T000000Z;2.0;ORNL_054;0.965;0.011;0.357;0.011;0;0
GBOV_RM6_398;OakRidge;Courtney Meier;cmeier@battelleecology.org;support-copernicus-gbov@acri-st.fr;NEON;334;Mixed Forest;35.9641189575195;-84.282600402832;20181016T000000Z;2.0;ORNL_054;0.970;0.011;0.213;0.016;0;2
GBOV_RM6_398;OakRidge;Courtney Meier;cmeier@battelleecology.org;support-copernicus-gbov@acri-st.fr;NEON;334;Mixed Forest;35.9641189575195;-84.282600402832;20181101T000000Z;2.0;ORNL_054;0.962;0.011;0.109;0.004;0;0
GBOV_RM6_398;OakRidge;Courtney Meier;cmeier@battelleecology.org;support-copernicus-gbov@acri-st.fr;NEON;334;Mixed Forest;35.9641189575195;-84.282600402832;20190319T070100Z;2.0;ORNL_054;0.330;0.012;0.060;0.006;0;0
GBOV_RM6_398;OakRidge;Courtney Meier;cmeier@battelleecology.org;support-copernicus-gbov@acri-st.fr;NEON;334;Mixed Forest;35.9641189575195;-84.282600402832;20190402T070400Z;2.0;ORNL_054;0.324;0.014;0.0077;0.0019;0;0
GBOV_RM6_398;OakRidge;Courtney Meier;cmeier@battelleecology.org;support-copernicus-gbov@acri-st.fr;NEON;334;Mixed Forest;35.9641189575195;-84.282600402832;20190416T063100Z;2.0;ORNL_054;0.712;0.018;0.150;0.011;0;0
GBOV_RM6_398;OakRidge;Courtney Meier;cmeier@battelleecology.org;support-copernicus-gbov@acri-st.fr;NEON;334;Mixed Forest;35.9641189575195;-84.282600402832;20190430T055800Z;2.0;ORNL_054;0.948;0.011;0.327;0.021;0;0
GBOV_RM6_398;OakRidge;Courtney Meier;cmeier@battelleecology.org;support-copernicus-gbov@acri-st.fr;NEON;334;Mixed Forest;35.9641189575195;-84.282600402832;20190515T062300Z;2.0;ORNL_054;0.933;0.012;0.344;0.015;0;0
GBOV_RM6_398;OakRidge;Courtney Meier;cmeier@battelleecology.org;support-copernicus-gbov@acri-st.fr;NEON;334;Mixed Forest;35.9641189575195;-84.282600402832;20190530T054400Z;2.0;ORNL_054;0.950;0.012;0.284;0.022;0;0
GBOV_RM6_398;OakRidge;Courtney Meier;cmeier@battelleecology.org;support-copernicus-gbov@acri-st.fr;NEON;334;Mixed Forest;35.9641189575195;-84.282600402832;20190612T055800Z;2.0;ORNL_054;0.956;0.011;0.180;0.016;0;0
GBOV_RM6_398;OakRidge;Courtney Meier;cmeier@battelleecology.org;support-copernicus-gbov@acri-st.fr;NEON;334;Mixed Forest;35.9641189575195;-84.282600402832;20190626T053800Z;2.0;ORNL_054;0.951;0.011;0.250;0.027;0;0
GBOV_RM6_398;OakRidge;Courtney Meier;cmeier@battelleecology.org;support-copernicus-gbov@acri-st.fr;NEON;334;Mixed Forest;35.9641189575195;-84.282600402832;20190710T055700Z;2.0;ORNL_054;0.953;0.011;0.192;0.014;0;0
GBOV_RM6_398;OakRidge;Courtney Meier;cmeier@battelleecology.org;support-copernicus-gbov@acri-st.fr;NEON;334;Mixed Forest;35.9641189575195;-84.282600402832;20190724T054300Z;2.0;ORNL_054;0.952;0.011;0.233;0.012;0;0
GBOV_RM6_398;OakRidge;Courtney Meier;cmeier@battelleecology.org;support-copernicus-gbov@acri-st.fr;NEON;334;Mixed Forest;35.9641189575195;-84.282600402832;20190807T061200Z;2.0;ORNL_054;0.953;0.011;0.172;0.014;0;0
GBOV_RM6_398;OakRidge;Courtney Meier;cmeier@battelleecology.org;support-copernicus-gbov@acri-st.fr;NEON;334;Mixed Forest;35.9641189575195;-84.282600402832;20190821T060100Z;2.0;ORNL_054;0.952;0.011;0.235;0.020;0;0
GBOV_RM6_398;OakRidge;Courtney Meier;cmeier@battelleecology.org;support-copernicus-gbov@acri-st.fr;NEON;334;Mixed Forest;35.9641189575195;-84.282600402832;20190905T063500Z;2.0;ORNL_054;0.939;0.012;0.314;0.021;0;0
GBOV_RM6_398;OakRidge;Courtney Meier;cmeier@battelleecology.org;support-copernicus-gbov@acri-st.fr;NEON;334;Mixed Forest;35.9641189575195;-84.282600402832;20190917T065600Z;2.0;ORNL_054;0.952;0.010;0.180;0.012;0;0
GBOV_RM6_398;OakRidge;Courtney Meier;cmeier@battelleecology.org;support-copernicus-gbov@acri-st.fr;NEON;334;Mixed Forest;35.9641189575195;-84.282600402832;20191001T063700Z;2.0;ORNL_054;0.946;0.011;0.289;0.009;0;0
GBOV_RM6_398;OakRidge;Courtney Meier;cmeier@battelleecology.org;support-copernicus-gbov@acri-st.fr;NEON;334;Mixed Forest;35.9641189575195;-84.282600402832;20191017T071100Z;2.0;ORNL_054;0.944;0.011;0.342;0.012;0;0
GBOV_RM6_398;OakRidge;Courtney Meier;cmeier@battelleecology.org;support-copernicus-gbov@acri-st.fr;NEON;334;Mixed Forest;35.9641189575195;-84.282600402832;20191029T071700Z;2.0;ORNL_054;0.931;0.012;0.195;0.011;0;0
