GBOV_ID;Site;GROUND_DATA_PI;GROUND_DATA_PIs_Email;GBOV_Email;Network;Elevation;IGBP_class;Lat_IS;Lon_IS;TIME_IS;Version;PLOT_ID;FIPAR_up;FIPAR_up_err;FIPAR_down;FIPAR_down_err;up_flag;down_flag
GBOV_RM6_359;NiwotRidgeMountainResearchStation;Katherine N. Suding;suding@colorado.edu;support-copernicus-gbov@acri-st.fr;NEON;3050;Evergreen Needleleaf;40.0543;-105.58245;20150714T000000Z;2.0;NIWO_054;-999;-999;0.211;0.017;-999;0
GBOV_RM6_359;NiwotRidgeMountainResearchStation;Katherine N. Suding;suding@colorado.edu;support-copernicus-gbov@acri-st.fr;NEON;3050;Evergreen Needleleaf;40.0543;-105.58245;20150728T000000Z;2.0;NIWO_054;-999;-999;0.204;0.016;-999;0
GBOV_RM6_359;NiwotRidgeMountainResearchStation;Katherine N. Suding;suding@colorado.edu;support-copernicus-gbov@acri-st.fr;NEON;3050;Evergreen Needleleaf;40.0543;-105.58245;20150814T000000Z;2.0;NIWO_054;-999;-999;0.170;0.015;-999;0
GBOV_RM6_359;NiwotRidgeMountainResearchStation;Katherine N. Suding;suding@colorado.edu;support-copernicus-gbov@acri-st.fr;NEON;3050;Evergreen Needleleaf;40.0543;-105.58245;20150828T000000Z;2.0;NIWO_054;-999;-999;0.054;0.005;-999;0
GBOV_RM6_359;NiwotRidgeMountainResearchStation;Katherine N. Suding;suding@colorado.edu;support-copernicus-gbov@acri-st.fr;NEON;3050;Evergreen Needleleaf;40.0543;-105.58245;20150911T000000Z;2.0;NIWO_054;-999;-999;0.0439;0.0028;-999;0
GBOV_RM6_359;NiwotRidgeMountainResearchStation;Katherine N. Suding;suding@colorado.edu;support-copernicus-gbov@acri-st.fr;NEON;3050;Evergreen Needleleaf;40.0543;-105.58245;20150925T000000Z;2.0;NIWO_054;-999;-999;0.0259;0.0011;-999;0
GBOV_RM6_359;NiwotRidgeMountainResearchStation;Katherine N. Suding;suding@colorado.edu;support-copernicus-gbov@acri-st.fr;NEON;3050;Evergreen Needleleaf;40.0543;-105.58245;20151009T000000Z;2.0;NIWO_054;-999;-999;0.0493;0.0018;-999;32
GBOV_RM6_359;NiwotRidgeMountainResearchStation;Katherine N. Suding;suding@colorado.edu;support-copernicus-gbov@acri-st.fr;NEON;3050;Evergreen Needleleaf;40.0543;-105.58245;20160624T000000Z;2.0;NIWO_054;-999;-999;0.137;0.014;-999;0
GBOV_RM6_359;NiwotRidgeMountainResearchStation;Katherine N. Suding;suding@colorado.edu;support-copernicus-gbov@acri-st.fr;NEON;3050;Evergreen Needleleaf;40.0543;-105.58245;20160708T000000Z;2.0;NIWO_054;-999;-999;0.153;0.009;-999;0
GBOV_RM6_359;NiwotRidgeMountainResearchStation;Katherine N. Suding;suding@colorado.edu;support-copernicus-gbov@acri-st.fr;NEON;3050;Evergreen Needleleaf;40.0543;-105.58245;20160722T000000Z;2.0;NIWO_054;-999;-999;0.107;0.009;-999;0
GBOV_RM6_359;NiwotRidgeMountainResearchStation;Katherine N. Suding;suding@colorado.edu;support-copernicus-gbov@acri-st.fr;NEON;3050;Evergreen Needleleaf;40.0543;-105.58245;20160808T000000Z;2.0;NIWO_054;-999;-999;0.095;0.006;-999;0
GBOV_RM6_359;NiwotRidgeMountainResearchStation;Katherine N. Suding;suding@colorado.edu;support-copernicus-gbov@acri-st.fr;NEON;3050;Evergreen Needleleaf;40.0543;-105.58245;20160907T000000Z;2.0;NIWO_054;-999;-999;0.0401;0.0020;-999;0
GBOV_RM6_359;NiwotRidgeMountainResearchStation;Katherine N. Suding;suding@colorado.edu;support-copernicus-gbov@acri-st.fr;NEON;3050;Evergreen Needleleaf;40.0543;-105.58245;20160916T000000Z;2.0;NIWO_054;-999;-999;0.0395;0.0014;-999;0
GBOV_RM6_359;NiwotRidgeMountainResearchStation;Katherine N. Suding;suding@colorado.edu;support-copernicus-gbov@acri-st.fr;NEON;3050;Evergreen Needleleaf;40.0543;-105.58245;20160930T000000Z;2.0;NIWO_054;-999;-999;0.0194;0.0009;-999;0
GBOV_RM6_359;NiwotRidgeMountainResearchStation;Katherine N. Suding;suding@colorado.edu;support-copernicus-gbov@acri-st.fr;NEON;3050;Evergreen Needleleaf;40.0543;-105.58245;20170605T000000Z;2.0;NIWO_054;-999;-999;0.0235;0.0016;-999;0
GBOV_RM6_359;NiwotRidgeMountainResearchStation;Katherine N. Suding;suding@colorado.edu;support-copernicus-gbov@acri-st.fr;NEON;3050;Evergreen Needleleaf;40.0543;-105.58245;20170616T000000Z;2.0;NIWO_054;-999;-999;0.081;0.008;-999;0
GBOV_RM6_359;NiwotRidgeMountainResearchStation;Katherine N. Suding;suding@colorado.edu;support-copernicus-gbov@acri-st.fr;NEON;3050;Evergreen Needleleaf;40.0543;-105.58245;20170630T000000Z;2.0;NIWO_054;-999;-999;0.115;0.012;-999;0
GBOV_RM6_359;NiwotRidgeMountainResearchStation;Katherine N. Suding;suding@colorado.edu;support-copernicus-gbov@acri-st.fr;NEON;3050;Evergreen Needleleaf;40.0543;-105.58245;20170714T000000Z;2.0;NIWO_054;-999;-999;0.123;0.011;-999;0
GBOV_RM6_359;NiwotRidgeMountainResearchStation;Katherine N. Suding;suding@colorado.edu;support-copernicus-gbov@acri-st.fr;NEON;3050;Evergreen Needleleaf;40.0543;-105.58245;20170728T000000Z;2.0;NIWO_054;-999;-999;0.160;0.022;-999;0
GBOV_RM6_359;NiwotRidgeMountainResearchStation;Katherine N. Suding;suding@colorado.edu;support-copernicus-gbov@acri-st.fr;NEON;3050;Evergreen Needleleaf;40.0543;-105.58245;20170811T000000Z;2.0;NIWO_054;-999;-999;0.179;0.035;-999;0
GBOV_RM6_359;NiwotRidgeMountainResearchStation;Katherine N. Suding;suding@colorado.edu;support-copernicus-gbov@acri-st.fr;NEON;3050;Evergreen Needleleaf;40.0543;-105.58245;20170825T000000Z;2.0;NIWO_054;-999;-999;0.084;0.005;-999;0
GBOV_RM6_359;NiwotRidgeMountainResearchStation;Katherine N. Suding;suding@colorado.edu;support-copernicus-gbov@acri-st.fr;NEON;3050;Evergreen Needleleaf;40.0543;-105.58245;20170908T000000Z;2.0;NIWO_054;-999;-999;0.0387;0.0021;-999;0
GBOV_RM6_359;NiwotRidgeMountainResearchStation;Katherine N. Suding;suding@colorado.edu;support-copernicus-gbov@acri-st.fr;NEON;3050;Evergreen Needleleaf;40.0543;-105.58245;20170922T000000Z;2.0;NIWO_054;-999;-999;0.0285;0.0013;-999;0
GBOV_RM6_359;NiwotRidgeMountainResearchStation;Katherine N. Suding;suding@colorado.edu;support-copernicus-gbov@acri-st.fr;NEON;3050;Evergreen Needleleaf;40.0543;-105.58245;20180525T000000Z;2.0;NIWO_054;-999;-999;0.0398;0.0031;-999;0
GBOV_RM6_359;NiwotRidgeMountainResearchStation;Katherine N. Suding;suding@colorado.edu;support-copernicus-gbov@acri-st.fr;NEON;3050;Evergreen Needleleaf;40.0543;-105.58245;20180608T000000Z;2.0;NIWO_054;-999;-999;0.093;0.013;-999;0
GBOV_RM6_359;NiwotRidgeMountainResearchStation;Katherine N. Suding;suding@colorado.edu;support-copernicus-gbov@acri-st.fr;NEON;3050;Evergreen Needleleaf;40.0543;-105.58245;20180622T000000Z;2.0;NIWO_054;-999;-999;0.105;0.010;-999;0
GBOV_RM6_359;NiwotRidgeMountainResearchStation;Katherine N. Suding;suding@colorado.edu;support-copernicus-gbov@acri-st.fr;NEON;3050;Evergreen Needleleaf;40.0543;-105.58245;20180706T000000Z;2.0;NIWO_054;-999;-999;0.138;0.013;-999;0
GBOV_RM6_359;NiwotRidgeMountainResearchStation;Katherine N. Suding;suding@colorado.edu;support-copernicus-gbov@acri-st.fr;NEON;3050;Evergreen Needleleaf;40.0543;-105.58245;20180720T000000Z;2.0;NIWO_054;-999;-999;0.085;0.007;-999;0
GBOV_RM6_359;NiwotRidgeMountainResearchStation;Katherine N. Suding;suding@colorado.edu;support-copernicus-gbov@acri-st.fr;NEON;3050;Evergreen Needleleaf;40.0543;-105.58245;20180803T000000Z;2.0;NIWO_054;-999;-999;0.098;0.006;-999;0
GBOV_RM6_359;NiwotRidgeMountainResearchStation;Katherine N. Suding;suding@colorado.edu;support-copernicus-gbov@acri-st.fr;NEON;3050;Evergreen Needleleaf;40.0543;-105.58245;20180817T000000Z;2.0;NIWO_054;-999;-999;0.057;0.004;-999;0
GBOV_RM6_359;NiwotRidgeMountainResearchStation;Katherine N. Suding;suding@colorado.edu;support-copernicus-gbov@acri-st.fr;NEON;3050;Evergreen Needleleaf;40.0543;-105.58245;20180831T000000Z;2.0;NIWO_054;-999;-999;0.0469;0.0029;-999;0
GBOV_RM6_359;NiwotRidgeMountainResearchStation;Katherine N. Suding;suding@colorado.edu;support-copernicus-gbov@acri-st.fr;NEON;3050;Evergreen Needleleaf;40.0543;-105.58245;20180914T000000Z;2.0;NIWO_054;-999;-999;0.0345;0.0025;-999;0
GBOV_RM6_359;NiwotRidgeMountainResearchStation;Katherine N. Suding;suding@colorado.edu;support-copernicus-gbov@acri-st.fr;NEON;3050;Evergreen Needleleaf;40.0543;-105.58245;20180928T000000Z;2.0;NIWO_054;-999;-999;0.0328;0.0013;-999;0
GBOV_RM6_359;NiwotRidgeMountainResearchStation;Katherine N. Suding;suding@colorado.edu;support-copernicus-gbov@acri-st.fr;NEON;3050;Evergreen Needleleaf;40.0543;-105.58245;20190531T115000Z;2.0;NIWO_054;-999;-999;0.0058;0.0021;-999;0
GBOV_RM6_359;NiwotRidgeMountainResearchStation;Katherine N. Suding;suding@colorado.edu;support-copernicus-gbov@acri-st.fr;NEON;3050;Evergreen Needleleaf;40.0543;-105.58245;20190617T124300Z;2.0;NIWO_054;-999;-999;0.027;0.006;-999;0
GBOV_RM6_359;NiwotRidgeMountainResearchStation;Katherine N. Suding;suding@colorado.edu;support-copernicus-gbov@acri-st.fr;NEON;3050;Evergreen Needleleaf;40.0543;-105.58245;20190701T130600Z;2.0;NIWO_054;-999;-999;0.071;0.008;-999;0
GBOV_RM6_359;NiwotRidgeMountainResearchStation;Katherine N. Suding;suding@colorado.edu;support-copernicus-gbov@acri-st.fr;NEON;3050;Evergreen Needleleaf;40.0543;-105.58245;20190715T133700Z;2.0;NIWO_054;-999;-999;0.101;0.011;-999;0
GBOV_RM6_359;NiwotRidgeMountainResearchStation;Katherine N. Suding;suding@colorado.edu;support-copernicus-gbov@acri-st.fr;NEON;3050;Evergreen Needleleaf;40.0543;-105.58245;20190729T143400Z;2.0;NIWO_054;-999;-999;0.076;0.007;-999;0
GBOV_RM6_359;NiwotRidgeMountainResearchStation;Katherine N. Suding;suding@colorado.edu;support-copernicus-gbov@acri-st.fr;NEON;3050;Evergreen Needleleaf;40.0543;-105.58245;20190812T105800Z;2.0;NIWO_054;-999;-999;0.115;0.007;-999;0
GBOV_RM6_359;NiwotRidgeMountainResearchStation;Katherine N. Suding;suding@colorado.edu;support-copernicus-gbov@acri-st.fr;NEON;3050;Evergreen Needleleaf;40.0543;-105.58245;20190827T075300Z;2.0;NIWO_054;-999;-999;0.134;0.007;-999;0
GBOV_RM6_359;NiwotRidgeMountainResearchStation;Katherine N. Suding;suding@colorado.edu;support-copernicus-gbov@acri-st.fr;NEON;3050;Evergreen Needleleaf;40.0543;-105.58245;20190909T111100Z;2.0;NIWO_054;-999;-999;0.0447;0.0026;-999;0
GBOV_RM6_359;NiwotRidgeMountainResearchStation;Katherine N. Suding;suding@colorado.edu;support-copernicus-gbov@acri-st.fr;NEON;3050;Evergreen Needleleaf;40.0543;-105.58245;20190923T130300Z;2.0;NIWO_054;-999;-999;0.0316;0.0016;-999;0
