GBOV_ID;Site;GROUND_DATA_PI;GROUND_DATA_PIs_Email;GBOV_Email;Network;Elevation;IGBP_class;Lat_IS;Lon_IS;TIME_IS;Version;PLOT_ID;FIPAR_up;FIPAR_up_err;FIPAR_down;FIPAR_down_err;up_flag;down_flag
GBOV_RM6_615;DisneyWildernessPreserve;Courtney Meier;cmeier@battelleecology.org;support-copernicus-gbov@acri-st.fr;NEON;15;Woody Savannas;28.1250400543213;-81.43625;20130211T000000Z;2.0;DSNY_061;-999;-999;0.728;0.019;-999;0
GBOV_RM6_615;DisneyWildernessPreserve;Courtney Meier;cmeier@battelleecology.org;support-copernicus-gbov@acri-st.fr;NEON;15;Woody Savannas;28.1250400543213;-81.43625;20130422T000000Z;2.0;DSNY_061;0.161;0.027;-999;-999;128;-999
GBOV_RM6_615;DisneyWildernessPreserve;Courtney Meier;cmeier@battelleecology.org;support-copernicus-gbov@acri-st.fr;NEON;15;Woody Savannas;28.1250400543213;-81.43625;20130515T000000Z;2.0;DSNY_061;-999;-999;0.425;0.028;-999;0
GBOV_RM6_615;DisneyWildernessPreserve;Courtney Meier;cmeier@battelleecology.org;support-copernicus-gbov@acri-st.fr;NEON;15;Woody Savannas;28.1250400543213;-81.43625;20130604T000000Z;2.0;DSNY_061;-999;-999;0.604;0.024;-999;0
GBOV_RM6_615;DisneyWildernessPreserve;Courtney Meier;cmeier@battelleecology.org;support-copernicus-gbov@acri-st.fr;NEON;15;Woody Savannas;28.1250400543213;-81.43625;20130620T000000Z;2.0;DSNY_061;-999;-999;0.736;0.023;-999;16
GBOV_RM6_615;DisneyWildernessPreserve;Courtney Meier;cmeier@battelleecology.org;support-copernicus-gbov@acri-st.fr;NEON;15;Woody Savannas;28.1250400543213;-81.43625;20130702T000000Z;2.0;DSNY_061;-999;-999;0.678;0.022;-999;32
GBOV_RM6_615;DisneyWildernessPreserve;Courtney Meier;cmeier@battelleecology.org;support-copernicus-gbov@acri-st.fr;NEON;15;Woody Savannas;28.1250400543213;-81.43625;20130814T000000Z;2.0;DSNY_061;0.111;0.017;-999;-999;128;-999
GBOV_RM6_615;DisneyWildernessPreserve;Courtney Meier;cmeier@battelleecology.org;support-copernicus-gbov@acri-st.fr;NEON;15;Woody Savannas;28.1250400543213;-81.43625;20130827T000000Z;2.0;DSNY_061;0.121;0.027;-999;-999;128;-999
GBOV_RM6_615;DisneyWildernessPreserve;Courtney Meier;cmeier@battelleecology.org;support-copernicus-gbov@acri-st.fr;NEON;15;Woody Savannas;28.1250400543213;-81.43625;20130909T000000Z;2.0;DSNY_061;0.149;0.026;-999;-999;128;-999
GBOV_RM6_615;DisneyWildernessPreserve;Courtney Meier;cmeier@battelleecology.org;support-copernicus-gbov@acri-st.fr;NEON;15;Woody Savannas;28.1250400543213;-81.43625;20130925T000000Z;2.0;DSNY_061;-999;-999;0.117;0.025;-999;0
GBOV_RM6_615;DisneyWildernessPreserve;Courtney Meier;cmeier@battelleecology.org;support-copernicus-gbov@acri-st.fr;NEON;15;Woody Savannas;28.1250400543213;-81.43625;20131009T000000Z;2.0;DSNY_061;0.36;0.05;-999;-999;128;-999
GBOV_RM6_615;DisneyWildernessPreserve;Courtney Meier;cmeier@battelleecology.org;support-copernicus-gbov@acri-st.fr;NEON;15;Woody Savannas;28.1250400543213;-81.43625;20131101T000000Z;2.0;DSNY_061;0.253;0.028;-999;-999;128;-999
GBOV_RM6_615;DisneyWildernessPreserve;Courtney Meier;cmeier@battelleecology.org;support-copernicus-gbov@acri-st.fr;NEON;15;Woody Savannas;28.1250400543213;-81.43625;20131114T000000Z;2.0;DSNY_061;0.207;0.029;-999;-999;128;-999
GBOV_RM6_615;DisneyWildernessPreserve;Courtney Meier;cmeier@battelleecology.org;support-copernicus-gbov@acri-st.fr;NEON;15;Woody Savannas;28.1250400543213;-81.43625;20140327T000000Z;2.0;DSNY_061;0.213;0.033;-999;-999;128;-999
GBOV_RM6_615;DisneyWildernessPreserve;Courtney Meier;cmeier@battelleecology.org;support-copernicus-gbov@acri-st.fr;NEON;15;Woody Savannas;28.1250400543213;-81.43625;20140409T000000Z;2.0;DSNY_061;0.18;0.04;-999;-999;130;-999
GBOV_RM6_615;DisneyWildernessPreserve;Courtney Meier;cmeier@battelleecology.org;support-copernicus-gbov@acri-st.fr;NEON;15;Woody Savannas;28.1250400543213;-81.43625;20140730T000000Z;2.0;DSNY_061;-999;-999;0.573;0.017;-999;0
GBOV_RM6_615;DisneyWildernessPreserve;Courtney Meier;cmeier@battelleecology.org;support-copernicus-gbov@acri-st.fr;NEON;15;Woody Savannas;28.1250400543213;-81.43625;20150310T000000Z;2.0;DSNY_061;0.257;0.032;-999;-999;128;-999
GBOV_RM6_615;DisneyWildernessPreserve;Courtney Meier;cmeier@battelleecology.org;support-copernicus-gbov@acri-st.fr;NEON;15;Woody Savannas;28.1250400543213;-81.43625;20150326T000000Z;2.0;DSNY_061;0.285;0.028;-999;-999;128;-999
GBOV_RM6_615;DisneyWildernessPreserve;Courtney Meier;cmeier@battelleecology.org;support-copernicus-gbov@acri-st.fr;NEON;15;Woody Savannas;28.1250400543213;-81.43625;20150408T000000Z;2.0;DSNY_061;0.27;0.04;-999;-999;128;-999
GBOV_RM6_615;DisneyWildernessPreserve;Courtney Meier;cmeier@battelleecology.org;support-copernicus-gbov@acri-st.fr;NEON;15;Woody Savannas;28.1250400543213;-81.43625;20150421T000000Z;2.0;DSNY_061;0.280;0.028;-999;-999;130;-999
GBOV_RM6_615;DisneyWildernessPreserve;Courtney Meier;cmeier@battelleecology.org;support-copernicus-gbov@acri-st.fr;NEON;15;Woody Savannas;28.1250400543213;-81.43625;20150506T000000Z;2.0;DSNY_061;0.149;0.029;-999;-999;128;-999
GBOV_RM6_615;DisneyWildernessPreserve;Courtney Meier;cmeier@battelleecology.org;support-copernicus-gbov@acri-st.fr;NEON;15;Woody Savannas;28.1250400543213;-81.43625;20150521T000000Z;2.0;DSNY_061;0.31;0.05;-999;-999;128;-999
GBOV_RM6_615;DisneyWildernessPreserve;Courtney Meier;cmeier@battelleecology.org;support-copernicus-gbov@acri-st.fr;NEON;15;Woody Savannas;28.1250400543213;-81.43625;20150603T000000Z;2.0;DSNY_061;0.348;0.022;-999;-999;128;-999
GBOV_RM6_615;DisneyWildernessPreserve;Courtney Meier;cmeier@battelleecology.org;support-copernicus-gbov@acri-st.fr;NEON;15;Woody Savannas;28.1250400543213;-81.43625;20150617T000000Z;2.0;DSNY_061;0.139;0.020;-999;-999;128;-999
GBOV_RM6_615;DisneyWildernessPreserve;Courtney Meier;cmeier@battelleecology.org;support-copernicus-gbov@acri-st.fr;NEON;15;Woody Savannas;28.1250400543213;-81.43625;20150630T000000Z;2.0;DSNY_061;0.037;0.015;-999;-999;128;-999
GBOV_RM6_615;DisneyWildernessPreserve;Courtney Meier;cmeier@battelleecology.org;support-copernicus-gbov@acri-st.fr;NEON;15;Woody Savannas;28.1250400543213;-81.43625;20150716T000000Z;2.0;DSNY_061;0.26;0.04;-999;-999;128;-999
GBOV_RM6_615;DisneyWildernessPreserve;Courtney Meier;cmeier@battelleecology.org;support-copernicus-gbov@acri-st.fr;NEON;15;Woody Savannas;28.1250400543213;-81.43625;20150729T000000Z;2.0;DSNY_061;0.199;0.016;-999;-999;128;-999
GBOV_RM6_615;DisneyWildernessPreserve;Courtney Meier;cmeier@battelleecology.org;support-copernicus-gbov@acri-st.fr;NEON;15;Woody Savannas;28.1250400543213;-81.43625;20150813T000000Z;2.0;DSNY_061;0.25;0.04;-999;-999;128;-999
GBOV_RM6_615;DisneyWildernessPreserve;Courtney Meier;cmeier@battelleecology.org;support-copernicus-gbov@acri-st.fr;NEON;15;Woody Savannas;28.1250400543213;-81.43625;20150825T000000Z;2.0;DSNY_061;0.220;0.025;-999;-999;130;-999
GBOV_RM6_615;DisneyWildernessPreserve;Courtney Meier;cmeier@battelleecology.org;support-copernicus-gbov@acri-st.fr;NEON;15;Woody Savannas;28.1250400543213;-81.43625;20150908T000000Z;2.0;DSNY_061;0.44;0.04;-999;-999;128;-999
GBOV_RM6_615;DisneyWildernessPreserve;Courtney Meier;cmeier@battelleecology.org;support-copernicus-gbov@acri-st.fr;NEON;15;Woody Savannas;28.1250400543213;-81.43625;20150921T000000Z;2.0;DSNY_061;0.412;0.028;-999;-999;128;-999
GBOV_RM6_615;DisneyWildernessPreserve;Courtney Meier;cmeier@battelleecology.org;support-copernicus-gbov@acri-st.fr;NEON;15;Woody Savannas;28.1250400543213;-81.43625;20151006T000000Z;2.0;DSNY_061;0.34;0.04;-999;-999;128;-999
GBOV_RM6_615;DisneyWildernessPreserve;Courtney Meier;cmeier@battelleecology.org;support-copernicus-gbov@acri-st.fr;NEON;15;Woody Savannas;28.1250400543213;-81.43625;20151021T000000Z;2.0;DSNY_061;0.32;0.06;-999;-999;128;-999
GBOV_RM6_615;DisneyWildernessPreserve;Courtney Meier;cmeier@battelleecology.org;support-copernicus-gbov@acri-st.fr;NEON;15;Woody Savannas;28.1250400543213;-81.43625;20160311T000000Z;2.0;DSNY_061;-999;-999;0.031;0.004;-999;0
GBOV_RM6_615;DisneyWildernessPreserve;Courtney Meier;cmeier@battelleecology.org;support-copernicus-gbov@acri-st.fr;NEON;15;Woody Savannas;28.1250400543213;-81.43625;20160322T000000Z;2.0;DSNY_061;0.095;0.035;-999;-999;0;-999
GBOV_RM6_615;DisneyWildernessPreserve;Courtney Meier;cmeier@battelleecology.org;support-copernicus-gbov@acri-st.fr;NEON;15;Woody Savannas;28.1250400543213;-81.43625;20160407T000000Z;2.0;DSNY_061;0.33;0.06;0.197;0.034;128;-999
GBOV_RM6_615;DisneyWildernessPreserve;Courtney Meier;cmeier@battelleecology.org;support-copernicus-gbov@acri-st.fr;NEON;15;Woody Savannas;28.1250400543213;-81.43625;20160418T000000Z;2.0;DSNY_061;0.32;0.05;0.147;0.017;128;-999
GBOV_RM6_615;DisneyWildernessPreserve;Courtney Meier;cmeier@battelleecology.org;support-copernicus-gbov@acri-st.fr;NEON;15;Woody Savannas;28.1250400543213;-81.43625;20160502T000000Z;2.0;DSNY_061;0.128;0.025;-999;-999;0;-999
GBOV_RM6_615;DisneyWildernessPreserve;Courtney Meier;cmeier@battelleecology.org;support-copernicus-gbov@acri-st.fr;NEON;15;Woody Savannas;28.1250400543213;-81.43625;20160516T000000Z;2.0;DSNY_061;0.50;0.05;-999;-999;0;-999
GBOV_RM6_615;DisneyWildernessPreserve;Courtney Meier;cmeier@battelleecology.org;support-copernicus-gbov@acri-st.fr;NEON;15;Woody Savannas;28.1250400543213;-81.43625;20160601T000000Z;2.0;DSNY_061;0.022;0.008;-999;-999;0;-999
GBOV_RM6_615;DisneyWildernessPreserve;Courtney Meier;cmeier@battelleecology.org;support-copernicus-gbov@acri-st.fr;NEON;15;Woody Savannas;28.1250400543213;-81.43625;20160614T000000Z;2.0;DSNY_061;-999;-999;0.458;0.018;-999;0
GBOV_RM6_615;DisneyWildernessPreserve;Courtney Meier;cmeier@battelleecology.org;support-copernicus-gbov@acri-st.fr;NEON;15;Woody Savannas;28.1250400543213;-81.43625;20160629T000000Z;2.0;DSNY_061;-999;-999;0.351;0.020;-999;0
GBOV_RM6_615;DisneyWildernessPreserve;Courtney Meier;cmeier@battelleecology.org;support-copernicus-gbov@acri-st.fr;NEON;15;Woody Savannas;28.1250400543213;-81.43625;20160714T000000Z;2.0;DSNY_061;-999;-999;0.74;0.04;-999;0
GBOV_RM6_615;DisneyWildernessPreserve;Courtney Meier;cmeier@battelleecology.org;support-copernicus-gbov@acri-st.fr;NEON;15;Woody Savannas;28.1250400543213;-81.43625;20160728T000000Z;2.0;DSNY_061;-999;-999;0.680;0.019;-999;0
GBOV_RM6_615;DisneyWildernessPreserve;Courtney Meier;cmeier@battelleecology.org;support-copernicus-gbov@acri-st.fr;NEON;15;Woody Savannas;28.1250400543213;-81.43625;20160808T000000Z;2.0;DSNY_061;-999;-999;0.744;0.018;-999;0
GBOV_RM6_615;DisneyWildernessPreserve;Courtney Meier;cmeier@battelleecology.org;support-copernicus-gbov@acri-st.fr;NEON;15;Woody Savannas;28.1250400543213;-81.43625;20160822T000000Z;2.0;DSNY_061;0.133;0.033;0.089;0.026;128;-999
GBOV_RM6_615;DisneyWildernessPreserve;Courtney Meier;cmeier@battelleecology.org;support-copernicus-gbov@acri-st.fr;NEON;15;Woody Savannas;28.1250400543213;-81.43625;20160907T000000Z;2.0;DSNY_061;0.27;0.05;-999;-999;0;-999
GBOV_RM6_615;DisneyWildernessPreserve;Courtney Meier;cmeier@battelleecology.org;support-copernicus-gbov@acri-st.fr;NEON;15;Woody Savannas;28.1250400543213;-81.43625;20161004T000000Z;2.0;DSNY_061;0.420;0.029;0.504;0.033;128;-999
GBOV_RM6_615;DisneyWildernessPreserve;Courtney Meier;cmeier@battelleecology.org;support-copernicus-gbov@acri-st.fr;NEON;15;Woody Savannas;28.1250400543213;-81.43625;20161021T000000Z;2.0;DSNY_061;0.245;0.019;0.059;0.013;128;-999
GBOV_RM6_615;DisneyWildernessPreserve;Courtney Meier;cmeier@battelleecology.org;support-copernicus-gbov@acri-st.fr;NEON;15;Woody Savannas;28.1250400543213;-81.43625;20161103T000000Z;2.0;DSNY_061;0.149;0.017;-999;-999;0;-999
GBOV_RM6_615;DisneyWildernessPreserve;Courtney Meier;cmeier@battelleecology.org;support-copernicus-gbov@acri-st.fr;NEON;15;Woody Savannas;28.1250400543213;-81.43625;20161114T000000Z;2.0;DSNY_061;0.56;0.04;-999;-999;0;-999
GBOV_RM6_615;DisneyWildernessPreserve;Courtney Meier;cmeier@battelleecology.org;support-copernicus-gbov@acri-st.fr;NEON;15;Woody Savannas;28.1250400543213;-81.43625;20170315T000000Z;2.0;DSNY_061;0.38;0.04;0.198;0.026;128;-999
GBOV_RM6_615;DisneyWildernessPreserve;Courtney Meier;cmeier@battelleecology.org;support-copernicus-gbov@acri-st.fr;NEON;15;Woody Savannas;28.1250400543213;-81.43625;20170328T000000Z;2.0;DSNY_061;0.36;0.05;0.156;0.020;128;-999
GBOV_RM6_615;DisneyWildernessPreserve;Courtney Meier;cmeier@battelleecology.org;support-copernicus-gbov@acri-st.fr;NEON;15;Woody Savannas;28.1250400543213;-81.43625;20170411T000000Z;2.0;DSNY_061;0.309;0.030;0.079;0.014;128;-999
GBOV_RM6_615;DisneyWildernessPreserve;Courtney Meier;cmeier@battelleecology.org;support-copernicus-gbov@acri-st.fr;NEON;15;Woody Savannas;28.1250400543213;-81.43625;20170510T000000Z;2.0;DSNY_061;-999;-999;0.036;0.008;-999;0
GBOV_RM6_615;DisneyWildernessPreserve;Courtney Meier;cmeier@battelleecology.org;support-copernicus-gbov@acri-st.fr;NEON;15;Woody Savannas;28.1250400543213;-81.43625;20170523T000000Z;2.0;DSNY_061;-999;-999;0.0137;0.0026;-999;0
GBOV_RM6_615;DisneyWildernessPreserve;Courtney Meier;cmeier@battelleecology.org;support-copernicus-gbov@acri-st.fr;NEON;15;Woody Savannas;28.1250400543213;-81.43625;20170620T000000Z;2.0;DSNY_061;-999;-999;0.172;0.019;-999;0
GBOV_RM6_615;DisneyWildernessPreserve;Courtney Meier;cmeier@battelleecology.org;support-copernicus-gbov@acri-st.fr;NEON;15;Woody Savannas;28.1250400543213;-81.43625;20170706T000000Z;2.0;DSNY_061;-999;-999;0.32;0.05;-999;0
GBOV_RM6_615;DisneyWildernessPreserve;Courtney Meier;cmeier@battelleecology.org;support-copernicus-gbov@acri-st.fr;NEON;15;Woody Savannas;28.1250400543213;-81.43625;20170718T000000Z;2.0;DSNY_061;-999;-999;0.394;0.028;-999;0
GBOV_RM6_615;DisneyWildernessPreserve;Courtney Meier;cmeier@battelleecology.org;support-copernicus-gbov@acri-st.fr;NEON;15;Woody Savannas;28.1250400543213;-81.43625;20170801T000000Z;2.0;DSNY_061;-999;-999;0.48;0.04;-999;0
GBOV_RM6_615;DisneyWildernessPreserve;Courtney Meier;cmeier@battelleecology.org;support-copernicus-gbov@acri-st.fr;NEON;15;Woody Savannas;28.1250400543213;-81.43625;20170816T000000Z;2.0;DSNY_061;-999;-999;0.427;0.027;-999;0
GBOV_RM6_615;DisneyWildernessPreserve;Courtney Meier;cmeier@battelleecology.org;support-copernicus-gbov@acri-st.fr;NEON;15;Woody Savannas;28.1250400543213;-81.43625;20170828T000000Z;2.0;DSNY_061;-999;-999;0.424;0.027;-999;0
GBOV_RM6_615;DisneyWildernessPreserve;Courtney Meier;cmeier@battelleecology.org;support-copernicus-gbov@acri-st.fr;NEON;15;Woody Savannas;28.1250400543213;-81.43625;20170919T000000Z;2.0;DSNY_061;-999;-999;0.273;0.019;-999;0
GBOV_RM6_615;DisneyWildernessPreserve;Courtney Meier;cmeier@battelleecology.org;support-copernicus-gbov@acri-st.fr;NEON;15;Woody Savannas;28.1250400543213;-81.43625;20170925T000000Z;2.0;DSNY_061;-999;-999;0.280;0.020;-999;0
GBOV_RM6_615;DisneyWildernessPreserve;Courtney Meier;cmeier@battelleecology.org;support-copernicus-gbov@acri-st.fr;NEON;15;Woody Savannas;28.1250400543213;-81.43625;20171010T000000Z;2.0;DSNY_061;-999;-999;0.307;0.017;-999;16
GBOV_RM6_615;DisneyWildernessPreserve;Courtney Meier;cmeier@battelleecology.org;support-copernicus-gbov@acri-st.fr;NEON;15;Woody Savannas;28.1250400543213;-81.43625;20171024T000000Z;2.0;DSNY_061;-999;-999;0.298;0.014;-999;0
GBOV_RM6_615;DisneyWildernessPreserve;Courtney Meier;cmeier@battelleecology.org;support-copernicus-gbov@acri-st.fr;NEON;15;Woody Savannas;28.1250400543213;-81.43625;20171206T000000Z;2.0;DSNY_061;-999;-999;0.181;0.009;-999;16
GBOV_RM6_615;DisneyWildernessPreserve;Courtney Meier;cmeier@battelleecology.org;support-copernicus-gbov@acri-st.fr;NEON;15;Woody Savannas;28.1250400543213;-81.43625;20180104T000000Z;2.0;DSNY_061;-999;-999;0.135;0.010;-999;0
GBOV_RM6_615;DisneyWildernessPreserve;Courtney Meier;cmeier@battelleecology.org;support-copernicus-gbov@acri-st.fr;NEON;15;Woody Savannas;28.1250400543213;-81.43625;20180130T000000Z;2.0;DSNY_061;-999;-999;0.116;0.006;-999;0
GBOV_RM6_615;DisneyWildernessPreserve;Courtney Meier;cmeier@battelleecology.org;support-copernicus-gbov@acri-st.fr;NEON;15;Woody Savannas;28.1250400543213;-81.43625;20180227T000000Z;2.0;DSNY_061;-999;-999;0.151;0.005;-999;0
GBOV_RM6_615;DisneyWildernessPreserve;Courtney Meier;cmeier@battelleecology.org;support-copernicus-gbov@acri-st.fr;NEON;15;Woody Savannas;28.1250400543213;-81.43625;20180319T000000Z;2.0;DSNY_061;-999;-999;0.0557;0.0035;-999;0
GBOV_RM6_615;DisneyWildernessPreserve;Courtney Meier;cmeier@battelleecology.org;support-copernicus-gbov@acri-st.fr;NEON;15;Woody Savannas;28.1250400543213;-81.43625;20180328T000000Z;2.0;DSNY_061;-999;-999;0.073;0.005;-999;0
GBOV_RM6_615;DisneyWildernessPreserve;Courtney Meier;cmeier@battelleecology.org;support-copernicus-gbov@acri-st.fr;NEON;15;Woody Savannas;28.1250400543213;-81.43625;20180411T000000Z;2.0;DSNY_061;-999;-999;0.084;0.006;-999;0
GBOV_RM6_615;DisneyWildernessPreserve;Courtney Meier;cmeier@battelleecology.org;support-copernicus-gbov@acri-st.fr;NEON;15;Woody Savannas;28.1250400543213;-81.43625;20180425T000000Z;2.0;DSNY_061;-999;-999;0.096;0.009;-999;0
GBOV_RM6_615;DisneyWildernessPreserve;Courtney Meier;cmeier@battelleecology.org;support-copernicus-gbov@acri-st.fr;NEON;15;Woody Savannas;28.1250400543213;-81.43625;20180509T000000Z;2.0;DSNY_061;-999;-999;0.046;0.004;-999;0
GBOV_RM6_615;DisneyWildernessPreserve;Courtney Meier;cmeier@battelleecology.org;support-copernicus-gbov@acri-st.fr;NEON;15;Woody Savannas;28.1250400543213;-81.43625;20180523T000000Z;2.0;DSNY_061;-999;-999;0.091;0.007;-999;0
GBOV_RM6_615;DisneyWildernessPreserve;Courtney Meier;cmeier@battelleecology.org;support-copernicus-gbov@acri-st.fr;NEON;15;Woody Savannas;28.1250400543213;-81.43625;20180606T000000Z;2.0;DSNY_061;-999;-999;0.153;0.015;-999;0
GBOV_RM6_615;DisneyWildernessPreserve;Courtney Meier;cmeier@battelleecology.org;support-copernicus-gbov@acri-st.fr;NEON;15;Woody Savannas;28.1250400543213;-81.43625;20180620T000000Z;2.0;DSNY_061;-999;-999;0.169;0.020;-999;0
GBOV_RM6_615;DisneyWildernessPreserve;Courtney Meier;cmeier@battelleecology.org;support-copernicus-gbov@acri-st.fr;NEON;15;Woody Savannas;28.1250400543213;-81.43625;20180703T000000Z;2.0;DSNY_061;-999;-999;0.256;0.023;-999;0
GBOV_RM6_615;DisneyWildernessPreserve;Courtney Meier;cmeier@battelleecology.org;support-copernicus-gbov@acri-st.fr;NEON;15;Woody Savannas;28.1250400543213;-81.43625;20180718T000000Z;2.0;DSNY_061;-999;-999;0.181;0.018;-999;0
GBOV_RM6_615;DisneyWildernessPreserve;Courtney Meier;cmeier@battelleecology.org;support-copernicus-gbov@acri-st.fr;NEON;15;Woody Savannas;28.1250400543213;-81.43625;20180731T000000Z;2.0;DSNY_061;-999;-999;0.178;0.015;-999;0
GBOV_RM6_615;DisneyWildernessPreserve;Courtney Meier;cmeier@battelleecology.org;support-copernicus-gbov@acri-st.fr;NEON;15;Woody Savannas;28.1250400543213;-81.43625;20180815T000000Z;2.0;DSNY_061;-999;-999;0.197;0.018;-999;0
GBOV_RM6_615;DisneyWildernessPreserve;Courtney Meier;cmeier@battelleecology.org;support-copernicus-gbov@acri-st.fr;NEON;15;Woody Savannas;28.1250400543213;-81.43625;20180829T000000Z;2.0;DSNY_061;-999;-999;0.224;0.015;-999;0
GBOV_RM6_615;DisneyWildernessPreserve;Courtney Meier;cmeier@battelleecology.org;support-copernicus-gbov@acri-st.fr;NEON;15;Woody Savannas;28.1250400543213;-81.43625;20180914T000000Z;2.0;DSNY_061;-999;-999;0.214;0.014;-999;0
GBOV_RM6_615;DisneyWildernessPreserve;Courtney Meier;cmeier@battelleecology.org;support-copernicus-gbov@acri-st.fr;NEON;15;Woody Savannas;28.1250400543213;-81.43625;20180925T000000Z;2.0;DSNY_061;-999;-999;0.206;0.013;-999;0
GBOV_RM6_615;DisneyWildernessPreserve;Courtney Meier;cmeier@battelleecology.org;support-copernicus-gbov@acri-st.fr;NEON;15;Woody Savannas;28.1250400543213;-81.43625;20181009T000000Z;2.0;DSNY_061;-999;-999;0.239;0.016;-999;0
GBOV_RM6_615;DisneyWildernessPreserve;Courtney Meier;cmeier@battelleecology.org;support-copernicus-gbov@acri-st.fr;NEON;15;Woody Savannas;28.1250400543213;-81.43625;20181029T000000Z;2.0;DSNY_061;-999;-999;0.287;0.019;-999;0
GBOV_RM6_615;DisneyWildernessPreserve;Courtney Meier;cmeier@battelleecology.org;support-copernicus-gbov@acri-st.fr;NEON;15;Woody Savannas;28.1250400543213;-81.43625;20181106T000000Z;2.0;DSNY_061;-999;-999;0.225;0.018;-999;0
GBOV_RM6_615;DisneyWildernessPreserve;Courtney Meier;cmeier@battelleecology.org;support-copernicus-gbov@acri-st.fr;NEON;15;Woody Savannas;28.1250400543213;-81.43625;20181205T152100Z;2.0;DSNY_061;-999;-999;0.208;0.014;-999;0
GBOV_RM6_615;DisneyWildernessPreserve;Courtney Meier;cmeier@battelleecology.org;support-copernicus-gbov@acri-st.fr;NEON;15;Woody Savannas;28.1250400543213;-81.43625;20190103T143000Z;2.0;DSNY_061;-999;-999;0.121;0.007;-999;0
GBOV_RM6_615;DisneyWildernessPreserve;Courtney Meier;cmeier@battelleecology.org;support-copernicus-gbov@acri-st.fr;NEON;15;Woody Savannas;28.1250400543213;-81.43625;20190130T131900Z;2.0;DSNY_061;-999;-999;0.071;0.004;-999;0
GBOV_RM6_615;DisneyWildernessPreserve;Courtney Meier;cmeier@battelleecology.org;support-copernicus-gbov@acri-st.fr;NEON;15;Woody Savannas;28.1250400543213;-81.43625;20190226T112100Z;2.0;DSNY_061;-999;-999;0.107;0.006;-999;0
GBOV_RM6_615;DisneyWildernessPreserve;Courtney Meier;cmeier@battelleecology.org;support-copernicus-gbov@acri-st.fr;NEON;15;Woody Savannas;28.1250400543213;-81.43625;20190312T160300Z;2.0;DSNY_061;-999;-999;0.114;0.007;-999;0
GBOV_RM6_615;DisneyWildernessPreserve;Courtney Meier;cmeier@battelleecology.org;support-copernicus-gbov@acri-st.fr;NEON;15;Woody Savannas;28.1250400543213;-81.43625;20190327T130100Z;2.0;DSNY_061;-999;-999;0.0575;0.0035;-999;0
GBOV_RM6_615;DisneyWildernessPreserve;Courtney Meier;cmeier@battelleecology.org;support-copernicus-gbov@acri-st.fr;NEON;15;Woody Savannas;28.1250400543213;-81.43625;20190410T131100Z;2.0;DSNY_061;-999;-999;0.112;0.008;-999;0
GBOV_RM6_615;DisneyWildernessPreserve;Courtney Meier;cmeier@battelleecology.org;support-copernicus-gbov@acri-st.fr;NEON;15;Woody Savannas;28.1250400543213;-81.43625;20190424T131400Z;2.0;DSNY_061;-999;-999;0.194;0.018;-999;0
GBOV_RM6_615;DisneyWildernessPreserve;Courtney Meier;cmeier@battelleecology.org;support-copernicus-gbov@acri-st.fr;NEON;15;Woody Savannas;28.1250400543213;-81.43625;20190506T142400Z;2.0;DSNY_061;-999;-999;0.302;0.025;-999;0
GBOV_RM6_615;DisneyWildernessPreserve;Courtney Meier;cmeier@battelleecology.org;support-copernicus-gbov@acri-st.fr;NEON;15;Woody Savannas;28.1250400543213;-81.43625;20190522T124400Z;2.0;DSNY_061;-999;-999;0.348;0.022;-999;0
GBOV_RM6_615;DisneyWildernessPreserve;Courtney Meier;cmeier@battelleecology.org;support-copernicus-gbov@acri-st.fr;NEON;15;Woody Savannas;28.1250400543213;-81.43625;20190605T130900Z;2.0;DSNY_061;-999;-999;0.395;0.030;-999;0
GBOV_RM6_615;DisneyWildernessPreserve;Courtney Meier;cmeier@battelleecology.org;support-copernicus-gbov@acri-st.fr;NEON;15;Woody Savannas;28.1250400543213;-81.43625;20190617T171200Z;2.0;DSNY_061;-999;-999;0.66;0.04;-999;0
GBOV_RM6_615;DisneyWildernessPreserve;Courtney Meier;cmeier@battelleecology.org;support-copernicus-gbov@acri-st.fr;NEON;15;Woody Savannas;28.1250400543213;-81.43625;20190702T122700Z;2.0;DSNY_061;-999;-999;0.55;0.04;-999;0
GBOV_RM6_615;DisneyWildernessPreserve;Courtney Meier;cmeier@battelleecology.org;support-copernicus-gbov@acri-st.fr;NEON;15;Woody Savannas;28.1250400543213;-81.43625;20190717T183600Z;2.0;DSNY_061;-999;-999;0.65;0.04;-999;0
GBOV_RM6_615;DisneyWildernessPreserve;Courtney Meier;cmeier@battelleecology.org;support-copernicus-gbov@acri-st.fr;NEON;15;Woody Savannas;28.1250400543213;-81.43625;20190730T131500Z;2.0;DSNY_061;-999;-999;0.56;0.04;-999;0
GBOV_RM6_615;DisneyWildernessPreserve;Courtney Meier;cmeier@battelleecology.org;support-copernicus-gbov@acri-st.fr;NEON;15;Woody Savannas;28.1250400543213;-81.43625;20190813T154700Z;2.0;DSNY_061;-999;-999;0.61;0.04;-999;0
GBOV_RM6_615;DisneyWildernessPreserve;Courtney Meier;cmeier@battelleecology.org;support-copernicus-gbov@acri-st.fr;NEON;15;Woody Savannas;28.1250400543213;-81.43625;20190828T112200Z;2.0;DSNY_061;-999;-999;0.52;0.04;-999;0
GBOV_RM6_615;DisneyWildernessPreserve;Courtney Meier;cmeier@battelleecology.org;support-copernicus-gbov@acri-st.fr;NEON;15;Woody Savannas;28.1250400543213;-81.43625;20190909T141600Z;2.0;DSNY_061;-999;-999;0.48;0.05;-999;0
GBOV_RM6_615;DisneyWildernessPreserve;Courtney Meier;cmeier@battelleecology.org;support-copernicus-gbov@acri-st.fr;NEON;15;Woody Savannas;28.1250400543213;-81.43625;20190924T130400Z;2.0;DSNY_061;-999;-999;0.317;0.014;-999;0
GBOV_RM6_615;DisneyWildernessPreserve;Courtney Meier;cmeier@battelleecology.org;support-copernicus-gbov@acri-st.fr;NEON;15;Woody Savannas;28.1250400543213;-81.43625;20191008T130000Z;2.0;DSNY_061;-999;-999;0.314;0.013;-999;0
GBOV_RM6_615;DisneyWildernessPreserve;Courtney Meier;cmeier@battelleecology.org;support-copernicus-gbov@acri-st.fr;NEON;15;Woody Savannas;28.1250400543213;-81.43625;20191022T124400Z;2.0;DSNY_061;-999;-999;0.292;0.015;-999;0
GBOV_RM6_615;DisneyWildernessPreserve;Courtney Meier;cmeier@battelleecology.org;support-copernicus-gbov@acri-st.fr;NEON;15;Woody Savannas;28.1250400543213;-81.43625;20191105T132200Z;2.0;DSNY_061;-999;-999;0.248;0.013;-999;0
GBOV_RM6_615;DisneyWildernessPreserve;Courtney Meier;cmeier@battelleecology.org;support-copernicus-gbov@acri-st.fr;NEON;15;Woody Savannas;28.1250400543213;-81.43625;20191203T135700Z;2.0;DSNY_061;-999;-999;0.164;0.009;-999;0
