GBOV_ID;Site;GROUND_DATA_PI;GROUND_DATA_PIs_Email;GBOV_Email;Network;Elevation;IGBP_class;Lat_IS;Lon_IS;TIME_IS;Version;PLOT_ID;FIPAR_up;FIPAR_up_err;FIPAR_down;FIPAR_down_err;up_flag;down_flag
GBOV_RM6_792;BartlettExperimentalForest;Courtney Meier;cmeier@battelleecology.org;support-copernicus-gbov@acri-st.fr;NEON;232;Mixed Forest;44.063901;-71.287308;20140522T000000Z;2.0;BART_047;0.891;0.013;0.250;0.034;0;8
GBOV_RM6_792;BartlettExperimentalForest;Courtney Meier;cmeier@battelleecology.org;support-copernicus-gbov@acri-st.fr;NEON;232;Mixed Forest;44.063901;-71.287308;20140604T000000Z;2.0;BART_047;0.971;0.011;0.471;0.034;64;0
GBOV_RM6_792;BartlettExperimentalForest;Courtney Meier;cmeier@battelleecology.org;support-copernicus-gbov@acri-st.fr;NEON;232;Mixed Forest;44.063901;-71.287308;20140619T000000Z;2.0;BART_047;0.971;0.010;0.567;0.016;0;0
GBOV_RM6_792;BartlettExperimentalForest;Courtney Meier;cmeier@battelleecology.org;support-copernicus-gbov@acri-st.fr;NEON;232;Mixed Forest;44.063901;-71.287308;20140702T000000Z;2.0;BART_047;0.971;0.010;0.539;0.018;0;0
GBOV_RM6_792;BartlettExperimentalForest;Courtney Meier;cmeier@battelleecology.org;support-copernicus-gbov@acri-st.fr;NEON;232;Mixed Forest;44.063901;-71.287308;20140716T000000Z;2.0;BART_047;0.971;0.010;0.333;0.026;0;0
GBOV_RM6_792;BartlettExperimentalForest;Courtney Meier;cmeier@battelleecology.org;support-copernicus-gbov@acri-st.fr;NEON;232;Mixed Forest;44.063901;-71.287308;20140730T000000Z;2.0;BART_047;0.966;0.010;0.390;0.021;64;0
GBOV_RM6_792;BartlettExperimentalForest;Courtney Meier;cmeier@battelleecology.org;support-copernicus-gbov@acri-st.fr;NEON;232;Mixed Forest;44.063901;-71.287308;20140812T000000Z;2.0;BART_047;0.972;0.010;0.356;0.023;0;0
GBOV_RM6_792;BartlettExperimentalForest;Courtney Meier;cmeier@battelleecology.org;support-copernicus-gbov@acri-st.fr;NEON;232;Mixed Forest;44.063901;-71.287308;20140826T000000Z;2.0;BART_047;0.970;0.010;0.603;0.018;0;16
GBOV_RM6_792;BartlettExperimentalForest;Courtney Meier;cmeier@battelleecology.org;support-copernicus-gbov@acri-st.fr;NEON;232;Mixed Forest;44.063901;-71.287308;20140910T000000Z;2.0;BART_047;0.971;0.010;0.382;0.024;64;0
GBOV_RM6_792;BartlettExperimentalForest;Courtney Meier;cmeier@battelleecology.org;support-copernicus-gbov@acri-st.fr;NEON;232;Mixed Forest;44.063901;-71.287308;20140924T000000Z;2.0;BART_047;0.932;0.011;0.493;0.017;64;0
GBOV_RM6_792;BartlettExperimentalForest;Courtney Meier;cmeier@battelleecology.org;support-copernicus-gbov@acri-st.fr;NEON;232;Mixed Forest;44.063901;-71.287308;20141009T000000Z;2.0;BART_047;0.907;0.015;0.203;0.020;0;0
GBOV_RM6_792;BartlettExperimentalForest;Courtney Meier;cmeier@battelleecology.org;support-copernicus-gbov@acri-st.fr;NEON;232;Mixed Forest;44.063901;-71.287308;20150519T000000Z;2.0;BART_047;0.885;0.012;0.209;0.017;0;0
GBOV_RM6_792;BartlettExperimentalForest;Courtney Meier;cmeier@battelleecology.org;support-copernicus-gbov@acri-st.fr;NEON;232;Mixed Forest;44.063901;-71.287308;20150602T000000Z;2.0;BART_047;0.948;0.011;0.344;0.026;0;0
GBOV_RM6_792;BartlettExperimentalForest;Courtney Meier;cmeier@battelleecology.org;support-copernicus-gbov@acri-st.fr;NEON;232;Mixed Forest;44.063901;-71.287308;20150616T000000Z;2.0;BART_047;0.956;0.012;0.310;0.032;9;9
GBOV_RM6_792;BartlettExperimentalForest;Courtney Meier;cmeier@battelleecology.org;support-copernicus-gbov@acri-st.fr;NEON;232;Mixed Forest;44.063901;-71.287308;20150628T000000Z;2.0;BART_047;0.948;0.011;0.281;0.025;0;0
GBOV_RM6_792;BartlettExperimentalForest;Courtney Meier;cmeier@battelleecology.org;support-copernicus-gbov@acri-st.fr;NEON;232;Mixed Forest;44.063901;-71.287308;20150714T000000Z;2.0;BART_047;0.961;0.011;0.476;0.015;8;8
GBOV_RM6_792;BartlettExperimentalForest;Courtney Meier;cmeier@battelleecology.org;support-copernicus-gbov@acri-st.fr;NEON;232;Mixed Forest;44.063901;-71.287308;20150729T000000Z;2.0;BART_047;0.968;0.010;0.365;0.020;8;0
GBOV_RM6_792;BartlettExperimentalForest;Courtney Meier;cmeier@battelleecology.org;support-copernicus-gbov@acri-st.fr;NEON;232;Mixed Forest;44.063901;-71.287308;20150811T000000Z;2.0;BART_047;0.965;0.010;0.397;0.013;0;0
GBOV_RM6_792;BartlettExperimentalForest;Courtney Meier;cmeier@battelleecology.org;support-copernicus-gbov@acri-st.fr;NEON;232;Mixed Forest;44.063901;-71.287308;20150827T000000Z;2.0;BART_047;0.957;0.011;0.520;0.011;8;0
GBOV_RM6_792;BartlettExperimentalForest;Courtney Meier;cmeier@battelleecology.org;support-copernicus-gbov@acri-st.fr;NEON;232;Mixed Forest;44.063901;-71.287308;20150909T000000Z;2.0;BART_047;0.929;0.016;0.337;0.020;0;0
GBOV_RM6_792;BartlettExperimentalForest;Courtney Meier;cmeier@battelleecology.org;support-copernicus-gbov@acri-st.fr;NEON;232;Mixed Forest;44.063901;-71.287308;20150922T000000Z;2.0;BART_047;0.903;0.032;0.327;0.013;8;0
GBOV_RM6_792;BartlettExperimentalForest;Courtney Meier;cmeier@battelleecology.org;support-copernicus-gbov@acri-st.fr;NEON;232;Mixed Forest;44.063901;-71.287308;20151005T000000Z;2.0;BART_047;0.967;0.010;0.305;0.017;0;0
GBOV_RM6_792;BartlettExperimentalForest;Courtney Meier;cmeier@battelleecology.org;support-copernicus-gbov@acri-st.fr;NEON;232;Mixed Forest;44.063901;-71.287308;20151019T000000Z;2.0;BART_047;0.907;0.012;0.152;0.014;8;0
GBOV_RM6_792;BartlettExperimentalForest;Courtney Meier;cmeier@battelleecology.org;support-copernicus-gbov@acri-st.fr;NEON;232;Mixed Forest;44.063901;-71.287308;20160517T000000Z;2.0;BART_047;0.344;0.027;0.075;0.008;0;0
GBOV_RM6_792;BartlettExperimentalForest;Courtney Meier;cmeier@battelleecology.org;support-copernicus-gbov@acri-st.fr;NEON;232;Mixed Forest;44.063901;-71.287308;20160601T000000Z;2.0;BART_047;0.959;0.012;0.617;0.025;8;68
GBOV_RM6_792;BartlettExperimentalForest;Courtney Meier;cmeier@battelleecology.org;support-copernicus-gbov@acri-st.fr;NEON;232;Mixed Forest;44.063901;-71.287308;20160614T000000Z;2.0;BART_047;0.932;0.016;0.455;0.020;8;8
GBOV_RM6_792;BartlettExperimentalForest;Courtney Meier;cmeier@battelleecology.org;support-copernicus-gbov@acri-st.fr;NEON;232;Mixed Forest;44.063901;-71.287308;20160628T000000Z;2.0;BART_047;0.931;0.021;0.443;0.025;8;8
GBOV_RM6_792;BartlettExperimentalForest;Courtney Meier;cmeier@battelleecology.org;support-copernicus-gbov@acri-st.fr;NEON;232;Mixed Forest;44.063901;-71.287308;20160712T000000Z;2.0;BART_047;0.953;0.011;0.404;0.029;0;8
GBOV_RM6_792;BartlettExperimentalForest;Courtney Meier;cmeier@battelleecology.org;support-copernicus-gbov@acri-st.fr;NEON;232;Mixed Forest;44.063901;-71.287308;20160726T000000Z;2.0;BART_047;0.955;0.012;0.460;0.018;0;0
GBOV_RM6_792;BartlettExperimentalForest;Courtney Meier;cmeier@battelleecology.org;support-copernicus-gbov@acri-st.fr;NEON;232;Mixed Forest;44.063901;-71.287308;20160809T000000Z;2.0;BART_047;0.956;0.016;0.542;0.017;8;8
GBOV_RM6_792;BartlettExperimentalForest;Courtney Meier;cmeier@battelleecology.org;support-copernicus-gbov@acri-st.fr;NEON;232;Mixed Forest;44.063901;-71.287308;20160823T000000Z;2.0;BART_047;0.958;0.011;0.542;0.016;8;8
GBOV_RM6_792;BartlettExperimentalForest;Courtney Meier;cmeier@battelleecology.org;support-copernicus-gbov@acri-st.fr;NEON;232;Mixed Forest;44.063901;-71.287308;20160907T000000Z;2.0;BART_047;0.959;0.010;0.365;0.016;0;8
GBOV_RM6_792;BartlettExperimentalForest;Courtney Meier;cmeier@battelleecology.org;support-copernicus-gbov@acri-st.fr;NEON;232;Mixed Forest;44.063901;-71.287308;20160919T000000Z;2.0;BART_047;0.962;0.011;-999;-999;0;-999
GBOV_RM6_792;BartlettExperimentalForest;Courtney Meier;cmeier@battelleecology.org;support-copernicus-gbov@acri-st.fr;NEON;232;Mixed Forest;44.063901;-71.287308;20161004T000000Z;2.0;BART_047;0.968;0.010;0.326;0.013;0;0
GBOV_RM6_792;BartlettExperimentalForest;Courtney Meier;cmeier@battelleecology.org;support-copernicus-gbov@acri-st.fr;NEON;232;Mixed Forest;44.063901;-71.287308;20161018T000000Z;2.0;BART_047;0.914;0.013;0.108;0.013;0;0
GBOV_RM6_792;BartlettExperimentalForest;Courtney Meier;cmeier@battelleecology.org;support-copernicus-gbov@acri-st.fr;NEON;232;Mixed Forest;44.063901;-71.287308;20170502T000000Z;2.0;BART_047;0.318;0.025;0.022;0.004;0;0
GBOV_RM6_792;BartlettExperimentalForest;Courtney Meier;cmeier@battelleecology.org;support-copernicus-gbov@acri-st.fr;NEON;232;Mixed Forest;44.063901;-71.287308;20170516T000000Z;2.0;BART_047;0.565;0.020;0.050;0.011;0;8
GBOV_RM6_792;BartlettExperimentalForest;Courtney Meier;cmeier@battelleecology.org;support-copernicus-gbov@acri-st.fr;NEON;232;Mixed Forest;44.063901;-71.287308;20170601T000000Z;2.0;BART_047;0.949;0.013;0.549;0.015;0;0
GBOV_RM6_792;BartlettExperimentalForest;Courtney Meier;cmeier@battelleecology.org;support-copernicus-gbov@acri-st.fr;NEON;232;Mixed Forest;44.063901;-71.287308;20170614T000000Z;2.0;BART_047;0.947;0.011;0.432;0.016;0;8
GBOV_RM6_792;BartlettExperimentalForest;Courtney Meier;cmeier@battelleecology.org;support-copernicus-gbov@acri-st.fr;NEON;232;Mixed Forest;44.063901;-71.287308;20170627T000000Z;2.0;BART_047;0.948;0.012;0.519;0.019;0;0
GBOV_RM6_792;BartlettExperimentalForest;Courtney Meier;cmeier@battelleecology.org;support-copernicus-gbov@acri-st.fr;NEON;232;Mixed Forest;44.063901;-71.287308;20170711T000000Z;2.0;BART_047;0.917;0.017;0.395;0.024;0;0
GBOV_RM6_792;BartlettExperimentalForest;Courtney Meier;cmeier@battelleecology.org;support-copernicus-gbov@acri-st.fr;NEON;232;Mixed Forest;44.063901;-71.287308;20170725T000000Z;2.0;BART_047;0.957;0.011;0.526;0.019;8;0
GBOV_RM6_792;BartlettExperimentalForest;Courtney Meier;cmeier@battelleecology.org;support-copernicus-gbov@acri-st.fr;NEON;232;Mixed Forest;44.063901;-71.287308;20170809T000000Z;2.0;BART_047;0.939;0.012;0.434;0.017;0;0
GBOV_RM6_792;BartlettExperimentalForest;Courtney Meier;cmeier@battelleecology.org;support-copernicus-gbov@acri-st.fr;NEON;232;Mixed Forest;44.063901;-71.287308;20170822T000000Z;2.0;BART_047;0.956;0.011;0.356;0.033;0;0
GBOV_RM6_792;BartlettExperimentalForest;Courtney Meier;cmeier@battelleecology.org;support-copernicus-gbov@acri-st.fr;NEON;232;Mixed Forest;44.063901;-71.287308;20170906T000000Z;2.0;BART_047;0.959;0.011;0.198;0.018;0;0
GBOV_RM6_792;BartlettExperimentalForest;Courtney Meier;cmeier@battelleecology.org;support-copernicus-gbov@acri-st.fr;NEON;232;Mixed Forest;44.063901;-71.287308;20170919T000000Z;2.0;BART_047;0.967;0.011;0.298;0.019;0;0
GBOV_RM6_792;BartlettExperimentalForest;Courtney Meier;cmeier@battelleecology.org;support-copernicus-gbov@acri-st.fr;NEON;232;Mixed Forest;44.063901;-71.287308;20171002T000000Z;2.0;BART_047;0.950;0.011;0.233;0.018;0;16
GBOV_RM6_792;BartlettExperimentalForest;Courtney Meier;cmeier@battelleecology.org;support-copernicus-gbov@acri-st.fr;NEON;232;Mixed Forest;44.063901;-71.287308;20171017T000000Z;2.0;BART_047;0.883;0.015;0.131;0.016;0;0
GBOV_RM6_792;BartlettExperimentalForest;Courtney Meier;cmeier@battelleecology.org;support-copernicus-gbov@acri-st.fr;NEON;232;Mixed Forest;44.063901;-71.287308;20180501T000000Z;2.0;BART_047;0.321;0.027;0.043;0.008;0;0
GBOV_RM6_792;BartlettExperimentalForest;Courtney Meier;cmeier@battelleecology.org;support-copernicus-gbov@acri-st.fr;NEON;232;Mixed Forest;44.063901;-71.287308;20180530T000000Z;2.0;BART_047;0.955;0.012;0.527;0.026;0;0
GBOV_RM6_792;BartlettExperimentalForest;Courtney Meier;cmeier@battelleecology.org;support-copernicus-gbov@acri-st.fr;NEON;232;Mixed Forest;44.063901;-71.287308;20180612T074200Z;2.0;BART_047;0.958;0.011;0.457;0.034;0;0
GBOV_RM6_792;BartlettExperimentalForest;Courtney Meier;cmeier@battelleecology.org;support-copernicus-gbov@acri-st.fr;NEON;232;Mixed Forest;44.063901;-71.287308;20180626T053600Z;2.0;BART_047;0.961;0.012;0.571;0.017;0;0
GBOV_RM6_792;BartlettExperimentalForest;Courtney Meier;cmeier@battelleecology.org;support-copernicus-gbov@acri-st.fr;NEON;232;Mixed Forest;44.063901;-71.287308;20180710T000000Z;2.0;BART_047;0.962;0.011;0.396;0.028;0;0
GBOV_RM6_792;BartlettExperimentalForest;Courtney Meier;cmeier@battelleecology.org;support-copernicus-gbov@acri-st.fr;NEON;232;Mixed Forest;44.063901;-71.287308;20180724T000000Z;2.0;BART_047;0.951;0.011;0.324;0.027;0;2
GBOV_RM6_792;BartlettExperimentalForest;Courtney Meier;cmeier@battelleecology.org;support-copernicus-gbov@acri-st.fr;NEON;232;Mixed Forest;44.063901;-71.287308;20180821T000000Z;2.0;BART_047;0.961;0.010;0.280;0.031;0;0
GBOV_RM6_792;BartlettExperimentalForest;Courtney Meier;cmeier@battelleecology.org;support-copernicus-gbov@acri-st.fr;NEON;232;Mixed Forest;44.063901;-71.287308;20180905T000000Z;2.0;BART_047;0.963;0.010;0.392;0.024;0;0
GBOV_RM6_792;BartlettExperimentalForest;Courtney Meier;cmeier@battelleecology.org;support-copernicus-gbov@acri-st.fr;NEON;232;Mixed Forest;44.063901;-71.287308;20180918T000000Z;2.0;BART_047;0.966;0.011;0.339;0.014;0;64
GBOV_RM6_792;BartlettExperimentalForest;Courtney Meier;cmeier@battelleecology.org;support-copernicus-gbov@acri-st.fr;NEON;232;Mixed Forest;44.063901;-71.287308;20181001T000000Z;2.0;BART_047;0.963;0.011;0.298;0.020;0;0
GBOV_RM6_792;BartlettExperimentalForest;Courtney Meier;cmeier@battelleecology.org;support-copernicus-gbov@acri-st.fr;NEON;232;Mixed Forest;44.063901;-71.287308;20181016T000000Z;2.0;BART_047;0.853;0.015;0.117;0.020;0;0
GBOV_RM6_792;BartlettExperimentalForest;Courtney Meier;cmeier@battelleecology.org;support-copernicus-gbov@acri-st.fr;NEON;232;Mixed Forest;44.063901;-71.287308;20190429T182300Z;2.0;BART_047;0.332;0.026;0.0104;0.0024;0;0
GBOV_RM6_792;BartlettExperimentalForest;Courtney Meier;cmeier@battelleecology.org;support-copernicus-gbov@acri-st.fr;NEON;232;Mixed Forest;44.063901;-71.287308;20190513T144400Z;2.0;BART_047;0.338;0.024;0.0122;0.0028;0;0
GBOV_RM6_792;BartlettExperimentalForest;Courtney Meier;cmeier@battelleecology.org;support-copernicus-gbov@acri-st.fr;NEON;232;Mixed Forest;44.063901;-71.287308;20190529T060500Z;2.0;BART_047;0.836;0.017;0.170;0.022;0;0
GBOV_RM6_792;BartlettExperimentalForest;Courtney Meier;cmeier@battelleecology.org;support-copernicus-gbov@acri-st.fr;NEON;232;Mixed Forest;44.063901;-71.287308;20190610T172100Z;2.0;BART_047;0.928;0.012;0.281;0.032;0;0
GBOV_RM6_792;BartlettExperimentalForest;Courtney Meier;cmeier@battelleecology.org;support-copernicus-gbov@acri-st.fr;NEON;232;Mixed Forest;44.063901;-71.287308;20190624T184100Z;2.0;BART_047;0.960;0.011;0.779;0.032;0;0
GBOV_RM6_792;BartlettExperimentalForest;Courtney Meier;cmeier@battelleecology.org;support-copernicus-gbov@acri-st.fr;NEON;232;Mixed Forest;44.063901;-71.287308;20190708T195000Z;2.0;BART_047;0.962;0.012;0.421;0.020;0;0
GBOV_RM6_792;BartlettExperimentalForest;Courtney Meier;cmeier@battelleecology.org;support-copernicus-gbov@acri-st.fr;NEON;232;Mixed Forest;44.063901;-71.287308;20190722T130400Z;2.0;BART_047;0.962;0.011;0.267;0.027;0;0
GBOV_RM6_792;BartlettExperimentalForest;Courtney Meier;cmeier@battelleecology.org;support-copernicus-gbov@acri-st.fr;NEON;232;Mixed Forest;44.063901;-71.287308;20190805T165400Z;2.0;BART_047;0.968;0.010;0.662;0.033;0;0
GBOV_RM6_792;BartlettExperimentalForest;Courtney Meier;cmeier@battelleecology.org;support-copernicus-gbov@acri-st.fr;NEON;232;Mixed Forest;44.063901;-71.287308;20190819T154800Z;2.0;BART_047;0.965;0.011;0.311;0.027;0;0
GBOV_RM6_792;BartlettExperimentalForest;Courtney Meier;cmeier@battelleecology.org;support-copernicus-gbov@acri-st.fr;NEON;232;Mixed Forest;44.063901;-71.287308;20190903T172800Z;2.0;BART_047;0.958;0.010;0.487;0.018;0;0
GBOV_RM6_792;BartlettExperimentalForest;Courtney Meier;cmeier@battelleecology.org;support-copernicus-gbov@acri-st.fr;NEON;232;Mixed Forest;44.063901;-71.287308;20190916T164700Z;2.0;BART_047;0.961;0.011;0.375;0.018;0;0
GBOV_RM6_792;BartlettExperimentalForest;Courtney Meier;cmeier@battelleecology.org;support-copernicus-gbov@acri-st.fr;NEON;232;Mixed Forest;44.063901;-71.287308;20190930T154300Z;2.0;BART_047;0.958;0.011;0.194;0.014;0;2
GBOV_RM6_792;BartlettExperimentalForest;Courtney Meier;cmeier@battelleecology.org;support-copernicus-gbov@acri-st.fr;NEON;232;Mixed Forest;44.063901;-71.287308;20191014T164900Z;2.0;BART_047;0.924;0.013;0.032;0.009;0;0
