GBOV_ID;Site;GROUND_DATA_PI;GROUND_DATA_PIs_Email;GBOV_Email;Network;Elevation;IGBP_class;Lat_IS;Lon_IS;TIME_IS;Version;PLOT_ID;FIPAR_up;FIPAR_up_err;FIPAR_down;FIPAR_down_err;up_flag;down_flag
GBOV_RM6_665;Moab;Courtney Meier;cmeier@battelleecology.org;support-copernicus-gbov@acri-st.fr;NEON;1767;Grasslands;38.24836;-109.38831;20150513T000000Z;2.0;MOAB_070;-999;-999;0.0179;0.0034;-999;0
GBOV_RM6_665;Moab;Courtney Meier;cmeier@battelleecology.org;support-copernicus-gbov@acri-st.fr;NEON;1767;Grasslands;38.24836;-109.38831;20150528T000000Z;2.0;MOAB_070;-999;-999;0.0023;0.0008;-999;0
GBOV_RM6_665;Moab;Courtney Meier;cmeier@battelleecology.org;support-copernicus-gbov@acri-st.fr;NEON;1767;Grasslands;38.24836;-109.38831;20150609T000000Z;2.0;MOAB_070;-999;-999;0.0013;0.0004;-999;0
GBOV_RM6_665;Moab;Courtney Meier;cmeier@battelleecology.org;support-copernicus-gbov@acri-st.fr;NEON;1767;Grasslands;38.24836;-109.38831;20150625T000000Z;2.0;MOAB_070;-999;-999;0.0034;0.0034;-999;0
GBOV_RM6_665;Moab;Courtney Meier;cmeier@battelleecology.org;support-copernicus-gbov@acri-st.fr;NEON;1767;Grasslands;38.24836;-109.38831;20150709T000000Z;2.0;MOAB_070;-999;-999;0.0092;0.0022;-999;0
GBOV_RM6_665;Moab;Courtney Meier;cmeier@battelleecology.org;support-copernicus-gbov@acri-st.fr;NEON;1767;Grasslands;38.24836;-109.38831;20150804T000000Z;2.0;MOAB_070;-999;-999;0.0021;0.0016;-999;0
GBOV_RM6_665;Moab;Courtney Meier;cmeier@battelleecology.org;support-copernicus-gbov@acri-st.fr;NEON;1767;Grasslands;38.24836;-109.38831;20150818T000000Z;2.0;MOAB_070;-999;-999;0.00010;0.00005;-999;0
GBOV_RM6_665;Moab;Courtney Meier;cmeier@battelleecology.org;support-copernicus-gbov@acri-st.fr;NEON;1767;Grasslands;38.24836;-109.38831;20150901T000000Z;2.0;MOAB_070;-999;-999;0.00007;0.00005;-999;0
GBOV_RM6_665;Moab;Courtney Meier;cmeier@battelleecology.org;support-copernicus-gbov@acri-st.fr;NEON;1767;Grasslands;38.24836;-109.38831;20150916T000000Z;2.0;MOAB_070;-999;-999;0.0000018;0.0000016;-999;0
GBOV_RM6_665;Moab;Courtney Meier;cmeier@battelleecology.org;support-copernicus-gbov@acri-st.fr;NEON;1767;Grasslands;38.24836;-109.38831;20150930T000000Z;2.0;MOAB_070;-999;-999;0.000015;0.000006;-999;0
GBOV_RM6_665;Moab;Courtney Meier;cmeier@battelleecology.org;support-copernicus-gbov@acri-st.fr;NEON;1767;Grasslands;38.24836;-109.38831;20151014T000000Z;2.0;MOAB_070;-999;-999;0.00068;0.00015;-999;0
GBOV_RM6_665;Moab;Courtney Meier;cmeier@battelleecology.org;support-copernicus-gbov@acri-st.fr;NEON;1767;Grasslands;38.24836;-109.38831;20151027T000000Z;2.0;MOAB_070;-999;-999;0.00031;0.00005;-999;0
GBOV_RM6_665;Moab;Courtney Meier;cmeier@battelleecology.org;support-copernicus-gbov@acri-st.fr;NEON;1767;Grasslands;38.24836;-109.38831;20160317T000000Z;2.0;MOAB_070;-999;-999;0.00080;0.00011;-999;0
GBOV_RM6_665;Moab;Courtney Meier;cmeier@battelleecology.org;support-copernicus-gbov@acri-st.fr;NEON;1767;Grasslands;38.24836;-109.38831;20160330T000000Z;2.0;MOAB_070;-999;-999;0.00057;0.00010;-999;0
GBOV_RM6_665;Moab;Courtney Meier;cmeier@battelleecology.org;support-copernicus-gbov@acri-st.fr;NEON;1767;Grasslands;38.24836;-109.38831;20160413T000000Z;2.0;MOAB_070;-999;-999;0.00056;0.00010;-999;0
GBOV_RM6_665;Moab;Courtney Meier;cmeier@battelleecology.org;support-copernicus-gbov@acri-st.fr;NEON;1767;Grasslands;38.24836;-109.38831;20160427T000000Z;2.0;MOAB_070;-999;-999;0.00022;0.00005;-999;0
GBOV_RM6_665;Moab;Courtney Meier;cmeier@battelleecology.org;support-copernicus-gbov@acri-st.fr;NEON;1767;Grasslands;38.24836;-109.38831;20160512T000000Z;2.0;MOAB_070;-999;-999;0.0075;0.0011;-999;0
GBOV_RM6_665;Moab;Courtney Meier;cmeier@battelleecology.org;support-copernicus-gbov@acri-st.fr;NEON;1767;Grasslands;38.24836;-109.38831;20160526T000000Z;2.0;MOAB_070;-999;-999;0.0045;0.0029;-999;0
GBOV_RM6_665;Moab;Courtney Meier;cmeier@battelleecology.org;support-copernicus-gbov@acri-st.fr;NEON;1767;Grasslands;38.24836;-109.38831;20160608T000000Z;2.0;MOAB_070;-999;-999;0.00030;0.00013;-999;0
GBOV_RM6_665;Moab;Courtney Meier;cmeier@battelleecology.org;support-copernicus-gbov@acri-st.fr;NEON;1767;Grasslands;38.24836;-109.38831;20160621T000000Z;2.0;MOAB_070;-999;-999;0.00007;0.000024;-999;0
GBOV_RM6_665;Moab;Courtney Meier;cmeier@battelleecology.org;support-copernicus-gbov@acri-st.fr;NEON;1767;Grasslands;38.24836;-109.38831;20160706T000000Z;2.0;MOAB_070;-999;-999;0.0047;0.0011;-999;0
GBOV_RM6_665;Moab;Courtney Meier;cmeier@battelleecology.org;support-copernicus-gbov@acri-st.fr;NEON;1767;Grasslands;38.24836;-109.38831;20160720T000000Z;2.0;MOAB_070;-999;-999;0.00010;0.00008;-999;0
GBOV_RM6_665;Moab;Courtney Meier;cmeier@battelleecology.org;support-copernicus-gbov@acri-st.fr;NEON;1767;Grasslands;38.24836;-109.38831;20160803T000000Z;2.0;MOAB_070;-999;-999;0.000053;0.000012;-999;0
GBOV_RM6_665;Moab;Courtney Meier;cmeier@battelleecology.org;support-copernicus-gbov@acri-st.fr;NEON;1767;Grasslands;38.24836;-109.38831;20160816T000000Z;2.0;MOAB_070;-999;-999;0.0040;0.0012;-999;0
GBOV_RM6_665;Moab;Courtney Meier;cmeier@battelleecology.org;support-copernicus-gbov@acri-st.fr;NEON;1767;Grasslands;38.24836;-109.38831;20160831T000000Z;2.0;MOAB_070;-999;-999;0.0032;0.0007;-999;0
GBOV_RM6_665;Moab;Courtney Meier;cmeier@battelleecology.org;support-copernicus-gbov@acri-st.fr;NEON;1767;Grasslands;38.24836;-109.38831;20160914T000000Z;2.0;MOAB_070;-999;-999;0.000049;0.000025;-999;0
GBOV_RM6_665;Moab;Courtney Meier;cmeier@battelleecology.org;support-copernicus-gbov@acri-st.fr;NEON;1767;Grasslands;38.24836;-109.38831;20160928T000000Z;2.0;MOAB_070;-999;-999;0.00080;0.00015;-999;0
GBOV_RM6_665;Moab;Courtney Meier;cmeier@battelleecology.org;support-copernicus-gbov@acri-st.fr;NEON;1767;Grasslands;38.24836;-109.38831;20161025T000000Z;2.0;MOAB_070;-999;-999;0.00008.3;0.000028;-999;0
GBOV_RM6_665;Moab;Courtney Meier;cmeier@battelleecology.org;support-copernicus-gbov@acri-st.fr;NEON;1767;Grasslands;38.24836;-109.38831;20170329T000000Z;2.0;MOAB_070;-999;-999;0.0113;0.0010;-999;0
GBOV_RM6_665;Moab;Courtney Meier;cmeier@battelleecology.org;support-copernicus-gbov@acri-st.fr;NEON;1767;Grasslands;38.24836;-109.38831;20170412T000000Z;2.0;MOAB_070;-999;-999;0.0114;0.0009;-999;0
GBOV_RM6_665;Moab;Courtney Meier;cmeier@battelleecology.org;support-copernicus-gbov@acri-st.fr;NEON;1767;Grasslands;38.24836;-109.38831;20170426T000000Z;2.0;MOAB_070;-999;-999;0.0041;0.0005;-999;0
GBOV_RM6_665;Moab;Courtney Meier;cmeier@battelleecology.org;support-copernicus-gbov@acri-st.fr;NEON;1767;Grasslands;38.24836;-109.38831;20170511T000000Z;2.0;MOAB_070;-999;-999;0.0012;0.0004;-999;1
GBOV_RM6_665;Moab;Courtney Meier;cmeier@battelleecology.org;support-copernicus-gbov@acri-st.fr;NEON;1767;Grasslands;38.24836;-109.38831;20170524T000000Z;2.0;MOAB_070;-999;-999;0.0017;0.0005;-999;0
GBOV_RM6_665;Moab;Courtney Meier;cmeier@battelleecology.org;support-copernicus-gbov@acri-st.fr;NEON;1767;Grasslands;38.24836;-109.38831;20170608T000000Z;2.0;MOAB_070;-999;-999;0.00299;0.00033;-999;0
GBOV_RM6_665;Moab;Courtney Meier;cmeier@battelleecology.org;support-copernicus-gbov@acri-st.fr;NEON;1767;Grasslands;38.24836;-109.38831;20170622T000000Z;2.0;MOAB_070;-999;-999;0.00044;0.00010;-999;0
GBOV_RM6_665;Moab;Courtney Meier;cmeier@battelleecology.org;support-copernicus-gbov@acri-st.fr;NEON;1767;Grasslands;38.24836;-109.38831;20170706T000000Z;2.0;MOAB_070;-999;-999;0.0028;0.0004;-999;0
GBOV_RM6_665;Moab;Courtney Meier;cmeier@battelleecology.org;support-copernicus-gbov@acri-st.fr;NEON;1767;Grasslands;38.24836;-109.38831;20170720T000000Z;2.0;MOAB_070;-999;-999;0.00185;0.00022;-999;0
GBOV_RM6_665;Moab;Courtney Meier;cmeier@battelleecology.org;support-copernicus-gbov@acri-st.fr;NEON;1767;Grasslands;38.24836;-109.38831;20170802T000000Z;2.0;MOAB_070;-999;-999;0.0169;0.0021;-999;0
GBOV_RM6_665;Moab;Courtney Meier;cmeier@battelleecology.org;support-copernicus-gbov@acri-st.fr;NEON;1767;Grasslands;38.24836;-109.38831;20170817T000000Z;2.0;MOAB_070;-999;-999;0.0041;0.0009;-999;0
GBOV_RM6_665;Moab;Courtney Meier;cmeier@battelleecology.org;support-copernicus-gbov@acri-st.fr;NEON;1767;Grasslands;38.24836;-109.38831;20170831T000000Z;2.0;MOAB_070;-999;-999;0.00090;0.00014;-999;0
GBOV_RM6_665;Moab;Courtney Meier;cmeier@battelleecology.org;support-copernicus-gbov@acri-st.fr;NEON;1767;Grasslands;38.24836;-109.38831;20170912T000000Z;2.0;MOAB_070;-999;-999;0.0078;0.0006;-999;0
GBOV_RM6_665;Moab;Courtney Meier;cmeier@battelleecology.org;support-copernicus-gbov@acri-st.fr;NEON;1767;Grasslands;38.24836;-109.38831;20170928T000000Z;2.0;MOAB_070;-999;-999;0.00073;0.00029;-999;0
GBOV_RM6_665;Moab;Courtney Meier;cmeier@battelleecology.org;support-copernicus-gbov@acri-st.fr;NEON;1767;Grasslands;38.24836;-109.38831;20171010T000000Z;2.0;MOAB_070;-999;-999;0.0098;0.0009;-999;0
GBOV_RM6_665;Moab;Courtney Meier;cmeier@battelleecology.org;support-copernicus-gbov@acri-st.fr;NEON;1767;Grasslands;38.24836;-109.38831;20171026T000000Z;2.0;MOAB_070;-999;-999;0.0106;0.0014;-999;0
GBOV_RM6_665;Moab;Courtney Meier;cmeier@battelleecology.org;support-copernicus-gbov@acri-st.fr;NEON;1767;Grasslands;38.24836;-109.38831;20180329T000000Z;2.0;MOAB_070;-999;-999;0.0038;0.0004;-999;0
GBOV_RM6_665;Moab;Courtney Meier;cmeier@battelleecology.org;support-copernicus-gbov@acri-st.fr;NEON;1767;Grasslands;38.24836;-109.38831;20180411T000000Z;2.0;MOAB_070;-999;-999;0.0033;0.0005;-999;0
GBOV_RM6_665;Moab;Courtney Meier;cmeier@battelleecology.org;support-copernicus-gbov@acri-st.fr;NEON;1767;Grasslands;38.24836;-109.38831;20180425T000000Z;2.0;MOAB_070;-999;-999;0.0078;0.0010;-999;0
GBOV_RM6_665;Moab;Courtney Meier;cmeier@battelleecology.org;support-copernicus-gbov@acri-st.fr;NEON;1767;Grasslands;38.24836;-109.38831;20180508T000000Z;2.0;MOAB_070;-999;-999;0.0100;0.0014;-999;0
GBOV_RM6_665;Moab;Courtney Meier;cmeier@battelleecology.org;support-copernicus-gbov@acri-st.fr;NEON;1767;Grasslands;38.24836;-109.38831;20180523T000000Z;2.0;MOAB_070;-999;-999;0.000170;0.000032;-999;0
GBOV_RM6_665;Moab;Courtney Meier;cmeier@battelleecology.org;support-copernicus-gbov@acri-st.fr;NEON;1767;Grasslands;38.24836;-109.38831;20180607T000000Z;2.0;MOAB_070;-999;-999;0.0017;0.0004;-999;0
GBOV_RM6_665;Moab;Courtney Meier;cmeier@battelleecology.org;support-copernicus-gbov@acri-st.fr;NEON;1767;Grasslands;38.24836;-109.38831;20180621T000000Z;2.0;MOAB_070;-999;-999;0.00211;0.00034;-999;0
GBOV_RM6_665;Moab;Courtney Meier;cmeier@battelleecology.org;support-copernicus-gbov@acri-st.fr;NEON;1767;Grasslands;38.24836;-109.38831;20180703T000000Z;2.0;MOAB_070;-999;-999;0.000084;0.000013;-999;0
GBOV_RM6_665;Moab;Courtney Meier;cmeier@battelleecology.org;support-copernicus-gbov@acri-st.fr;NEON;1767;Grasslands;38.24836;-109.38831;20180718T000000Z;2.0;MOAB_070;-999;-999;0.0065;0.0014;-999;0
GBOV_RM6_665;Moab;Courtney Meier;cmeier@battelleecology.org;support-copernicus-gbov@acri-st.fr;NEON;1767;Grasslands;38.24836;-109.38831;20180801T000000Z;2.0;MOAB_070;-999;-999;0.000100;0.000032;-999;0
GBOV_RM6_665;Moab;Courtney Meier;cmeier@battelleecology.org;support-copernicus-gbov@acri-st.fr;NEON;1767;Grasslands;38.24836;-109.38831;20180815T000000Z;2.0;MOAB_070;-999;-999;0.000015;0.000005;-999;0
GBOV_RM6_665;Moab;Courtney Meier;cmeier@battelleecology.org;support-copernicus-gbov@acri-st.fr;NEON;1767;Grasslands;38.24836;-109.38831;20180828T000000Z;2.0;MOAB_070;-999;-999;0.00079;0.00009;-999;0
GBOV_RM6_665;Moab;Courtney Meier;cmeier@battelleecology.org;support-copernicus-gbov@acri-st.fr;NEON;1767;Grasslands;38.24836;-109.38831;20180912T000000Z;2.0;MOAB_070;-999;-999;0.00154;0.00019;-999;0
GBOV_RM6_665;Moab;Courtney Meier;cmeier@battelleecology.org;support-copernicus-gbov@acri-st.fr;NEON;1767;Grasslands;38.24836;-109.38831;20180925T000000Z;2.0;MOAB_070;-999;-999;0.00239;0.00034;-999;0
GBOV_RM6_665;Moab;Courtney Meier;cmeier@battelleecology.org;support-copernicus-gbov@acri-st.fr;NEON;1767;Grasslands;38.24836;-109.38831;20181009T000000Z;2.0;MOAB_070;-999;-999;0.00289;0.00032;-999;0
GBOV_RM6_665;Moab;Courtney Meier;cmeier@battelleecology.org;support-copernicus-gbov@acri-st.fr;NEON;1767;Grasslands;38.24836;-109.38831;20181024T000000Z;2.0;MOAB_070;-999;-999;0.00026;0.00009;-999;0
GBOV_RM6_665;Moab;Courtney Meier;cmeier@battelleecology.org;support-copernicus-gbov@acri-st.fr;NEON;1767;Grasslands;38.24836;-109.38831;20190325T170300Z;2.0;MOAB_070;-999;-999;0.0097;0.0007;-999;0
GBOV_RM6_665;Moab;Courtney Meier;cmeier@battelleecology.org;support-copernicus-gbov@acri-st.fr;NEON;1767;Grasslands;38.24836;-109.38831;20190411T180400Z;2.0;MOAB_070;-999;-999;0.0031;0.0004;-999;0
GBOV_RM6_665;Moab;Courtney Meier;cmeier@battelleecology.org;support-copernicus-gbov@acri-st.fr;NEON;1767;Grasslands;38.24836;-109.38831;20190423T163900Z;2.0;MOAB_070;-999;-999;0.0111;0.0011;-999;0
GBOV_RM6_665;Moab;Courtney Meier;cmeier@battelleecology.org;support-copernicus-gbov@acri-st.fr;NEON;1767;Grasslands;38.24836;-109.38831;20190506T133600Z;2.0;MOAB_070;-999;-999;0.0029;0.0016;-999;0
GBOV_RM6_665;Moab;Courtney Meier;cmeier@battelleecology.org;support-copernicus-gbov@acri-st.fr;NEON;1767;Grasslands;38.24836;-109.38831;20190522T172600Z;2.0;MOAB_070;-999;-999;0.0045;0.0027;-999;0
GBOV_RM6_665;Moab;Courtney Meier;cmeier@battelleecology.org;support-copernicus-gbov@acri-st.fr;NEON;1767;Grasslands;38.24836;-109.38831;20190619T175200Z;2.0;MOAB_070;-999;-999;0.0023;0.0006;-999;0
GBOV_RM6_665;Moab;Courtney Meier;cmeier@battelleecology.org;support-copernicus-gbov@acri-st.fr;NEON;1767;Grasslands;38.24836;-109.38831;20190701T160400Z;2.0;MOAB_070;-999;-999;0.004;0.004;-999;0
GBOV_RM6_665;Moab;Courtney Meier;cmeier@battelleecology.org;support-copernicus-gbov@acri-st.fr;NEON;1767;Grasslands;38.24836;-109.38831;20190716T171100Z;2.0;MOAB_070;-999;-999;0.0034;0.0032;-999;0
GBOV_RM6_665;Moab;Courtney Meier;cmeier@battelleecology.org;support-copernicus-gbov@acri-st.fr;NEON;1767;Grasslands;38.24836;-109.38831;20190731T163400Z;2.0;MOAB_070;-999;-999;0.0028;0.0022;-999;0
GBOV_RM6_665;Moab;Courtney Meier;cmeier@battelleecology.org;support-copernicus-gbov@acri-st.fr;NEON;1767;Grasslands;38.24836;-109.38831;20190814T155000Z;2.0;MOAB_070;-999;-999;0.0011;0.0004;-999;0
GBOV_RM6_665;Moab;Courtney Meier;cmeier@battelleecology.org;support-copernicus-gbov@acri-st.fr;NEON;1767;Grasslands;38.24836;-109.38831;20190826T171400Z;2.0;MOAB_070;-999;-999;0.0024;0.0004;-999;0
GBOV_RM6_665;Moab;Courtney Meier;cmeier@battelleecology.org;support-copernicus-gbov@acri-st.fr;NEON;1767;Grasslands;38.24836;-109.38831;20190909T175800Z;2.0;MOAB_070;-999;-999;0.0045;0.0005;-999;0
GBOV_RM6_665;Moab;Courtney Meier;cmeier@battelleecology.org;support-copernicus-gbov@acri-st.fr;NEON;1767;Grasslands;38.24836;-109.38831;20190923T151100Z;2.0;MOAB_070;-999;-999;0.00027;0.00013;-999;0
GBOV_RM6_665;Moab;Courtney Meier;cmeier@battelleecology.org;support-copernicus-gbov@acri-st.fr;NEON;1767;Grasslands;38.24836;-109.38831;20191008T112900Z;2.0;MOAB_070;-999;-999;0.0028;0.0006;-999;0
GBOV_RM6_665;Moab;Courtney Meier;cmeier@battelleecology.org;support-copernicus-gbov@acri-st.fr;NEON;1767;Grasslands;38.24836;-109.38831;20191023T101800Z;2.0;MOAB_070;-999;-999;0.00039;0.00011;-999;0
