GBOV_ID;Site;GROUND_DATA_PI;GROUND_DATA_PIs_Email;GBOV_Email;Network;Elevation;IGBP_class;Lat_IS;Lon_IS;TIME_IS;Version;PLOT_ID;FIPAR_up;FIPAR_up_err;FIPAR_down;FIPAR_down_err;up_flag;down_flag
GBOV_RM6_459;SteigerwaldtLandServices;Courtney Meier;cmeier@battelleecology.org;support-copernicus-gbov@acri-st.fr;NEON;481;Mixed Forest;45.5089416503906;-89.5863723754883;20150708T000000Z;2.0;STEI_046;0.717;0.034;0.61;0.04;0;0
GBOV_RM6_459;SteigerwaldtLandServices;Courtney Meier;cmeier@battelleecology.org;support-copernicus-gbov@acri-st.fr;NEON;481;Mixed Forest;45.5089416503906;-89.5863723754883;20150724T000000Z;2.0;STEI_046;0.735;0.028;0.596;0.035;0;0
GBOV_RM6_459;SteigerwaldtLandServices;Courtney Meier;cmeier@battelleecology.org;support-copernicus-gbov@acri-st.fr;NEON;481;Mixed Forest;45.5089416503906;-89.5863723754883;20150805T000000Z;2.0;STEI_046;0.764;0.029;0.593;0.034;0;16
GBOV_RM6_459;SteigerwaldtLandServices;Courtney Meier;cmeier@battelleecology.org;support-copernicus-gbov@acri-st.fr;NEON;481;Mixed Forest;45.5089416503906;-89.5863723754883;20150821T000000Z;2.0;STEI_046;0.781;0.026;0.533;0.030;0;16
GBOV_RM6_459;SteigerwaldtLandServices;Courtney Meier;cmeier@battelleecology.org;support-copernicus-gbov@acri-st.fr;NEON;481;Mixed Forest;45.5089416503906;-89.5863723754883;20150903T000000Z;2.0;STEI_046;0.773;0.023;0.595;0.027;0;0
GBOV_RM6_459;SteigerwaldtLandServices;Courtney Meier;cmeier@battelleecology.org;support-copernicus-gbov@acri-st.fr;NEON;481;Mixed Forest;45.5089416503906;-89.5863723754883;20150911T000000Z;2.0;STEI_046;0.805;0.019;0.51;0.04;0;0
GBOV_RM6_459;SteigerwaldtLandServices;Courtney Meier;cmeier@battelleecology.org;support-copernicus-gbov@acri-st.fr;NEON;481;Mixed Forest;45.5089416503906;-89.5863723754883;20150916T000000Z;2.0;STEI_046;0.749;0.018;0.348;0.035;0;0
GBOV_RM6_459;SteigerwaldtLandServices;Courtney Meier;cmeier@battelleecology.org;support-copernicus-gbov@acri-st.fr;NEON;481;Mixed Forest;45.5089416503906;-89.5863723754883;20151001T000000Z;2.0;STEI_046;0.690;0.021;0.369;0.033;0;32
GBOV_RM6_459;SteigerwaldtLandServices;Courtney Meier;cmeier@battelleecology.org;support-copernicus-gbov@acri-st.fr;NEON;481;Mixed Forest;45.5089416503906;-89.5863723754883;20151014T000000Z;2.0;STEI_046;0.41;0.04;0.206;0.025;0;0
GBOV_RM6_459;SteigerwaldtLandServices;Courtney Meier;cmeier@battelleecology.org;support-copernicus-gbov@acri-st.fr;NEON;481;Mixed Forest;45.5089416503906;-89.5863723754883;20151027T000000Z;2.0;STEI_046;0.488;0.033;0.152;0.022;0;16
GBOV_RM6_459;SteigerwaldtLandServices;Courtney Meier;cmeier@battelleecology.org;support-copernicus-gbov@acri-st.fr;NEON;481;Mixed Forest;45.5089416503906;-89.5863723754883;20160504T000000Z;2.0;STEI_046;0.29;0.05;0.134;0.022;0;8
GBOV_RM6_459;SteigerwaldtLandServices;Courtney Meier;cmeier@battelleecology.org;support-copernicus-gbov@acri-st.fr;NEON;481;Mixed Forest;45.5089416503906;-89.5863723754883;20160518T000000Z;2.0;STEI_046;0.37;0.04;0.206;0.032;0;8
GBOV_RM6_459;SteigerwaldtLandServices;Courtney Meier;cmeier@battelleecology.org;support-copernicus-gbov@acri-st.fr;NEON;481;Mixed Forest;45.5089416503906;-89.5863723754883;20160531T000000Z;2.0;STEI_046;0.748;0.034;0.390;0.032;0;0
GBOV_RM6_459;SteigerwaldtLandServices;Courtney Meier;cmeier@battelleecology.org;support-copernicus-gbov@acri-st.fr;NEON;481;Mixed Forest;45.5089416503906;-89.5863723754883;20160616T000000Z;2.0;STEI_046;0.758;0.032;0.57;0.05;0;8
GBOV_RM6_459;SteigerwaldtLandServices;Courtney Meier;cmeier@battelleecology.org;support-copernicus-gbov@acri-st.fr;NEON;481;Mixed Forest;45.5089416503906;-89.5863723754883;20160627T000000Z;2.0;STEI_046;0.791;0.032;0.50;0.04;0;0
GBOV_RM6_459;SteigerwaldtLandServices;Courtney Meier;cmeier@battelleecology.org;support-copernicus-gbov@acri-st.fr;NEON;481;Mixed Forest;45.5089416503906;-89.5863723754883;20160712T000000Z;2.0;STEI_046;0.739;0.034;0.563;0.030;0;0
GBOV_RM6_459;SteigerwaldtLandServices;Courtney Meier;cmeier@battelleecology.org;support-copernicus-gbov@acri-st.fr;NEON;481;Mixed Forest;45.5089416503906;-89.5863723754883;20160726T000000Z;2.0;STEI_046;0.740;0.032;0.709;0.034;0;0
GBOV_RM6_459;SteigerwaldtLandServices;Courtney Meier;cmeier@battelleecology.org;support-copernicus-gbov@acri-st.fr;NEON;481;Mixed Forest;45.5089416503906;-89.5863723754883;20160811T153600Z;2.0;STEI_046;0.790;0.027;0.52;0.04;0;0
GBOV_RM6_459;SteigerwaldtLandServices;Courtney Meier;cmeier@battelleecology.org;support-copernicus-gbov@acri-st.fr;NEON;481;Mixed Forest;45.5089416503906;-89.5863723754883;20160822T192100Z;2.0;STEI_046;0.788;0.026;0.626;0.031;0;0
GBOV_RM6_459;SteigerwaldtLandServices;Courtney Meier;cmeier@battelleecology.org;support-copernicus-gbov@acri-st.fr;NEON;481;Mixed Forest;45.5089416503906;-89.5863723754883;20160906T000000Z;2.0;STEI_046;0.805;0.022;0.442;0.034;0;0
GBOV_RM6_459;SteigerwaldtLandServices;Courtney Meier;cmeier@battelleecology.org;support-copernicus-gbov@acri-st.fr;NEON;481;Mixed Forest;45.5089416503906;-89.5863723754883;20160919T000000Z;2.0;STEI_046;0.799;0.018;0.468;0.030;0;0
GBOV_RM6_459;SteigerwaldtLandServices;Courtney Meier;cmeier@battelleecology.org;support-copernicus-gbov@acri-st.fr;NEON;481;Mixed Forest;45.5089416503906;-89.5863723754883;20161003T000000Z;2.0;STEI_046;0.691;0.020;0.179;0.028;0;16
GBOV_RM6_459;SteigerwaldtLandServices;Courtney Meier;cmeier@battelleecology.org;support-copernicus-gbov@acri-st.fr;NEON;481;Mixed Forest;45.5089416503906;-89.5863723754883;20161018T000000Z;2.0;STEI_046;0.52;0.04;0.202;0.031;0;0
GBOV_RM6_459;SteigerwaldtLandServices;Courtney Meier;cmeier@battelleecology.org;support-copernicus-gbov@acri-st.fr;NEON;481;Mixed Forest;45.5089416503906;-89.5863723754883;20170504T000000Z;2.0;STEI_046;0.31;0.06;0.145;0.029;0;16
GBOV_RM6_459;SteigerwaldtLandServices;Courtney Meier;cmeier@battelleecology.org;support-copernicus-gbov@acri-st.fr;NEON;481;Mixed Forest;45.5089416503906;-89.5863723754883;20170522T000000Z;2.0;STEI_046;0.38;0.05;0.23;0.04;0;0
GBOV_RM6_459;SteigerwaldtLandServices;Courtney Meier;cmeier@battelleecology.org;support-copernicus-gbov@acri-st.fr;NEON;481;Mixed Forest;45.5089416503906;-89.5863723754883;20170601T000000Z;2.0;STEI_046;0.67;0.04;0.43;0.04;0;16
GBOV_RM6_459;SteigerwaldtLandServices;Courtney Meier;cmeier@battelleecology.org;support-copernicus-gbov@acri-st.fr;NEON;481;Mixed Forest;45.5089416503906;-89.5863723754883;20170615T000000Z;2.0;STEI_046;-999;-999;0.60;0.04;-999;0
GBOV_RM6_459;SteigerwaldtLandServices;Courtney Meier;cmeier@battelleecology.org;support-copernicus-gbov@acri-st.fr;NEON;481;Mixed Forest;45.5089416503906;-89.5863723754883;20170628T000000Z;2.0;STEI_046;0.77;0.04;0.52;0.04;0;0
GBOV_RM6_459;SteigerwaldtLandServices;Courtney Meier;cmeier@battelleecology.org;support-copernicus-gbov@acri-st.fr;NEON;481;Mixed Forest;45.5089416503906;-89.5863723754883;20170713T000000Z;2.0;STEI_046;0.78;0.04;0.61;0.05;0;0
GBOV_RM6_459;SteigerwaldtLandServices;Courtney Meier;cmeier@battelleecology.org;support-copernicus-gbov@acri-st.fr;NEON;481;Mixed Forest;45.5089416503906;-89.5863723754883;20170725T000000Z;2.0;STEI_046;0.771;0.035;0.415;0.032;0;0
GBOV_RM6_459;SteigerwaldtLandServices;Courtney Meier;cmeier@battelleecology.org;support-copernicus-gbov@acri-st.fr;NEON;481;Mixed Forest;45.5089416503906;-89.5863723754883;20170809T000000Z;2.0;STEI_046;0.785;0.032;0.47;0.04;0;0
GBOV_RM6_459;SteigerwaldtLandServices;Courtney Meier;cmeier@battelleecology.org;support-copernicus-gbov@acri-st.fr;NEON;481;Mixed Forest;45.5089416503906;-89.5863723754883;20170918T000000Z;2.0;STEI_046;0.737;0.021;0.212;0.027;0;0
GBOV_RM6_459;SteigerwaldtLandServices;Courtney Meier;cmeier@battelleecology.org;support-copernicus-gbov@acri-st.fr;NEON;481;Mixed Forest;45.5089416503906;-89.5863723754883;20171003T000000Z;2.0;STEI_046;0.647;0.025;0.180;0.030;32;0
GBOV_RM6_459;SteigerwaldtLandServices;Courtney Meier;cmeier@battelleecology.org;support-copernicus-gbov@acri-st.fr;NEON;481;Mixed Forest;45.5089416503906;-89.5863723754883;20171019T000000Z;2.0;STEI_046;0.44;0.04;0.148;0.028;0;0
GBOV_RM6_459;SteigerwaldtLandServices;Courtney Meier;cmeier@battelleecology.org;support-copernicus-gbov@acri-st.fr;NEON;481;Mixed Forest;45.5089416503906;-89.5863723754883;20180502T000000Z;2.0;STEI_046;0.32;0.05;0.073;0.018;0;0
GBOV_RM6_459;SteigerwaldtLandServices;Courtney Meier;cmeier@battelleecology.org;support-copernicus-gbov@acri-st.fr;NEON;481;Mixed Forest;45.5089416503906;-89.5863723754883;20180516T000000Z;2.0;STEI_046;0.39;0.05;0.124;0.021;0;8
GBOV_RM6_459;SteigerwaldtLandServices;Courtney Meier;cmeier@battelleecology.org;support-copernicus-gbov@acri-st.fr;NEON;481;Mixed Forest;45.5089416503906;-89.5863723754883;20180530T000000Z;2.0;STEI_046;0.807;0.033;0.35;0.04;0;0
GBOV_RM6_459;SteigerwaldtLandServices;Courtney Meier;cmeier@battelleecology.org;support-copernicus-gbov@acri-st.fr;NEON;481;Mixed Forest;45.5089416503906;-89.5863723754883;20180612T000000Z;2.0;STEI_046;0.783;0.034;0.39;0.04;0;0
GBOV_RM6_459;SteigerwaldtLandServices;Courtney Meier;cmeier@battelleecology.org;support-copernicus-gbov@acri-st.fr;NEON;481;Mixed Forest;45.5089416503906;-89.5863723754883;20180627T000000Z;2.0;STEI_046;0.78;0.04;0.48;0.04;0;0
GBOV_RM6_459;SteigerwaldtLandServices;Courtney Meier;cmeier@battelleecology.org;support-copernicus-gbov@acri-st.fr;NEON;481;Mixed Forest;45.5089416503906;-89.5863723754883;20180711T000000Z;2.0;STEI_046;0.82;0.04;0.53;0.04;0;0
GBOV_RM6_459;SteigerwaldtLandServices;Courtney Meier;cmeier@battelleecology.org;support-copernicus-gbov@acri-st.fr;NEON;481;Mixed Forest;45.5089416503906;-89.5863723754883;20180727T000000Z;2.0;STEI_046;0.775;0.035;0.52;0.04;0;0
GBOV_RM6_459;SteigerwaldtLandServices;Courtney Meier;cmeier@battelleecology.org;support-copernicus-gbov@acri-st.fr;NEON;481;Mixed Forest;45.5089416503906;-89.5863723754883;20180808T000000Z;2.0;STEI_046;0.779;0.031;0.42;0.04;0;0
GBOV_RM6_459;SteigerwaldtLandServices;Courtney Meier;cmeier@battelleecology.org;support-copernicus-gbov@acri-st.fr;NEON;481;Mixed Forest;45.5089416503906;-89.5863723754883;20180822T000000Z;2.0;STEI_046;0.806;0.023;0.49;0.04;0;0
GBOV_RM6_459;SteigerwaldtLandServices;Courtney Meier;cmeier@battelleecology.org;support-copernicus-gbov@acri-st.fr;NEON;481;Mixed Forest;45.5089416503906;-89.5863723754883;20180905T000000Z;2.0;STEI_046;0.828;0.020;0.42;0.04;0;0
GBOV_RM6_459;SteigerwaldtLandServices;Courtney Meier;cmeier@battelleecology.org;support-copernicus-gbov@acri-st.fr;NEON;481;Mixed Forest;45.5089416503906;-89.5863723754883;20180917T164300Z;2.0;STEI_046;0.813;0.018;0.306;0.029;0;8
GBOV_RM6_459;SteigerwaldtLandServices;Courtney Meier;cmeier@battelleecology.org;support-copernicus-gbov@acri-st.fr;NEON;481;Mixed Forest;45.5089416503906;-89.5863723754883;20181004T072900Z;2.0;STEI_046;0.781;0.021;0.126;0.019;0;0
GBOV_RM6_459;SteigerwaldtLandServices;Courtney Meier;cmeier@battelleecology.org;support-copernicus-gbov@acri-st.fr;NEON;481;Mixed Forest;45.5089416503906;-89.5863723754883;20181017T215300Z;2.0;STEI_046;0.52;0.04;0.076;0.017;0;0
GBOV_RM6_459;SteigerwaldtLandServices;Courtney Meier;cmeier@battelleecology.org;support-copernicus-gbov@acri-st.fr;NEON;481;Mixed Forest;45.5089416503906;-89.5863723754883;20190429T151000Z;2.0;STEI_046;0.32;0.05;0.072;0.020;0;0
GBOV_RM6_459;SteigerwaldtLandServices;Courtney Meier;cmeier@battelleecology.org;support-copernicus-gbov@acri-st.fr;NEON;481;Mixed Forest;45.5089416503906;-89.5863723754883;20190516T101300Z;2.0;STEI_046;0.33;0.06;0.126;0.033;0;0
GBOV_RM6_459;SteigerwaldtLandServices;Courtney Meier;cmeier@battelleecology.org;support-copernicus-gbov@acri-st.fr;NEON;481;Mixed Forest;45.5089416503906;-89.5863723754883;20190529T155700Z;2.0;STEI_046;0.52;0.05;0.157;0.021;0;0
GBOV_RM6_459;SteigerwaldtLandServices;Courtney Meier;cmeier@battelleecology.org;support-copernicus-gbov@acri-st.fr;NEON;481;Mixed Forest;45.5089416503906;-89.5863723754883;20190612T144100Z;2.0;STEI_046;0.74;0.04;0.34;0.04;0;0
GBOV_RM6_459;SteigerwaldtLandServices;Courtney Meier;cmeier@battelleecology.org;support-copernicus-gbov@acri-st.fr;NEON;481;Mixed Forest;45.5089416503906;-89.5863723754883;20190624T163600Z;2.0;STEI_046;0.768;0.035;0.39;0.04;0;0
GBOV_RM6_459;SteigerwaldtLandServices;Courtney Meier;cmeier@battelleecology.org;support-copernicus-gbov@acri-st.fr;NEON;481;Mixed Forest;45.5089416503906;-89.5863723754883;20190708T055000Z;2.0;STEI_046;0.78;0.04;0.39;0.05;0;0
GBOV_RM6_459;SteigerwaldtLandServices;Courtney Meier;cmeier@battelleecology.org;support-copernicus-gbov@acri-st.fr;NEON;481;Mixed Forest;45.5089416503906;-89.5863723754883;20190726T073900Z;2.0;STEI_046;0.790;0.035;0.44;0.05;0;0
GBOV_RM6_459;SteigerwaldtLandServices;Courtney Meier;cmeier@battelleecology.org;support-copernicus-gbov@acri-st.fr;NEON;481;Mixed Forest;45.5089416503906;-89.5863723754883;20190805T122800Z;2.0;STEI_046;0.793;0.031;0.376;0.035;0;0
GBOV_RM6_459;SteigerwaldtLandServices;Courtney Meier;cmeier@battelleecology.org;support-copernicus-gbov@acri-st.fr;NEON;481;Mixed Forest;45.5089416503906;-89.5863723754883;20190820T130500Z;2.0;STEI_046;0.816;0.029;0.366;0.034;0;0
GBOV_RM6_459;SteigerwaldtLandServices;Courtney Meier;cmeier@battelleecology.org;support-copernicus-gbov@acri-st.fr;NEON;481;Mixed Forest;45.5089416503906;-89.5863723754883;20190905T123200Z;2.0;STEI_046;0.839;0.023;0.392;0.031;0;0
GBOV_RM6_459;SteigerwaldtLandServices;Courtney Meier;cmeier@battelleecology.org;support-copernicus-gbov@acri-st.fr;NEON;481;Mixed Forest;45.5089416503906;-89.5863723754883;20190918T102900Z;2.0;STEI_046;0.839;0.021;0.264;0.026;0;0
GBOV_RM6_459;SteigerwaldtLandServices;Courtney Meier;cmeier@battelleecology.org;support-copernicus-gbov@acri-st.fr;NEON;481;Mixed Forest;45.5089416503906;-89.5863723754883;20190930T132300Z;2.0;STEI_046;0.757;0.027;0.222;0.021;0;0
GBOV_RM6_459;SteigerwaldtLandServices;Courtney Meier;cmeier@battelleecology.org;support-copernicus-gbov@acri-st.fr;NEON;481;Mixed Forest;45.5089416503906;-89.5863723754883;20191016T114400Z;2.0;STEI_046;0.59;0.04;0.123;0.023;0;0
