GBOV_ID;Site;GROUND_DATA_PI;GROUND_DATA_PIs_Email;GBOV_Email;Network;Elevation;IGBP_class;Lat_IS;Lon_IS;TIME_IS;Version;PLOT_ID;FIPAR_up;FIPAR_up_err;FIPAR_down;FIPAR_down_err;up_flag;down_flag
GBOV_RM6_668;NiwotRidgeMountainResearchStation;Katherine N. Suding;suding@colorado.edu;support-copernicus-gbov@acri-st.fr;NEON;3050;Evergreen Needleleaf;40.0543;-105.58245;20150714T000000Z;2.0;NIWO_056;-999;-999;0.123;0.016;-999;0
GBOV_RM6_668;NiwotRidgeMountainResearchStation;Katherine N. Suding;suding@colorado.edu;support-copernicus-gbov@acri-st.fr;NEON;3050;Evergreen Needleleaf;40.0543;-105.58245;20150728T000000Z;2.0;NIWO_056;-999;-999;0.254;0.031;-999;0
GBOV_RM6_668;NiwotRidgeMountainResearchStation;Katherine N. Suding;suding@colorado.edu;support-copernicus-gbov@acri-st.fr;NEON;3050;Evergreen Needleleaf;40.0543;-105.58245;20150814T000000Z;2.0;NIWO_056;-999;-999;0.425;0.033;-999;0
GBOV_RM6_668;NiwotRidgeMountainResearchStation;Katherine N. Suding;suding@colorado.edu;support-copernicus-gbov@acri-st.fr;NEON;3050;Evergreen Needleleaf;40.0543;-105.58245;20150828T000000Z;2.0;NIWO_056;-999;-999;0.156;0.018;-999;0
GBOV_RM6_668;NiwotRidgeMountainResearchStation;Katherine N. Suding;suding@colorado.edu;support-copernicus-gbov@acri-st.fr;NEON;3050;Evergreen Needleleaf;40.0543;-105.58245;20150911T000000Z;2.0;NIWO_056;-999;-999;0.059;0.005;-999;0
GBOV_RM6_668;NiwotRidgeMountainResearchStation;Katherine N. Suding;suding@colorado.edu;support-copernicus-gbov@acri-st.fr;NEON;3050;Evergreen Needleleaf;40.0543;-105.58245;20150925T000000Z;2.0;NIWO_056;-999;-999;0.0150;0.0013;-999;0
GBOV_RM6_668;NiwotRidgeMountainResearchStation;Katherine N. Suding;suding@colorado.edu;support-copernicus-gbov@acri-st.fr;NEON;3050;Evergreen Needleleaf;40.0543;-105.58245;20151009T000000Z;2.0;NIWO_056;-999;-999;0.0336;0.0028;-999;0
GBOV_RM6_668;NiwotRidgeMountainResearchStation;Katherine N. Suding;suding@colorado.edu;support-copernicus-gbov@acri-st.fr;NEON;3050;Evergreen Needleleaf;40.0543;-105.58245;20160708T000000Z;2.0;NIWO_056;-999;-999;0.056;0.010;-999;0
GBOV_RM6_668;NiwotRidgeMountainResearchStation;Katherine N. Suding;suding@colorado.edu;support-copernicus-gbov@acri-st.fr;NEON;3050;Evergreen Needleleaf;40.0543;-105.58245;20160722T000000Z;2.0;NIWO_056;-999;-999;0.276;0.029;-999;0
GBOV_RM6_668;NiwotRidgeMountainResearchStation;Katherine N. Suding;suding@colorado.edu;support-copernicus-gbov@acri-st.fr;NEON;3050;Evergreen Needleleaf;40.0543;-105.58245;20160808T000000Z;2.0;NIWO_056;-999;-999;0.285;0.030;-999;0
GBOV_RM6_668;NiwotRidgeMountainResearchStation;Katherine N. Suding;suding@colorado.edu;support-copernicus-gbov@acri-st.fr;NEON;3050;Evergreen Needleleaf;40.0543;-105.58245;20160907T000000Z;2.0;NIWO_056;-999;-999;0.094;0.008;-999;0
GBOV_RM6_668;NiwotRidgeMountainResearchStation;Katherine N. Suding;suding@colorado.edu;support-copernicus-gbov@acri-st.fr;NEON;3050;Evergreen Needleleaf;40.0543;-105.58245;20160916T000000Z;2.0;NIWO_056;-999;-999;0.048;0.004;-999;0
GBOV_RM6_668;NiwotRidgeMountainResearchStation;Katherine N. Suding;suding@colorado.edu;support-copernicus-gbov@acri-st.fr;NEON;3050;Evergreen Needleleaf;40.0543;-105.58245;20160930T000000Z;2.0;NIWO_056;-999;-999;0.0129;0.0008;-999;0
GBOV_RM6_668;NiwotRidgeMountainResearchStation;Katherine N. Suding;suding@colorado.edu;support-copernicus-gbov@acri-st.fr;NEON;3050;Evergreen Needleleaf;40.0543;-105.58245;20170630T000000Z;2.0;NIWO_056;-999;-999;0.0011;0.0007;-999;0
GBOV_RM6_668;NiwotRidgeMountainResearchStation;Katherine N. Suding;suding@colorado.edu;support-copernicus-gbov@acri-st.fr;NEON;3050;Evergreen Needleleaf;40.0543;-105.58245;20170714T000000Z;2.0;NIWO_056;-999;-999;0.069;0.014;-999;4
