GBOV_ID;Site;GROUND_DATA_PI;GROUND_DATA_PIs_Email;GBOV_Email;Network;Elevation;IGBP_class;Lat_IS;Lon_IS;TIME_IS;Version;PLOT_ID;FIPAR_up;FIPAR_up_err;FIPAR_down;FIPAR_down_err;up_flag;down_flag
GBOV_RM6_897;JonesEcologicalResearchCenter;Courtney Meier;cmeier@battelleecology.org;support-copernicus-gbov@acri-st.fr;NEON;44;Croplands;31.1948394775391;-84.468777;20160719T000000Z;2.0;JERC_060;0.433;0.029;0.728;0.023;0;0
GBOV_RM6_897;JonesEcologicalResearchCenter;Courtney Meier;cmeier@battelleecology.org;support-copernicus-gbov@acri-st.fr;NEON;44;Croplands;31.1948394775391;-84.468777;20160801T000000Z;2.0;JERC_060;0.392;0.030;0.65;0.04;0;32
GBOV_RM6_897;JonesEcologicalResearchCenter;Courtney Meier;cmeier@battelleecology.org;support-copernicus-gbov@acri-st.fr;NEON;44;Croplands;31.1948394775391;-84.468777;20160815T000000Z;2.0;JERC_060;0.445;0.027;-999;-999;0;-999
GBOV_RM6_897;JonesEcologicalResearchCenter;Courtney Meier;cmeier@battelleecology.org;support-copernicus-gbov@acri-st.fr;NEON;44;Croplands;31.1948394775391;-84.468777;20160901T000000Z;2.0;JERC_060;0.456;0.025;0.592;0.032;0;0
GBOV_RM6_897;JonesEcologicalResearchCenter;Courtney Meier;cmeier@battelleecology.org;support-copernicus-gbov@acri-st.fr;NEON;44;Croplands;31.1948394775391;-84.468777;20160914T000000Z;2.0;JERC_060;0.505;0.020;0.564;0.027;0;0
GBOV_RM6_897;JonesEcologicalResearchCenter;Courtney Meier;cmeier@battelleecology.org;support-copernicus-gbov@acri-st.fr;NEON;44;Croplands;31.1948394775391;-84.468777;20160926T000000Z;2.0;JERC_060;0.461;0.020;0.600;0.013;0;0
GBOV_RM6_897;JonesEcologicalResearchCenter;Courtney Meier;cmeier@battelleecology.org;support-copernicus-gbov@acri-st.fr;NEON;44;Croplands;31.1948394775391;-84.468777;20161012T000000Z;2.0;JERC_060;0.489;0.024;0.261;0.017;0;0
GBOV_RM6_897;JonesEcologicalResearchCenter;Courtney Meier;cmeier@battelleecology.org;support-copernicus-gbov@acri-st.fr;NEON;44;Croplands;31.1948394775391;-84.468777;20161025T000000Z;2.0;JERC_060;0.483;0.024;-999;-999;0;-999
GBOV_RM6_897;JonesEcologicalResearchCenter;Courtney Meier;cmeier@battelleecology.org;support-copernicus-gbov@acri-st.fr;NEON;44;Croplands;31.1948394775391;-84.468777;20170406T000000Z;2.0;JERC_060;0.446;0.024;0.381;0.023;0;8
GBOV_RM6_897;JonesEcologicalResearchCenter;Courtney Meier;cmeier@battelleecology.org;support-copernicus-gbov@acri-st.fr;NEON;44;Croplands;31.1948394775391;-84.468777;20170417T000000Z;2.0;JERC_060;0.436;0.034;0.312;0.034;0;0
GBOV_RM6_897;JonesEcologicalResearchCenter;Courtney Meier;cmeier@battelleecology.org;support-copernicus-gbov@acri-st.fr;NEON;44;Croplands;31.1948394775391;-84.468777;20170502T000000Z;2.0;JERC_060;0.447;0.031;0.56;0.04;0;0
GBOV_RM6_897;JonesEcologicalResearchCenter;Courtney Meier;cmeier@battelleecology.org;support-copernicus-gbov@acri-st.fr;NEON;44;Croplands;31.1948394775391;-84.468777;20170516T000000Z;2.0;JERC_060;0.451;0.035;0.62;0.04;0;0
GBOV_RM6_897;JonesEcologicalResearchCenter;Courtney Meier;cmeier@battelleecology.org;support-copernicus-gbov@acri-st.fr;NEON;44;Croplands;31.1948394775391;-84.468777;20170530T000000Z;2.0;JERC_060;0.413;0.030;0.52;0.04;0;0
GBOV_RM6_897;JonesEcologicalResearchCenter;Courtney Meier;cmeier@battelleecology.org;support-copernicus-gbov@acri-st.fr;NEON;44;Croplands;31.1948394775391;-84.468777;20170614T000000Z;2.0;JERC_060;0.462;0.032;0.60;0.05;0;0
GBOV_RM6_897;JonesEcologicalResearchCenter;Courtney Meier;cmeier@battelleecology.org;support-copernicus-gbov@acri-st.fr;NEON;44;Croplands;31.1948394775391;-84.468777;20170626T000000Z;2.0;JERC_060;0.467;0.033;0.57;0.05;0;0
GBOV_RM6_897;JonesEcologicalResearchCenter;Courtney Meier;cmeier@battelleecology.org;support-copernicus-gbov@acri-st.fr;NEON;44;Croplands;31.1948394775391;-84.468777;20170807T000000Z;2.0;JERC_060;0.48;0.04;0.485;0.027;0;0
GBOV_RM6_897;JonesEcologicalResearchCenter;Courtney Meier;cmeier@battelleecology.org;support-copernicus-gbov@acri-st.fr;NEON;44;Croplands;31.1948394775391;-84.468777;20170824T000000Z;2.0;JERC_060;0.46;0.04;0.53;0.04;0;0
GBOV_RM6_897;JonesEcologicalResearchCenter;Courtney Meier;cmeier@battelleecology.org;support-copernicus-gbov@acri-st.fr;NEON;44;Croplands;31.1948394775391;-84.468777;20170906T000000Z;2.0;JERC_060;0.490;0.029;0.414;0.033;0;0
GBOV_RM6_897;JonesEcologicalResearchCenter;Courtney Meier;cmeier@battelleecology.org;support-copernicus-gbov@acri-st.fr;NEON;44;Croplands;31.1948394775391;-84.468777;20170918T000000Z;2.0;JERC_060;0.484;0.019;0.411;0.015;0;8
GBOV_RM6_897;JonesEcologicalResearchCenter;Courtney Meier;cmeier@battelleecology.org;support-copernicus-gbov@acri-st.fr;NEON;44;Croplands;31.1948394775391;-84.468777;20171002T000000Z;2.0;JERC_060;0.501;0.024;0.241;0.024;0;0
GBOV_RM6_897;JonesEcologicalResearchCenter;Courtney Meier;cmeier@battelleecology.org;support-copernicus-gbov@acri-st.fr;NEON;44;Croplands;31.1948394775391;-84.468777;20171018T000000Z;2.0;JERC_060;0.447;0.021;0.311;0.027;0;0
GBOV_RM6_897;JonesEcologicalResearchCenter;Courtney Meier;cmeier@battelleecology.org;support-copernicus-gbov@acri-st.fr;NEON;44;Croplands;31.1948394775391;-84.468777;20171031T000000Z;2.0;JERC_060;0.472;0.021;0.293;0.026;0;0
GBOV_RM6_897;JonesEcologicalResearchCenter;Courtney Meier;cmeier@battelleecology.org;support-copernicus-gbov@acri-st.fr;NEON;44;Croplands;31.1948394775391;-84.468777;20171129T000000Z;2.0;JERC_060;0.639;0.020;0.052;0.008;0;0
GBOV_RM6_897;JonesEcologicalResearchCenter;Courtney Meier;cmeier@battelleecology.org;support-copernicus-gbov@acri-st.fr;NEON;44;Croplands;31.1948394775391;-84.468777;20171228T000000Z;2.0;JERC_060;0.576;0.021;0.038;0.004;0;0
GBOV_RM6_897;JonesEcologicalResearchCenter;Courtney Meier;cmeier@battelleecology.org;support-copernicus-gbov@acri-st.fr;NEON;44;Croplands;31.1948394775391;-84.468777;20180109T000000Z;2.0;JERC_060;0.597;0.021;0.037;0.005;0;0
GBOV_RM6_897;JonesEcologicalResearchCenter;Courtney Meier;cmeier@battelleecology.org;support-copernicus-gbov@acri-st.fr;NEON;44;Croplands;31.1948394775391;-84.468777;20180206T000000Z;2.0;JERC_060;0.445;0.021;0.0367;0.0031;0;0
GBOV_RM6_897;JonesEcologicalResearchCenter;Courtney Meier;cmeier@battelleecology.org;support-copernicus-gbov@acri-st.fr;NEON;44;Croplands;31.1948394775391;-84.468777;20180307T000000Z;2.0;JERC_060;0.453;0.020;0.080;0.008;0;8
GBOV_RM6_897;JonesEcologicalResearchCenter;Courtney Meier;cmeier@battelleecology.org;support-copernicus-gbov@acri-st.fr;NEON;44;Croplands;31.1948394775391;-84.468777;20180404T000000Z;2.0;JERC_060;0.457;0.021;0.307;0.032;0;0
GBOV_RM6_897;JonesEcologicalResearchCenter;Courtney Meier;cmeier@battelleecology.org;support-copernicus-gbov@acri-st.fr;NEON;44;Croplands;31.1948394775391;-84.468777;20180416T000000Z;2.0;JERC_060;0.450;0.028;0.53;0.04;0;0
GBOV_RM6_897;JonesEcologicalResearchCenter;Courtney Meier;cmeier@battelleecology.org;support-copernicus-gbov@acri-st.fr;NEON;44;Croplands;31.1948394775391;-84.468777;20180501T000000Z;2.0;JERC_060;0.435;0.030;0.176;0.011;0;0
GBOV_RM6_897;JonesEcologicalResearchCenter;Courtney Meier;cmeier@battelleecology.org;support-copernicus-gbov@acri-st.fr;NEON;44;Croplands;31.1948394775391;-84.468777;20180515T000000Z;2.0;JERC_060;0.429;0.029;0.303;0.025;0;0
GBOV_RM6_897;JonesEcologicalResearchCenter;Courtney Meier;cmeier@battelleecology.org;support-copernicus-gbov@acri-st.fr;NEON;44;Croplands;31.1948394775391;-84.468777;20180530T000000Z;2.0;JERC_060;0.443;0.030;0.696;0.023;64;64
GBOV_RM6_897;JonesEcologicalResearchCenter;Courtney Meier;cmeier@battelleecology.org;support-copernicus-gbov@acri-st.fr;NEON;44;Croplands;31.1948394775391;-84.468777;20180611T000000Z;2.0;JERC_060;0.430;0.030;0.71;0.04;0;0
GBOV_RM6_897;JonesEcologicalResearchCenter;Courtney Meier;cmeier@battelleecology.org;support-copernicus-gbov@acri-st.fr;NEON;44;Croplands;31.1948394775391;-84.468777;20180626T000000Z;2.0;JERC_060;0.420;0.032;0.71;0.04;0;0
GBOV_RM6_897;JonesEcologicalResearchCenter;Courtney Meier;cmeier@battelleecology.org;support-copernicus-gbov@acri-st.fr;NEON;44;Croplands;31.1948394775391;-84.468777;20180711T000000Z;2.0;JERC_060;0.478;0.034;0.861;0.027;0;0
GBOV_RM6_897;JonesEcologicalResearchCenter;Courtney Meier;cmeier@battelleecology.org;support-copernicus-gbov@acri-st.fr;NEON;44;Croplands;31.1948394775391;-84.468777;20180727T000000Z;2.0;JERC_060;0.399;0.031;0.782;0.021;4;0
GBOV_RM6_897;JonesEcologicalResearchCenter;Courtney Meier;cmeier@battelleecology.org;support-copernicus-gbov@acri-st.fr;NEON;44;Croplands;31.1948394775391;-84.468777;20180822T000000Z;2.0;JERC_060;0.473;0.027;0.730;0.022;0;0
GBOV_RM6_897;JonesEcologicalResearchCenter;Courtney Meier;cmeier@battelleecology.org;support-copernicus-gbov@acri-st.fr;NEON;44;Croplands;31.1948394775391;-84.468777;20180906T000000Z;2.0;JERC_060;0.487;0.022;0.661;0.024;0;0
GBOV_RM6_897;JonesEcologicalResearchCenter;Courtney Meier;cmeier@battelleecology.org;support-copernicus-gbov@acri-st.fr;NEON;44;Croplands;31.1948394775391;-84.468777;20180918T000000Z;2.0;JERC_060;0.476;0.018;0.699;0.024;0;0
GBOV_RM6_897;JonesEcologicalResearchCenter;Courtney Meier;cmeier@battelleecology.org;support-copernicus-gbov@acri-st.fr;NEON;44;Croplands;31.1948394775391;-84.468777;20181002T000000Z;2.0;JERC_060;0.488;0.026;0.620;0.019;0;64
GBOV_RM6_897;JonesEcologicalResearchCenter;Courtney Meier;cmeier@battelleecology.org;support-copernicus-gbov@acri-st.fr;NEON;44;Croplands;31.1948394775391;-84.468777;20181023T000000Z;2.0;JERC_060;0.406;0.021;0.185;0.015;0;0
GBOV_RM6_897;JonesEcologicalResearchCenter;Courtney Meier;cmeier@battelleecology.org;support-copernicus-gbov@acri-st.fr;NEON;44;Croplands;31.1948394775391;-84.468777;20181031T000000Z;2.0;JERC_060;0.415;0.019;0.270;0.022;0;0
GBOV_RM6_897;JonesEcologicalResearchCenter;Courtney Meier;cmeier@battelleecology.org;support-copernicus-gbov@acri-st.fr;NEON;44;Croplands;31.1948394775391;-84.468777;20181113T000000Z;2.0;JERC_060;0.445;0.020;0.288;0.010;0;0
GBOV_RM6_897;JonesEcologicalResearchCenter;Courtney Meier;cmeier@battelleecology.org;support-copernicus-gbov@acri-st.fr;NEON;44;Croplands;31.1948394775391;-84.468777;20181210T150100Z;2.0;JERC_060;0.511;0.019;0.075;0.007;0;0
GBOV_RM6_897;JonesEcologicalResearchCenter;Courtney Meier;cmeier@battelleecology.org;support-copernicus-gbov@acri-st.fr;NEON;44;Croplands;31.1948394775391;-84.468777;20190110T083700Z;2.0;JERC_060;0.440;0.018;0.107;0.009;0;0
GBOV_RM6_897;JonesEcologicalResearchCenter;Courtney Meier;cmeier@battelleecology.org;support-copernicus-gbov@acri-st.fr;NEON;44;Croplands;31.1948394775391;-84.468777;20190205T192800Z;2.0;JERC_060;0.390;0.018;0.167;0.011;0;0
GBOV_RM6_897;JonesEcologicalResearchCenter;Courtney Meier;cmeier@battelleecology.org;support-copernicus-gbov@acri-st.fr;NEON;44;Croplands;31.1948394775391;-84.468777;20190307T075700Z;2.0;JERC_060;0.371;0.018;0.124;0.006;0;0
GBOV_RM6_897;JonesEcologicalResearchCenter;Courtney Meier;cmeier@battelleecology.org;support-copernicus-gbov@acri-st.fr;NEON;44;Croplands;31.1948394775391;-84.468777;20190318T194800Z;2.0;JERC_060;0.364;0.018;0.419;0.011;0;0
GBOV_RM6_897;JonesEcologicalResearchCenter;Courtney Meier;cmeier@battelleecology.org;support-copernicus-gbov@acri-st.fr;NEON;44;Croplands;31.1948394775391;-84.468777;20190401T181900Z;2.0;JERC_060;0.366;0.017;0.209;0.021;0;0
GBOV_RM6_897;JonesEcologicalResearchCenter;Courtney Meier;cmeier@battelleecology.org;support-copernicus-gbov@acri-st.fr;NEON;44;Croplands;31.1948394775391;-84.468777;20190416T065900Z;2.0;JERC_060;0.435;0.026;0.487;0.034;64;0
GBOV_RM6_897;JonesEcologicalResearchCenter;Courtney Meier;cmeier@battelleecology.org;support-copernicus-gbov@acri-st.fr;NEON;44;Croplands;31.1948394775391;-84.468777;20190429T200500Z;2.0;JERC_060;0.385;0.025;0.556;0.033;0;0
GBOV_RM6_897;JonesEcologicalResearchCenter;Courtney Meier;cmeier@battelleecology.org;support-copernicus-gbov@acri-st.fr;NEON;44;Croplands;31.1948394775391;-84.468777;20190515T064900Z;2.0;JERC_060;0.404;0.027;0.639;0.031;0;0
GBOV_RM6_897;JonesEcologicalResearchCenter;Courtney Meier;cmeier@battelleecology.org;support-copernicus-gbov@acri-st.fr;NEON;44;Croplands;31.1948394775391;-84.468777;20190529T063800Z;2.0;JERC_060;0.339;0.022;0.641;0.030;0;0
GBOV_RM6_897;JonesEcologicalResearchCenter;Courtney Meier;cmeier@battelleecology.org;support-copernicus-gbov@acri-st.fr;NEON;44;Croplands;31.1948394775391;-84.468777;20190612T110700Z;2.0;JERC_060;0.358;0.025;0.53;0.04;0;0
GBOV_RM6_897;JonesEcologicalResearchCenter;Courtney Meier;cmeier@battelleecology.org;support-copernicus-gbov@acri-st.fr;NEON;44;Croplands;31.1948394775391;-84.468777;20190625T065200Z;2.0;JERC_060;0.424;0.031;0.701;0.033;0;0
GBOV_RM6_897;JonesEcologicalResearchCenter;Courtney Meier;cmeier@battelleecology.org;support-copernicus-gbov@acri-st.fr;NEON;44;Croplands;31.1948394775391;-84.468777;20190710T062800Z;2.0;JERC_060;0.361;0.025;0.621;0.025;64;64
GBOV_RM6_897;JonesEcologicalResearchCenter;Courtney Meier;cmeier@battelleecology.org;support-copernicus-gbov@acri-st.fr;NEON;44;Croplands;31.1948394775391;-84.468777;20190724T072000Z;2.0;JERC_060;0.42;0.04;0.612;0.024;0;0
GBOV_RM6_897;JonesEcologicalResearchCenter;Courtney Meier;cmeier@battelleecology.org;support-copernicus-gbov@acri-st.fr;NEON;44;Croplands;31.1948394775391;-84.468777;20190807T133100Z;2.0;JERC_060;0.417;0.028;0.514;0.017;0;0
GBOV_RM6_897;JonesEcologicalResearchCenter;Courtney Meier;cmeier@battelleecology.org;support-copernicus-gbov@acri-st.fr;NEON;44;Croplands;31.1948394775391;-84.468777;20190821T072600Z;2.0;JERC_060;0.454;0.024;0.539;0.020;0;0
GBOV_RM6_897;JonesEcologicalResearchCenter;Courtney Meier;cmeier@battelleecology.org;support-copernicus-gbov@acri-st.fr;NEON;44;Croplands;31.1948394775391;-84.468777;20190918T073200Z;2.0;JERC_060;0.437;0.020;0.290;0.015;0;0
GBOV_RM6_897;JonesEcologicalResearchCenter;Courtney Meier;cmeier@battelleecology.org;support-copernicus-gbov@acri-st.fr;NEON;44;Croplands;31.1948394775391;-84.468777;20191002T081600Z;2.0;JERC_060;0.435;0.019;0.299;0.021;0;0
GBOV_RM6_897;JonesEcologicalResearchCenter;Courtney Meier;cmeier@battelleecology.org;support-copernicus-gbov@acri-st.fr;NEON;44;Croplands;31.1948394775391;-84.468777;20191015T120900Z;2.0;JERC_060;0.426;0.022;0.213;0.022;0;0
GBOV_RM6_897;JonesEcologicalResearchCenter;Courtney Meier;cmeier@battelleecology.org;support-copernicus-gbov@acri-st.fr;NEON;44;Croplands;31.1948394775391;-84.468777;20191111T182200Z;2.0;JERC_060;0.497;0.020;0.136;0.012;0;0
