GBOV_ID;Site;GROUND_DATA_PI;GROUND_DATA_PIs_Email;GBOV_Email;Network;Elevation;IGBP_class;Lat_IS;Lon_IS;TIME_IS;Version;PLOT_ID;FIPAR_up;FIPAR_up_err;FIPAR_down;FIPAR_down_err;up_flag;down_flag
GBOV_RM6_888;JonesEcologicalResearchCenter;Courtney Meier;cmeier@battelleecology.org;support-copernicus-gbov@acri-st.fr;NEON;44;Croplands;31.1948394775391;-84.468777;20160329T000000Z;2.0;JERC_062;0.428;0.019;0.151;0.013;0;0
GBOV_RM6_888;JonesEcologicalResearchCenter;Courtney Meier;cmeier@battelleecology.org;support-copernicus-gbov@acri-st.fr;NEON;44;Croplands;31.1948394775391;-84.468777;20160412T000000Z;2.0;JERC_062;0.453;0.028;0.334;0.028;0;0
GBOV_RM6_888;JonesEcologicalResearchCenter;Courtney Meier;cmeier@battelleecology.org;support-copernicus-gbov@acri-st.fr;NEON;44;Croplands;31.1948394775391;-84.468777;20160426T000000Z;2.0;JERC_062;0.466;0.030;0.567;0.034;0;0
GBOV_RM6_888;JonesEcologicalResearchCenter;Courtney Meier;cmeier@battelleecology.org;support-copernicus-gbov@acri-st.fr;NEON;44;Croplands;31.1948394775391;-84.468777;20160510T000000Z;2.0;JERC_062;0.417;0.032;0.53;0.04;0;16
GBOV_RM6_888;JonesEcologicalResearchCenter;Courtney Meier;cmeier@battelleecology.org;support-copernicus-gbov@acri-st.fr;NEON;44;Croplands;31.1948394775391;-84.468777;20160524T000000Z;2.0;JERC_062;0.455;0.035;0.642;0.021;0;0
GBOV_RM6_888;JonesEcologicalResearchCenter;Courtney Meier;cmeier@battelleecology.org;support-copernicus-gbov@acri-st.fr;NEON;44;Croplands;31.1948394775391;-84.468777;20160608T000000Z;2.0;JERC_062;-999;-999;0.730;0.030;0;2
GBOV_RM6_888;JonesEcologicalResearchCenter;Courtney Meier;cmeier@battelleecology.org;support-copernicus-gbov@acri-st.fr;NEON;44;Croplands;31.1948394775391;-84.468777;20160620T000000Z;2.0;JERC_062;0.389;0.031;0.74;0.04;0;0
GBOV_RM6_888;JonesEcologicalResearchCenter;Courtney Meier;cmeier@battelleecology.org;support-copernicus-gbov@acri-st.fr;NEON;44;Croplands;31.1948394775391;-84.468777;20160707T000000Z;2.0;JERC_062;0.43;0.04;0.684;0.031;0;0
GBOV_RM6_888;JonesEcologicalResearchCenter;Courtney Meier;cmeier@battelleecology.org;support-copernicus-gbov@acri-st.fr;NEON;44;Croplands;31.1948394775391;-84.468777;20160719T000000Z;2.0;JERC_062;0.396;0.030;0.494;0.027;0;0
GBOV_RM6_888;JonesEcologicalResearchCenter;Courtney Meier;cmeier@battelleecology.org;support-copernicus-gbov@acri-st.fr;NEON;44;Croplands;31.1948394775391;-84.468777;20160801T000000Z;2.0;JERC_062;0.419;0.026;0.506;0.028;0;0
GBOV_RM6_888;JonesEcologicalResearchCenter;Courtney Meier;cmeier@battelleecology.org;support-copernicus-gbov@acri-st.fr;NEON;44;Croplands;31.1948394775391;-84.468777;20160816T000000Z;2.0;JERC_062;0.462;0.034;0.566;0.024;0;16
GBOV_RM6_888;JonesEcologicalResearchCenter;Courtney Meier;cmeier@battelleecology.org;support-copernicus-gbov@acri-st.fr;NEON;44;Croplands;31.1948394775391;-84.468777;20160901T000000Z;2.0;JERC_062;0.486;0.024;0.548;0.021;0;0
GBOV_RM6_888;JonesEcologicalResearchCenter;Courtney Meier;cmeier@battelleecology.org;support-copernicus-gbov@acri-st.fr;NEON;44;Croplands;31.1948394775391;-84.468777;20160914T000000Z;2.0;JERC_062;0.515;0.030;0.303;0.026;0;0
GBOV_RM6_888;JonesEcologicalResearchCenter;Courtney Meier;cmeier@battelleecology.org;support-copernicus-gbov@acri-st.fr;NEON;44;Croplands;31.1948394775391;-84.468777;20160928T000000Z;2.0;JERC_062;0.563;0.026;0.381;0.021;0;0
GBOV_RM6_888;JonesEcologicalResearchCenter;Courtney Meier;cmeier@battelleecology.org;support-copernicus-gbov@acri-st.fr;NEON;44;Croplands;31.1948394775391;-84.468777;20161012T000000Z;2.0;JERC_062;-999;-999;0.221;0.009;8;-999
GBOV_RM6_888;JonesEcologicalResearchCenter;Courtney Meier;cmeier@battelleecology.org;support-copernicus-gbov@acri-st.fr;NEON;44;Croplands;31.1948394775391;-84.468777;20161025T000000Z;2.0;JERC_062;0.561;0.019;-999;-999;0;-999
GBOV_RM6_888;JonesEcologicalResearchCenter;Courtney Meier;cmeier@battelleecology.org;support-copernicus-gbov@acri-st.fr;NEON;44;Croplands;31.1948394775391;-84.468777;20170406T000000Z;2.0;JERC_062;0.410;0.019;0.182;0.016;0;8
GBOV_RM6_888;JonesEcologicalResearchCenter;Courtney Meier;cmeier@battelleecology.org;support-copernicus-gbov@acri-st.fr;NEON;44;Croplands;31.1948394775391;-84.468777;20170417T000000Z;2.0;JERC_062;0.475;0.024;0.377;0.019;0;0
GBOV_RM6_888;JonesEcologicalResearchCenter;Courtney Meier;cmeier@battelleecology.org;support-copernicus-gbov@acri-st.fr;NEON;44;Croplands;31.1948394775391;-84.468777;20170502T000000Z;2.0;JERC_062;0.401;0.027;0.53;0.04;0;8
GBOV_RM6_888;JonesEcologicalResearchCenter;Courtney Meier;cmeier@battelleecology.org;support-copernicus-gbov@acri-st.fr;NEON;44;Croplands;31.1948394775391;-84.468777;20170516T000000Z;2.0;JERC_062;0.403;0.026;0.65;0.04;0;0
GBOV_RM6_888;JonesEcologicalResearchCenter;Courtney Meier;cmeier@battelleecology.org;support-copernicus-gbov@acri-st.fr;NEON;44;Croplands;31.1948394775391;-84.468777;20170530T000000Z;2.0;JERC_062;0.357;0.026;0.60;0.04;0;0
GBOV_RM6_888;JonesEcologicalResearchCenter;Courtney Meier;cmeier@battelleecology.org;support-copernicus-gbov@acri-st.fr;NEON;44;Croplands;31.1948394775391;-84.468777;20170614T000000Z;2.0;JERC_062;0.42;0.04;0.743;0.032;8;0
GBOV_RM6_888;JonesEcologicalResearchCenter;Courtney Meier;cmeier@battelleecology.org;support-copernicus-gbov@acri-st.fr;NEON;44;Croplands;31.1948394775391;-84.468777;20170626T000000Z;2.0;JERC_062;0.344;0.026;0.72;0.04;0;0
GBOV_RM6_888;JonesEcologicalResearchCenter;Courtney Meier;cmeier@battelleecology.org;support-copernicus-gbov@acri-st.fr;NEON;44;Croplands;31.1948394775391;-84.468777;20170713T000000Z;2.0;JERC_062;0.422;0.028;0.87;0.04;0;0
GBOV_RM6_888;JonesEcologicalResearchCenter;Courtney Meier;cmeier@battelleecology.org;support-copernicus-gbov@acri-st.fr;NEON;44;Croplands;31.1948394775391;-84.468777;20170807T000000Z;2.0;JERC_062;0.427;0.029;0.783;0.024;0;0
GBOV_RM6_888;JonesEcologicalResearchCenter;Courtney Meier;cmeier@battelleecology.org;support-copernicus-gbov@acri-st.fr;NEON;44;Croplands;31.1948394775391;-84.468777;20170824T000000Z;2.0;JERC_062;0.534;0.026;0.790;0.019;0;0
GBOV_RM6_888;JonesEcologicalResearchCenter;Courtney Meier;cmeier@battelleecology.org;support-copernicus-gbov@acri-st.fr;NEON;44;Croplands;31.1948394775391;-84.468777;20170906T000000Z;2.0;JERC_062;0.522;0.022;0.696;0.032;0;0
GBOV_RM6_888;JonesEcologicalResearchCenter;Courtney Meier;cmeier@battelleecology.org;support-copernicus-gbov@acri-st.fr;NEON;44;Croplands;31.1948394775391;-84.468777;20170918T000000Z;2.0;JERC_062;0.68;0.04;0.32;0.06;0;0
GBOV_RM6_888;JonesEcologicalResearchCenter;Courtney Meier;cmeier@battelleecology.org;support-copernicus-gbov@acri-st.fr;NEON;44;Croplands;31.1948394775391;-84.468777;20171002T000000Z;2.0;JERC_062;0.518;0.022;0.548;0.028;0;0
GBOV_RM6_888;JonesEcologicalResearchCenter;Courtney Meier;cmeier@battelleecology.org;support-copernicus-gbov@acri-st.fr;NEON;44;Croplands;31.1948394775391;-84.468777;20171018T000000Z;2.0;JERC_062;0.579;0.019;0.489;0.028;0;0
GBOV_RM6_888;JonesEcologicalResearchCenter;Courtney Meier;cmeier@battelleecology.org;support-copernicus-gbov@acri-st.fr;NEON;44;Croplands;31.1948394775391;-84.468777;20171031T000000Z;2.0;JERC_062;0.584;0.021;0.337;0.019;0;0
GBOV_RM6_888;JonesEcologicalResearchCenter;Courtney Meier;cmeier@battelleecology.org;support-copernicus-gbov@acri-st.fr;NEON;44;Croplands;31.1948394775391;-84.468777;20171129T000000Z;2.0;JERC_062;0.645;0.027;0.110;0.010;0;0
GBOV_RM6_888;JonesEcologicalResearchCenter;Courtney Meier;cmeier@battelleecology.org;support-copernicus-gbov@acri-st.fr;NEON;44;Croplands;31.1948394775391;-84.468777;20171228T000000Z;2.0;JERC_062;0.577;0.022;0.073;0.007;0;0
GBOV_RM6_888;JonesEcologicalResearchCenter;Courtney Meier;cmeier@battelleecology.org;support-copernicus-gbov@acri-st.fr;NEON;44;Croplands;31.1948394775391;-84.468777;20180109T000000Z;2.0;JERC_062;0.591;0.024;0.111;0.007;0;0
GBOV_RM6_888;JonesEcologicalResearchCenter;Courtney Meier;cmeier@battelleecology.org;support-copernicus-gbov@acri-st.fr;NEON;44;Croplands;31.1948394775391;-84.468777;20180206T000000Z;2.0;JERC_062;0.497;0.019;0.043;0.004;0;0
GBOV_RM6_888;JonesEcologicalResearchCenter;Courtney Meier;cmeier@battelleecology.org;support-copernicus-gbov@acri-st.fr;NEON;44;Croplands;31.1948394775391;-84.468777;20180307T000000Z;2.0;JERC_062;0.480;0.020;0.108;0.016;0;8
GBOV_RM6_888;JonesEcologicalResearchCenter;Courtney Meier;cmeier@battelleecology.org;support-copernicus-gbov@acri-st.fr;NEON;44;Croplands;31.1948394775391;-84.468777;20180404T000000Z;2.0;JERC_062;0.475;0.020;0.281;0.026;0;0
GBOV_RM6_888;JonesEcologicalResearchCenter;Courtney Meier;cmeier@battelleecology.org;support-copernicus-gbov@acri-st.fr;NEON;44;Croplands;31.1948394775391;-84.468777;20180416T000000Z;2.0;JERC_062;0.443;0.026;0.49;0.04;0;0
GBOV_RM6_888;JonesEcologicalResearchCenter;Courtney Meier;cmeier@battelleecology.org;support-copernicus-gbov@acri-st.fr;NEON;44;Croplands;31.1948394775391;-84.468777;20180501T000000Z;2.0;JERC_062;0.405;0.024;0.54;0.04;0;0
GBOV_RM6_888;JonesEcologicalResearchCenter;Courtney Meier;cmeier@battelleecology.org;support-copernicus-gbov@acri-st.fr;NEON;44;Croplands;31.1948394775391;-84.468777;20180515T000000Z;2.0;JERC_062;0.381;0.025;0.61;0.04;0;0
GBOV_RM6_888;JonesEcologicalResearchCenter;Courtney Meier;cmeier@battelleecology.org;support-copernicus-gbov@acri-st.fr;NEON;44;Croplands;31.1948394775391;-84.468777;20180530T000000Z;2.0;JERC_062;0.403;0.033;0.861;0.022;0;0
GBOV_RM6_888;JonesEcologicalResearchCenter;Courtney Meier;cmeier@battelleecology.org;support-copernicus-gbov@acri-st.fr;NEON;44;Croplands;31.1948394775391;-84.468777;20180611T000000Z;2.0;JERC_062;0.370;0.026;0.812;0.020;0;0
GBOV_RM6_888;JonesEcologicalResearchCenter;Courtney Meier;cmeier@battelleecology.org;support-copernicus-gbov@acri-st.fr;NEON;44;Croplands;31.1948394775391;-84.468777;20180626T000000Z;2.0;JERC_062;0.379;0.030;0.724;0.029;0;0
GBOV_RM6_888;JonesEcologicalResearchCenter;Courtney Meier;cmeier@battelleecology.org;support-copernicus-gbov@acri-st.fr;NEON;44;Croplands;31.1948394775391;-84.468777;20180711T000000Z;2.0;JERC_062;0.416;0.032;0.817;0.018;0;0
GBOV_RM6_888;JonesEcologicalResearchCenter;Courtney Meier;cmeier@battelleecology.org;support-copernicus-gbov@acri-st.fr;NEON;44;Croplands;31.1948394775391;-84.468777;20180726T000000Z;2.0;JERC_062;0.406;0.033;0.442;0.032;4;0
GBOV_RM6_888;JonesEcologicalResearchCenter;Courtney Meier;cmeier@battelleecology.org;support-copernicus-gbov@acri-st.fr;NEON;44;Croplands;31.1948394775391;-84.468777;20180808T000000Z;2.0;JERC_062;0.423;0.027;0.56;0.04;0;0
GBOV_RM6_888;JonesEcologicalResearchCenter;Courtney Meier;cmeier@battelleecology.org;support-copernicus-gbov@acri-st.fr;NEON;44;Croplands;31.1948394775391;-84.468777;20180918T000000Z;2.0;JERC_062;0.469;0.023;0.591;0.028;0;0
GBOV_RM6_888;JonesEcologicalResearchCenter;Courtney Meier;cmeier@battelleecology.org;support-copernicus-gbov@acri-st.fr;NEON;44;Croplands;31.1948394775391;-84.468777;20181002T000000Z;2.0;JERC_062;0.538;0.022;0.533;0.022;64;0
GBOV_RM6_888;JonesEcologicalResearchCenter;Courtney Meier;cmeier@battelleecology.org;support-copernicus-gbov@acri-st.fr;NEON;44;Croplands;31.1948394775391;-84.468777;20181023T000000Z;2.0;JERC_062;0.451;0.018;0.177;0.013;0;0
GBOV_RM6_888;JonesEcologicalResearchCenter;Courtney Meier;cmeier@battelleecology.org;support-copernicus-gbov@acri-st.fr;NEON;44;Croplands;31.1948394775391;-84.468777;20181031T000000Z;2.0;JERC_062;0.436;0.017;0.241;0.019;0;0
GBOV_RM6_888;JonesEcologicalResearchCenter;Courtney Meier;cmeier@battelleecology.org;support-copernicus-gbov@acri-st.fr;NEON;44;Croplands;31.1948394775391;-84.468777;20181113T000000Z;2.0;JERC_062;0.499;0.020;0.333;0.013;0;0
GBOV_RM6_888;JonesEcologicalResearchCenter;Courtney Meier;cmeier@battelleecology.org;support-copernicus-gbov@acri-st.fr;NEON;44;Croplands;31.1948394775391;-84.468777;20181210T151800Z;2.0;JERC_062;0.525;0.025;0.086;0.005;0;0
GBOV_RM6_888;JonesEcologicalResearchCenter;Courtney Meier;cmeier@battelleecology.org;support-copernicus-gbov@acri-st.fr;NEON;44;Croplands;31.1948394775391;-84.468777;20190110T085300Z;2.0;JERC_062;0.425;0.018;0.116;0.010;0;0
GBOV_RM6_888;JonesEcologicalResearchCenter;Courtney Meier;cmeier@battelleecology.org;support-copernicus-gbov@acri-st.fr;NEON;44;Croplands;31.1948394775391;-84.468777;20190205T191000Z;2.0;JERC_062;0.394;0.019;0.163;0.012;0;0
GBOV_RM6_888;JonesEcologicalResearchCenter;Courtney Meier;cmeier@battelleecology.org;support-copernicus-gbov@acri-st.fr;NEON;44;Croplands;31.1948394775391;-84.468777;20190307T082100Z;2.0;JERC_062;0.369;0.020;0.193;0.015;0;0
GBOV_RM6_888;JonesEcologicalResearchCenter;Courtney Meier;cmeier@battelleecology.org;support-copernicus-gbov@acri-st.fr;NEON;44;Croplands;31.1948394775391;-84.468777;20190318T200200Z;2.0;JERC_062;0.344;0.017;0.341;0.008;0;0
GBOV_RM6_888;JonesEcologicalResearchCenter;Courtney Meier;cmeier@battelleecology.org;support-copernicus-gbov@acri-st.fr;NEON;44;Croplands;31.1948394775391;-84.468777;20190401T180900Z;2.0;JERC_062;0.319;0.020;0.161;0.015;0;0
GBOV_RM6_888;JonesEcologicalResearchCenter;Courtney Meier;cmeier@battelleecology.org;support-copernicus-gbov@acri-st.fr;NEON;44;Croplands;31.1948394775391;-84.468777;20190416T070800Z;2.0;JERC_062;0.334;0.022;0.61;0.04;0;0
GBOV_RM6_888;JonesEcologicalResearchCenter;Courtney Meier;cmeier@battelleecology.org;support-copernicus-gbov@acri-st.fr;NEON;44;Croplands;31.1948394775391;-84.468777;20190429T200500Z;2.0;JERC_062;0.306;0.020;0.67;0.04;0;0
GBOV_RM6_888;JonesEcologicalResearchCenter;Courtney Meier;cmeier@battelleecology.org;support-copernicus-gbov@acri-st.fr;NEON;44;Croplands;31.1948394775391;-84.468777;20190515T070400Z;2.0;JERC_062;0.311;0.023;0.863;0.029;0;0
GBOV_RM6_888;JonesEcologicalResearchCenter;Courtney Meier;cmeier@battelleecology.org;support-copernicus-gbov@acri-st.fr;NEON;44;Croplands;31.1948394775391;-84.468777;20190529T062500Z;2.0;JERC_062;0.288;0.022;0.645;0.024;0;0
GBOV_RM6_888;JonesEcologicalResearchCenter;Courtney Meier;cmeier@battelleecology.org;support-copernicus-gbov@acri-st.fr;NEON;44;Croplands;31.1948394775391;-84.468777;20190612T105200Z;2.0;JERC_062;0.290;0.024;0.758;0.030;0;0
GBOV_RM6_888;JonesEcologicalResearchCenter;Courtney Meier;cmeier@battelleecology.org;support-copernicus-gbov@acri-st.fr;NEON;44;Croplands;31.1948394775391;-84.468777;20190625T064400Z;2.0;JERC_062;0.302;0.028;0.884;0.022;0;0
GBOV_RM6_888;JonesEcologicalResearchCenter;Courtney Meier;cmeier@battelleecology.org;support-copernicus-gbov@acri-st.fr;NEON;44;Croplands;31.1948394775391;-84.468777;20190710T063700Z;2.0;JERC_062;0.331;0.024;0.850;0.024;0;0
GBOV_RM6_888;JonesEcologicalResearchCenter;Courtney Meier;cmeier@battelleecology.org;support-copernicus-gbov@acri-st.fr;NEON;44;Croplands;31.1948394775391;-84.468777;20190724T072100Z;2.0;JERC_062;0.298;0.022;0.882;0.014;0;0
GBOV_RM6_888;JonesEcologicalResearchCenter;Courtney Meier;cmeier@battelleecology.org;support-copernicus-gbov@acri-st.fr;NEON;44;Croplands;31.1948394775391;-84.468777;20190806T200900Z;2.0;JERC_062;0.352;0.024;0.769;0.017;0;0
GBOV_RM6_888;JonesEcologicalResearchCenter;Courtney Meier;cmeier@battelleecology.org;support-copernicus-gbov@acri-st.fr;NEON;44;Croplands;31.1948394775391;-84.468777;20190821T071900Z;2.0;JERC_062;0.375;0.025;0.806;0.016;0;0
GBOV_RM6_888;JonesEcologicalResearchCenter;Courtney Meier;cmeier@battelleecology.org;support-copernicus-gbov@acri-st.fr;NEON;44;Croplands;31.1948394775391;-84.468777;20190918T074200Z;2.0;JERC_062;0.419;0.025;0.527;0.032;0;0
GBOV_RM6_888;JonesEcologicalResearchCenter;Courtney Meier;cmeier@battelleecology.org;support-copernicus-gbov@acri-st.fr;NEON;44;Croplands;31.1948394775391;-84.468777;20191002T080000Z;2.0;JERC_062;0.448;0.019;0.425;0.031;0;0
GBOV_RM6_888;JonesEcologicalResearchCenter;Courtney Meier;cmeier@battelleecology.org;support-copernicus-gbov@acri-st.fr;NEON;44;Croplands;31.1948394775391;-84.468777;20191015T115600Z;2.0;JERC_062;0.470;0.019;0.270;0.026;0;0
GBOV_RM6_888;JonesEcologicalResearchCenter;Courtney Meier;cmeier@battelleecology.org;support-copernicus-gbov@acri-st.fr;NEON;44;Croplands;31.1948394775391;-84.468777;20191111T181300Z;2.0;JERC_062;0.526;0.019;0.183;0.013;0;0
