GBOV_ID;Site;GROUND_DATA_PI;GROUND_DATA_PIs_Email;GBOV_Email;Network;Elevation;IGBP_class;Lat_IS;Lon_IS;TIME_IS;Version;PLOT_ID;FIPAR_up;FIPAR_up_err;FIPAR_down;FIPAR_down_err;up_flag;down_flag
GBOV_RM6_549;CentralPlainsExperimentalRange;Courtney Meier;cmeier@battelleecology.org;support-copernicus-gbov@acri-st.fr;NEON;1648;Grasslands;40.81555;-104.74566;20140326T000000Z;2.0;CPER_056;-999;-999;0.0253;0.0016;-999;0
GBOV_RM6_549;CentralPlainsExperimentalRange;Courtney Meier;cmeier@battelleecology.org;support-copernicus-gbov@acri-st.fr;NEON;1648;Grasslands;40.81555;-104.74566;20140409T000000Z;2.0;CPER_056;-999;-999;0.0060;0.0009;-999;0
GBOV_RM6_549;CentralPlainsExperimentalRange;Courtney Meier;cmeier@battelleecology.org;support-copernicus-gbov@acri-st.fr;NEON;1648;Grasslands;40.81555;-104.74566;20140423T000000Z;2.0;CPER_056;-999;-999;0.0417;0.0026;-999;0
GBOV_RM6_549;CentralPlainsExperimentalRange;Courtney Meier;cmeier@battelleecology.org;support-copernicus-gbov@acri-st.fr;NEON;1648;Grasslands;40.81555;-104.74566;20140507T000000Z;2.0;CPER_056;-999;-999;0.0672;0.0031;-999;0
GBOV_RM6_549;CentralPlainsExperimentalRange;Courtney Meier;cmeier@battelleecology.org;support-copernicus-gbov@acri-st.fr;NEON;1648;Grasslands;40.81555;-104.74566;20140521T000000Z;2.0;CPER_056;-999;-999;0.216;0.015;-999;0
GBOV_RM6_549;CentralPlainsExperimentalRange;Courtney Meier;cmeier@battelleecology.org;support-copernicus-gbov@acri-st.fr;NEON;1648;Grasslands;40.81555;-104.74566;20140604T000000Z;2.0;CPER_056;-999;-999;0.307;0.012;-999;0
GBOV_RM6_549;CentralPlainsExperimentalRange;Courtney Meier;cmeier@battelleecology.org;support-copernicus-gbov@acri-st.fr;NEON;1648;Grasslands;40.81555;-104.74566;20140618T000000Z;2.0;CPER_056;-999;-999;0.0268;0.0034;-999;0
GBOV_RM6_549;CentralPlainsExperimentalRange;Courtney Meier;cmeier@battelleecology.org;support-copernicus-gbov@acri-st.fr;NEON;1648;Grasslands;40.81555;-104.74566;20140702T000000Z;2.0;CPER_056;-999;-999;0.091;0.007;-999;0
GBOV_RM6_549;CentralPlainsExperimentalRange;Courtney Meier;cmeier@battelleecology.org;support-copernicus-gbov@acri-st.fr;NEON;1648;Grasslands;40.81555;-104.74566;20140716T000000Z;2.0;CPER_056;-999;-999;0.079;0.007;-999;0
GBOV_RM6_549;CentralPlainsExperimentalRange;Courtney Meier;cmeier@battelleecology.org;support-copernicus-gbov@acri-st.fr;NEON;1648;Grasslands;40.81555;-104.74566;20140801T000000Z;2.0;CPER_056;-999;-999;0.074;0.005;-999;0
GBOV_RM6_549;CentralPlainsExperimentalRange;Courtney Meier;cmeier@battelleecology.org;support-copernicus-gbov@acri-st.fr;NEON;1648;Grasslands;40.81555;-104.74566;20140813T000000Z;2.0;CPER_056;-999;-999;0.062;0.005;-999;0
GBOV_RM6_549;CentralPlainsExperimentalRange;Courtney Meier;cmeier@battelleecology.org;support-copernicus-gbov@acri-st.fr;NEON;1648;Grasslands;40.81555;-104.74566;20140827T000000Z;2.0;CPER_056;-999;-999;0.0179;0.0017;-999;0
GBOV_RM6_549;CentralPlainsExperimentalRange;Courtney Meier;cmeier@battelleecology.org;support-copernicus-gbov@acri-st.fr;NEON;1648;Grasslands;40.81555;-104.74566;20140910T000000Z;2.0;CPER_056;-999;-999;0.00470;0.00028;-999;0
GBOV_RM6_549;CentralPlainsExperimentalRange;Courtney Meier;cmeier@battelleecology.org;support-copernicus-gbov@acri-st.fr;NEON;1648;Grasslands;40.81555;-104.74566;20140924T000000Z;2.0;CPER_056;-999;-999;0.0177;0.0009;-999;0
GBOV_RM6_549;CentralPlainsExperimentalRange;Courtney Meier;cmeier@battelleecology.org;support-copernicus-gbov@acri-st.fr;NEON;1648;Grasslands;40.81555;-104.74566;20141008T000000Z;2.0;CPER_056;-999;-999;0.0085;0.0007;-999;0
GBOV_RM6_549;CentralPlainsExperimentalRange;Courtney Meier;cmeier@battelleecology.org;support-copernicus-gbov@acri-st.fr;NEON;1648;Grasslands;40.81555;-104.74566;20141021T000000Z;2.0;CPER_056;-999;-999;0.0347;0.0016;-999;0
GBOV_RM6_549;CentralPlainsExperimentalRange;Courtney Meier;cmeier@battelleecology.org;support-copernicus-gbov@acri-st.fr;NEON;1648;Grasslands;40.81555;-104.74566;20141105T000000Z;2.0;CPER_056;-999;-999;0.0430;0.0015;-999;0
GBOV_RM6_549;CentralPlainsExperimentalRange;Courtney Meier;cmeier@battelleecology.org;support-copernicus-gbov@acri-st.fr;NEON;1648;Grasslands;40.81555;-104.74566;20141204T000000Z;2.0;CPER_056;-999;-999;0.0262;0.0011;-999;0
GBOV_RM6_549;CentralPlainsExperimentalRange;Courtney Meier;cmeier@battelleecology.org;support-copernicus-gbov@acri-st.fr;NEON;1648;Grasslands;40.81555;-104.74566;20150327T000000Z;2.0;CPER_056;-999;-999;0.0115;0.0008;-999;0
GBOV_RM6_549;CentralPlainsExperimentalRange;Courtney Meier;cmeier@battelleecology.org;support-copernicus-gbov@acri-st.fr;NEON;1648;Grasslands;40.81555;-104.74566;20150410T000000Z;2.0;CPER_056;-999;-999;0.0110;0.0005;-999;0
GBOV_RM6_549;CentralPlainsExperimentalRange;Courtney Meier;cmeier@battelleecology.org;support-copernicus-gbov@acri-st.fr;NEON;1648;Grasslands;40.81555;-104.74566;20150422T000000Z;2.0;CPER_056;-999;-999;0.0141;0.0006;-999;0
GBOV_RM6_549;CentralPlainsExperimentalRange;Courtney Meier;cmeier@battelleecology.org;support-copernicus-gbov@acri-st.fr;NEON;1648;Grasslands;40.81555;-104.74566;20150511T000000Z;2.0;CPER_056;-999;-999;0.0680;0.0034;-999;0
GBOV_RM6_549;CentralPlainsExperimentalRange;Courtney Meier;cmeier@battelleecology.org;support-copernicus-gbov@acri-st.fr;NEON;1648;Grasslands;40.81555;-104.74566;20150520T000000Z;2.0;CPER_056;-999;-999;0.068;0.005;-999;0
GBOV_RM6_549;CentralPlainsExperimentalRange;Courtney Meier;cmeier@battelleecology.org;support-copernicus-gbov@acri-st.fr;NEON;1648;Grasslands;40.81555;-104.74566;20150603T000000Z;2.0;CPER_056;-999;-999;0.208;0.013;-999;0
GBOV_RM6_549;CentralPlainsExperimentalRange;Courtney Meier;cmeier@battelleecology.org;support-copernicus-gbov@acri-st.fr;NEON;1648;Grasslands;40.81555;-104.74566;20150617T000000Z;2.0;CPER_056;-999;-999;0.410;0.017;-999;0
GBOV_RM6_549;CentralPlainsExperimentalRange;Courtney Meier;cmeier@battelleecology.org;support-copernicus-gbov@acri-st.fr;NEON;1648;Grasslands;40.81555;-104.74566;20150701T000000Z;2.0;CPER_056;-999;-999;0.278;0.015;-999;0
GBOV_RM6_549;CentralPlainsExperimentalRange;Courtney Meier;cmeier@battelleecology.org;support-copernicus-gbov@acri-st.fr;NEON;1648;Grasslands;40.81555;-104.74566;20150716T000000Z;2.0;CPER_056;-999;-999;0.109;0.007;-999;0
GBOV_RM6_549;CentralPlainsExperimentalRange;Courtney Meier;cmeier@battelleecology.org;support-copernicus-gbov@acri-st.fr;NEON;1648;Grasslands;40.81555;-104.74566;20150729T000000Z;2.0;CPER_056;-999;-999;0.0302;0.0033;-999;0
GBOV_RM6_549;CentralPlainsExperimentalRange;Courtney Meier;cmeier@battelleecology.org;support-copernicus-gbov@acri-st.fr;NEON;1648;Grasslands;40.81555;-104.74566;20150813T000000Z;2.0;CPER_056;-999;-999;0.0174;0.0014;-999;0
GBOV_RM6_549;CentralPlainsExperimentalRange;Courtney Meier;cmeier@battelleecology.org;support-copernicus-gbov@acri-st.fr;NEON;1648;Grasslands;40.81555;-104.74566;20150826T000000Z;2.0;CPER_056;-999;-999;0.00417;0.00029;-999;0
GBOV_RM6_549;CentralPlainsExperimentalRange;Courtney Meier;cmeier@battelleecology.org;support-copernicus-gbov@acri-st.fr;NEON;1648;Grasslands;40.81555;-104.74566;20150909T000000Z;2.0;CPER_056;-999;-999;0.0106;0.0005;-999;0
GBOV_RM6_549;CentralPlainsExperimentalRange;Courtney Meier;cmeier@battelleecology.org;support-copernicus-gbov@acri-st.fr;NEON;1648;Grasslands;40.81555;-104.74566;20150923T000000Z;2.0;CPER_056;-999;-999;0.0144;0.0007;-999;0
GBOV_RM6_549;CentralPlainsExperimentalRange;Courtney Meier;cmeier@battelleecology.org;support-copernicus-gbov@acri-st.fr;NEON;1648;Grasslands;40.81555;-104.74566;20151007T000000Z;2.0;CPER_056;-999;-999;0.0497;0.0020;-999;0
GBOV_RM6_549;CentralPlainsExperimentalRange;Courtney Meier;cmeier@battelleecology.org;support-copernicus-gbov@acri-st.fr;NEON;1648;Grasslands;40.81555;-104.74566;20151020T000000Z;2.0;CPER_056;-999;-999;0.0118;0.0006;-999;0
GBOV_RM6_549;CentralPlainsExperimentalRange;Courtney Meier;cmeier@battelleecology.org;support-copernicus-gbov@acri-st.fr;NEON;1648;Grasslands;40.81555;-104.74566;20160406T000000Z;2.0;CPER_056;-999;-999;0.0342;0.0018;-999;0
GBOV_RM6_549;CentralPlainsExperimentalRange;Courtney Meier;cmeier@battelleecology.org;support-copernicus-gbov@acri-st.fr;NEON;1648;Grasslands;40.81555;-104.74566;20160504T000000Z;2.0;CPER_056;-999;-999;0.053;0.004;-999;0
GBOV_RM6_549;CentralPlainsExperimentalRange;Courtney Meier;cmeier@battelleecology.org;support-copernicus-gbov@acri-st.fr;NEON;1648;Grasslands;40.81555;-104.74566;20160518T000000Z;2.0;CPER_056;-999;-999;0.134;0.005;-999;0
GBOV_RM6_549;CentralPlainsExperimentalRange;Courtney Meier;cmeier@battelleecology.org;support-copernicus-gbov@acri-st.fr;NEON;1648;Grasslands;40.81555;-104.74566;20160601T000000Z;2.0;CPER_056;-999;-999;0.247;0.011;-999;0
GBOV_RM6_549;CentralPlainsExperimentalRange;Courtney Meier;cmeier@battelleecology.org;support-copernicus-gbov@acri-st.fr;NEON;1648;Grasslands;40.81555;-104.74566;20160615T000000Z;2.0;CPER_056;-999;-999;0.0229;0.0033;-999;0
GBOV_RM6_549;CentralPlainsExperimentalRange;Courtney Meier;cmeier@battelleecology.org;support-copernicus-gbov@acri-st.fr;NEON;1648;Grasslands;40.81555;-104.74566;20160629T000000Z;2.0;CPER_056;-999;-999;0.0058;0.0008;-999;0
GBOV_RM6_549;CentralPlainsExperimentalRange;Courtney Meier;cmeier@battelleecology.org;support-copernicus-gbov@acri-st.fr;NEON;1648;Grasslands;40.81555;-104.74566;20160713T000000Z;2.0;CPER_056;-999;-999;0.0070;0.0005;-999;0
GBOV_RM6_549;CentralPlainsExperimentalRange;Courtney Meier;cmeier@battelleecology.org;support-copernicus-gbov@acri-st.fr;NEON;1648;Grasslands;40.81555;-104.74566;20160728T000000Z;2.0;CPER_056;-999;-999;0.0122;0.0010;-999;0
GBOV_RM6_549;CentralPlainsExperimentalRange;Courtney Meier;cmeier@battelleecology.org;support-copernicus-gbov@acri-st.fr;NEON;1648;Grasslands;40.81555;-104.74566;20160810T000000Z;2.0;CPER_056;-999;-999;0.0120;0.0008;-999;0
GBOV_RM6_549;CentralPlainsExperimentalRange;Courtney Meier;cmeier@battelleecology.org;support-copernicus-gbov@acri-st.fr;NEON;1648;Grasslands;40.81555;-104.74566;20160824T000000Z;2.0;CPER_056;-999;-999;0.0085;0.0007;-999;0
GBOV_RM6_549;CentralPlainsExperimentalRange;Courtney Meier;cmeier@battelleecology.org;support-copernicus-gbov@acri-st.fr;NEON;1648;Grasslands;40.81555;-104.74566;20160908T000000Z;2.0;CPER_056;-999;-999;0.0284;0.0017;-999;0
GBOV_RM6_549;CentralPlainsExperimentalRange;Courtney Meier;cmeier@battelleecology.org;support-copernicus-gbov@acri-st.fr;NEON;1648;Grasslands;40.81555;-104.74566;20160921T000000Z;2.0;CPER_056;-999;-999;0.00479;0.00034;-999;0
GBOV_RM6_549;CentralPlainsExperimentalRange;Courtney Meier;cmeier@battelleecology.org;support-copernicus-gbov@acri-st.fr;NEON;1648;Grasslands;40.81555;-104.74566;20161005T000000Z;2.0;CPER_056;-999;-999;0.0197;0.0009;-999;0
GBOV_RM6_549;CentralPlainsExperimentalRange;Courtney Meier;cmeier@battelleecology.org;support-copernicus-gbov@acri-st.fr;NEON;1648;Grasslands;40.81555;-104.74566;20161021T000000Z;2.0;CPER_056;-999;-999;0.0121;0.0006;-999;0
GBOV_RM6_549;CentralPlainsExperimentalRange;Courtney Meier;cmeier@battelleecology.org;support-copernicus-gbov@acri-st.fr;NEON;1648;Grasslands;40.81555;-104.74566;20161102T000000Z;2.0;CPER_056;-999;-999;0.0088;0.0006;-999;0
GBOV_RM6_549;CentralPlainsExperimentalRange;Courtney Meier;cmeier@battelleecology.org;support-copernicus-gbov@acri-st.fr;NEON;1648;Grasslands;40.81555;-104.74566;20170412T000000Z;2.0;CPER_056;-999;-999;0.0249;0.0015;-999;0
GBOV_RM6_549;CentralPlainsExperimentalRange;Courtney Meier;cmeier@battelleecology.org;support-copernicus-gbov@acri-st.fr;NEON;1648;Grasslands;40.81555;-104.74566;20170426T000000Z;2.0;CPER_056;-999;-999;0.0123;0.0013;-999;0
GBOV_RM6_549;CentralPlainsExperimentalRange;Courtney Meier;cmeier@battelleecology.org;support-copernicus-gbov@acri-st.fr;NEON;1648;Grasslands;40.81555;-104.74566;20170510T000000Z;2.0;CPER_056;-999;-999;0.0278;0.0019;-999;0
GBOV_RM6_549;CentralPlainsExperimentalRange;Courtney Meier;cmeier@battelleecology.org;support-copernicus-gbov@acri-st.fr;NEON;1648;Grasslands;40.81555;-104.74566;20170525T000000Z;2.0;CPER_056;-999;-999;0.078;0.005;-999;0
GBOV_RM6_549;CentralPlainsExperimentalRange;Courtney Meier;cmeier@battelleecology.org;support-copernicus-gbov@acri-st.fr;NEON;1648;Grasslands;40.81555;-104.74566;20170607T000000Z;2.0;CPER_056;-999;-999;0.041;0.008;-999;0
GBOV_RM6_549;CentralPlainsExperimentalRange;Courtney Meier;cmeier@battelleecology.org;support-copernicus-gbov@acri-st.fr;NEON;1648;Grasslands;40.81555;-104.74566;20170621T000000Z;2.0;CPER_056;-999;-999;0.141;0.014;-999;0
GBOV_RM6_549;CentralPlainsExperimentalRange;Courtney Meier;cmeier@battelleecology.org;support-copernicus-gbov@acri-st.fr;NEON;1648;Grasslands;40.81555;-104.74566;20170705T000000Z;2.0;CPER_056;-999;-999;0.078;0.008;-999;0
GBOV_RM6_549;CentralPlainsExperimentalRange;Courtney Meier;cmeier@battelleecology.org;support-copernicus-gbov@acri-st.fr;NEON;1648;Grasslands;40.81555;-104.74566;20170719T000000Z;2.0;CPER_056;-999;-999;0.071;0.006;-999;0
GBOV_RM6_549;CentralPlainsExperimentalRange;Courtney Meier;cmeier@battelleecology.org;support-copernicus-gbov@acri-st.fr;NEON;1648;Grasslands;40.81555;-104.74566;20170802T000000Z;2.0;CPER_056;-999;-999;0.064;0.004;-999;0
GBOV_RM6_549;CentralPlainsExperimentalRange;Courtney Meier;cmeier@battelleecology.org;support-copernicus-gbov@acri-st.fr;NEON;1648;Grasslands;40.81555;-104.74566;20170816T000000Z;2.0;CPER_056;-999;-999;0.150;0.005;-999;0
GBOV_RM6_549;CentralPlainsExperimentalRange;Courtney Meier;cmeier@battelleecology.org;support-copernicus-gbov@acri-st.fr;NEON;1648;Grasslands;40.81555;-104.74566;20170830T000000Z;2.0;CPER_056;-999;-999;0.0380;0.0031;-999;0
GBOV_RM6_549;CentralPlainsExperimentalRange;Courtney Meier;cmeier@battelleecology.org;support-copernicus-gbov@acri-st.fr;NEON;1648;Grasslands;40.81555;-104.74566;20170913T000000Z;2.0;CPER_056;-999;-999;0.0345;0.0020;-999;0
GBOV_RM6_549;CentralPlainsExperimentalRange;Courtney Meier;cmeier@battelleecology.org;support-copernicus-gbov@acri-st.fr;NEON;1648;Grasslands;40.81555;-104.74566;20170927T000000Z;2.0;CPER_056;-999;-999;0.0214;0.0011;-999;0
GBOV_RM6_549;CentralPlainsExperimentalRange;Courtney Meier;cmeier@battelleecology.org;support-copernicus-gbov@acri-st.fr;NEON;1648;Grasslands;40.81555;-104.74566;20171011T000000Z;2.0;CPER_056;-999;-999;0.0761;0.0032;-999;0
GBOV_RM6_549;CentralPlainsExperimentalRange;Courtney Meier;cmeier@battelleecology.org;support-copernicus-gbov@acri-st.fr;NEON;1648;Grasslands;40.81555;-104.74566;20171025T000000Z;2.0;CPER_056;-999;-999;0.0459;0.0019;-999;0
GBOV_RM6_549;CentralPlainsExperimentalRange;Courtney Meier;cmeier@battelleecology.org;support-copernicus-gbov@acri-st.fr;NEON;1648;Grasslands;40.81555;-104.74566;20180328T000000Z;2.0;CPER_056;-999;-999;0.0235;0.0011;-999;0
GBOV_RM6_549;CentralPlainsExperimentalRange;Courtney Meier;cmeier@battelleecology.org;support-copernicus-gbov@acri-st.fr;NEON;1648;Grasslands;40.81555;-104.74566;20180411T000000Z;2.0;CPER_056;-999;-999;0.0271;0.0008;-999;0
GBOV_RM6_549;CentralPlainsExperimentalRange;Courtney Meier;cmeier@battelleecology.org;support-copernicus-gbov@acri-st.fr;NEON;1648;Grasslands;40.81555;-104.74566;20180425T000000Z;2.0;CPER_056;-999;-999;0.0390;0.0012;-999;0
GBOV_RM6_549;CentralPlainsExperimentalRange;Courtney Meier;cmeier@battelleecology.org;support-copernicus-gbov@acri-st.fr;NEON;1648;Grasslands;40.81555;-104.74566;20180508T000000Z;2.0;CPER_056;-999;-999;0.0288;0.0019;-999;0
GBOV_RM6_549;CentralPlainsExperimentalRange;Courtney Meier;cmeier@battelleecology.org;support-copernicus-gbov@acri-st.fr;NEON;1648;Grasslands;40.81555;-104.74566;20180523T000000Z;2.0;CPER_056;-999;-999;0.279;0.009;-999;0
GBOV_RM6_549;CentralPlainsExperimentalRange;Courtney Meier;cmeier@battelleecology.org;support-copernicus-gbov@acri-st.fr;NEON;1648;Grasslands;40.81555;-104.74566;20180606T000000Z;2.0;CPER_056;-999;-999;0.190;0.013;-999;0
GBOV_RM6_549;CentralPlainsExperimentalRange;Courtney Meier;cmeier@battelleecology.org;support-copernicus-gbov@acri-st.fr;NEON;1648;Grasslands;40.81555;-104.74566;20180621T000000Z;2.0;CPER_056;-999;-999;0.073;0.005;-999;0
GBOV_RM6_549;CentralPlainsExperimentalRange;Courtney Meier;cmeier@battelleecology.org;support-copernicus-gbov@acri-st.fr;NEON;1648;Grasslands;40.81555;-104.74566;20180703T000000Z;2.0;CPER_056;-999;-999;0.0202;0.0014;-999;0
GBOV_RM6_549;CentralPlainsExperimentalRange;Courtney Meier;cmeier@battelleecology.org;support-copernicus-gbov@acri-st.fr;NEON;1648;Grasslands;40.81555;-104.74566;20180718T000000Z;2.0;CPER_056;-999;-999;0.0119;0.0007;-999;0
GBOV_RM6_549;CentralPlainsExperimentalRange;Courtney Meier;cmeier@battelleecology.org;support-copernicus-gbov@acri-st.fr;NEON;1648;Grasslands;40.81555;-104.74566;20180801T000000Z;2.0;CPER_056;-999;-999;0.0089;0.0013;-999;0
GBOV_RM6_549;CentralPlainsExperimentalRange;Courtney Meier;cmeier@battelleecology.org;support-copernicus-gbov@acri-st.fr;NEON;1648;Grasslands;40.81555;-104.74566;20180815T000000Z;2.0;CPER_056;-999;-999;0.0083;0.0009;-999;0
GBOV_RM6_549;CentralPlainsExperimentalRange;Courtney Meier;cmeier@battelleecology.org;support-copernicus-gbov@acri-st.fr;NEON;1648;Grasslands;40.81555;-104.74566;20180829T000000Z;2.0;CPER_056;-999;-999;0.0172;0.0010;-999;0
GBOV_RM6_549;CentralPlainsExperimentalRange;Courtney Meier;cmeier@battelleecology.org;support-copernicus-gbov@acri-st.fr;NEON;1648;Grasslands;40.81555;-104.74566;20180912T000000Z;2.0;CPER_056;-999;-999;0.0382;0.0014;-999;0
GBOV_RM6_549;CentralPlainsExperimentalRange;Courtney Meier;cmeier@battelleecology.org;support-copernicus-gbov@acri-st.fr;NEON;1648;Grasslands;40.81555;-104.74566;20180926T000000Z;2.0;CPER_056;-999;-999;0.00184;0.00029;-999;0
GBOV_RM6_549;CentralPlainsExperimentalRange;Courtney Meier;cmeier@battelleecology.org;support-copernicus-gbov@acri-st.fr;NEON;1648;Grasslands;40.81555;-104.74566;20181010T000000Z;2.0;CPER_056;-999;-999;0.0048;0.0008;-999;0
GBOV_RM6_549;CentralPlainsExperimentalRange;Courtney Meier;cmeier@battelleecology.org;support-copernicus-gbov@acri-st.fr;NEON;1648;Grasslands;40.81555;-104.74566;20181024T000000Z;2.0;CPER_056;-999;-999;0.0100;0.0011;-999;0
GBOV_RM6_549;CentralPlainsExperimentalRange;Courtney Meier;cmeier@battelleecology.org;support-copernicus-gbov@acri-st.fr;NEON;1648;Grasslands;40.81555;-104.74566;20190326T134800Z;2.0;CPER_056;-999;-999;0.0286;0.0010;-999;0
GBOV_RM6_549;CentralPlainsExperimentalRange;Courtney Meier;cmeier@battelleecology.org;support-copernicus-gbov@acri-st.fr;NEON;1648;Grasslands;40.81555;-104.74566;20190409T095400Z;2.0;CPER_056;-999;-999;0.0177;0.0007;-999;0
GBOV_RM6_549;CentralPlainsExperimentalRange;Courtney Meier;cmeier@battelleecology.org;support-copernicus-gbov@acri-st.fr;NEON;1648;Grasslands;40.81555;-104.74566;20190424T094800Z;2.0;CPER_056;-999;-999;0.0073;0.0004;-999;0
GBOV_RM6_549;CentralPlainsExperimentalRange;Courtney Meier;cmeier@battelleecology.org;support-copernicus-gbov@acri-st.fr;NEON;1648;Grasslands;40.81555;-104.74566;20190522T093300Z;2.0;CPER_056;-999;-999;0.0554;0.0024;-999;0
GBOV_RM6_549;CentralPlainsExperimentalRange;Courtney Meier;cmeier@battelleecology.org;support-copernicus-gbov@acri-st.fr;NEON;1648;Grasslands;40.81555;-104.74566;20190605T110500Z;2.0;CPER_056;-999;-999;0.096;0.006;-999;0
GBOV_RM6_549;CentralPlainsExperimentalRange;Courtney Meier;cmeier@battelleecology.org;support-copernicus-gbov@acri-st.fr;NEON;1648;Grasslands;40.81555;-104.74566;20190619T113000Z;2.0;CPER_056;-999;-999;0.162;0.017;-999;0
GBOV_RM6_549;CentralPlainsExperimentalRange;Courtney Meier;cmeier@battelleecology.org;support-copernicus-gbov@acri-st.fr;NEON;1648;Grasslands;40.81555;-104.74566;20190703T161700Z;2.0;CPER_056;-999;-999;0.272;0.009;-999;0
GBOV_RM6_549;CentralPlainsExperimentalRange;Courtney Meier;cmeier@battelleecology.org;support-copernicus-gbov@acri-st.fr;NEON;1648;Grasslands;40.81555;-104.74566;20190717T121600Z;2.0;CPER_056;-999;-999;0.076;0.007;-999;0
GBOV_RM6_549;CentralPlainsExperimentalRange;Courtney Meier;cmeier@battelleecology.org;support-copernicus-gbov@acri-st.fr;NEON;1648;Grasslands;40.81555;-104.74566;20190801T153300Z;2.0;CPER_056;-999;-999;0.0056;0.0006;-999;0
GBOV_RM6_549;CentralPlainsExperimentalRange;Courtney Meier;cmeier@battelleecology.org;support-copernicus-gbov@acri-st.fr;NEON;1648;Grasslands;40.81555;-104.74566;20190814T150400Z;2.0;CPER_056;-999;-999;0.0040;0.0004;-999;0
GBOV_RM6_549;CentralPlainsExperimentalRange;Courtney Meier;cmeier@battelleecology.org;support-copernicus-gbov@acri-st.fr;NEON;1648;Grasslands;40.81555;-104.74566;20190828T160100Z;2.0;CPER_056;-999;-999;0.0170;0.0011;-999;0
GBOV_RM6_549;CentralPlainsExperimentalRange;Courtney Meier;cmeier@battelleecology.org;support-copernicus-gbov@acri-st.fr;NEON;1648;Grasslands;40.81555;-104.74566;20190911T142700Z;2.0;CPER_056;-999;-999;0.0059;0.0007;-999;0
GBOV_RM6_549;CentralPlainsExperimentalRange;Courtney Meier;cmeier@battelleecology.org;support-copernicus-gbov@acri-st.fr;NEON;1648;Grasslands;40.81555;-104.74566;20190926T135500Z;2.0;CPER_056;-999;-999;0.0181;0.0011;-999;0
GBOV_RM6_549;CentralPlainsExperimentalRange;Courtney Meier;cmeier@battelleecology.org;support-copernicus-gbov@acri-st.fr;NEON;1648;Grasslands;40.81555;-104.74566;20191009T132200Z;2.0;CPER_056;-999;-999;0.0209;0.0016;-999;0
GBOV_RM6_549;CentralPlainsExperimentalRange;Courtney Meier;cmeier@battelleecology.org;support-copernicus-gbov@acri-st.fr;NEON;1648;Grasslands;40.81555;-104.74566;20191022T113500Z;2.0;CPER_056;-999;-999;0.0331;0.0015;-999;0
