GBOV_ID;Site;GROUND_DATA_PI;GROUND_DATA_PIs_Email;GBOV_Email;Network;Elevation;IGBP_class;Lat_IS;Lon_IS;TIME_IS;Version;PLOT_ID;FIPAR_up;FIPAR_up_err;FIPAR_down;FIPAR_down_err;up_flag;down_flag
GBOV_RM6_546;Jornada;Courtney Meier;cmeier@battelleecology.org;support-copernicus-gbov@acri-st.fr;NEON;1329;Open Shrublands;32.5907;-106.84261;20150610T000000Z;2.0;JORN_055;-999;-999;0.00144;0.00033;-999;0
GBOV_RM6_546;Jornada;Courtney Meier;cmeier@battelleecology.org;support-copernicus-gbov@acri-st.fr;NEON;1329;Open Shrublands;32.5907;-106.84261;20150624T000000Z;2.0;JORN_055;-999;-999;0.00035;0.00009;-999;0
GBOV_RM6_546;Jornada;Courtney Meier;cmeier@battelleecology.org;support-copernicus-gbov@acri-st.fr;NEON;1329;Open Shrublands;32.5907;-106.84261;20150708T000000Z;2.0;JORN_055;-999;-999;0.0019;0.0006;-999;0
GBOV_RM6_546;Jornada;Courtney Meier;cmeier@battelleecology.org;support-copernicus-gbov@acri-st.fr;NEON;1329;Open Shrublands;32.5907;-106.84261;20150722T000000Z;2.0;JORN_055;-999;-999;0.022;0.004;-999;0
GBOV_RM6_546;Jornada;Courtney Meier;cmeier@battelleecology.org;support-copernicus-gbov@acri-st.fr;NEON;1329;Open Shrublands;32.5907;-106.84261;20150805T000000Z;2.0;JORN_055;-999;-999;0.077;0.016;-999;32
GBOV_RM6_546;Jornada;Courtney Meier;cmeier@battelleecology.org;support-copernicus-gbov@acri-st.fr;NEON;1329;Open Shrublands;32.5907;-106.84261;20160323T000000Z;2.0;JORN_055;-999;-999;0.00047;0.00012;-999;1
GBOV_RM6_546;Jornada;Courtney Meier;cmeier@battelleecology.org;support-copernicus-gbov@acri-st.fr;NEON;1329;Open Shrublands;32.5907;-106.84261;20160406T000000Z;2.0;JORN_055;-999;-999;0.005;0.004;-999;1
GBOV_RM6_546;Jornada;Courtney Meier;cmeier@battelleecology.org;support-copernicus-gbov@acri-st.fr;NEON;1329;Open Shrublands;32.5907;-106.84261;20160420T000000Z;2.0;JORN_055;-999;-999;0.009;0.008;-999;1
GBOV_RM6_546;Jornada;Courtney Meier;cmeier@battelleecology.org;support-copernicus-gbov@acri-st.fr;NEON;1329;Open Shrublands;32.5907;-106.84261;20160504T000000Z;2.0;JORN_055;-999;-999;0.035;0.034;-999;1
GBOV_RM6_546;Jornada;Courtney Meier;cmeier@battelleecology.org;support-copernicus-gbov@acri-st.fr;NEON;1329;Open Shrublands;32.5907;-106.84261;20160518T000000Z;2.0;JORN_055;-999;-999;0.0014;0.0011;-999;0
GBOV_RM6_546;Jornada;Courtney Meier;cmeier@battelleecology.org;support-copernicus-gbov@acri-st.fr;NEON;1329;Open Shrublands;32.5907;-106.84261;20160601T000000Z;2.0;JORN_055;-999;-999;0.00017;0.00008;-999;0
GBOV_RM6_546;Jornada;Courtney Meier;cmeier@battelleecology.org;support-copernicus-gbov@acri-st.fr;NEON;1329;Open Shrublands;32.5907;-106.84261;20160615T000000Z;2.0;JORN_055;-999;-999;0.008;0.006;-999;0
GBOV_RM6_546;Jornada;Courtney Meier;cmeier@battelleecology.org;support-copernicus-gbov@acri-st.fr;NEON;1329;Open Shrublands;32.5907;-106.84261;20160629T000000Z;2.0;JORN_055;-999;-999;0.0039;0.0023;-999;0
GBOV_RM6_546;Jornada;Courtney Meier;cmeier@battelleecology.org;support-copernicus-gbov@acri-st.fr;NEON;1329;Open Shrublands;32.5907;-106.84261;20160713T000000Z;2.0;JORN_055;-999;-999;0.005;0.004;-999;0
GBOV_RM6_546;Jornada;Courtney Meier;cmeier@battelleecology.org;support-copernicus-gbov@acri-st.fr;NEON;1329;Open Shrublands;32.5907;-106.84261;20160727T000000Z;2.0;JORN_055;-999;-999;0.0013;0.0005;-999;0
GBOV_RM6_546;Jornada;Courtney Meier;cmeier@battelleecology.org;support-copernicus-gbov@acri-st.fr;NEON;1329;Open Shrublands;32.5907;-106.84261;20160824T000000Z;2.0;JORN_055;-999;-999;0.0182;0.0029;-999;0
GBOV_RM6_546;Jornada;Courtney Meier;cmeier@battelleecology.org;support-copernicus-gbov@acri-st.fr;NEON;1329;Open Shrublands;32.5907;-106.84261;20160907T000000Z;2.0;JORN_055;-999;-999;0.069;0.010;-999;0
GBOV_RM6_546;Jornada;Courtney Meier;cmeier@battelleecology.org;support-copernicus-gbov@acri-st.fr;NEON;1329;Open Shrublands;32.5907;-106.84261;20160921T000000Z;2.0;JORN_055;-999;-999;0.0076;0.0013;-999;0
GBOV_RM6_546;Jornada;Courtney Meier;cmeier@battelleecology.org;support-copernicus-gbov@acri-st.fr;NEON;1329;Open Shrublands;32.5907;-106.84261;20161005T000000Z;2.0;JORN_055;-999;-999;0.013;0.004;-999;0
GBOV_RM6_546;Jornada;Courtney Meier;cmeier@battelleecology.org;support-copernicus-gbov@acri-st.fr;NEON;1329;Open Shrublands;32.5907;-106.84261;20161102T000000Z;2.0;JORN_055;-999;-999;0.0011;0.0006;-999;0
GBOV_RM6_546;Jornada;Courtney Meier;cmeier@battelleecology.org;support-copernicus-gbov@acri-st.fr;NEON;1329;Open Shrublands;32.5907;-106.84261;20161117T000000Z;2.0;JORN_055;-999;-999;0.017;0.004;-999;8
GBOV_RM6_546;Jornada;Courtney Meier;cmeier@battelleecology.org;support-copernicus-gbov@acri-st.fr;NEON;1329;Open Shrublands;32.5907;-106.84261;20170322T000000Z;2.0;JORN_055;-999;-999;0.0073;0.0017;-999;0
GBOV_RM6_546;Jornada;Courtney Meier;cmeier@battelleecology.org;support-copernicus-gbov@acri-st.fr;NEON;1329;Open Shrublands;32.5907;-106.84261;20170405T000000Z;2.0;JORN_055;-999;-999;0.0040;0.0007;-999;0
GBOV_RM6_546;Jornada;Courtney Meier;cmeier@battelleecology.org;support-copernicus-gbov@acri-st.fr;NEON;1329;Open Shrublands;32.5907;-106.84261;20170419T000000Z;2.0;JORN_055;-999;-999;0.0080;0.0025;-999;0
GBOV_RM6_546;Jornada;Courtney Meier;cmeier@battelleecology.org;support-copernicus-gbov@acri-st.fr;NEON;1329;Open Shrublands;32.5907;-106.84261;20170503T000000Z;2.0;JORN_055;-999;-999;0.019;0.008;-999;0
GBOV_RM6_546;Jornada;Courtney Meier;cmeier@battelleecology.org;support-copernicus-gbov@acri-st.fr;NEON;1329;Open Shrublands;32.5907;-106.84261;20170517T000000Z;2.0;JORN_055;-999;-999;0.0051;0.0022;-999;0
GBOV_RM6_546;Jornada;Courtney Meier;cmeier@battelleecology.org;support-copernicus-gbov@acri-st.fr;NEON;1329;Open Shrublands;32.5907;-106.84261;20170531T000000Z;2.0;JORN_055;-999;-999;0.00074;0.00015;-999;0
GBOV_RM6_546;Jornada;Courtney Meier;cmeier@battelleecology.org;support-copernicus-gbov@acri-st.fr;NEON;1329;Open Shrublands;32.5907;-106.84261;20170614T000000Z;2.0;JORN_055;-999;-999;0.0010;0.0004;-999;0
GBOV_RM6_546;Jornada;Courtney Meier;cmeier@battelleecology.org;support-copernicus-gbov@acri-st.fr;NEON;1329;Open Shrublands;32.5907;-106.84261;20170628T000000Z;2.0;JORN_055;-999;-999;0.0029;0.0017;-999;0
GBOV_RM6_546;Jornada;Courtney Meier;cmeier@battelleecology.org;support-copernicus-gbov@acri-st.fr;NEON;1329;Open Shrublands;32.5907;-106.84261;20170712T000000Z;2.0;JORN_055;-999;-999;0.0012;0.0008;-999;32
GBOV_RM6_546;Jornada;Courtney Meier;cmeier@battelleecology.org;support-copernicus-gbov@acri-st.fr;NEON;1329;Open Shrublands;32.5907;-106.84261;20170726T000000Z;2.0;JORN_055;-999;-999;0.023;0.005;-999;0
GBOV_RM6_546;Jornada;Courtney Meier;cmeier@battelleecology.org;support-copernicus-gbov@acri-st.fr;NEON;1329;Open Shrublands;32.5907;-106.84261;20170809T000000Z;2.0;JORN_055;-999;-999;0.0134;0.0033;-999;0
GBOV_RM6_546;Jornada;Courtney Meier;cmeier@battelleecology.org;support-copernicus-gbov@acri-st.fr;NEON;1329;Open Shrublands;32.5907;-106.84261;20170823T000000Z;2.0;JORN_055;-999;-999;0.017;0.005;-999;0
GBOV_RM6_546;Jornada;Courtney Meier;cmeier@battelleecology.org;support-copernicus-gbov@acri-st.fr;NEON;1329;Open Shrublands;32.5907;-106.84261;20170906T000000Z;2.0;JORN_055;-999;-999;0.017;0.004;-999;0
GBOV_RM6_546;Jornada;Courtney Meier;cmeier@battelleecology.org;support-copernicus-gbov@acri-st.fr;NEON;1329;Open Shrublands;32.5907;-106.84261;20170920T000000Z;2.0;JORN_055;-999;-999;0.0017;0.0005;-999;0
GBOV_RM6_546;Jornada;Courtney Meier;cmeier@battelleecology.org;support-copernicus-gbov@acri-st.fr;NEON;1329;Open Shrublands;32.5907;-106.84261;20171003T000000Z;2.0;JORN_055;-999;-999;0.0045;0.0009;-999;0
GBOV_RM6_546;Jornada;Courtney Meier;cmeier@battelleecology.org;support-copernicus-gbov@acri-st.fr;NEON;1329;Open Shrublands;32.5907;-106.84261;20171018T000000Z;2.0;JORN_055;-999;-999;0.0012;0.0004;-999;0
GBOV_RM6_546;Jornada;Courtney Meier;cmeier@battelleecology.org;support-copernicus-gbov@acri-st.fr;NEON;1329;Open Shrublands;32.5907;-106.84261;20171101T000000Z;2.0;JORN_055;-999;-999;0.0056;0.0025;-999;0
GBOV_RM6_546;Jornada;Courtney Meier;cmeier@battelleecology.org;support-copernicus-gbov@acri-st.fr;NEON;1329;Open Shrublands;32.5907;-106.84261;20180321T000000Z;2.0;JORN_055;-999;-999;0.0055;0.0024;-999;0
GBOV_RM6_546;Jornada;Courtney Meier;cmeier@battelleecology.org;support-copernicus-gbov@acri-st.fr;NEON;1329;Open Shrublands;32.5907;-106.84261;20180404T000000Z;2.0;JORN_055;-999;-999;0.005;0.004;-999;0
GBOV_RM6_546;Jornada;Courtney Meier;cmeier@battelleecology.org;support-copernicus-gbov@acri-st.fr;NEON;1329;Open Shrublands;32.5907;-106.84261;20180418T000000Z;2.0;JORN_055;-999;-999;0.0035;0.0021;-999;0
GBOV_RM6_546;Jornada;Courtney Meier;cmeier@battelleecology.org;support-copernicus-gbov@acri-st.fr;NEON;1329;Open Shrublands;32.5907;-106.84261;20180502T000000Z;2.0;JORN_055;-999;-999;0.00026;0.00006;-999;0
GBOV_RM6_546;Jornada;Courtney Meier;cmeier@battelleecology.org;support-copernicus-gbov@acri-st.fr;NEON;1329;Open Shrublands;32.5907;-106.84261;20180516T000000Z;2.0;JORN_055;-999;-999;0.0032;0.0020;-999;0
GBOV_RM6_546;Jornada;Courtney Meier;cmeier@battelleecology.org;support-copernicus-gbov@acri-st.fr;NEON;1329;Open Shrublands;32.5907;-106.84261;20180530T000000Z;2.0;JORN_055;-999;-999;0.0016;0.0011;-999;0
GBOV_RM6_546;Jornada;Courtney Meier;cmeier@battelleecology.org;support-copernicus-gbov@acri-st.fr;NEON;1329;Open Shrublands;32.5907;-106.84261;20180613T000000Z;2.0;JORN_055;-999;-999;0.00054;0.00009;-999;0
GBOV_RM6_546;Jornada;Courtney Meier;cmeier@battelleecology.org;support-copernicus-gbov@acri-st.fr;NEON;1329;Open Shrublands;32.5907;-106.84261;20180627T000000Z;2.0;JORN_055;-999;-999;0.0021;0.0004;-999;0
GBOV_RM6_546;Jornada;Courtney Meier;cmeier@battelleecology.org;support-copernicus-gbov@acri-st.fr;NEON;1329;Open Shrublands;32.5907;-106.84261;20180711T000000Z;2.0;JORN_055;-999;-999;0.00045;0.00021;-999;0
GBOV_RM6_546;Jornada;Courtney Meier;cmeier@battelleecology.org;support-copernicus-gbov@acri-st.fr;NEON;1329;Open Shrublands;32.5907;-106.84261;20180725T000000Z;2.0;JORN_055;-999;-999;0.0027;0.0019;-999;0
GBOV_RM6_546;Jornada;Courtney Meier;cmeier@battelleecology.org;support-copernicus-gbov@acri-st.fr;NEON;1329;Open Shrublands;32.5907;-106.84261;20180808T000000Z;2.0;JORN_055;-999;-999;0.0022;0.0018;-999;0
GBOV_RM6_546;Jornada;Courtney Meier;cmeier@battelleecology.org;support-copernicus-gbov@acri-st.fr;NEON;1329;Open Shrublands;32.5907;-106.84261;20180822T000000Z;2.0;JORN_055;-999;-999;0.00037;0.00014;-999;0
GBOV_RM6_546;Jornada;Courtney Meier;cmeier@battelleecology.org;support-copernicus-gbov@acri-st.fr;NEON;1329;Open Shrublands;32.5907;-106.84261;20180905T000000Z;2.0;JORN_055;-999;-999;0.00034;0.00015;-999;0
GBOV_RM6_546;Jornada;Courtney Meier;cmeier@battelleecology.org;support-copernicus-gbov@acri-st.fr;NEON;1329;Open Shrublands;32.5907;-106.84261;20180919T000000Z;2.0;JORN_055;-999;-999;0.0011;0.0005;-999;0
GBOV_RM6_546;Jornada;Courtney Meier;cmeier@battelleecology.org;support-copernicus-gbov@acri-st.fr;NEON;1329;Open Shrublands;32.5907;-106.84261;20181003T000000Z;2.0;JORN_055;-999;-999;0.0074;0.0030;-999;0
GBOV_RM6_546;Jornada;Courtney Meier;cmeier@battelleecology.org;support-copernicus-gbov@acri-st.fr;NEON;1329;Open Shrublands;32.5907;-106.84261;20181017T000000Z;2.0;JORN_055;-999;-999;0.0029;0.0015;-999;0
GBOV_RM6_546;Jornada;Courtney Meier;cmeier@battelleecology.org;support-copernicus-gbov@acri-st.fr;NEON;1329;Open Shrublands;32.5907;-106.84261;20181031T000000Z;2.0;JORN_055;-999;-999;0.0043;0.0032;-999;0
GBOV_RM6_546;Jornada;Courtney Meier;cmeier@battelleecology.org;support-copernicus-gbov@acri-st.fr;NEON;1329;Open Shrublands;32.5907;-106.84261;20190327T082200Z;2.0;JORN_055;-999;-999;0.0056;0.0011;-999;0
GBOV_RM6_546;Jornada;Courtney Meier;cmeier@battelleecology.org;support-copernicus-gbov@acri-st.fr;NEON;1329;Open Shrublands;32.5907;-106.84261;20190410T085400Z;2.0;JORN_055;-999;-999;0.0116;0.0014;-999;0
GBOV_RM6_546;Jornada;Courtney Meier;cmeier@battelleecology.org;support-copernicus-gbov@acri-st.fr;NEON;1329;Open Shrublands;32.5907;-106.84261;20190424T094200Z;2.0;JORN_055;-999;-999;0.0099;0.0011;-999;0
GBOV_RM6_546;Jornada;Courtney Meier;cmeier@battelleecology.org;support-copernicus-gbov@acri-st.fr;NEON;1329;Open Shrublands;32.5907;-106.84261;20190508T100100Z;2.0;JORN_055;-999;-999;0.0037;0.0008;-999;2
GBOV_RM6_546;Jornada;Courtney Meier;cmeier@battelleecology.org;support-copernicus-gbov@acri-st.fr;NEON;1329;Open Shrublands;32.5907;-106.84261;20190522T112300Z;2.0;JORN_055;-999;-999;0.0016;0.0009;-999;0
GBOV_RM6_546;Jornada;Courtney Meier;cmeier@battelleecology.org;support-copernicus-gbov@acri-st.fr;NEON;1329;Open Shrublands;32.5907;-106.84261;20190605T105400Z;2.0;JORN_055;-999;-999;0.00061;0.00021;-999;0
GBOV_RM6_546;Jornada;Courtney Meier;cmeier@battelleecology.org;support-copernicus-gbov@acri-st.fr;NEON;1329;Open Shrublands;32.5907;-106.84261;20190619T084700Z;2.0;JORN_055;-999;-999;0.016;0.005;-999;0
GBOV_RM6_546;Jornada;Courtney Meier;cmeier@battelleecology.org;support-copernicus-gbov@acri-st.fr;NEON;1329;Open Shrublands;32.5907;-106.84261;20190703T073900Z;2.0;JORN_055;-999;-999;0.0054;0.0023;-999;0
GBOV_RM6_546;Jornada;Courtney Meier;cmeier@battelleecology.org;support-copernicus-gbov@acri-st.fr;NEON;1329;Open Shrublands;32.5907;-106.84261;20190717T081200Z;2.0;JORN_055;-999;-999;0.0011;0.0004;-999;2
GBOV_RM6_546;Jornada;Courtney Meier;cmeier@battelleecology.org;support-copernicus-gbov@acri-st.fr;NEON;1329;Open Shrublands;32.5907;-106.84261;20190731T094800Z;2.0;JORN_055;-999;-999;0.007;0.006;-999;0
GBOV_RM6_546;Jornada;Courtney Meier;cmeier@battelleecology.org;support-copernicus-gbov@acri-st.fr;NEON;1329;Open Shrublands;32.5907;-106.84261;20190814T091800Z;2.0;JORN_055;-999;-999;0.0073;0.0018;-999;0
GBOV_RM6_546;Jornada;Courtney Meier;cmeier@battelleecology.org;support-copernicus-gbov@acri-st.fr;NEON;1329;Open Shrublands;32.5907;-106.84261;20190828T094900Z;2.0;JORN_055;-999;-999;0.0031;0.0011;-999;0
GBOV_RM6_546;Jornada;Courtney Meier;cmeier@battelleecology.org;support-copernicus-gbov@acri-st.fr;NEON;1329;Open Shrublands;32.5907;-106.84261;20190911T104700Z;2.0;JORN_055;-999;-999;0.0045;0.0012;-999;0
GBOV_RM6_546;Jornada;Courtney Meier;cmeier@battelleecology.org;support-copernicus-gbov@acri-st.fr;NEON;1329;Open Shrublands;32.5907;-106.84261;20190925T092500Z;2.0;JORN_055;-999;-999;0.024;0.008;-999;0
GBOV_RM6_546;Jornada;Courtney Meier;cmeier@battelleecology.org;support-copernicus-gbov@acri-st.fr;NEON;1329;Open Shrublands;32.5907;-106.84261;20191009T094700Z;2.0;JORN_055;-999;-999;0.019;0.007;-999;0
GBOV_RM6_546;Jornada;Courtney Meier;cmeier@battelleecology.org;support-copernicus-gbov@acri-st.fr;NEON;1329;Open Shrublands;32.5907;-106.84261;20191023T094200Z;2.0;JORN_055;-999;-999;0.026;0.010;-999;0
