GBOV_ID;Site;GROUND_DATA_PI;GROUND_DATA_PIs_Email;GBOV_Email;Network;Elevation;IGBP_class;Lat_IS;Lon_IS;TIME_IS;Version;PLOT_ID;FIPAR_up;FIPAR_up_err;FIPAR_down;FIPAR_down_err;up_flag;down_flag
GBOV_RM6_377;Underc;Courtney Meier;cmeier@battelleecology.org;support-copernicus-gbov@acri-st.fr;NEON;518;Mixed Forest;46.233959;-89.53751;20140520T000000Z;2.0;UNDE_059;0.49;0.05;0.116;0.030;0;0
GBOV_RM6_377;Underc;Courtney Meier;cmeier@battelleecology.org;support-copernicus-gbov@acri-st.fr;NEON;518;Mixed Forest;46.233959;-89.53751;20140603T000000Z;2.0;UNDE_059;0.790;0.021;0.64;0.04;0;32
GBOV_RM6_377;Underc;Courtney Meier;cmeier@battelleecology.org;support-copernicus-gbov@acri-st.fr;NEON;518;Mixed Forest;46.233959;-89.53751;20140616T000000Z;2.0;UNDE_059;0.882;0.015;0.57;0.06;0;0
GBOV_RM6_377;Underc;Courtney Meier;cmeier@battelleecology.org;support-copernicus-gbov@acri-st.fr;NEON;518;Mixed Forest;46.233959;-89.53751;20140630T000000Z;2.0;UNDE_059;0.897;0.012;0.61;0.04;0;0
GBOV_RM6_377;Underc;Courtney Meier;cmeier@battelleecology.org;support-copernicus-gbov@acri-st.fr;NEON;518;Mixed Forest;46.233959;-89.53751;20140715T000000Z;2.0;UNDE_059;0.908;0.012;0.56;0.05;0;32
GBOV_RM6_377;Underc;Courtney Meier;cmeier@battelleecology.org;support-copernicus-gbov@acri-st.fr;NEON;518;Mixed Forest;46.233959;-89.53751;20140729T000000Z;2.0;UNDE_059;0.899;0.014;0.61;0.04;0;16
GBOV_RM6_377;Underc;Courtney Meier;cmeier@battelleecology.org;support-copernicus-gbov@acri-st.fr;NEON;518;Mixed Forest;46.233959;-89.53751;20150430T000000Z;2.0;UNDE_059;0.46;0.04;0.086;0.011;0;0
GBOV_RM6_377;Underc;Courtney Meier;cmeier@battelleecology.org;support-copernicus-gbov@acri-st.fr;NEON;518;Mixed Forest;46.233959;-89.53751;20150512T000000Z;2.0;UNDE_059;0.48;0.04;0.085;0.009;0;0
GBOV_RM6_377;Underc;Courtney Meier;cmeier@battelleecology.org;support-copernicus-gbov@acri-st.fr;NEON;518;Mixed Forest;46.233959;-89.53751;20150526T000000Z;2.0;UNDE_059;0.693;0.024;0.278;0.023;0;0
GBOV_RM6_377;Underc;Courtney Meier;cmeier@battelleecology.org;support-copernicus-gbov@acri-st.fr;NEON;518;Mixed Forest;46.233959;-89.53751;20150610T000000Z;2.0;UNDE_059;0.799;0.020;0.49;0.04;0;0
GBOV_RM6_377;Underc;Courtney Meier;cmeier@battelleecology.org;support-copernicus-gbov@acri-st.fr;NEON;518;Mixed Forest;46.233959;-89.53751;20150624T000000Z;2.0;UNDE_059;0.912;0.014;0.483;0.029;0;16
GBOV_RM6_377;Underc;Courtney Meier;cmeier@battelleecology.org;support-copernicus-gbov@acri-st.fr;NEON;518;Mixed Forest;46.233959;-89.53751;20150706T000000Z;2.0;UNDE_059;0.917;0.011;0.48;0.04;8;40
GBOV_RM6_377;Underc;Courtney Meier;cmeier@battelleecology.org;support-copernicus-gbov@acri-st.fr;NEON;518;Mixed Forest;46.233959;-89.53751;20150722T000000Z;2.0;UNDE_059;0.921;0.012;0.38;0.04;0;0
GBOV_RM6_377;Underc;Courtney Meier;cmeier@battelleecology.org;support-copernicus-gbov@acri-st.fr;NEON;518;Mixed Forest;46.233959;-89.53751;20150805T000000Z;2.0;UNDE_059;0.911;0.013;0.560;0.030;8;8
GBOV_RM6_377;Underc;Courtney Meier;cmeier@battelleecology.org;support-copernicus-gbov@acri-st.fr;NEON;518;Mixed Forest;46.233959;-89.53751;20150817T000000Z;2.0;UNDE_059;0.935;0.012;0.36;0.05;0;0
