GBOV_ID;Site;GROUND_DATA_PI;GROUND_DATA_PIs_Email;GBOV_Email;Network;Elevation;IGBP_class;Lat_IS;Lon_IS;TIME_IS;Version;PLOT_ID;FIPAR_up;FIPAR_up_err;FIPAR_down;FIPAR_down_err;up_flag;down_flag
GBOV_RM6_1051;Underc;Courtney Meier;cmeier@battelleecology.org;support-copernicus-gbov@acri-st.fr;NEON;518;Mixed Forest;46.233959;-89.53751;20140520T000000Z;2.0;UNDE_044;0.569;0.023;0.024;0.004;0;0
GBOV_RM6_1051;Underc;Courtney Meier;cmeier@battelleecology.org;support-copernicus-gbov@acri-st.fr;NEON;518;Mixed Forest;46.233959;-89.53751;20140603T000000Z;2.0;UNDE_044;0.801;0.026;-999;-999;0;-999
GBOV_RM6_1051;Underc;Courtney Meier;cmeier@battelleecology.org;support-copernicus-gbov@acri-st.fr;NEON;518;Mixed Forest;46.233959;-89.53751;20140616T000000Z;2.0;UNDE_044;0.824;0.024;-999;-999;0;-999
GBOV_RM6_1051;Underc;Courtney Meier;cmeier@battelleecology.org;support-copernicus-gbov@acri-st.fr;NEON;518;Mixed Forest;46.233959;-89.53751;20140630T000000Z;2.0;UNDE_044;0.810;0.023;-999;-999;0;-999
GBOV_RM6_1051;Underc;Courtney Meier;cmeier@battelleecology.org;support-copernicus-gbov@acri-st.fr;NEON;518;Mixed Forest;46.233959;-89.53751;20140715T000000Z;2.0;UNDE_044;0.817;0.024;-999;-999;0;-999
GBOV_RM6_1051;Underc;Courtney Meier;cmeier@battelleecology.org;support-copernicus-gbov@acri-st.fr;NEON;518;Mixed Forest;46.233959;-89.53751;20140729T000000Z;2.0;UNDE_044;0.843;0.023;-999;-999;0;-999
GBOV_RM6_1051;Underc;Courtney Meier;cmeier@battelleecology.org;support-copernicus-gbov@acri-st.fr;NEON;518;Mixed Forest;46.233959;-89.53751;20150430T000000Z;2.0;UNDE_044;0.534;0.018;0.052;0.005;0;0
GBOV_RM6_1051;Underc;Courtney Meier;cmeier@battelleecology.org;support-copernicus-gbov@acri-st.fr;NEON;518;Mixed Forest;46.233959;-89.53751;20150512T000000Z;2.0;UNDE_044;0.580;0.022;0.060;0.007;0;0
GBOV_RM6_1051;Underc;Courtney Meier;cmeier@battelleecology.org;support-copernicus-gbov@acri-st.fr;NEON;518;Mixed Forest;46.233959;-89.53751;20150526T000000Z;2.0;UNDE_044;0.771;0.022;0.57;0.06;0;0
GBOV_RM6_1051;Underc;Courtney Meier;cmeier@battelleecology.org;support-copernicus-gbov@acri-st.fr;NEON;518;Mixed Forest;46.233959;-89.53751;20150610T000000Z;2.0;UNDE_044;0.790;0.031;-999;-999;32;-999
GBOV_RM6_1051;Underc;Courtney Meier;cmeier@battelleecology.org;support-copernicus-gbov@acri-st.fr;NEON;518;Mixed Forest;46.233959;-89.53751;20150624T000000Z;2.0;UNDE_044;0.782;0.031;-999;-999;8;-999
GBOV_RM6_1051;Underc;Courtney Meier;cmeier@battelleecology.org;support-copernicus-gbov@acri-st.fr;NEON;518;Mixed Forest;46.233959;-89.53751;20150706T000000Z;2.0;UNDE_044;0.797;0.027;-999;-999;8;-999
GBOV_RM6_1051;Underc;Courtney Meier;cmeier@battelleecology.org;support-copernicus-gbov@acri-st.fr;NEON;518;Mixed Forest;46.233959;-89.53751;20150722T000000Z;2.0;UNDE_044;0.819;0.027;-999;-999;0;-999
