GBOV_ID;Site;GROUND_DATA_PI;GROUND_DATA_PIs_Email;GBOV_Email;Network;Elevation;IGBP_class;Lat_IS;Lon_IS;TIME_IS;Version;PLOT_ID;FIPAR_up;FIPAR_up_err;FIPAR_down;FIPAR_down_err;up_flag;down_flag
GBOV_RM6_1646;SantaRita;Courtney Meier;cmeier@battelleecology.org;support-copernicus-gbov@acri-st.fr;NEON;983;Closed Shrublands;31.91068;-110.83549;20160427T062500Z;2.0;SRER_048;-999;-999;0.018;0.009;-999;0
GBOV_RM6_1646;SantaRita;Courtney Meier;cmeier@battelleecology.org;support-copernicus-gbov@acri-st.fr;NEON;983;Closed Shrublands;31.91068;-110.83549;20160512T064400Z;2.0;SRER_048;-999;-999;0.028;0.009;-999;0
GBOV_RM6_1646;SantaRita;Courtney Meier;cmeier@battelleecology.org;support-copernicus-gbov@acri-st.fr;NEON;983;Closed Shrublands;31.91068;-110.83549;20160525T073200Z;2.0;SRER_048;-999;-999;0.044;0.006;-999;0
GBOV_RM6_1646;SantaRita;Courtney Meier;cmeier@battelleecology.org;support-copernicus-gbov@acri-st.fr;NEON;983;Closed Shrublands;31.91068;-110.83549;20160608T131400Z;2.0;SRER_048;-999;-999;0.0027;0.0006;-999;0
GBOV_RM6_1646;SantaRita;Courtney Meier;cmeier@battelleecology.org;support-copernicus-gbov@acri-st.fr;NEON;983;Closed Shrublands;31.91068;-110.83549;20160622T124000Z;2.0;SRER_048;-999;-999;0.00071;0.00014;-999;0
GBOV_RM6_1646;SantaRita;Courtney Meier;cmeier@battelleecology.org;support-copernicus-gbov@acri-st.fr;NEON;983;Closed Shrublands;31.91068;-110.83549;20160706T113500Z;2.0;SRER_048;-999;-999;0.043;0.008;-999;0
GBOV_RM6_1646;SantaRita;Courtney Meier;cmeier@battelleecology.org;support-copernicus-gbov@acri-st.fr;NEON;983;Closed Shrublands;31.91068;-110.83549;20160721T124700Z;2.0;SRER_048;-999;-999;0.036;0.008;-999;0
GBOV_RM6_1646;SantaRita;Courtney Meier;cmeier@battelleecology.org;support-copernicus-gbov@acri-st.fr;NEON;983;Closed Shrublands;31.91068;-110.83549;20160803T134000Z;2.0;SRER_048;-999;-999;0.072;0.014;-999;0
GBOV_RM6_1646;SantaRita;Courtney Meier;cmeier@battelleecology.org;support-copernicus-gbov@acri-st.fr;NEON;983;Closed Shrublands;31.91068;-110.83549;20160817T104000Z;2.0;SRER_048;-999;-999;0.165;0.017;-999;0
GBOV_RM6_1646;SantaRita;Courtney Meier;cmeier@battelleecology.org;support-copernicus-gbov@acri-st.fr;NEON;983;Closed Shrublands;31.91068;-110.83549;20160831T111600Z;2.0;SRER_048;-999;-999;0.111;0.018;-999;0
GBOV_RM6_1646;SantaRita;Courtney Meier;cmeier@battelleecology.org;support-copernicus-gbov@acri-st.fr;NEON;983;Closed Shrublands;31.91068;-110.83549;20160914T110900Z;2.0;SRER_048;-999;-999;0.142;0.015;-999;0
GBOV_RM6_1646;SantaRita;Courtney Meier;cmeier@battelleecology.org;support-copernicus-gbov@acri-st.fr;NEON;983;Closed Shrublands;31.91068;-110.83549;20160928T094800Z;2.0;SRER_048;-999;-999;0.110;0.013;-999;0
GBOV_RM6_1646;SantaRita;Courtney Meier;cmeier@battelleecology.org;support-copernicus-gbov@acri-st.fr;NEON;983;Closed Shrublands;31.91068;-110.83549;20161012T102100Z;2.0;SRER_048;-999;-999;0.095;0.010;-999;0
GBOV_RM6_1646;SantaRita;Courtney Meier;cmeier@battelleecology.org;support-copernicus-gbov@acri-st.fr;NEON;983;Closed Shrublands;31.91068;-110.83549;20161026T135200Z;2.0;SRER_048;-999;-999;0.103;0.010;-999;0
GBOV_RM6_1646;SantaRita;Courtney Meier;cmeier@battelleecology.org;support-copernicus-gbov@acri-st.fr;NEON;983;Closed Shrublands;31.91068;-110.83549;20161109T103100Z;2.0;SRER_048;-999;-999;0.079;0.006;-999;0
GBOV_RM6_1646;SantaRita;Courtney Meier;cmeier@battelleecology.org;support-copernicus-gbov@acri-st.fr;NEON;983;Closed Shrublands;31.91068;-110.83549;20161123T091000Z;2.0;SRER_048;-999;-999;0.058;0.006;-999;0
GBOV_RM6_1646;SantaRita;Courtney Meier;cmeier@battelleecology.org;support-copernicus-gbov@acri-st.fr;NEON;983;Closed Shrublands;31.91068;-110.83549;20170607T163200Z;2.0;SRER_048;-999;-999;0.00075;0.00024;-999;0
GBOV_RM6_1646;SantaRita;Courtney Meier;cmeier@battelleecology.org;support-copernicus-gbov@acri-st.fr;NEON;983;Closed Shrublands;31.91068;-110.83549;20170623T091300Z;2.0;SRER_048;-999;-999;0.00067;0.00017;-999;0
GBOV_RM6_1646;SantaRita;Courtney Meier;cmeier@battelleecology.org;support-copernicus-gbov@acri-st.fr;NEON;983;Closed Shrublands;31.91068;-110.83549;20170707T090700Z;2.0;SRER_048;-999;-999;0.00074;0.00017;-999;0
GBOV_RM6_1646;SantaRita;Courtney Meier;cmeier@battelleecology.org;support-copernicus-gbov@acri-st.fr;NEON;983;Closed Shrublands;31.91068;-110.83549;20170719T163700Z;2.0;SRER_048;-999;-999;0.032;0.006;-999;0
GBOV_RM6_1646;SantaRita;Courtney Meier;cmeier@battelleecology.org;support-copernicus-gbov@acri-st.fr;NEON;983;Closed Shrublands;31.91068;-110.83549;20170803T093200Z;2.0;SRER_048;-999;-999;0.072;0.014;-999;0
GBOV_RM6_1646;SantaRita;Courtney Meier;cmeier@battelleecology.org;support-copernicus-gbov@acri-st.fr;NEON;983;Closed Shrublands;31.91068;-110.83549;20170816T112900Z;2.0;SRER_048;-999;-999;0.046;0.008;-999;0
GBOV_RM6_1646;SantaRita;Courtney Meier;cmeier@battelleecology.org;support-copernicus-gbov@acri-st.fr;NEON;983;Closed Shrublands;31.91068;-110.83549;20170830T150100Z;2.0;SRER_048;-999;-999;0.0191;0.0034;-999;0
GBOV_RM6_1646;SantaRita;Courtney Meier;cmeier@battelleecology.org;support-copernicus-gbov@acri-st.fr;NEON;983;Closed Shrublands;31.91068;-110.83549;20170913T145000Z;2.0;SRER_048;-999;-999;0.0118;0.0018;-999;0
GBOV_RM6_1646;SantaRita;Courtney Meier;cmeier@battelleecology.org;support-copernicus-gbov@acri-st.fr;NEON;983;Closed Shrublands;31.91068;-110.83549;20170927T145300Z;2.0;SRER_048;-999;-999;0.0135;0.0025;-999;0
GBOV_RM6_1646;SantaRita;Courtney Meier;cmeier@battelleecology.org;support-copernicus-gbov@acri-st.fr;NEON;983;Closed Shrublands;31.91068;-110.83549;20171011T142700Z;2.0;SRER_048;-999;-999;0.0036;0.0006;-999;0
GBOV_RM6_1646;SantaRita;Courtney Meier;cmeier@battelleecology.org;support-copernicus-gbov@acri-st.fr;NEON;983;Closed Shrublands;31.91068;-110.83549;20171025T112300Z;2.0;SRER_048;-999;-999;0.0067;0.0009;-999;0
GBOV_RM6_1646;SantaRita;Courtney Meier;cmeier@battelleecology.org;support-copernicus-gbov@acri-st.fr;NEON;983;Closed Shrublands;31.91068;-110.83549;20180314T155900Z;2.0;SRER_048;-999;-999;0.024;0.004;-999;0
GBOV_RM6_1646;SantaRita;Courtney Meier;cmeier@battelleecology.org;support-copernicus-gbov@acri-st.fr;NEON;983;Closed Shrublands;31.91068;-110.83549;20180328T095100Z;2.0;SRER_048;-999;-999;0.068;0.010;-999;0
GBOV_RM6_1646;SantaRita;Courtney Meier;cmeier@battelleecology.org;support-copernicus-gbov@acri-st.fr;NEON;983;Closed Shrublands;31.91068;-110.83549;20180411T131200Z;2.0;SRER_048;-999;-999;0.070;0.010;-999;0
GBOV_RM6_1646;SantaRita;Courtney Meier;cmeier@battelleecology.org;support-copernicus-gbov@acri-st.fr;NEON;983;Closed Shrublands;31.91068;-110.83549;20180425T114100Z;2.0;SRER_048;-999;-999;0.029;0.005;-999;0
GBOV_RM6_1646;SantaRita;Courtney Meier;cmeier@battelleecology.org;support-copernicus-gbov@acri-st.fr;NEON;983;Closed Shrublands;31.91068;-110.83549;20180509T153800Z;2.0;SRER_048;-999;-999;0.0143;0.0021;-999;0
GBOV_RM6_1646;SantaRita;Courtney Meier;cmeier@battelleecology.org;support-copernicus-gbov@acri-st.fr;NEON;983;Closed Shrublands;31.91068;-110.83549;20180523T141400Z;2.0;SRER_048;-999;-999;0.0055;0.0010;-999;0
GBOV_RM6_1646;SantaRita;Courtney Meier;cmeier@battelleecology.org;support-copernicus-gbov@acri-st.fr;NEON;983;Closed Shrublands;31.91068;-110.83549;20180606T161700Z;2.0;SRER_048;-999;-999;0.0030;0.0007;-999;0
GBOV_RM6_1646;SantaRita;Courtney Meier;cmeier@battelleecology.org;support-copernicus-gbov@acri-st.fr;NEON;983;Closed Shrublands;31.91068;-110.83549;20180620T150500Z;2.0;SRER_048;-999;-999;0.0079;0.0020;-999;0
GBOV_RM6_1646;SantaRita;Courtney Meier;cmeier@battelleecology.org;support-copernicus-gbov@acri-st.fr;NEON;983;Closed Shrublands;31.91068;-110.83549;20180704T114100Z;2.0;SRER_048;-999;-999;0.0046;0.0013;-999;0
GBOV_RM6_1646;SantaRita;Courtney Meier;cmeier@battelleecology.org;support-copernicus-gbov@acri-st.fr;NEON;983;Closed Shrublands;31.91068;-110.83549;20180718T123700Z;2.0;SRER_048;-999;-999;0.0082;0.0019;-999;0
GBOV_RM6_1646;SantaRita;Courtney Meier;cmeier@battelleecology.org;support-copernicus-gbov@acri-st.fr;NEON;983;Closed Shrublands;31.91068;-110.83549;20180801T140700Z;2.0;SRER_048;-999;-999;0.0079;0.0029;-999;0
GBOV_RM6_1646;SantaRita;Courtney Meier;cmeier@battelleecology.org;support-copernicus-gbov@acri-st.fr;NEON;983;Closed Shrublands;31.91068;-110.83549;20180815T135700Z;2.0;SRER_048;-999;-999;0.0047;0.0014;-999;0
GBOV_RM6_1646;SantaRita;Courtney Meier;cmeier@battelleecology.org;support-copernicus-gbov@acri-st.fr;NEON;983;Closed Shrublands;31.91068;-110.83549;20180829T150500Z;2.0;SRER_048;-999;-999;0.059;0.013;-999;0
GBOV_RM6_1646;SantaRita;Courtney Meier;cmeier@battelleecology.org;support-copernicus-gbov@acri-st.fr;NEON;983;Closed Shrublands;31.91068;-110.83549;20180912T113600Z;2.0;SRER_048;-999;-999;0.029;0.005;-999;0
GBOV_RM6_1646;SantaRita;Courtney Meier;cmeier@battelleecology.org;support-copernicus-gbov@acri-st.fr;NEON;983;Closed Shrublands;31.91068;-110.83549;20180926T141300Z;2.0;SRER_048;-999;-999;0.103;0.012;-999;0
GBOV_RM6_1646;SantaRita;Courtney Meier;cmeier@battelleecology.org;support-copernicus-gbov@acri-st.fr;NEON;983;Closed Shrublands;31.91068;-110.83549;20181010T121200Z;2.0;SRER_048;-999;-999;0.121;0.016;-999;0
GBOV_RM6_1646;SantaRita;Courtney Meier;cmeier@battelleecology.org;support-copernicus-gbov@acri-st.fr;NEON;983;Closed Shrublands;31.91068;-110.83549;20181024T093500Z;2.0;SRER_048;-999;-999;0.182;0.016;-999;0
GBOV_RM6_1646;SantaRita;Courtney Meier;cmeier@battelleecology.org;support-copernicus-gbov@acri-st.fr;NEON;983;Closed Shrublands;31.91068;-110.83549;20190304T133800Z;2.0;SRER_048;-999;-999;0.066;0.007;-999;0
GBOV_RM6_1646;SantaRita;Courtney Meier;cmeier@battelleecology.org;support-copernicus-gbov@acri-st.fr;NEON;983;Closed Shrublands;31.91068;-110.83549;20190318T123600Z;2.0;SRER_048;-999;-999;0.061;0.009;-999;0
GBOV_RM6_1646;SantaRita;Courtney Meier;cmeier@battelleecology.org;support-copernicus-gbov@acri-st.fr;NEON;983;Closed Shrublands;31.91068;-110.83549;20190401T161000Z;2.0;SRER_048;-999;-999;0.123;0.017;-999;0
GBOV_RM6_1646;SantaRita;Courtney Meier;cmeier@battelleecology.org;support-copernicus-gbov@acri-st.fr;NEON;983;Closed Shrublands;31.91068;-110.83549;20190415T135400Z;2.0;SRER_048;-999;-999;0.100;0.012;-999;0
GBOV_RM6_1646;SantaRita;Courtney Meier;cmeier@battelleecology.org;support-copernicus-gbov@acri-st.fr;NEON;983;Closed Shrublands;31.91068;-110.83549;20190429T110000Z;2.0;SRER_048;-999;-999;0.078;0.012;-999;0
GBOV_RM6_1646;SantaRita;Courtney Meier;cmeier@battelleecology.org;support-copernicus-gbov@acri-st.fr;NEON;983;Closed Shrublands;31.91068;-110.83549;20190513T112800Z;2.0;SRER_048;-999;-999;0.039;0.005;-999;0
GBOV_RM6_1646;SantaRita;Courtney Meier;cmeier@battelleecology.org;support-copernicus-gbov@acri-st.fr;NEON;983;Closed Shrublands;31.91068;-110.83549;20190527T093700Z;2.0;SRER_048;-999;-999;0.012;0.005;-999;0
GBOV_RM6_1646;SantaRita;Courtney Meier;cmeier@battelleecology.org;support-copernicus-gbov@acri-st.fr;NEON;983;Closed Shrublands;31.91068;-110.83549;20190610T082900Z;2.0;SRER_048;-999;-999;0.0067;0.0013;-999;0
GBOV_RM6_1646;SantaRita;Courtney Meier;cmeier@battelleecology.org;support-copernicus-gbov@acri-st.fr;NEON;983;Closed Shrublands;31.91068;-110.83549;20190624T101400Z;2.0;SRER_048;-999;-999;0.0043;0.0019;-999;0
GBOV_RM6_1646;SantaRita;Courtney Meier;cmeier@battelleecology.org;support-copernicus-gbov@acri-st.fr;NEON;983;Closed Shrublands;31.91068;-110.83549;20190708T083600Z;2.0;SRER_048;-999;-999;0.0068;0.0022;-999;0
GBOV_RM6_1646;SantaRita;Courtney Meier;cmeier@battelleecology.org;support-copernicus-gbov@acri-st.fr;NEON;983;Closed Shrublands;31.91068;-110.83549;20190722T105300Z;2.0;SRER_048;-999;-999;0.00087;0.00014;-999;0
GBOV_RM6_1646;SantaRita;Courtney Meier;cmeier@battelleecology.org;support-copernicus-gbov@acri-st.fr;NEON;983;Closed Shrublands;31.91068;-110.83549;20190805T092400Z;2.0;SRER_048;-999;-999;0.042;0.006;-999;0
GBOV_RM6_1646;SantaRita;Courtney Meier;cmeier@battelleecology.org;support-copernicus-gbov@acri-st.fr;NEON;983;Closed Shrublands;31.91068;-110.83549;20190819T125500Z;2.0;SRER_048;-999;-999;0.034;0.009;-999;0
GBOV_RM6_1646;SantaRita;Courtney Meier;cmeier@battelleecology.org;support-copernicus-gbov@acri-st.fr;NEON;983;Closed Shrublands;31.91068;-110.83549;20190902T124700Z;2.0;SRER_048;-999;-999;0.030;0.007;-999;0
GBOV_RM6_1646;SantaRita;Courtney Meier;cmeier@battelleecology.org;support-copernicus-gbov@acri-st.fr;NEON;983;Closed Shrublands;31.91068;-110.83549;20190917T083100Z;2.0;SRER_048;-999;-999;0.038;0.006;-999;0
GBOV_RM6_1646;SantaRita;Courtney Meier;cmeier@battelleecology.org;support-copernicus-gbov@acri-st.fr;NEON;983;Closed Shrublands;31.91068;-110.83549;20190930T113400Z;2.0;SRER_048;-999;-999;0.077;0.008;-999;0
GBOV_RM6_1646;SantaRita;Courtney Meier;cmeier@battelleecology.org;support-copernicus-gbov@acri-st.fr;NEON;983;Closed Shrublands;31.91068;-110.83549;20191014T101600Z;2.0;SRER_048;-999;-999;0.123;0.014;-999;0
GBOV_RM6_1646;SantaRita;Courtney Meier;cmeier@battelleecology.org;support-copernicus-gbov@acri-st.fr;NEON;983;Closed Shrublands;31.91068;-110.83549;20191028T103900Z;2.0;SRER_048;-999;-999;0.088;0.009;-999;0
