GBOV_ID;Site;GROUND_DATA_PI;GROUND_DATA_PIs_Email;GBOV_Email;Network;Elevation;IGBP_class;Lat_IS;Lon_IS;TIME_IS;Version;PLOT_ID;FIPAR_up;FIPAR_up_err;FIPAR_down;FIPAR_down_err;up_flag;down_flag
GBOV_RM6_1448;DeadLake;Courtney Meier;cmeier@battelleecology.org;support-copernicus-gbov@acri-st.fr;NEON;22;Evergreen Broadleaf;32.54172;-87.80389;20160309T072400Z;2.0;DELA_053;0.306;0.014;0.092;0.009;0;0
GBOV_RM6_1448;DeadLake;Courtney Meier;cmeier@battelleecology.org;support-copernicus-gbov@acri-st.fr;NEON;22;Evergreen Broadleaf;32.54172;-87.80389;20160325T064300Z;2.0;DELA_053;0.375;0.017;0.310;0.020;0;0
GBOV_RM6_1448;DeadLake;Courtney Meier;cmeier@battelleecology.org;support-copernicus-gbov@acri-st.fr;NEON;22;Evergreen Broadleaf;32.54172;-87.80389;20160406T063000Z;2.0;DELA_053;0.667;0.032;0.582;0.020;0;0
GBOV_RM6_1448;DeadLake;Courtney Meier;cmeier@battelleecology.org;support-copernicus-gbov@acri-st.fr;NEON;22;Evergreen Broadleaf;32.54172;-87.80389;20160420T061500Z;2.0;DELA_053;0.868;0.016;0.760;0.021;0;0
GBOV_RM6_1448;DeadLake;Courtney Meier;cmeier@battelleecology.org;support-copernicus-gbov@acri-st.fr;NEON;22;Evergreen Broadleaf;32.54172;-87.80389;20160504T060500Z;2.0;DELA_053;0.901;0.013;0.623;0.015;0;64
GBOV_RM6_1448;DeadLake;Courtney Meier;cmeier@battelleecology.org;support-copernicus-gbov@acri-st.fr;NEON;22;Evergreen Broadleaf;32.54172;-87.80389;20160517T050300Z;2.0;DELA_053;0.901;0.013;0.607;0.017;0;64
GBOV_RM6_1448;DeadLake;Courtney Meier;cmeier@battelleecology.org;support-copernicus-gbov@acri-st.fr;NEON;22;Evergreen Broadleaf;32.54172;-87.80389;20160531T045000Z;2.0;DELA_053;0.925;0.011;0.56;0.04;1;1
GBOV_RM6_1448;DeadLake;Courtney Meier;cmeier@battelleecology.org;support-copernicus-gbov@acri-st.fr;NEON;22;Evergreen Broadleaf;32.54172;-87.80389;20160614T050000Z;2.0;DELA_053;0.907;0.013;0.643;0.023;0;64
GBOV_RM6_1448;DeadLake;Courtney Meier;cmeier@battelleecology.org;support-copernicus-gbov@acri-st.fr;NEON;22;Evergreen Broadleaf;32.54172;-87.80389;20160629T045100Z;2.0;DELA_053;0.886;0.015;0.395;0.024;0;64
GBOV_RM6_1448;DeadLake;Courtney Meier;cmeier@battelleecology.org;support-copernicus-gbov@acri-st.fr;NEON;22;Evergreen Broadleaf;32.54172;-87.80389;20160713T055700Z;2.0;DELA_053;0.891;0.013;0.534;0.015;0;64
GBOV_RM6_1448;DeadLake;Courtney Meier;cmeier@battelleecology.org;support-copernicus-gbov@acri-st.fr;NEON;22;Evergreen Broadleaf;32.54172;-87.80389;20160728T060900Z;2.0;DELA_053;0.897;0.012;0.573;0.018;0;64
GBOV_RM6_1448;DeadLake;Courtney Meier;cmeier@battelleecology.org;support-copernicus-gbov@acri-st.fr;NEON;22;Evergreen Broadleaf;32.54172;-87.80389;20160810T061600Z;2.0;DELA_053;0.933;0.011;0.417;0.028;1;1
GBOV_RM6_1448;DeadLake;Courtney Meier;cmeier@battelleecology.org;support-copernicus-gbov@acri-st.fr;NEON;22;Evergreen Broadleaf;32.54172;-87.80389;20160824T062300Z;2.0;DELA_053;0.921;0.012;0.370;0.028;1;1
GBOV_RM6_1448;DeadLake;Courtney Meier;cmeier@battelleecology.org;support-copernicus-gbov@acri-st.fr;NEON;22;Evergreen Broadleaf;32.54172;-87.80389;20160907T063500Z;2.0;DELA_053;0.918;0.013;0.349;0.022;1;1
GBOV_RM6_1448;DeadLake;Courtney Meier;cmeier@battelleecology.org;support-copernicus-gbov@acri-st.fr;NEON;22;Evergreen Broadleaf;32.54172;-87.80389;20160921T064300Z;2.0;DELA_053;0.919;0.011;0.236;0.020;1;1
GBOV_RM6_1448;DeadLake;Courtney Meier;cmeier@battelleecology.org;support-copernicus-gbov@acri-st.fr;NEON;22;Evergreen Broadleaf;32.54172;-87.80389;20161006T065300Z;2.0;DELA_053;0.876;0.012;0.243;0.013;1;1
GBOV_RM6_1448;DeadLake;Courtney Meier;cmeier@battelleecology.org;support-copernicus-gbov@acri-st.fr;NEON;22;Evergreen Broadleaf;32.54172;-87.80389;20161020T065500Z;2.0;DELA_053;0.903;0.013;0.102;0.008;1;1
GBOV_RM6_1448;DeadLake;Courtney Meier;cmeier@battelleecology.org;support-copernicus-gbov@acri-st.fr;NEON;22;Evergreen Broadleaf;32.54172;-87.80389;20161103T065500Z;2.0;DELA_053;0.872;0.016;0.0123;0.0030;1;1
GBOV_RM6_1448;DeadLake;Courtney Meier;cmeier@battelleecology.org;support-copernicus-gbov@acri-st.fr;NEON;22;Evergreen Broadleaf;32.54172;-87.80389;20161118T075400Z;2.0;DELA_053;0.836;0.016;0.098;0.017;1;1
GBOV_RM6_1448;DeadLake;Courtney Meier;cmeier@battelleecology.org;support-copernicus-gbov@acri-st.fr;NEON;22;Evergreen Broadleaf;32.54172;-87.80389;20170315T060900Z;2.0;DELA_053;0.291;0.013;0.106;0.009;1;1
GBOV_RM6_1448;DeadLake;Courtney Meier;cmeier@battelleecology.org;support-copernicus-gbov@acri-st.fr;NEON;22;Evergreen Broadleaf;32.54172;-87.80389;20170331T065200Z;2.0;DELA_053;0.611;0.018;0.359;0.021;0;0
GBOV_RM6_1448;DeadLake;Courtney Meier;cmeier@battelleecology.org;support-copernicus-gbov@acri-st.fr;NEON;22;Evergreen Broadleaf;32.54172;-87.80389;20170411T055600Z;2.0;DELA_053;0.854;0.016;0.508;0.031;1;1
GBOV_RM6_1448;DeadLake;Courtney Meier;cmeier@battelleecology.org;support-copernicus-gbov@acri-st.fr;NEON;22;Evergreen Broadleaf;32.54172;-87.80389;20170425T063000Z;2.0;DELA_053;0.881;0.014;0.690;0.022;0;0
GBOV_RM6_1448;DeadLake;Courtney Meier;cmeier@battelleecology.org;support-copernicus-gbov@acri-st.fr;NEON;22;Evergreen Broadleaf;32.54172;-87.80389;20170512T051100Z;2.0;DELA_053;0.907;0.013;0.52;0.04;1;1
GBOV_RM6_1448;DeadLake;Courtney Meier;cmeier@battelleecology.org;support-copernicus-gbov@acri-st.fr;NEON;22;Evergreen Broadleaf;32.54172;-87.80389;20170523T052100Z;2.0;DELA_053;0.918;0.012;0.56;0.04;1;1
GBOV_RM6_1448;DeadLake;Courtney Meier;cmeier@battelleecology.org;support-copernicus-gbov@acri-st.fr;NEON;22;Evergreen Broadleaf;32.54172;-87.80389;20170606T050700Z;2.0;DELA_053;0.752;0.026;0.572;0.031;33;1
GBOV_RM6_1448;DeadLake;Courtney Meier;cmeier@battelleecology.org;support-copernicus-gbov@acri-st.fr;NEON;22;Evergreen Broadleaf;32.54172;-87.80389;20170706T061400Z;2.0;DELA_053;0.913;0.013;0.700;0.025;0;0
GBOV_RM6_1448;DeadLake;Courtney Meier;cmeier@battelleecology.org;support-copernicus-gbov@acri-st.fr;NEON;22;Evergreen Broadleaf;32.54172;-87.80389;20170719T062200Z;2.0;DELA_053;0.907;0.013;0.562;0.021;0;0
GBOV_RM6_1448;DeadLake;Courtney Meier;cmeier@battelleecology.org;support-copernicus-gbov@acri-st.fr;NEON;22;Evergreen Broadleaf;32.54172;-87.80389;20170801T062200Z;2.0;DELA_053;0.890;0.014;0.592;0.022;0;0
GBOV_RM6_1448;DeadLake;Courtney Meier;cmeier@battelleecology.org;support-copernicus-gbov@acri-st.fr;NEON;22;Evergreen Broadleaf;32.54172;-87.80389;20170816T062400Z;2.0;DELA_053;0.897;0.012;0.549;0.025;0;0
GBOV_RM6_1448;DeadLake;Courtney Meier;cmeier@battelleecology.org;support-copernicus-gbov@acri-st.fr;NEON;22;Evergreen Broadleaf;32.54172;-87.80389;20170831T053800Z;2.0;DELA_053;0.893;0.012;0.648;0.023;0;0
GBOV_RM6_1448;DeadLake;Courtney Meier;cmeier@battelleecology.org;support-copernicus-gbov@acri-st.fr;NEON;22;Evergreen Broadleaf;32.54172;-87.80389;20170913T070100Z;2.0;DELA_053;0.884;0.012;0.435;0.020;0;0
GBOV_RM6_1448;DeadLake;Courtney Meier;cmeier@battelleecology.org;support-copernicus-gbov@acri-st.fr;NEON;22;Evergreen Broadleaf;32.54172;-87.80389;20170925T071000Z;2.0;DELA_053;0.898;0.012;0.372;0.014;0;0
GBOV_RM6_1448;DeadLake;Courtney Meier;cmeier@battelleecology.org;support-copernicus-gbov@acri-st.fr;NEON;22;Evergreen Broadleaf;32.54172;-87.80389;20171010T070000Z;2.0;DELA_053;0.886;0.013;0.263;0.020;0;0
GBOV_RM6_1448;DeadLake;Courtney Meier;cmeier@battelleecology.org;support-copernicus-gbov@acri-st.fr;NEON;22;Evergreen Broadleaf;32.54172;-87.80389;20171024T060000Z;2.0;DELA_053;0.891;0.013;0.180;0.015;1;1
GBOV_RM6_1448;DeadLake;Courtney Meier;cmeier@battelleecology.org;support-copernicus-gbov@acri-st.fr;NEON;22;Evergreen Broadleaf;32.54172;-87.80389;20180314T060700Z;2.0;DELA_053;0.328;0.010;0.154;0.010;0;0
GBOV_RM6_1448;DeadLake;Courtney Meier;cmeier@battelleecology.org;support-copernicus-gbov@acri-st.fr;NEON;22;Evergreen Broadleaf;32.54172;-87.80389;20180327T060500Z;2.0;DELA_053;0.431;0.013;0.252;0.018;0;0
GBOV_RM6_1448;DeadLake;Courtney Meier;cmeier@battelleecology.org;support-copernicus-gbov@acri-st.fr;NEON;22;Evergreen Broadleaf;32.54172;-87.80389;20180411T053500Z;2.0;DELA_053;0.778;0.018;0.601;0.029;0;0
GBOV_RM6_1448;DeadLake;Courtney Meier;cmeier@battelleecology.org;support-copernicus-gbov@acri-st.fr;NEON;22;Evergreen Broadleaf;32.54172;-87.80389;20180425T051600Z;2.0;DELA_053;0.892;0.013;0.791;0.023;0;0
GBOV_RM6_1448;DeadLake;Courtney Meier;cmeier@battelleecology.org;support-copernicus-gbov@acri-st.fr;NEON;22;Evergreen Broadleaf;32.54172;-87.80389;20180510T051400Z;2.0;DELA_053;0.919;0.013;0.66;0.04;1;1
GBOV_RM6_1448;DeadLake;Courtney Meier;cmeier@battelleecology.org;support-copernicus-gbov@acri-st.fr;NEON;22;Evergreen Broadleaf;32.54172;-87.80389;20180523T045500Z;2.0;DELA_053;0.937;0.012;0.752;0.029;0;0
GBOV_RM6_1448;DeadLake;Courtney Meier;cmeier@battelleecology.org;support-copernicus-gbov@acri-st.fr;NEON;22;Evergreen Broadleaf;32.54172;-87.80389;20180605T045300Z;2.0;DELA_053;0.941;0.012;0.740;0.021;0;0
GBOV_RM6_1448;DeadLake;Courtney Meier;cmeier@battelleecology.org;support-copernicus-gbov@acri-st.fr;NEON;22;Evergreen Broadleaf;32.54172;-87.80389;20180619T044500Z;2.0;DELA_053;0.936;0.012;0.654;0.028;0;0
GBOV_RM6_1448;DeadLake;Courtney Meier;cmeier@battelleecology.org;support-copernicus-gbov@acri-st.fr;NEON;22;Evergreen Broadleaf;32.54172;-87.80389;20180703T045300Z;2.0;DELA_053;0.901;0.013;0.666;0.030;0;0
GBOV_RM6_1448;DeadLake;Courtney Meier;cmeier@battelleecology.org;support-copernicus-gbov@acri-st.fr;NEON;22;Evergreen Broadleaf;32.54172;-87.80389;20180718T050500Z;2.0;DELA_053;0.930;0.012;0.636;0.027;0;0
GBOV_RM6_1448;DeadLake;Courtney Meier;cmeier@battelleecology.org;support-copernicus-gbov@acri-st.fr;NEON;22;Evergreen Broadleaf;32.54172;-87.80389;20180801T053100Z;2.0;DELA_053;0.916;0.012;0.570;0.023;0;0
GBOV_RM6_1448;DeadLake;Courtney Meier;cmeier@battelleecology.org;support-copernicus-gbov@acri-st.fr;NEON;22;Evergreen Broadleaf;32.54172;-87.80389;20180814T052600Z;2.0;DELA_053;0.917;0.011;0.526;0.032;0;0
GBOV_RM6_1448;DeadLake;Courtney Meier;cmeier@battelleecology.org;support-copernicus-gbov@acri-st.fr;NEON;22;Evergreen Broadleaf;32.54172;-87.80389;20180828T052700Z;2.0;DELA_053;0.909;0.011;0.589;0.025;0;0
GBOV_RM6_1448;DeadLake;Courtney Meier;cmeier@battelleecology.org;support-copernicus-gbov@acri-st.fr;NEON;22;Evergreen Broadleaf;32.54172;-87.80389;20180912T053400Z;2.0;DELA_053;0.910;0.011;0.423;0.021;0;0
GBOV_RM6_1448;DeadLake;Courtney Meier;cmeier@battelleecology.org;support-copernicus-gbov@acri-st.fr;NEON;22;Evergreen Broadleaf;32.54172;-87.80389;20180925T055400Z;2.0;DELA_053;0.902;0.012;0.360;0.020;0;0
GBOV_RM6_1448;DeadLake;Courtney Meier;cmeier@battelleecology.org;support-copernicus-gbov@acri-st.fr;NEON;22;Evergreen Broadleaf;32.54172;-87.80389;20181009T060300Z;2.0;DELA_053;0.905;0.013;0.325;0.020;0;0
GBOV_RM6_1448;DeadLake;Courtney Meier;cmeier@battelleecology.org;support-copernicus-gbov@acri-st.fr;NEON;22;Evergreen Broadleaf;32.54172;-87.80389;20181023T061000Z;2.0;DELA_053;0.902;0.014;0.228;0.011;0;0
GBOV_RM6_1448;DeadLake;Courtney Meier;cmeier@battelleecology.org;support-copernicus-gbov@acri-st.fr;NEON;22;Evergreen Broadleaf;32.54172;-87.80389;20190326T063200Z;2.0;DELA_053;0.493;0.014;0.067;0.009;0;0
GBOV_RM6_1448;DeadLake;Courtney Meier;cmeier@battelleecology.org;support-copernicus-gbov@acri-st.fr;NEON;22;Evergreen Broadleaf;32.54172;-87.80389;20190409T060700Z;2.0;DELA_053;0.784;0.018;0.40;0.04;0;0
GBOV_RM6_1448;DeadLake;Courtney Meier;cmeier@battelleecology.org;support-copernicus-gbov@acri-st.fr;NEON;22;Evergreen Broadleaf;32.54172;-87.80389;20190425T064300Z;2.0;DELA_053;0.919;0.011;0.56;0.05;0;0
GBOV_RM6_1448;DeadLake;Courtney Meier;cmeier@battelleecology.org;support-copernicus-gbov@acri-st.fr;NEON;22;Evergreen Broadleaf;32.54172;-87.80389;20190508T052000Z;2.0;DELA_053;0.935;0.012;0.771;0.029;0;0
GBOV_RM6_1448;DeadLake;Courtney Meier;cmeier@battelleecology.org;support-copernicus-gbov@acri-st.fr;NEON;22;Evergreen Broadleaf;32.54172;-87.80389;20190522T051000Z;2.0;DELA_053;0.950;0.011;0.692;0.028;0;0
GBOV_RM6_1448;DeadLake;Courtney Meier;cmeier@battelleecology.org;support-copernicus-gbov@acri-st.fr;NEON;22;Evergreen Broadleaf;32.54172;-87.80389;20190605T052300Z;2.0;DELA_053;0.947;0.011;0.526;0.033;0;0
GBOV_RM6_1448;DeadLake;Courtney Meier;cmeier@battelleecology.org;support-copernicus-gbov@acri-st.fr;NEON;22;Evergreen Broadleaf;32.54172;-87.80389;20190618T051300Z;2.0;DELA_053;0.934;0.011;0.56;0.04;0;0
GBOV_RM6_1448;DeadLake;Courtney Meier;cmeier@battelleecology.org;support-copernicus-gbov@acri-st.fr;NEON;22;Evergreen Broadleaf;32.54172;-87.80389;20190702T050000Z;2.0;DELA_053;0.941;0.012;0.610;0.034;0;0
GBOV_RM6_1448;DeadLake;Courtney Meier;cmeier@battelleecology.org;support-copernicus-gbov@acri-st.fr;NEON;22;Evergreen Broadleaf;32.54172;-87.80389;20190717T051800Z;2.0;DELA_053;0.936;0.012;0.616;0.026;0;0
GBOV_RM6_1448;DeadLake;Courtney Meier;cmeier@battelleecology.org;support-copernicus-gbov@acri-st.fr;NEON;22;Evergreen Broadleaf;32.54172;-87.80389;20190731T042800Z;2.0;DELA_053;0.934;0.012;0.48;0.04;0;0
GBOV_RM6_1448;DeadLake;Courtney Meier;cmeier@battelleecology.org;support-copernicus-gbov@acri-st.fr;NEON;22;Evergreen Broadleaf;32.54172;-87.80389;20190815T053500Z;2.0;DELA_053;0.938;0.011;0.493;0.031;0;0
GBOV_RM6_1448;DeadLake;Courtney Meier;cmeier@battelleecology.org;support-copernicus-gbov@acri-st.fr;NEON;22;Evergreen Broadleaf;32.54172;-87.80389;20190829T054000Z;2.0;DELA_053;0.922;0.011;0.474;0.028;0;0
GBOV_RM6_1448;DeadLake;Courtney Meier;cmeier@battelleecology.org;support-copernicus-gbov@acri-st.fr;NEON;22;Evergreen Broadleaf;32.54172;-87.80389;20190911T054400Z;2.0;DELA_053;0.914;0.011;0.415;0.029;0;0
GBOV_RM6_1448;DeadLake;Courtney Meier;cmeier@battelleecology.org;support-copernicus-gbov@acri-st.fr;NEON;22;Evergreen Broadleaf;32.54172;-87.80389;20190926T054200Z;2.0;DELA_053;0.900;0.012;0.217;0.020;0;0
GBOV_RM6_1448;DeadLake;Courtney Meier;cmeier@battelleecology.org;support-copernicus-gbov@acri-st.fr;NEON;22;Evergreen Broadleaf;32.54172;-87.80389;20191009T055300Z;2.0;DELA_053;0.877;0.014;0.140;0.017;0;0
GBOV_RM6_1448;DeadLake;Courtney Meier;cmeier@battelleecology.org;support-copernicus-gbov@acri-st.fr;NEON;22;Evergreen Broadleaf;32.54172;-87.80389;20191023T060000Z;2.0;DELA_053;0.870;0.013;0.142;0.016;0;0
