GBOV_ID;Site;GROUND_DATA_PI;GROUND_DATA_PIs_Email;GBOV_Email;Network;Elevation;IGBP_class;Lat_IS;Lon_IS;TIME_IS;Version;PLOT_ID;FIPAR_up;FIPAR_up_err;FIPAR_down;FIPAR_down_err;up_flag;down_flag
GBOV_RM6_213;SmithsonianEnvironmentalResearchCenter;Courtney Meier;cmeier@battelleecology.org;support-copernicus-gbov@acri-st.fr;NEON;15;Croplands;38.89016;-76.5601;20150419T000000Z;2.0;SERC_053;0.356;0.012;0.009;0.005;0;0
GBOV_RM6_213;SmithsonianEnvironmentalResearchCenter;Courtney Meier;cmeier@battelleecology.org;support-copernicus-gbov@acri-st.fr;NEON;15;Croplands;38.89016;-76.5601;20150504T000000Z;2.0;SERC_053;0.898;0.021;0.193;0.024;0;0
GBOV_RM6_213;SmithsonianEnvironmentalResearchCenter;Courtney Meier;cmeier@battelleecology.org;support-copernicus-gbov@acri-st.fr;NEON;15;Croplands;38.89016;-76.5601;20150518T000000Z;2.0;SERC_053;0.949;0.014;0.35;0.05;0;16
GBOV_RM6_213;SmithsonianEnvironmentalResearchCenter;Courtney Meier;cmeier@battelleecology.org;support-copernicus-gbov@acri-st.fr;NEON;15;Croplands;38.89016;-76.5601;20150615T000000Z;2.0;SERC_053;0.949;0.015;0.24;0.05;0;0
GBOV_RM6_213;SmithsonianEnvironmentalResearchCenter;Courtney Meier;cmeier@battelleecology.org;support-copernicus-gbov@acri-st.fr;NEON;15;Croplands;38.89016;-76.5601;20150629T000000Z;2.0;SERC_053;0.725;0.035;0.428;0.018;8;8
GBOV_RM6_213;SmithsonianEnvironmentalResearchCenter;Courtney Meier;cmeier@battelleecology.org;support-copernicus-gbov@acri-st.fr;NEON;15;Croplands;38.89016;-76.5601;20150713T000000Z;2.0;SERC_053;0.961;0.011;0.19;0.05;0;0
GBOV_RM6_213;SmithsonianEnvironmentalResearchCenter;Courtney Meier;cmeier@battelleecology.org;support-copernicus-gbov@acri-st.fr;NEON;15;Croplands;38.89016;-76.5601;20150727T000000Z;2.0;SERC_053;0.967;0.012;0.29;0.05;8;16
GBOV_RM6_213;SmithsonianEnvironmentalResearchCenter;Courtney Meier;cmeier@battelleecology.org;support-copernicus-gbov@acri-st.fr;NEON;15;Croplands;38.89016;-76.5601;20150811T000000Z;2.0;SERC_053;0.926;0.020;0.31;0.04;8;0
GBOV_RM6_213;SmithsonianEnvironmentalResearchCenter;Courtney Meier;cmeier@battelleecology.org;support-copernicus-gbov@acri-st.fr;NEON;15;Croplands;38.89016;-76.5601;20150824T000000Z;2.0;SERC_053;0.853;0.035;0.37;0.04;8;16
GBOV_RM6_213;SmithsonianEnvironmentalResearchCenter;Courtney Meier;cmeier@battelleecology.org;support-copernicus-gbov@acri-st.fr;NEON;15;Croplands;38.89016;-76.5601;20150908T000000Z;2.0;SERC_053;0.969;0.011;0.396;0.030;0;0
GBOV_RM6_213;SmithsonianEnvironmentalResearchCenter;Courtney Meier;cmeier@battelleecology.org;support-copernicus-gbov@acri-st.fr;NEON;15;Croplands;38.89016;-76.5601;20150921T000000Z;2.0;SERC_053;0.963;0.011;0.330;0.023;8;8
GBOV_RM6_213;SmithsonianEnvironmentalResearchCenter;Courtney Meier;cmeier@battelleecology.org;support-copernicus-gbov@acri-st.fr;NEON;15;Croplands;38.89016;-76.5601;20151007T000000Z;2.0;SERC_053;0.952;0.012;0.311;0.023;0;0
GBOV_RM6_213;SmithsonianEnvironmentalResearchCenter;Courtney Meier;cmeier@battelleecology.org;support-copernicus-gbov@acri-st.fr;NEON;15;Croplands;38.89016;-76.5601;20151021T000000Z;2.0;SERC_053;0.907;0.019;0.219;0.023;8;0
GBOV_RM6_213;SmithsonianEnvironmentalResearchCenter;Courtney Meier;cmeier@battelleecology.org;support-copernicus-gbov@acri-st.fr;NEON;15;Croplands;38.89016;-76.5601;20151104T000000Z;2.0;SERC_053;0.851;0.020;0.039;0.005;0;0
GBOV_RM6_213;SmithsonianEnvironmentalResearchCenter;Courtney Meier;cmeier@battelleecology.org;support-copernicus-gbov@acri-st.fr;NEON;15;Croplands;38.89016;-76.5601;20160414T000000Z;2.0;SERC_053;0.342;0.013;0.022;0.006;0;0
GBOV_RM6_213;SmithsonianEnvironmentalResearchCenter;Courtney Meier;cmeier@battelleecology.org;support-copernicus-gbov@acri-st.fr;NEON;15;Croplands;38.89016;-76.5601;20160428T000000Z;2.0;SERC_053;0.815;0.018;0.112;0.026;0;0
GBOV_RM6_213;SmithsonianEnvironmentalResearchCenter;Courtney Meier;cmeier@battelleecology.org;support-copernicus-gbov@acri-st.fr;NEON;15;Croplands;38.89016;-76.5601;20160512T000000Z;2.0;SERC_053;0.959;0.011;0.258;0.027;0;0
GBOV_RM6_213;SmithsonianEnvironmentalResearchCenter;Courtney Meier;cmeier@battelleecology.org;support-copernicus-gbov@acri-st.fr;NEON;15;Croplands;38.89016;-76.5601;20160525T000000Z;2.0;SERC_053;0.967;0.012;0.445;0.027;0;16
GBOV_RM6_213;SmithsonianEnvironmentalResearchCenter;Courtney Meier;cmeier@battelleecology.org;support-copernicus-gbov@acri-st.fr;NEON;15;Croplands;38.89016;-76.5601;20160608T000000Z;2.0;SERC_053;0.83;0.04;0.55;0.04;8;16
GBOV_RM6_213;SmithsonianEnvironmentalResearchCenter;Courtney Meier;cmeier@battelleecology.org;support-copernicus-gbov@acri-st.fr;NEON;15;Croplands;38.89016;-76.5601;20160622T000000Z;2.0;SERC_053;0.970;0.012;0.483;0.030;8;0
GBOV_RM6_213;SmithsonianEnvironmentalResearchCenter;Courtney Meier;cmeier@battelleecology.org;support-copernicus-gbov@acri-st.fr;NEON;15;Croplands;38.89016;-76.5601;20160708T060300Z;2.0;SERC_053;0.960;0.012;0.478;0.031;64;0
GBOV_RM6_213;SmithsonianEnvironmentalResearchCenter;Courtney Meier;cmeier@battelleecology.org;support-copernicus-gbov@acri-st.fr;NEON;15;Croplands;38.89016;-76.5601;20160721T205100Z;2.0;SERC_053;0.975;0.010;0.34;0.04;0;0
GBOV_RM6_213;SmithsonianEnvironmentalResearchCenter;Courtney Meier;cmeier@battelleecology.org;support-copernicus-gbov@acri-st.fr;NEON;15;Croplands;38.89016;-76.5601;20160819T000000Z;2.0;SERC_053;0.968;0.011;0.247;0.033;0;16
GBOV_RM6_213;SmithsonianEnvironmentalResearchCenter;Courtney Meier;cmeier@battelleecology.org;support-copernicus-gbov@acri-st.fr;NEON;15;Croplands;38.89016;-76.5601;20160901T194300Z;2.0;SERC_053;0.963;0.011;0.395;0.025;0;0
GBOV_RM6_213;SmithsonianEnvironmentalResearchCenter;Courtney Meier;cmeier@battelleecology.org;support-copernicus-gbov@acri-st.fr;NEON;15;Croplands;38.89016;-76.5601;20160915T171900Z;2.0;SERC_053;0.959;0.011;0.170;0.020;0;0
GBOV_RM6_213;SmithsonianEnvironmentalResearchCenter;Courtney Meier;cmeier@battelleecology.org;support-copernicus-gbov@acri-st.fr;NEON;15;Croplands;38.89016;-76.5601;20161007T000000Z;2.0;SERC_053;0.950;0.013;0.266;0.014;0;0
GBOV_RM6_213;SmithsonianEnvironmentalResearchCenter;Courtney Meier;cmeier@battelleecology.org;support-copernicus-gbov@acri-st.fr;NEON;15;Croplands;38.89016;-76.5601;20161012T000000Z;2.0;SERC_053;0.926;0.014;0.382;0.013;0;0
GBOV_RM6_213;SmithsonianEnvironmentalResearchCenter;Courtney Meier;cmeier@battelleecology.org;support-copernicus-gbov@acri-st.fr;NEON;15;Croplands;38.89016;-76.5601;20161027T000000Z;2.0;SERC_053;0.916;0.016;0.102;0.016;0;0
GBOV_RM6_213;SmithsonianEnvironmentalResearchCenter;Courtney Meier;cmeier@battelleecology.org;support-copernicus-gbov@acri-st.fr;NEON;15;Croplands;38.89016;-76.5601;20170322T000000Z;2.0;SERC_053;0.374;0.010;0.0236;0.0027;0;16
GBOV_RM6_213;SmithsonianEnvironmentalResearchCenter;Courtney Meier;cmeier@battelleecology.org;support-copernicus-gbov@acri-st.fr;NEON;15;Croplands;38.89016;-76.5601;20170406T000000Z;2.0;SERC_053;0.353;0.010;0.036;0.004;0;0
GBOV_RM6_213;SmithsonianEnvironmentalResearchCenter;Courtney Meier;cmeier@battelleecology.org;support-copernicus-gbov@acri-st.fr;NEON;15;Croplands;38.89016;-76.5601;20170419T000000Z;2.0;SERC_053;0.577;0.013;0.037;0.014;0;0
GBOV_RM6_213;SmithsonianEnvironmentalResearchCenter;Courtney Meier;cmeier@battelleecology.org;support-copernicus-gbov@acri-st.fr;NEON;15;Croplands;38.89016;-76.5601;20170504T203800Z;2.0;SERC_053;0.956;0.012;0.376;0.016;0;0
GBOV_RM6_213;SmithsonianEnvironmentalResearchCenter;Courtney Meier;cmeier@battelleecology.org;support-copernicus-gbov@acri-st.fr;NEON;15;Croplands;38.89016;-76.5601;20170524T181300Z;2.0;SERC_053;0.961;0.010;0.212;0.024;0;0
GBOV_RM6_213;SmithsonianEnvironmentalResearchCenter;Courtney Meier;cmeier@battelleecology.org;support-copernicus-gbov@acri-st.fr;NEON;15;Croplands;38.89016;-76.5601;20170603T140600Z;2.0;SERC_053;0.968;0.012;0.162;0.032;0;0
GBOV_RM6_213;SmithsonianEnvironmentalResearchCenter;Courtney Meier;cmeier@battelleecology.org;support-copernicus-gbov@acri-st.fr;NEON;15;Croplands;38.89016;-76.5601;20170616T035800Z;2.0;SERC_053;0.971;0.010;0.237;0.028;0;0
GBOV_RM6_213;SmithsonianEnvironmentalResearchCenter;Courtney Meier;cmeier@battelleecology.org;support-copernicus-gbov@acri-st.fr;NEON;15;Croplands;38.89016;-76.5601;20170628T202200Z;2.0;SERC_053;0.970;0.011;0.27;0.04;0;0
GBOV_RM6_213;SmithsonianEnvironmentalResearchCenter;Courtney Meier;cmeier@battelleecology.org;support-copernicus-gbov@acri-st.fr;NEON;15;Croplands;38.89016;-76.5601;20170711T000000Z;2.0;SERC_053;0.970;0.010;0.332;0.012;0;0
GBOV_RM6_213;SmithsonianEnvironmentalResearchCenter;Courtney Meier;cmeier@battelleecology.org;support-copernicus-gbov@acri-st.fr;NEON;15;Croplands;38.89016;-76.5601;20170731T000000Z;2.0;SERC_053;0.966;0.010;0.256;0.021;0;0
GBOV_RM6_213;SmithsonianEnvironmentalResearchCenter;Courtney Meier;cmeier@battelleecology.org;support-copernicus-gbov@acri-st.fr;NEON;15;Croplands;38.89016;-76.5601;20170809T000000Z;2.0;SERC_053;0.967;0.011;0.371;0.013;0;0
GBOV_RM6_213;SmithsonianEnvironmentalResearchCenter;Courtney Meier;cmeier@battelleecology.org;support-copernicus-gbov@acri-st.fr;NEON;15;Croplands;38.89016;-76.5601;20170829T000000Z;2.0;SERC_053;0.963;0.011;0.145;0.019;0;0
GBOV_RM6_213;SmithsonianEnvironmentalResearchCenter;Courtney Meier;cmeier@battelleecology.org;support-copernicus-gbov@acri-st.fr;NEON;15;Croplands;38.89016;-76.5601;20170906T000000Z;2.0;SERC_053;0.964;0.011;0.144;0.024;0;0
GBOV_RM6_213;SmithsonianEnvironmentalResearchCenter;Courtney Meier;cmeier@battelleecology.org;support-copernicus-gbov@acri-st.fr;NEON;15;Croplands;38.89016;-76.5601;20170921T000000Z;2.0;SERC_053;0.962;0.011;0.217;0.024;0;0
GBOV_RM6_213;SmithsonianEnvironmentalResearchCenter;Courtney Meier;cmeier@battelleecology.org;support-copernicus-gbov@acri-st.fr;NEON;15;Croplands;38.89016;-76.5601;20171003T000000Z;2.0;SERC_053;0.950;0.012;0.196;0.016;0;0
GBOV_RM6_213;SmithsonianEnvironmentalResearchCenter;Courtney Meier;cmeier@battelleecology.org;support-copernicus-gbov@acri-st.fr;NEON;15;Croplands;38.89016;-76.5601;20171018T000000Z;2.0;SERC_053;0.917;0.014;0.211;0.012;0;0
GBOV_RM6_213;SmithsonianEnvironmentalResearchCenter;Courtney Meier;cmeier@battelleecology.org;support-copernicus-gbov@acri-st.fr;NEON;15;Croplands;38.89016;-76.5601;20180323T000000Z;2.0;SERC_053;0.366;0.011;0.0103;0.0030;0;0
GBOV_RM6_213;SmithsonianEnvironmentalResearchCenter;Courtney Meier;cmeier@battelleecology.org;support-copernicus-gbov@acri-st.fr;NEON;15;Croplands;38.89016;-76.5601;20180403T000000Z;2.0;SERC_053;0.351;0.012;0.0029;0.0013;0;0
GBOV_RM6_213;SmithsonianEnvironmentalResearchCenter;Courtney Meier;cmeier@battelleecology.org;support-copernicus-gbov@acri-st.fr;NEON;15;Croplands;38.89016;-76.5601;20180503T000000Z;2.0;SERC_053;0.902;0.016;0.114;0.010;1;0
GBOV_RM6_213;SmithsonianEnvironmentalResearchCenter;Courtney Meier;cmeier@battelleecology.org;support-copernicus-gbov@acri-st.fr;NEON;15;Croplands;38.89016;-76.5601;20180613T000000Z;2.0;SERC_053;0.971;0.010;0.232;0.032;0;0
GBOV_RM6_213;SmithsonianEnvironmentalResearchCenter;Courtney Meier;cmeier@battelleecology.org;support-copernicus-gbov@acri-st.fr;NEON;15;Croplands;38.89016;-76.5601;20180627T000000Z;2.0;SERC_053;0.969;0.011;0.136;0.034;0;0
GBOV_RM6_213;SmithsonianEnvironmentalResearchCenter;Courtney Meier;cmeier@battelleecology.org;support-copernicus-gbov@acri-st.fr;NEON;15;Croplands;38.89016;-76.5601;20180712T000000Z;2.0;SERC_053;0.965;0.012;0.302;0.033;0;0
GBOV_RM6_213;SmithsonianEnvironmentalResearchCenter;Courtney Meier;cmeier@battelleecology.org;support-copernicus-gbov@acri-st.fr;NEON;15;Croplands;38.89016;-76.5601;20180726T000000Z;2.0;SERC_053;0.960;0.012;0.269;0.028;0;0
GBOV_RM6_213;SmithsonianEnvironmentalResearchCenter;Courtney Meier;cmeier@battelleecology.org;support-copernicus-gbov@acri-st.fr;NEON;15;Croplands;38.89016;-76.5601;20180806T000000Z;2.0;SERC_053;0.964;0.011;0.207;0.030;0;0
GBOV_RM6_213;SmithsonianEnvironmentalResearchCenter;Courtney Meier;cmeier@battelleecology.org;support-copernicus-gbov@acri-st.fr;NEON;15;Croplands;38.89016;-76.5601;20180823T000000Z;2.0;SERC_053;0.963;0.011;0.304;0.019;0;0
GBOV_RM6_213;SmithsonianEnvironmentalResearchCenter;Courtney Meier;cmeier@battelleecology.org;support-copernicus-gbov@acri-st.fr;NEON;15;Croplands;38.89016;-76.5601;20180906T000000Z;2.0;SERC_053;0.954;0.011;0.352;0.020;0;64
GBOV_RM6_213;SmithsonianEnvironmentalResearchCenter;Courtney Meier;cmeier@battelleecology.org;support-copernicus-gbov@acri-st.fr;NEON;15;Croplands;38.89016;-76.5601;20180920T000000Z;2.0;SERC_053;0.934;0.012;0.115;0.015;0;0
GBOV_RM6_213;SmithsonianEnvironmentalResearchCenter;Courtney Meier;cmeier@battelleecology.org;support-copernicus-gbov@acri-st.fr;NEON;15;Croplands;38.89016;-76.5601;20181004T000000Z;2.0;SERC_053;-999;-999;0.087;0.011;-999;0
GBOV_RM6_213;SmithsonianEnvironmentalResearchCenter;Courtney Meier;cmeier@battelleecology.org;support-copernicus-gbov@acri-st.fr;NEON;15;Croplands;38.89016;-76.5601;20181018T000000Z;2.0;SERC_053;0.862;0.015;0.159;0.007;0;0
GBOV_RM6_213;SmithsonianEnvironmentalResearchCenter;Courtney Meier;cmeier@battelleecology.org;support-copernicus-gbov@acri-st.fr;NEON;15;Croplands;38.89016;-76.5601;20190404T173800Z;2.0;SERC_053;0.312;0.013;0.0020;0.0004;0;0
GBOV_RM6_213;SmithsonianEnvironmentalResearchCenter;Courtney Meier;cmeier@battelleecology.org;support-copernicus-gbov@acri-st.fr;NEON;15;Croplands;38.89016;-76.5601;20190416T063200Z;2.0;SERC_053;0.491;0.018;0.013;0.004;0;0
GBOV_RM6_213;SmithsonianEnvironmentalResearchCenter;Courtney Meier;cmeier@battelleecology.org;support-copernicus-gbov@acri-st.fr;NEON;15;Croplands;38.89016;-76.5601;20190430T173300Z;2.0;SERC_053;0.945;0.012;0.319;0.025;0;0
GBOV_RM6_213;SmithsonianEnvironmentalResearchCenter;Courtney Meier;cmeier@battelleecology.org;support-copernicus-gbov@acri-st.fr;NEON;15;Croplands;38.89016;-76.5601;20190611T201100Z;2.0;SERC_053;0.965;0.013;0.201;0.032;0;0
GBOV_RM6_213;SmithsonianEnvironmentalResearchCenter;Courtney Meier;cmeier@battelleecology.org;support-copernicus-gbov@acri-st.fr;NEON;15;Croplands;38.89016;-76.5601;20190624T174800Z;2.0;SERC_053;0.958;0.012;0.100;0.027;0;0
GBOV_RM6_213;SmithsonianEnvironmentalResearchCenter;Courtney Meier;cmeier@battelleecology.org;support-copernicus-gbov@acri-st.fr;NEON;15;Croplands;38.89016;-76.5601;20190709T030100Z;2.0;SERC_053;0.968;0.011;0.244;0.029;0;0
GBOV_RM6_213;SmithsonianEnvironmentalResearchCenter;Courtney Meier;cmeier@battelleecology.org;support-copernicus-gbov@acri-st.fr;NEON;15;Croplands;38.89016;-76.5601;20190724T024700Z;2.0;SERC_053;0.951;0.016;0.226;0.023;0;0
GBOV_RM6_213;SmithsonianEnvironmentalResearchCenter;Courtney Meier;cmeier@battelleecology.org;support-copernicus-gbov@acri-st.fr;NEON;15;Croplands;38.89016;-76.5601;20190806T185500Z;2.0;SERC_053;0.968;0.011;0.210;0.015;0;0
GBOV_RM6_213;SmithsonianEnvironmentalResearchCenter;Courtney Meier;cmeier@battelleecology.org;support-copernicus-gbov@acri-st.fr;NEON;15;Croplands;38.89016;-76.5601;20190820T164400Z;2.0;SERC_053;0.956;0.012;0.119;0.021;0;8
GBOV_RM6_213;SmithsonianEnvironmentalResearchCenter;Courtney Meier;cmeier@battelleecology.org;support-copernicus-gbov@acri-st.fr;NEON;15;Croplands;38.89016;-76.5601;20190903T185200Z;2.0;SERC_053;0.961;0.011;0.216;0.013;0;0
GBOV_RM6_213;SmithsonianEnvironmentalResearchCenter;Courtney Meier;cmeier@battelleecology.org;support-copernicus-gbov@acri-st.fr;NEON;15;Croplands;38.89016;-76.5601;20190917T135500Z;2.0;SERC_053;0.936;0.013;0.057;0.017;0;0
GBOV_RM6_213;SmithsonianEnvironmentalResearchCenter;Courtney Meier;cmeier@battelleecology.org;support-copernicus-gbov@acri-st.fr;NEON;15;Croplands;38.89016;-76.5601;20191001T173000Z;2.0;SERC_053;0.937;0.011;0.078;0.010;0;0
GBOV_RM6_213;SmithsonianEnvironmentalResearchCenter;Courtney Meier;cmeier@battelleecology.org;support-copernicus-gbov@acri-st.fr;NEON;15;Croplands;38.89016;-76.5601;20191015T180400Z;2.0;SERC_053;0.886;0.014;0.112;0.007;0;0
GBOV_RM6_213;SmithsonianEnvironmentalResearchCenter;Courtney Meier;cmeier@battelleecology.org;support-copernicus-gbov@acri-st.fr;NEON;15;Croplands;38.89016;-76.5601;20191029T074200Z;2.0;SERC_053;0.849;0.020;0.030;0.005;0;0
