GBOV_ID;Site;GROUND_DATA_PI;GROUND_DATA_PIs_Email;GBOV_Email;Network;Elevation;IGBP_class;Lat_IS;Lon_IS;TIME_IS;Version;PLOT_ID;FIPAR_up;FIPAR_up_err;FIPAR_down;FIPAR_down_err;up_flag;down_flag
GBOV_RM6_1057;Underc;Courtney Meier;cmeier@battelleecology.org;support-copernicus-gbov@acri-st.fr;NEON;518;Mixed Forest;46.233959;-89.53751;20150902T000000Z;2.0;UNDE_057;0.874;0.022;0.46;0.05;0;0
GBOV_RM6_1057;Underc;Courtney Meier;cmeier@battelleecology.org;support-copernicus-gbov@acri-st.fr;NEON;518;Mixed Forest;46.233959;-89.53751;20150915T000000Z;2.0;UNDE_057;0.876;0.015;-999;-999;0;-999
GBOV_RM6_1057;Underc;Courtney Meier;cmeier@battelleecology.org;support-copernicus-gbov@acri-st.fr;NEON;518;Mixed Forest;46.233959;-89.53751;20150930T000000Z;2.0;UNDE_057;0.839;0.016;0.217;0.024;0;0
GBOV_RM6_1057;Underc;Courtney Meier;cmeier@battelleecology.org;support-copernicus-gbov@acri-st.fr;NEON;518;Mixed Forest;46.233959;-89.53751;20151015T000000Z;2.0;UNDE_057;0.780;0.020;0.080;0.012;32;0
GBOV_RM6_1057;Underc;Courtney Meier;cmeier@battelleecology.org;support-copernicus-gbov@acri-st.fr;NEON;518;Mixed Forest;46.233959;-89.53751;20151027T000000Z;2.0;UNDE_057;0.755;0.019;0.050;0.007;0;0
GBOV_RM6_1057;Underc;Courtney Meier;cmeier@battelleecology.org;support-copernicus-gbov@acri-st.fr;NEON;518;Mixed Forest;46.233959;-89.53751;20160510T000000Z;2.0;UNDE_057;0.550;0.028;0.114;0.016;0;0
GBOV_RM6_1057;Underc;Courtney Meier;cmeier@battelleecology.org;support-copernicus-gbov@acri-st.fr;NEON;518;Mixed Forest;46.233959;-89.53751;20160523T000000Z;2.0;UNDE_057;0.730;0.023;0.162;0.020;0;0
GBOV_RM6_1057;Underc;Courtney Meier;cmeier@battelleecology.org;support-copernicus-gbov@acri-st.fr;NEON;518;Mixed Forest;46.233959;-89.53751;20160607T000000Z;2.0;UNDE_057;0.854;0.020;0.42;0.05;0;32
GBOV_RM6_1057;Underc;Courtney Meier;cmeier@battelleecology.org;support-copernicus-gbov@acri-st.fr;NEON;518;Mixed Forest;46.233959;-89.53751;20160621T000000Z;2.0;UNDE_057;0.857;0.023;0.68;0.04;0;0
GBOV_RM6_1057;Underc;Courtney Meier;cmeier@battelleecology.org;support-copernicus-gbov@acri-st.fr;NEON;518;Mixed Forest;46.233959;-89.53751;20160706T000000Z;2.0;UNDE_057;0.852;0.025;0.684;0.034;0;0
GBOV_RM6_1057;Underc;Courtney Meier;cmeier@battelleecology.org;support-copernicus-gbov@acri-st.fr;NEON;518;Mixed Forest;46.233959;-89.53751;20160720T000000Z;2.0;UNDE_057;0.874;0.022;0.57;0.06;0;16
GBOV_RM6_1057;Underc;Courtney Meier;cmeier@battelleecology.org;support-copernicus-gbov@acri-st.fr;NEON;518;Mixed Forest;46.233959;-89.53751;20160802T000000Z;2.0;UNDE_057;0.873;0.022;0.53;0.04;0;0
GBOV_RM6_1057;Underc;Courtney Meier;cmeier@battelleecology.org;support-copernicus-gbov@acri-st.fr;NEON;518;Mixed Forest;46.233959;-89.53751;20160819T000000Z;2.0;UNDE_057;0.851;0.026;0.61;0.04;0;8
GBOV_RM6_1057;Underc;Courtney Meier;cmeier@battelleecology.org;support-copernicus-gbov@acri-st.fr;NEON;518;Mixed Forest;46.233959;-89.53751;20160829T000000Z;2.0;UNDE_057;0.871;0.018;0.58;0.04;0;0
GBOV_RM6_1057;Underc;Courtney Meier;cmeier@battelleecology.org;support-copernicus-gbov@acri-st.fr;NEON;518;Mixed Forest;46.233959;-89.53751;20161010T000000Z;2.0;UNDE_057;0.707;0.018;0.177;0.018;0;0
GBOV_RM6_1057;Underc;Courtney Meier;cmeier@battelleecology.org;support-copernicus-gbov@acri-st.fr;NEON;518;Mixed Forest;46.233959;-89.53751;20170510T000000Z;2.0;UNDE_057;0.516;0.029;0.151;0.016;0;0
GBOV_RM6_1057;Underc;Courtney Meier;cmeier@battelleecology.org;support-copernicus-gbov@acri-st.fr;NEON;518;Mixed Forest;46.233959;-89.53751;20170523T000000Z;2.0;UNDE_057;0.581;0.029;0.184;0.029;0;0
GBOV_RM6_1057;Underc;Courtney Meier;cmeier@battelleecology.org;support-copernicus-gbov@acri-st.fr;NEON;518;Mixed Forest;46.233959;-89.53751;20170606T000000Z;2.0;UNDE_057;0.870;0.019;0.604;0.032;0;0
GBOV_RM6_1057;Underc;Courtney Meier;cmeier@battelleecology.org;support-copernicus-gbov@acri-st.fr;NEON;518;Mixed Forest;46.233959;-89.53751;20170619T000000Z;2.0;UNDE_057;0.877;0.018;0.61;0.05;0;0
GBOV_RM6_1057;Underc;Courtney Meier;cmeier@battelleecology.org;support-copernicus-gbov@acri-st.fr;NEON;518;Mixed Forest;46.233959;-89.53751;20170705T000000Z;2.0;UNDE_057;0.879;0.018;0.63;0.06;0;0
GBOV_RM6_1057;Underc;Courtney Meier;cmeier@battelleecology.org;support-copernicus-gbov@acri-st.fr;NEON;518;Mixed Forest;46.233959;-89.53751;20170718T000000Z;2.0;UNDE_057;0.881;0.018;0.58;0.07;0;0
GBOV_RM6_1057;Underc;Courtney Meier;cmeier@battelleecology.org;support-copernicus-gbov@acri-st.fr;NEON;518;Mixed Forest;46.233959;-89.53751;20170801T000000Z;2.0;UNDE_057;0.883;0.016;0.60;0.06;0;8
GBOV_RM6_1057;Underc;Courtney Meier;cmeier@battelleecology.org;support-copernicus-gbov@acri-st.fr;NEON;518;Mixed Forest;46.233959;-89.53751;20170815T000000Z;2.0;UNDE_057;0.886;0.016;0.66;0.05;0;0
GBOV_RM6_1057;Underc;Courtney Meier;cmeier@battelleecology.org;support-copernicus-gbov@acri-st.fr;NEON;518;Mixed Forest;46.233959;-89.53751;20170913T000000Z;2.0;UNDE_057;0.842;0.017;0.42;0.04;0;0
GBOV_RM6_1057;Underc;Courtney Meier;cmeier@battelleecology.org;support-copernicus-gbov@acri-st.fr;NEON;518;Mixed Forest;46.233959;-89.53751;20170926T090000Z;2.0;UNDE_057;0.804;0.021;0.231;0.021;0;0
GBOV_RM6_1057;Underc;Courtney Meier;cmeier@battelleecology.org;support-copernicus-gbov@acri-st.fr;NEON;518;Mixed Forest;46.233959;-89.53751;20171012T000000Z;2.0;UNDE_057;0.820;0.016;0.253;0.022;0;0
GBOV_RM6_1057;Underc;Courtney Meier;cmeier@battelleecology.org;support-copernicus-gbov@acri-st.fr;NEON;518;Mixed Forest;46.233959;-89.53751;20180508T000000Z;2.0;UNDE_057;0.515;0.029;0.046;0.009;0;0
GBOV_RM6_1057;Underc;Courtney Meier;cmeier@battelleecology.org;support-copernicus-gbov@acri-st.fr;NEON;518;Mixed Forest;46.233959;-89.53751;20180524T000000Z;2.0;UNDE_057;0.756;0.020;0.179;0.029;0;0
GBOV_RM6_1057;Underc;Courtney Meier;cmeier@battelleecology.org;support-copernicus-gbov@acri-st.fr;NEON;518;Mixed Forest;46.233959;-89.53751;20180606T000000Z;2.0;UNDE_057;0.866;0.018;0.52;0.05;0;0
GBOV_RM6_1057;Underc;Courtney Meier;cmeier@battelleecology.org;support-copernicus-gbov@acri-st.fr;NEON;518;Mixed Forest;46.233959;-89.53751;20180619T000000Z;2.0;UNDE_057;0.846;0.022;0.57;0.06;0;0
GBOV_RM6_1057;Underc;Courtney Meier;cmeier@battelleecology.org;support-copernicus-gbov@acri-st.fr;NEON;518;Mixed Forest;46.233959;-89.53751;20180703T000000Z;2.0;UNDE_057;0.854;0.019;0.63;0.06;0;0
GBOV_RM6_1057;Underc;Courtney Meier;cmeier@battelleecology.org;support-copernicus-gbov@acri-st.fr;NEON;518;Mixed Forest;46.233959;-89.53751;20180718T000000Z;2.0;UNDE_057;0.834;0.025;0.67;0.05;0;0
GBOV_RM6_1057;Underc;Courtney Meier;cmeier@battelleecology.org;support-copernicus-gbov@acri-st.fr;NEON;518;Mixed Forest;46.233959;-89.53751;20180731T000000Z;2.0;UNDE_057;0.850;0.021;0.67;0.05;0;0
GBOV_RM6_1057;Underc;Courtney Meier;cmeier@battelleecology.org;support-copernicus-gbov@acri-st.fr;NEON;518;Mixed Forest;46.233959;-89.53751;20180815T000000Z;2.0;UNDE_057;0.859;0.020;0.61;0.06;0;0
GBOV_RM6_1057;Underc;Courtney Meier;cmeier@battelleecology.org;support-copernicus-gbov@acri-st.fr;NEON;518;Mixed Forest;46.233959;-89.53751;20180830T000000Z;2.0;UNDE_057;0.849;0.020;0.66;0.04;0;0
GBOV_RM6_1057;Underc;Courtney Meier;cmeier@battelleecology.org;support-copernicus-gbov@acri-st.fr;NEON;518;Mixed Forest;46.233959;-89.53751;20180911T063800Z;2.0;UNDE_057;0.832;0.021;0.41;0.05;0;0
GBOV_RM6_1057;Underc;Courtney Meier;cmeier@battelleecology.org;support-copernicus-gbov@acri-st.fr;NEON;518;Mixed Forest;46.233959;-89.53751;20180925T140600Z;2.0;UNDE_057;0.824;0.021;0.240;0.023;0;0
GBOV_RM6_1057;Underc;Courtney Meier;cmeier@battelleecology.org;support-copernicus-gbov@acri-st.fr;NEON;518;Mixed Forest;46.233959;-89.53751;20181011T103800Z;2.0;UNDE_057;0.828;0.016;0.106;0.012;0;0
GBOV_RM6_1057;Underc;Courtney Meier;cmeier@battelleecology.org;support-copernicus-gbov@acri-st.fr;NEON;518;Mixed Forest;46.233959;-89.53751;20190508T113200Z;2.0;UNDE_057;0.499;0.029;0.049;0.011;0;0
GBOV_RM6_1057;Underc;Courtney Meier;cmeier@battelleecology.org;support-copernicus-gbov@acri-st.fr;NEON;518;Mixed Forest;46.233959;-89.53751;20190522T100400Z;2.0;UNDE_057;0.495;0.027;0.111;0.020;0;0
GBOV_RM6_1057;Underc;Courtney Meier;cmeier@battelleecology.org;support-copernicus-gbov@acri-st.fr;NEON;518;Mixed Forest;46.233959;-89.53751;20190603T143300Z;2.0;UNDE_057;0.697;0.024;0.21;0.04;0;0
GBOV_RM6_1057;Underc;Courtney Meier;cmeier@battelleecology.org;support-copernicus-gbov@acri-st.fr;NEON;518;Mixed Forest;46.233959;-89.53751;20190619T155100Z;2.0;UNDE_057;0.834;0.018;0.50;0.06;0;0
GBOV_RM6_1057;Underc;Courtney Meier;cmeier@battelleecology.org;support-copernicus-gbov@acri-st.fr;NEON;518;Mixed Forest;46.233959;-89.53751;20190630T131300Z;2.0;UNDE_057;0.842;0.023;0.56;0.08;0;0
GBOV_RM6_1057;Underc;Courtney Meier;cmeier@battelleecology.org;support-copernicus-gbov@acri-st.fr;NEON;518;Mixed Forest;46.233959;-89.53751;20190717T171200Z;2.0;UNDE_057;0.826;0.020;0.57;0.06;0;0
GBOV_RM6_1057;Underc;Courtney Meier;cmeier@battelleecology.org;support-copernicus-gbov@acri-st.fr;NEON;518;Mixed Forest;46.233959;-89.53751;20190730T061700Z;2.0;UNDE_057;0.835;0.021;0.64;0.05;0;0
GBOV_RM6_1057;Underc;Courtney Meier;cmeier@battelleecology.org;support-copernicus-gbov@acri-st.fr;NEON;518;Mixed Forest;46.233959;-89.53751;20190813T121800Z;2.0;UNDE_057;0.847;0.019;0.60;0.05;0;0
GBOV_RM6_1057;Underc;Courtney Meier;cmeier@battelleecology.org;support-copernicus-gbov@acri-st.fr;NEON;518;Mixed Forest;46.233959;-89.53751;20190826T125000Z;2.0;UNDE_057;0.872;0.016;0.54;0.05;0;0
GBOV_RM6_1057;Underc;Courtney Meier;cmeier@battelleecology.org;support-copernicus-gbov@acri-st.fr;NEON;518;Mixed Forest;46.233959;-89.53751;20190909T133900Z;2.0;UNDE_057;0.866;0.016;0.49;0.04;0;0
GBOV_RM6_1057;Underc;Courtney Meier;cmeier@battelleecology.org;support-copernicus-gbov@acri-st.fr;NEON;518;Mixed Forest;46.233959;-89.53751;20190923T092500Z;2.0;UNDE_057;0.790;0.019;0.267;0.027;0;0
GBOV_RM6_1057;Underc;Courtney Meier;cmeier@battelleecology.org;support-copernicus-gbov@acri-st.fr;NEON;518;Mixed Forest;46.233959;-89.53751;20191008T174900Z;2.0;UNDE_057;0.771;0.019;0.263;0.018;0;0
