GBOV_ID;Site;GROUND_DATA_PI;GROUND_DATA_PIs_Email;GBOV_Email;Network;Elevation;IGBP_class;Lat_IS;Lon_IS;TIME_IS;Version;PLOT_ID;FIPAR_up;FIPAR_up_err;FIPAR_down;FIPAR_down_err;up_flag;down_flag
GBOV_RM6_795;BartlettExperimentalForest;Courtney Meier;cmeier@battelleecology.org;support-copernicus-gbov@acri-st.fr;NEON;232;Mixed Forest;44.063901;-71.287308;20140508T000000Z;2.0;BART_034;0.668;0.025;0.042;0.008;0;0
GBOV_RM6_795;BartlettExperimentalForest;Courtney Meier;cmeier@battelleecology.org;support-copernicus-gbov@acri-st.fr;NEON;232;Mixed Forest;44.063901;-71.287308;20140521T000000Z;2.0;BART_034;0.840;0.020;0.233;0.031;0;0
GBOV_RM6_795;BartlettExperimentalForest;Courtney Meier;cmeier@battelleecology.org;support-copernicus-gbov@acri-st.fr;NEON;232;Mixed Forest;44.063901;-71.287308;20140604T000000Z;2.0;BART_034;0.904;0.017;0.22;0.04;0;0
GBOV_RM6_795;BartlettExperimentalForest;Courtney Meier;cmeier@battelleecology.org;support-copernicus-gbov@acri-st.fr;NEON;232;Mixed Forest;44.063901;-71.287308;20140619T000000Z;2.0;BART_034;0.919;0.017;0.33;0.04;0;0
GBOV_RM6_795;BartlettExperimentalForest;Courtney Meier;cmeier@battelleecology.org;support-copernicus-gbov@acri-st.fr;NEON;232;Mixed Forest;44.063901;-71.287308;20140702T000000Z;2.0;BART_034;0.907;0.018;0.29;0.04;0;0
GBOV_RM6_795;BartlettExperimentalForest;Courtney Meier;cmeier@battelleecology.org;support-copernicus-gbov@acri-st.fr;NEON;232;Mixed Forest;44.063901;-71.287308;20140716T000000Z;2.0;BART_034;0.921;0.016;0.20;0.04;0;0
GBOV_RM6_795;BartlettExperimentalForest;Courtney Meier;cmeier@battelleecology.org;support-copernicus-gbov@acri-st.fr;NEON;232;Mixed Forest;44.063901;-71.287308;20140812T000000Z;2.0;BART_034;0.930;0.014;0.180;0.025;0;0
GBOV_RM6_795;BartlettExperimentalForest;Courtney Meier;cmeier@battelleecology.org;support-copernicus-gbov@acri-st.fr;NEON;232;Mixed Forest;44.063901;-71.287308;20140826T000000Z;2.0;BART_034;0.930;0.012;0.404;0.019;0;0
GBOV_RM6_795;BartlettExperimentalForest;Courtney Meier;cmeier@battelleecology.org;support-copernicus-gbov@acri-st.fr;NEON;232;Mixed Forest;44.063901;-71.287308;20140910T000000Z;2.0;BART_034;0.956;0.011;0.217;0.030;0;0
GBOV_RM6_795;BartlettExperimentalForest;Courtney Meier;cmeier@battelleecology.org;support-copernicus-gbov@acri-st.fr;NEON;232;Mixed Forest;44.063901;-71.287308;20140924T000000Z;2.0;BART_034;0.936;0.013;0.335;0.016;64;0
GBOV_RM6_795;BartlettExperimentalForest;Courtney Meier;cmeier@battelleecology.org;support-copernicus-gbov@acri-st.fr;NEON;232;Mixed Forest;44.063901;-71.287308;20141009T000000Z;2.0;BART_034;0.951;0.012;0.212;0.024;0;0
GBOV_RM6_795;BartlettExperimentalForest;Courtney Meier;cmeier@battelleecology.org;support-copernicus-gbov@acri-st.fr;NEON;232;Mixed Forest;44.063901;-71.287308;20150519T000000Z;2.0;BART_034;0.880;0.016;0.070;0.016;0;0
GBOV_RM6_795;BartlettExperimentalForest;Courtney Meier;cmeier@battelleecology.org;support-copernicus-gbov@acri-st.fr;NEON;232;Mixed Forest;44.063901;-71.287308;20150602T000000Z;2.0;BART_034;0.892;0.018;0.144;0.035;0;0
GBOV_RM6_795;BartlettExperimentalForest;Courtney Meier;cmeier@battelleecology.org;support-copernicus-gbov@acri-st.fr;NEON;232;Mixed Forest;44.063901;-71.287308;20150616T000000Z;2.0;BART_034;0.900;0.020;0.18;0.06;1;9
GBOV_RM6_795;BartlettExperimentalForest;Courtney Meier;cmeier@battelleecology.org;support-copernicus-gbov@acri-st.fr;NEON;232;Mixed Forest;44.063901;-71.287308;20150628T000000Z;2.0;BART_034;0.906;0.016;0.17;0.04;0;0
GBOV_RM6_795;BartlettExperimentalForest;Courtney Meier;cmeier@battelleecology.org;support-copernicus-gbov@acri-st.fr;NEON;232;Mixed Forest;44.063901;-71.287308;20150714T000000Z;2.0;BART_034;0.907;0.018;0.20;0.04;8;0
GBOV_RM6_795;BartlettExperimentalForest;Courtney Meier;cmeier@battelleecology.org;support-copernicus-gbov@acri-st.fr;NEON;232;Mixed Forest;44.063901;-71.287308;20150729T000000Z;2.0;BART_034;0.905;0.018;0.144;0.023;8;0
GBOV_RM6_795;BartlettExperimentalForest;Courtney Meier;cmeier@battelleecology.org;support-copernicus-gbov@acri-st.fr;NEON;232;Mixed Forest;44.063901;-71.287308;20150811T000000Z;2.0;BART_034;0.928;0.014;0.282;0.025;0;0
GBOV_RM6_795;BartlettExperimentalForest;Courtney Meier;cmeier@battelleecology.org;support-copernicus-gbov@acri-st.fr;NEON;232;Mixed Forest;44.063901;-71.287308;20150827T000000Z;2.0;BART_034;0.937;0.013;0.248;0.019;8;0
GBOV_RM6_795;BartlettExperimentalForest;Courtney Meier;cmeier@battelleecology.org;support-copernicus-gbov@acri-st.fr;NEON;232;Mixed Forest;44.063901;-71.287308;20150909T000000Z;2.0;BART_034;0.953;0.012;0.221;0.020;8;0
GBOV_RM6_795;BartlettExperimentalForest;Courtney Meier;cmeier@battelleecology.org;support-copernicus-gbov@acri-st.fr;NEON;232;Mixed Forest;44.063901;-71.287308;20150922T000000Z;2.0;BART_034;0.960;0.011;0.232;0.018;8;0
GBOV_RM6_795;BartlettExperimentalForest;Courtney Meier;cmeier@battelleecology.org;support-copernicus-gbov@acri-st.fr;NEON;232;Mixed Forest;44.063901;-71.287308;20151005T000000Z;2.0;BART_034;0.971;0.011;0.224;0.027;0;0
GBOV_RM6_795;BartlettExperimentalForest;Courtney Meier;cmeier@battelleecology.org;support-copernicus-gbov@acri-st.fr;NEON;232;Mixed Forest;44.063901;-71.287308;20151019T000000Z;2.0;BART_034;0.950;0.011;0.195;0.025;8;0
GBOV_RM6_795;BartlettExperimentalForest;Courtney Meier;cmeier@battelleecology.org;support-copernicus-gbov@acri-st.fr;NEON;232;Mixed Forest;44.063901;-71.287308;20160517T000000Z;2.0;BART_034;0.646;0.025;0.180;0.017;0;0
GBOV_RM6_795;BartlettExperimentalForest;Courtney Meier;cmeier@battelleecology.org;support-copernicus-gbov@acri-st.fr;NEON;232;Mixed Forest;44.063901;-71.287308;20160601T000000Z;2.0;BART_034;0.890;0.022;0.286;0.023;0;32
GBOV_RM6_795;BartlettExperimentalForest;Courtney Meier;cmeier@battelleecology.org;support-copernicus-gbov@acri-st.fr;NEON;232;Mixed Forest;44.063901;-71.287308;20160614T000000Z;2.0;BART_034;0.923;0.015;0.161;0.029;0;0
GBOV_RM6_795;BartlettExperimentalForest;Courtney Meier;cmeier@battelleecology.org;support-copernicus-gbov@acri-st.fr;NEON;232;Mixed Forest;44.063901;-71.287308;20160628T000000Z;2.0;BART_034;0.925;0.015;0.387;0.027;0;32
GBOV_RM6_795;BartlettExperimentalForest;Courtney Meier;cmeier@battelleecology.org;support-copernicus-gbov@acri-st.fr;NEON;232;Mixed Forest;44.063901;-71.287308;20160712T000000Z;2.0;BART_034;0.912;0.017;0.32;0.04;0;0
GBOV_RM6_795;BartlettExperimentalForest;Courtney Meier;cmeier@battelleecology.org;support-copernicus-gbov@acri-st.fr;NEON;232;Mixed Forest;44.063901;-71.287308;20160726T000000Z;2.0;BART_034;0.907;0.018;0.37;0.04;0;8
GBOV_RM6_795;BartlettExperimentalForest;Courtney Meier;cmeier@battelleecology.org;support-copernicus-gbov@acri-st.fr;NEON;232;Mixed Forest;44.063901;-71.287308;20160809T000000Z;2.0;BART_034;0.924;0.013;0.368;0.016;0;8
GBOV_RM6_795;BartlettExperimentalForest;Courtney Meier;cmeier@battelleecology.org;support-copernicus-gbov@acri-st.fr;NEON;232;Mixed Forest;44.063901;-71.287308;20160823T000000Z;2.0;BART_034;0.930;0.013;0.369;0.019;0;8
GBOV_RM6_795;BartlettExperimentalForest;Courtney Meier;cmeier@battelleecology.org;support-copernicus-gbov@acri-st.fr;NEON;232;Mixed Forest;44.063901;-71.287308;20160907T000000Z;2.0;BART_034;0.945;0.012;0.29;0.04;0;0
GBOV_RM6_795;BartlettExperimentalForest;Courtney Meier;cmeier@battelleecology.org;support-copernicus-gbov@acri-st.fr;NEON;232;Mixed Forest;44.063901;-71.287308;20160919T000000Z;2.0;BART_034;0.961;0.011;0.232;0.024;0;0
GBOV_RM6_795;BartlettExperimentalForest;Courtney Meier;cmeier@battelleecology.org;support-copernicus-gbov@acri-st.fr;NEON;232;Mixed Forest;44.063901;-71.287308;20161004T000000Z;2.0;BART_034;0.969;0.011;0.158;0.021;0;0
GBOV_RM6_795;BartlettExperimentalForest;Courtney Meier;cmeier@battelleecology.org;support-copernicus-gbov@acri-st.fr;NEON;232;Mixed Forest;44.063901;-71.287308;20161018T000000Z;2.0;BART_034;0.977;0.010;0.120;0.020;8;0
GBOV_RM6_795;BartlettExperimentalForest;Courtney Meier;cmeier@battelleecology.org;support-copernicus-gbov@acri-st.fr;NEON;232;Mixed Forest;44.063901;-71.287308;20170502T000000Z;2.0;BART_034;0.692;0.029;0.062;0.014;0;0
GBOV_RM6_795;BartlettExperimentalForest;Courtney Meier;cmeier@battelleecology.org;support-copernicus-gbov@acri-st.fr;NEON;232;Mixed Forest;44.063901;-71.287308;20170516T000000Z;2.0;BART_034;0.782;0.019;0.062;0.019;0;0
GBOV_RM6_795;BartlettExperimentalForest;Courtney Meier;cmeier@battelleecology.org;support-copernicus-gbov@acri-st.fr;NEON;232;Mixed Forest;44.063901;-71.287308;20170601T000000Z;2.0;BART_034;0.907;0.016;0.39;0.04;0;0
GBOV_RM6_795;BartlettExperimentalForest;Courtney Meier;cmeier@battelleecology.org;support-copernicus-gbov@acri-st.fr;NEON;232;Mixed Forest;44.063901;-71.287308;20170614T000000Z;2.0;BART_034;0.895;0.019;0.27;0.04;0;0
GBOV_RM6_795;BartlettExperimentalForest;Courtney Meier;cmeier@battelleecology.org;support-copernicus-gbov@acri-st.fr;NEON;232;Mixed Forest;44.063901;-71.287308;20170627T000000Z;2.0;BART_034;0.890;0.016;0.35;0.05;0;0
GBOV_RM6_795;BartlettExperimentalForest;Courtney Meier;cmeier@battelleecology.org;support-copernicus-gbov@acri-st.fr;NEON;232;Mixed Forest;44.063901;-71.287308;20170711T000000Z;2.0;BART_034;0.910;0.015;0.144;0.025;32;0
GBOV_RM6_795;BartlettExperimentalForest;Courtney Meier;cmeier@battelleecology.org;support-copernicus-gbov@acri-st.fr;NEON;232;Mixed Forest;44.063901;-71.287308;20170726T000000Z;2.0;BART_034;0.914;0.016;0.309;0.032;0;16
GBOV_RM6_795;BartlettExperimentalForest;Courtney Meier;cmeier@battelleecology.org;support-copernicus-gbov@acri-st.fr;NEON;232;Mixed Forest;44.063901;-71.287308;20170809T000000Z;2.0;BART_034;0.899;0.015;0.384;0.031;0;0
GBOV_RM6_795;BartlettExperimentalForest;Courtney Meier;cmeier@battelleecology.org;support-copernicus-gbov@acri-st.fr;NEON;232;Mixed Forest;44.063901;-71.287308;20170822T000000Z;2.0;BART_034;0.934;0.011;0.177;0.027;0;0
GBOV_RM6_795;BartlettExperimentalForest;Courtney Meier;cmeier@battelleecology.org;support-copernicus-gbov@acri-st.fr;NEON;232;Mixed Forest;44.063901;-71.287308;20170906T000000Z;2.0;BART_034;0.945;0.013;0.14;0.04;0;0
GBOV_RM6_795;BartlettExperimentalForest;Courtney Meier;cmeier@battelleecology.org;support-copernicus-gbov@acri-st.fr;NEON;232;Mixed Forest;44.063901;-71.287308;20170919T000000Z;2.0;BART_034;0.933;0.014;0.191;0.025;0;0
GBOV_RM6_795;BartlettExperimentalForest;Courtney Meier;cmeier@battelleecology.org;support-copernicus-gbov@acri-st.fr;NEON;232;Mixed Forest;44.063901;-71.287308;20171002T000000Z;2.0;BART_034;0.952;0.011;0.170;0.031;0;0
GBOV_RM6_795;BartlettExperimentalForest;Courtney Meier;cmeier@battelleecology.org;support-copernicus-gbov@acri-st.fr;NEON;232;Mixed Forest;44.063901;-71.287308;20171017T000000Z;2.0;BART_034;0.931;0.013;0.215;0.025;0;0
GBOV_RM6_795;BartlettExperimentalForest;Courtney Meier;cmeier@battelleecology.org;support-copernicus-gbov@acri-st.fr;NEON;232;Mixed Forest;44.063901;-71.287308;20180501T000000Z;2.0;BART_034;0.693;0.029;0.051;0.011;0;0
GBOV_RM6_795;BartlettExperimentalForest;Courtney Meier;cmeier@battelleecology.org;support-copernicus-gbov@acri-st.fr;NEON;232;Mixed Forest;44.063901;-71.287308;20180530T000000Z;2.0;BART_034;0.909;0.015;0.29;0.04;0;0
GBOV_RM6_795;BartlettExperimentalForest;Courtney Meier;cmeier@battelleecology.org;support-copernicus-gbov@acri-st.fr;NEON;232;Mixed Forest;44.063901;-71.287308;20180612T072400Z;2.0;BART_034;0.913;0.015;0.37;0.05;0;0
GBOV_RM6_795;BartlettExperimentalForest;Courtney Meier;cmeier@battelleecology.org;support-copernicus-gbov@acri-st.fr;NEON;232;Mixed Forest;44.063901;-71.287308;20180626T053700Z;2.0;BART_034;0.932;0.013;0.40;0.05;0;0
GBOV_RM6_795;BartlettExperimentalForest;Courtney Meier;cmeier@battelleecology.org;support-copernicus-gbov@acri-st.fr;NEON;232;Mixed Forest;44.063901;-71.287308;20180710T000000Z;2.0;BART_034;0.934;0.015;0.18;0.05;0;0
GBOV_RM6_795;BartlettExperimentalForest;Courtney Meier;cmeier@battelleecology.org;support-copernicus-gbov@acri-st.fr;NEON;232;Mixed Forest;44.063901;-71.287308;20180724T000000Z;2.0;BART_034;0.897;0.017;0.22;0.04;0;0
GBOV_RM6_795;BartlettExperimentalForest;Courtney Meier;cmeier@battelleecology.org;support-copernicus-gbov@acri-st.fr;NEON;232;Mixed Forest;44.063901;-71.287308;20180808T000000Z;2.0;BART_034;0.934;0.014;0.138;0.027;0;64
GBOV_RM6_795;BartlettExperimentalForest;Courtney Meier;cmeier@battelleecology.org;support-copernicus-gbov@acri-st.fr;NEON;232;Mixed Forest;44.063901;-71.287308;20180821T000000Z;2.0;BART_034;0.949;0.012;0.142;0.032;0;0
GBOV_RM6_795;BartlettExperimentalForest;Courtney Meier;cmeier@battelleecology.org;support-copernicus-gbov@acri-st.fr;NEON;232;Mixed Forest;44.063901;-71.287308;20180905T000000Z;2.0;BART_034;0.947;0.011;0.217;0.032;64;0
GBOV_RM6_795;BartlettExperimentalForest;Courtney Meier;cmeier@battelleecology.org;support-copernicus-gbov@acri-st.fr;NEON;232;Mixed Forest;44.063901;-71.287308;20180918T000000Z;2.0;BART_034;0.960;0.011;0.261;0.025;64;0
GBOV_RM6_795;BartlettExperimentalForest;Courtney Meier;cmeier@battelleecology.org;support-copernicus-gbov@acri-st.fr;NEON;232;Mixed Forest;44.063901;-71.287308;20181001T000000Z;2.0;BART_034;0.969;0.011;0.269;0.033;0;0
GBOV_RM6_795;BartlettExperimentalForest;Courtney Meier;cmeier@battelleecology.org;support-copernicus-gbov@acri-st.fr;NEON;232;Mixed Forest;44.063901;-71.287308;20181016T000000Z;2.0;BART_034;0.917;0.012;0.092;0.033;64;0
GBOV_RM6_795;BartlettExperimentalForest;Courtney Meier;cmeier@battelleecology.org;support-copernicus-gbov@acri-st.fr;NEON;232;Mixed Forest;44.063901;-71.287308;20190429T182900Z;2.0;BART_034;0.710;0.026;0.053;0.016;0;0
GBOV_RM6_795;BartlettExperimentalForest;Courtney Meier;cmeier@battelleecology.org;support-copernicus-gbov@acri-st.fr;NEON;232;Mixed Forest;44.063901;-71.287308;20190513T143800Z;2.0;BART_034;0.723;0.033;0.110;0.018;0;0
GBOV_RM6_795;BartlettExperimentalForest;Courtney Meier;cmeier@battelleecology.org;support-copernicus-gbov@acri-st.fr;NEON;232;Mixed Forest;44.063901;-71.287308;20190529T055900Z;2.0;BART_034;0.840;0.018;0.162;0.020;0;0
GBOV_RM6_795;BartlettExperimentalForest;Courtney Meier;cmeier@battelleecology.org;support-copernicus-gbov@acri-st.fr;NEON;232;Mixed Forest;44.063901;-71.287308;20190610T170400Z;2.0;BART_034;0.923;0.015;0.182;0.031;0;8
GBOV_RM6_795;BartlettExperimentalForest;Courtney Meier;cmeier@battelleecology.org;support-copernicus-gbov@acri-st.fr;NEON;232;Mixed Forest;44.063901;-71.287308;20190624T184400Z;2.0;BART_034;0.924;0.015;0.32;0.05;0;0
GBOV_RM6_795;BartlettExperimentalForest;Courtney Meier;cmeier@battelleecology.org;support-copernicus-gbov@acri-st.fr;NEON;232;Mixed Forest;44.063901;-71.287308;20190708T195000Z;2.0;BART_034;0.904;0.016;0.26;0.04;0;0
GBOV_RM6_795;BartlettExperimentalForest;Courtney Meier;cmeier@battelleecology.org;support-copernicus-gbov@acri-st.fr;NEON;232;Mixed Forest;44.063901;-71.287308;20190722T134500Z;2.0;BART_034;0.928;0.013;0.120;0.022;0;0
GBOV_RM6_795;BartlettExperimentalForest;Courtney Meier;cmeier@battelleecology.org;support-copernicus-gbov@acri-st.fr;NEON;232;Mixed Forest;44.063901;-71.287308;20190805T163200Z;2.0;BART_034;0.938;0.013;0.35;0.05;0;10
GBOV_RM6_795;BartlettExperimentalForest;Courtney Meier;cmeier@battelleecology.org;support-copernicus-gbov@acri-st.fr;NEON;232;Mixed Forest;44.063901;-71.287308;20190819T170800Z;2.0;BART_034;0.939;0.013;0.173;0.032;0;0
GBOV_RM6_795;BartlettExperimentalForest;Courtney Meier;cmeier@battelleecology.org;support-copernicus-gbov@acri-st.fr;NEON;232;Mixed Forest;44.063901;-71.287308;20190903T174300Z;2.0;BART_034;0.948;0.011;0.29;0.04;0;2
GBOV_RM6_795;BartlettExperimentalForest;Courtney Meier;cmeier@battelleecology.org;support-copernicus-gbov@acri-st.fr;NEON;232;Mixed Forest;44.063901;-71.287308;20190916T164900Z;2.0;BART_034;0.957;0.012;0.281;0.029;0;0
GBOV_RM6_795;BartlettExperimentalForest;Courtney Meier;cmeier@battelleecology.org;support-copernicus-gbov@acri-st.fr;NEON;232;Mixed Forest;44.063901;-71.287308;20190930T152100Z;2.0;BART_034;0.973;0.010;0.150;0.026;0;0
GBOV_RM6_795;BartlettExperimentalForest;Courtney Meier;cmeier@battelleecology.org;support-copernicus-gbov@acri-st.fr;NEON;232;Mixed Forest;44.063901;-71.287308;20191014T165000Z;2.0;BART_034;0.971;0.011;0.064;0.017;0;0
