GBOV_ID;Site;GROUND_DATA_PI;GROUND_DATA_PIs_Email;GBOV_Email;Network;Elevation;IGBP_class;Lat_IS;Lon_IS;TIME_IS;Version;PLOT_ID;FIPAR_up;FIPAR_up_err;FIPAR_down;FIPAR_down_err;up_flag;down_flag
GBOV_RM6_731;OakRidge;Courtney Meier;cmeier@battelleecology.org;support-copernicus-gbov@acri-st.fr;NEON;334;Mixed Forest;35.9641189575195;-84.282600402832;20140604T000000Z;2.0;ORNL_057;0.913;0.014;0.44;0.05;2;2
GBOV_RM6_731;OakRidge;Courtney Meier;cmeier@battelleecology.org;support-copernicus-gbov@acri-st.fr;NEON;334;Mixed Forest;35.9641189575195;-84.282600402832;20140617T000000Z;2.0;ORNL_057;0.908;0.016;0.47;0.05;2;18
GBOV_RM6_731;OakRidge;Courtney Meier;cmeier@battelleecology.org;support-copernicus-gbov@acri-st.fr;NEON;334;Mixed Forest;35.9641189575195;-84.282600402832;20140701T000000Z;2.0;ORNL_057;0.915;0.014;0.47;0.05;0;8
GBOV_RM6_731;OakRidge;Courtney Meier;cmeier@battelleecology.org;support-copernicus-gbov@acri-st.fr;NEON;334;Mixed Forest;35.9641189575195;-84.282600402832;20140729T000000Z;2.0;ORNL_057;0.906;0.015;0.54;0.04;2;2
GBOV_RM6_731;OakRidge;Courtney Meier;cmeier@battelleecology.org;support-copernicus-gbov@acri-st.fr;NEON;334;Mixed Forest;35.9641189575195;-84.282600402832;20140812T000000Z;2.0;ORNL_057;0.883;0.014;0.57;0.04;2;2
GBOV_RM6_731;OakRidge;Courtney Meier;cmeier@battelleecology.org;support-copernicus-gbov@acri-st.fr;NEON;334;Mixed Forest;35.9641189575195;-84.282600402832;20140826T000000Z;2.0;ORNL_057;0.889;0.012;0.477;0.031;2;2
GBOV_RM6_731;OakRidge;Courtney Meier;cmeier@battelleecology.org;support-copernicus-gbov@acri-st.fr;NEON;334;Mixed Forest;35.9641189575195;-84.282600402832;20140909T000000Z;2.0;ORNL_057;0.914;0.011;0.43;0.04;2;2
GBOV_RM6_731;OakRidge;Courtney Meier;cmeier@battelleecology.org;support-copernicus-gbov@acri-st.fr;NEON;334;Mixed Forest;35.9641189575195;-84.282600402832;20140922T000000Z;2.0;ORNL_057;0.887;0.011;0.437;0.029;0;0
GBOV_RM6_731;OakRidge;Courtney Meier;cmeier@battelleecology.org;support-copernicus-gbov@acri-st.fr;NEON;334;Mixed Forest;35.9641189575195;-84.282600402832;20141007T000000Z;2.0;ORNL_057;0.913;0.013;0.303;0.023;0;0
