GBOV_ID;Site;GROUND_DATA_PI;GROUND_DATA_PIs_Email;GBOV_Email;Network;Elevation;IGBP_class;Lat_IS;Lon_IS;TIME_IS;Version;PLOT_ID;FIPAR_up;FIPAR_up_err;FIPAR_down;FIPAR_down_err;up_flag;down_flag
GBOV_RM6_341;CentralPlainsExperimentalRange;Courtney Meier;cmeier@battelleecology.org;support-copernicus-gbov@acri-st.fr;NEON;1648;Grasslands;40.81555;-104.74566;20140326T000000Z;2.0;CPER_046;-999;-999;0.0239;0.0020;-999;0
GBOV_RM6_341;CentralPlainsExperimentalRange;Courtney Meier;cmeier@battelleecology.org;support-copernicus-gbov@acri-st.fr;NEON;1648;Grasslands;40.81555;-104.74566;20140409T000000Z;2.0;CPER_046;-999;-999;0.0101;0.0011;-999;0
GBOV_RM6_341;CentralPlainsExperimentalRange;Courtney Meier;cmeier@battelleecology.org;support-copernicus-gbov@acri-st.fr;NEON;1648;Grasslands;40.81555;-104.74566;20140423T000000Z;2.0;CPER_046;-999;-999;0.058;0.004;-999;0
GBOV_RM6_341;CentralPlainsExperimentalRange;Courtney Meier;cmeier@battelleecology.org;support-copernicus-gbov@acri-st.fr;NEON;1648;Grasslands;40.81555;-104.74566;20140507T000000Z;2.0;CPER_046;-999;-999;0.088;0.007;-999;0
GBOV_RM6_341;CentralPlainsExperimentalRange;Courtney Meier;cmeier@battelleecology.org;support-copernicus-gbov@acri-st.fr;NEON;1648;Grasslands;40.81555;-104.74566;20140521T000000Z;2.0;CPER_046;-999;-999;0.225;0.014;-999;0
GBOV_RM6_341;CentralPlainsExperimentalRange;Courtney Meier;cmeier@battelleecology.org;support-copernicus-gbov@acri-st.fr;NEON;1648;Grasslands;40.81555;-104.74566;20140604T000000Z;2.0;CPER_046;-999;-999;0.354;0.013;-999;0
GBOV_RM6_341;CentralPlainsExperimentalRange;Courtney Meier;cmeier@battelleecology.org;support-copernicus-gbov@acri-st.fr;NEON;1648;Grasslands;40.81555;-104.74566;20140618T000000Z;2.0;CPER_046;-999;-999;0.126;0.016;-999;0
GBOV_RM6_341;CentralPlainsExperimentalRange;Courtney Meier;cmeier@battelleecology.org;support-copernicus-gbov@acri-st.fr;NEON;1648;Grasslands;40.81555;-104.74566;20140702T000000Z;2.0;CPER_046;-999;-999;0.190;0.017;-999;0
GBOV_RM6_341;CentralPlainsExperimentalRange;Courtney Meier;cmeier@battelleecology.org;support-copernicus-gbov@acri-st.fr;NEON;1648;Grasslands;40.81555;-104.74566;20140716T000000Z;2.0;CPER_046;-999;-999;0.203;0.022;-999;0
GBOV_RM6_341;CentralPlainsExperimentalRange;Courtney Meier;cmeier@battelleecology.org;support-copernicus-gbov@acri-st.fr;NEON;1648;Grasslands;40.81555;-104.74566;20140801T000000Z;2.0;CPER_046;-999;-999;0.128;0.008;-999;0
GBOV_RM6_341;CentralPlainsExperimentalRange;Courtney Meier;cmeier@battelleecology.org;support-copernicus-gbov@acri-st.fr;NEON;1648;Grasslands;40.81555;-104.74566;20140813T000000Z;2.0;CPER_046;-999;-999;0.092;0.005;-999;0
GBOV_RM6_341;CentralPlainsExperimentalRange;Courtney Meier;cmeier@battelleecology.org;support-copernicus-gbov@acri-st.fr;NEON;1648;Grasslands;40.81555;-104.74566;20140827T000000Z;2.0;CPER_046;-999;-999;0.0214;0.0016;-999;0
GBOV_RM6_341;CentralPlainsExperimentalRange;Courtney Meier;cmeier@battelleecology.org;support-copernicus-gbov@acri-st.fr;NEON;1648;Grasslands;40.81555;-104.74566;20140910T000000Z;2.0;CPER_046;-999;-999;0.0133;0.0013;-999;0
GBOV_RM6_341;CentralPlainsExperimentalRange;Courtney Meier;cmeier@battelleecology.org;support-copernicus-gbov@acri-st.fr;NEON;1648;Grasslands;40.81555;-104.74566;20140924T000000Z;2.0;CPER_046;-999;-999;0.0283;0.0016;-999;0
GBOV_RM6_341;CentralPlainsExperimentalRange;Courtney Meier;cmeier@battelleecology.org;support-copernicus-gbov@acri-st.fr;NEON;1648;Grasslands;40.81555;-104.74566;20141008T000000Z;2.0;CPER_046;-999;-999;0.0130;0.0007;-999;0
GBOV_RM6_341;CentralPlainsExperimentalRange;Courtney Meier;cmeier@battelleecology.org;support-copernicus-gbov@acri-st.fr;NEON;1648;Grasslands;40.81555;-104.74566;20141021T000000Z;2.0;CPER_046;-999;-999;0.0432;0.0017;-999;0
GBOV_RM6_341;CentralPlainsExperimentalRange;Courtney Meier;cmeier@battelleecology.org;support-copernicus-gbov@acri-st.fr;NEON;1648;Grasslands;40.81555;-104.74566;20141105T000000Z;2.0;CPER_046;-999;-999;0.0471;0.0018;-999;0
GBOV_RM6_341;CentralPlainsExperimentalRange;Courtney Meier;cmeier@battelleecology.org;support-copernicus-gbov@acri-st.fr;NEON;1648;Grasslands;40.81555;-104.74566;20141204T000000Z;2.0;CPER_046;-999;-999;0.0398;0.0016;-999;0
GBOV_RM6_341;CentralPlainsExperimentalRange;Courtney Meier;cmeier@battelleecology.org;support-copernicus-gbov@acri-st.fr;NEON;1648;Grasslands;40.81555;-104.74566;20150327T000000Z;2.0;CPER_046;-999;-999;0.0203;0.0011;-999;0
GBOV_RM6_341;CentralPlainsExperimentalRange;Courtney Meier;cmeier@battelleecology.org;support-copernicus-gbov@acri-st.fr;NEON;1648;Grasslands;40.81555;-104.74566;20150410T000000Z;2.0;CPER_046;-999;-999;0.0169;0.0009;-999;0
GBOV_RM6_341;CentralPlainsExperimentalRange;Courtney Meier;cmeier@battelleecology.org;support-copernicus-gbov@acri-st.fr;NEON;1648;Grasslands;40.81555;-104.74566;20150422T000000Z;2.0;CPER_046;-999;-999;0.0269;0.0016;-999;0
GBOV_RM6_341;CentralPlainsExperimentalRange;Courtney Meier;cmeier@battelleecology.org;support-copernicus-gbov@acri-st.fr;NEON;1648;Grasslands;40.81555;-104.74566;20150511T000000Z;2.0;CPER_046;-999;-999;0.098;0.006;-999;0
GBOV_RM6_341;CentralPlainsExperimentalRange;Courtney Meier;cmeier@battelleecology.org;support-copernicus-gbov@acri-st.fr;NEON;1648;Grasslands;40.81555;-104.74566;20150520T000000Z;2.0;CPER_046;-999;-999;0.117;0.005;-999;0
GBOV_RM6_341;CentralPlainsExperimentalRange;Courtney Meier;cmeier@battelleecology.org;support-copernicus-gbov@acri-st.fr;NEON;1648;Grasslands;40.81555;-104.74566;20150603T000000Z;2.0;CPER_046;-999;-999;0.234;0.012;-999;0
GBOV_RM6_341;CentralPlainsExperimentalRange;Courtney Meier;cmeier@battelleecology.org;support-copernicus-gbov@acri-st.fr;NEON;1648;Grasslands;40.81555;-104.74566;20150617T000000Z;2.0;CPER_046;-999;-999;0.460;0.018;-999;0
GBOV_RM6_341;CentralPlainsExperimentalRange;Courtney Meier;cmeier@battelleecology.org;support-copernicus-gbov@acri-st.fr;NEON;1648;Grasslands;40.81555;-104.74566;20150701T000000Z;2.0;CPER_046;-999;-999;0.290;0.015;-999;0
GBOV_RM6_341;CentralPlainsExperimentalRange;Courtney Meier;cmeier@battelleecology.org;support-copernicus-gbov@acri-st.fr;NEON;1648;Grasslands;40.81555;-104.74566;20150716T000000Z;2.0;CPER_046;-999;-999;0.088;0.005;-999;0
GBOV_RM6_341;CentralPlainsExperimentalRange;Courtney Meier;cmeier@battelleecology.org;support-copernicus-gbov@acri-st.fr;NEON;1648;Grasslands;40.81555;-104.74566;20150729T000000Z;2.0;CPER_046;-999;-999;0.0139;0.0010;-999;0
GBOV_RM6_341;CentralPlainsExperimentalRange;Courtney Meier;cmeier@battelleecology.org;support-copernicus-gbov@acri-st.fr;NEON;1648;Grasslands;40.81555;-104.74566;20150813T000000Z;2.0;CPER_046;-999;-999;0.0219;0.0028;-999;0
GBOV_RM6_341;CentralPlainsExperimentalRange;Courtney Meier;cmeier@battelleecology.org;support-copernicus-gbov@acri-st.fr;NEON;1648;Grasslands;40.81555;-104.74566;20150826T000000Z;2.0;CPER_046;-999;-999;0.0097;0.0010;-999;0
GBOV_RM6_341;CentralPlainsExperimentalRange;Courtney Meier;cmeier@battelleecology.org;support-copernicus-gbov@acri-st.fr;NEON;1648;Grasslands;40.81555;-104.74566;20150909T000000Z;2.0;CPER_046;-999;-999;0.0160;0.0011;-999;0
GBOV_RM6_341;CentralPlainsExperimentalRange;Courtney Meier;cmeier@battelleecology.org;support-copernicus-gbov@acri-st.fr;NEON;1648;Grasslands;40.81555;-104.74566;20150923T000000Z;2.0;CPER_046;-999;-999;0.0189;0.0009;-999;0
GBOV_RM6_341;CentralPlainsExperimentalRange;Courtney Meier;cmeier@battelleecology.org;support-copernicus-gbov@acri-st.fr;NEON;1648;Grasslands;40.81555;-104.74566;20151007T000000Z;2.0;CPER_046;-999;-999;0.0679;0.0030;-999;0
GBOV_RM6_341;CentralPlainsExperimentalRange;Courtney Meier;cmeier@battelleecology.org;support-copernicus-gbov@acri-st.fr;NEON;1648;Grasslands;40.81555;-104.74566;20151020T000000Z;2.0;CPER_046;-999;-999;0.0178;0.0010;-999;0
GBOV_RM6_341;CentralPlainsExperimentalRange;Courtney Meier;cmeier@battelleecology.org;support-copernicus-gbov@acri-st.fr;NEON;1648;Grasslands;40.81555;-104.74566;20160406T000000Z;2.0;CPER_046;-999;-999;0.0495;0.0027;-999;0
GBOV_RM6_341;CentralPlainsExperimentalRange;Courtney Meier;cmeier@battelleecology.org;support-copernicus-gbov@acri-st.fr;NEON;1648;Grasslands;40.81555;-104.74566;20160504T000000Z;2.0;CPER_046;-999;-999;0.105;0.005;-999;0
GBOV_RM6_341;CentralPlainsExperimentalRange;Courtney Meier;cmeier@battelleecology.org;support-copernicus-gbov@acri-st.fr;NEON;1648;Grasslands;40.81555;-104.74566;20160518T000000Z;2.0;CPER_046;-999;-999;0.163;0.006;-999;2
GBOV_RM6_341;CentralPlainsExperimentalRange;Courtney Meier;cmeier@battelleecology.org;support-copernicus-gbov@acri-st.fr;NEON;1648;Grasslands;40.81555;-104.74566;20160601T000000Z;2.0;CPER_046;-999;-999;0.295;0.012;-999;0
GBOV_RM6_341;CentralPlainsExperimentalRange;Courtney Meier;cmeier@battelleecology.org;support-copernicus-gbov@acri-st.fr;NEON;1648;Grasslands;40.81555;-104.74566;20160615T000000Z;2.0;CPER_046;-999;-999;0.057;0.013;-999;0
GBOV_RM6_341;CentralPlainsExperimentalRange;Courtney Meier;cmeier@battelleecology.org;support-copernicus-gbov@acri-st.fr;NEON;1648;Grasslands;40.81555;-104.74566;20160629T000000Z;2.0;CPER_046;-999;-999;0.0061;0.0009;-999;0
GBOV_RM6_341;CentralPlainsExperimentalRange;Courtney Meier;cmeier@battelleecology.org;support-copernicus-gbov@acri-st.fr;NEON;1648;Grasslands;40.81555;-104.74566;20160713T000000Z;2.0;CPER_046;-999;-999;0.0093;0.0010;-999;0
GBOV_RM6_341;CentralPlainsExperimentalRange;Courtney Meier;cmeier@battelleecology.org;support-copernicus-gbov@acri-st.fr;NEON;1648;Grasslands;40.81555;-104.74566;20160728T000000Z;2.0;CPER_046;-999;-999;0.053;0.004;-999;0
GBOV_RM6_341;CentralPlainsExperimentalRange;Courtney Meier;cmeier@battelleecology.org;support-copernicus-gbov@acri-st.fr;NEON;1648;Grasslands;40.81555;-104.74566;20160824T000000Z;2.0;CPER_046;-999;-999;0.0117;0.0007;-999;0
GBOV_RM6_341;CentralPlainsExperimentalRange;Courtney Meier;cmeier@battelleecology.org;support-copernicus-gbov@acri-st.fr;NEON;1648;Grasslands;40.81555;-104.74566;20160908T000000Z;2.0;CPER_046;-999;-999;0.0327;0.0016;-999;0
GBOV_RM6_341;CentralPlainsExperimentalRange;Courtney Meier;cmeier@battelleecology.org;support-copernicus-gbov@acri-st.fr;NEON;1648;Grasslands;40.81555;-104.74566;20160921T000000Z;2.0;CPER_046;-999;-999;0.0076;0.0005;-999;0
GBOV_RM6_341;CentralPlainsExperimentalRange;Courtney Meier;cmeier@battelleecology.org;support-copernicus-gbov@acri-st.fr;NEON;1648;Grasslands;40.81555;-104.74566;20161005T000000Z;2.0;CPER_046;-999;-999;0.0219;0.0014;-999;0
GBOV_RM6_341;CentralPlainsExperimentalRange;Courtney Meier;cmeier@battelleecology.org;support-copernicus-gbov@acri-st.fr;NEON;1648;Grasslands;40.81555;-104.74566;20161021T000000Z;2.0;CPER_046;-999;-999;0.0150;0.0006;-999;0
GBOV_RM6_341;CentralPlainsExperimentalRange;Courtney Meier;cmeier@battelleecology.org;support-copernicus-gbov@acri-st.fr;NEON;1648;Grasslands;40.81555;-104.74566;20161102T000000Z;2.0;CPER_046;-999;-999;0.0152;0.0012;-999;0
GBOV_RM6_341;CentralPlainsExperimentalRange;Courtney Meier;cmeier@battelleecology.org;support-copernicus-gbov@acri-st.fr;NEON;1648;Grasslands;40.81555;-104.74566;20170412T000000Z;2.0;CPER_046;-999;-999;0.0287;0.0012;-999;0
GBOV_RM6_341;CentralPlainsExperimentalRange;Courtney Meier;cmeier@battelleecology.org;support-copernicus-gbov@acri-st.fr;NEON;1648;Grasslands;40.81555;-104.74566;20170426T000000Z;2.0;CPER_046;-999;-999;0.0155;0.0017;-999;0
GBOV_RM6_341;CentralPlainsExperimentalRange;Courtney Meier;cmeier@battelleecology.org;support-copernicus-gbov@acri-st.fr;NEON;1648;Grasslands;40.81555;-104.74566;20170510T000000Z;2.0;CPER_046;-999;-999;0.045;0.005;-999;0
GBOV_RM6_341;CentralPlainsExperimentalRange;Courtney Meier;cmeier@battelleecology.org;support-copernicus-gbov@acri-st.fr;NEON;1648;Grasslands;40.81555;-104.74566;20170525T000000Z;2.0;CPER_046;-999;-999;0.078;0.009;-999;0
GBOV_RM6_341;CentralPlainsExperimentalRange;Courtney Meier;cmeier@battelleecology.org;support-copernicus-gbov@acri-st.fr;NEON;1648;Grasslands;40.81555;-104.74566;20170607T000000Z;2.0;CPER_046;-999;-999;0.062;0.008;-999;0
GBOV_RM6_341;CentralPlainsExperimentalRange;Courtney Meier;cmeier@battelleecology.org;support-copernicus-gbov@acri-st.fr;NEON;1648;Grasslands;40.81555;-104.74566;20170621T000000Z;2.0;CPER_046;-999;-999;0.088;0.006;-999;0
GBOV_RM6_341;CentralPlainsExperimentalRange;Courtney Meier;cmeier@battelleecology.org;support-copernicus-gbov@acri-st.fr;NEON;1648;Grasslands;40.81555;-104.74566;20170705T000000Z;2.0;CPER_046;-999;-999;0.054;0.005;-999;0
GBOV_RM6_341;CentralPlainsExperimentalRange;Courtney Meier;cmeier@battelleecology.org;support-copernicus-gbov@acri-st.fr;NEON;1648;Grasslands;40.81555;-104.74566;20170719T000000Z;2.0;CPER_046;-999;-999;0.0449;0.0032;-999;0
GBOV_RM6_341;CentralPlainsExperimentalRange;Courtney Meier;cmeier@battelleecology.org;support-copernicus-gbov@acri-st.fr;NEON;1648;Grasslands;40.81555;-104.74566;20170802T000000Z;2.0;CPER_046;-999;-999;0.064;0.004;-999;0
GBOV_RM6_341;CentralPlainsExperimentalRange;Courtney Meier;cmeier@battelleecology.org;support-copernicus-gbov@acri-st.fr;NEON;1648;Grasslands;40.81555;-104.74566;20170816T000000Z;2.0;CPER_046;-999;-999;0.142;0.007;-999;0
GBOV_RM6_341;CentralPlainsExperimentalRange;Courtney Meier;cmeier@battelleecology.org;support-copernicus-gbov@acri-st.fr;NEON;1648;Grasslands;40.81555;-104.74566;20170830T000000Z;2.0;CPER_046;-999;-999;0.0458;0.0026;-999;0
GBOV_RM6_341;CentralPlainsExperimentalRange;Courtney Meier;cmeier@battelleecology.org;support-copernicus-gbov@acri-st.fr;NEON;1648;Grasslands;40.81555;-104.74566;20170913T000000Z;2.0;CPER_046;-999;-999;0.0433;0.0022;-999;0
GBOV_RM6_341;CentralPlainsExperimentalRange;Courtney Meier;cmeier@battelleecology.org;support-copernicus-gbov@acri-st.fr;NEON;1648;Grasslands;40.81555;-104.74566;20170927T000000Z;2.0;CPER_046;-999;-999;0.0289;0.0012;-999;0
GBOV_RM6_341;CentralPlainsExperimentalRange;Courtney Meier;cmeier@battelleecology.org;support-copernicus-gbov@acri-st.fr;NEON;1648;Grasslands;40.81555;-104.74566;20171011T000000Z;2.0;CPER_046;-999;-999;0.075;0.004;-999;0
GBOV_RM6_341;CentralPlainsExperimentalRange;Courtney Meier;cmeier@battelleecology.org;support-copernicus-gbov@acri-st.fr;NEON;1648;Grasslands;40.81555;-104.74566;20171025T000000Z;2.0;CPER_046;-999;-999;0.0629;0.0029;-999;0
GBOV_RM6_341;CentralPlainsExperimentalRange;Courtney Meier;cmeier@battelleecology.org;support-copernicus-gbov@acri-st.fr;NEON;1648;Grasslands;40.81555;-104.74566;20180328T000000Z;2.0;CPER_046;-999;-999;0.0238;0.0013;-999;0
GBOV_RM6_341;CentralPlainsExperimentalRange;Courtney Meier;cmeier@battelleecology.org;support-copernicus-gbov@acri-st.fr;NEON;1648;Grasslands;40.81555;-104.74566;20180411T000000Z;2.0;CPER_046;-999;-999;0.0400;0.0014;-999;0
GBOV_RM6_341;CentralPlainsExperimentalRange;Courtney Meier;cmeier@battelleecology.org;support-copernicus-gbov@acri-st.fr;NEON;1648;Grasslands;40.81555;-104.74566;20180425T000000Z;2.0;CPER_046;-999;-999;0.0436;0.0020;-999;0
GBOV_RM6_341;CentralPlainsExperimentalRange;Courtney Meier;cmeier@battelleecology.org;support-copernicus-gbov@acri-st.fr;NEON;1648;Grasslands;40.81555;-104.74566;20180508T000000Z;2.0;CPER_046;-999;-999;0.036;0.004;-999;0
GBOV_RM6_341;CentralPlainsExperimentalRange;Courtney Meier;cmeier@battelleecology.org;support-copernicus-gbov@acri-st.fr;NEON;1648;Grasslands;40.81555;-104.74566;20180523T000000Z;2.0;CPER_046;-999;-999;0.224;0.014;-999;0
GBOV_RM6_341;CentralPlainsExperimentalRange;Courtney Meier;cmeier@battelleecology.org;support-copernicus-gbov@acri-st.fr;NEON;1648;Grasslands;40.81555;-104.74566;20180606T000000Z;2.0;CPER_046;-999;-999;0.167;0.010;-999;0
GBOV_RM6_341;CentralPlainsExperimentalRange;Courtney Meier;cmeier@battelleecology.org;support-copernicus-gbov@acri-st.fr;NEON;1648;Grasslands;40.81555;-104.74566;20180621T000000Z;2.0;CPER_046;-999;-999;0.076;0.005;-999;0
GBOV_RM6_341;CentralPlainsExperimentalRange;Courtney Meier;cmeier@battelleecology.org;support-copernicus-gbov@acri-st.fr;NEON;1648;Grasslands;40.81555;-104.74566;20180703T000000Z;2.0;CPER_046;-999;-999;0.0177;0.0009;-999;0
GBOV_RM6_341;CentralPlainsExperimentalRange;Courtney Meier;cmeier@battelleecology.org;support-copernicus-gbov@acri-st.fr;NEON;1648;Grasslands;40.81555;-104.74566;20180718T000000Z;2.0;CPER_046;-999;-999;0.0126;0.0006;-999;0
GBOV_RM6_341;CentralPlainsExperimentalRange;Courtney Meier;cmeier@battelleecology.org;support-copernicus-gbov@acri-st.fr;NEON;1648;Grasslands;40.81555;-104.74566;20180801T000000Z;2.0;CPER_046;-999;-999;0.0116;0.0010;-999;0
GBOV_RM6_341;CentralPlainsExperimentalRange;Courtney Meier;cmeier@battelleecology.org;support-copernicus-gbov@acri-st.fr;NEON;1648;Grasslands;40.81555;-104.74566;20180815T000000Z;2.0;CPER_046;-999;-999;0.0095;0.0006;-999;0
GBOV_RM6_341;CentralPlainsExperimentalRange;Courtney Meier;cmeier@battelleecology.org;support-copernicus-gbov@acri-st.fr;NEON;1648;Grasslands;40.81555;-104.74566;20180829T000000Z;2.0;CPER_046;-999;-999;0.0246;0.0013;-999;0
GBOV_RM6_341;CentralPlainsExperimentalRange;Courtney Meier;cmeier@battelleecology.org;support-copernicus-gbov@acri-st.fr;NEON;1648;Grasslands;40.81555;-104.74566;20180912T000000Z;2.0;CPER_046;-999;-999;0.0440;0.0013;-999;0
GBOV_RM6_341;CentralPlainsExperimentalRange;Courtney Meier;cmeier@battelleecology.org;support-copernicus-gbov@acri-st.fr;NEON;1648;Grasslands;40.81555;-104.74566;20180926T000000Z;2.0;CPER_046;-999;-999;0.0026;0.0004;-999;0
GBOV_RM6_341;CentralPlainsExperimentalRange;Courtney Meier;cmeier@battelleecology.org;support-copernicus-gbov@acri-st.fr;NEON;1648;Grasslands;40.81555;-104.74566;20181010T000000Z;2.0;CPER_046;-999;-999;0.0073;0.0011;-999;0
GBOV_RM6_341;CentralPlainsExperimentalRange;Courtney Meier;cmeier@battelleecology.org;support-copernicus-gbov@acri-st.fr;NEON;1648;Grasslands;40.81555;-104.74566;20181024T000000Z;2.0;CPER_046;-999;-999;0.0149;0.0009;-999;0
GBOV_RM6_341;CentralPlainsExperimentalRange;Courtney Meier;cmeier@battelleecology.org;support-copernicus-gbov@acri-st.fr;NEON;1648;Grasslands;40.81555;-104.74566;20190326T135400Z;2.0;CPER_046;-999;-999;0.0300;0.0017;-999;0
GBOV_RM6_341;CentralPlainsExperimentalRange;Courtney Meier;cmeier@battelleecology.org;support-copernicus-gbov@acri-st.fr;NEON;1648;Grasslands;40.81555;-104.74566;20190409T102500Z;2.0;CPER_046;-999;-999;0.0227;0.0014;-999;0
GBOV_RM6_341;CentralPlainsExperimentalRange;Courtney Meier;cmeier@battelleecology.org;support-copernicus-gbov@acri-st.fr;NEON;1648;Grasslands;40.81555;-104.74566;20190424T101200Z;2.0;CPER_046;-999;-999;0.0116;0.0009;-999;0
GBOV_RM6_341;CentralPlainsExperimentalRange;Courtney Meier;cmeier@battelleecology.org;support-copernicus-gbov@acri-st.fr;NEON;1648;Grasslands;40.81555;-104.74566;20190522T091000Z;2.0;CPER_046;-999;-999;0.083;0.006;-999;4
GBOV_RM6_341;CentralPlainsExperimentalRange;Courtney Meier;cmeier@battelleecology.org;support-copernicus-gbov@acri-st.fr;NEON;1648;Grasslands;40.81555;-104.74566;20190605T104000Z;2.0;CPER_046;-999;-999;0.169;0.014;-999;0
GBOV_RM6_341;CentralPlainsExperimentalRange;Courtney Meier;cmeier@battelleecology.org;support-copernicus-gbov@acri-st.fr;NEON;1648;Grasslands;40.81555;-104.74566;20190619T110400Z;2.0;CPER_046;-999;-999;0.244;0.017;-999;0
GBOV_RM6_341;CentralPlainsExperimentalRange;Courtney Meier;cmeier@battelleecology.org;support-copernicus-gbov@acri-st.fr;NEON;1648;Grasslands;40.81555;-104.74566;20190703T154200Z;2.0;CPER_046;-999;-999;0.251;0.013;-999;0
GBOV_RM6_341;CentralPlainsExperimentalRange;Courtney Meier;cmeier@battelleecology.org;support-copernicus-gbov@acri-st.fr;NEON;1648;Grasslands;40.81555;-104.74566;20190717T115100Z;2.0;CPER_046;-999;-999;0.085;0.007;-999;0
GBOV_RM6_341;CentralPlainsExperimentalRange;Courtney Meier;cmeier@battelleecology.org;support-copernicus-gbov@acri-st.fr;NEON;1648;Grasslands;40.81555;-104.74566;20190801T151600Z;2.0;CPER_046;-999;-999;0.0050;0.0007;-999;0
GBOV_RM6_341;CentralPlainsExperimentalRange;Courtney Meier;cmeier@battelleecology.org;support-copernicus-gbov@acri-st.fr;NEON;1648;Grasslands;40.81555;-104.74566;20190814T144500Z;2.0;CPER_046;-999;-999;0.0043;0.0006;-999;0
GBOV_RM6_341;CentralPlainsExperimentalRange;Courtney Meier;cmeier@battelleecology.org;support-copernicus-gbov@acri-st.fr;NEON;1648;Grasslands;40.81555;-104.74566;20190828T154000Z;2.0;CPER_046;-999;-999;0.0151;0.0009;-999;0
GBOV_RM6_341;CentralPlainsExperimentalRange;Courtney Meier;cmeier@battelleecology.org;support-copernicus-gbov@acri-st.fr;NEON;1648;Grasslands;40.81555;-104.74566;20190911T141900Z;2.0;CPER_046;-999;-999;0.0147;0.0013;-999;0
GBOV_RM6_341;CentralPlainsExperimentalRange;Courtney Meier;cmeier@battelleecology.org;support-copernicus-gbov@acri-st.fr;NEON;1648;Grasslands;40.81555;-104.74566;20190926T134100Z;2.0;CPER_046;-999;-999;0.0211;0.0011;-999;0
GBOV_RM6_341;CentralPlainsExperimentalRange;Courtney Meier;cmeier@battelleecology.org;support-copernicus-gbov@acri-st.fr;NEON;1648;Grasslands;40.81555;-104.74566;20191009T131100Z;2.0;CPER_046;-999;-999;0.0238;0.0014;-999;0
GBOV_RM6_341;CentralPlainsExperimentalRange;Courtney Meier;cmeier@battelleecology.org;support-copernicus-gbov@acri-st.fr;NEON;1648;Grasslands;40.81555;-104.74566;20191022T112600Z;2.0;CPER_046;-999;-999;0.0327;0.0019;-999;0
