GBOV_ID;Site;GROUND_DATA_PI;GROUND_DATA_PIs_Email;GBOV_Email;Network;Elevation;IGBP_class;Lat_IS;Lon_IS;TIME_IS;Version;PLOT_ID;FIPAR_up;FIPAR_up_err;FIPAR_down;FIPAR_down_err;up_flag;down_flag
GBOV_RM6_734;OnaquiAult;Courtney Meier;cmeier@battelleecology.org;support-copernicus-gbov@acri-st.fr;NEON;1685;Grasslands;40.1775894165039;-112.452438354492;20140522T000000Z;2.0;ONAQ_060;-999;-999;0.0141;0.0030;-999;0
GBOV_RM6_734;OnaquiAult;Courtney Meier;cmeier@battelleecology.org;support-copernicus-gbov@acri-st.fr;NEON;1685;Grasslands;40.1775894165039;-112.452438354492;20140605T000000Z;2.0;ONAQ_060;-999;-999;0.0099;0.0025;-999;0
GBOV_RM6_734;OnaquiAult;Courtney Meier;cmeier@battelleecology.org;support-copernicus-gbov@acri-st.fr;NEON;1685;Grasslands;40.1775894165039;-112.452438354492;20140619T000000Z;2.0;ONAQ_060;-999;-999;0.0070;0.0018;-999;0
GBOV_RM6_734;OnaquiAult;Courtney Meier;cmeier@battelleecology.org;support-copernicus-gbov@acri-st.fr;NEON;1685;Grasslands;40.1775894165039;-112.452438354492;20140702T000000Z;2.0;ONAQ_060;-999;-999;0.00101;0.00030;-999;0
GBOV_RM6_734;OnaquiAult;Courtney Meier;cmeier@battelleecology.org;support-copernicus-gbov@acri-st.fr;NEON;1685;Grasslands;40.1775894165039;-112.452438354492;20140717T000000Z;2.0;ONAQ_060;-999;-999;0.0027;0.0007;-999;0
GBOV_RM6_734;OnaquiAult;Courtney Meier;cmeier@battelleecology.org;support-copernicus-gbov@acri-st.fr;NEON;1685;Grasslands;40.1775894165039;-112.452438354492;20140731T000000Z;2.0;ONAQ_060;-999;-999;0.0058;0.0013;-999;2
GBOV_RM6_734;OnaquiAult;Courtney Meier;cmeier@battelleecology.org;support-copernicus-gbov@acri-st.fr;NEON;1685;Grasslands;40.1775894165039;-112.452438354492;20140814T000000Z;2.0;ONAQ_060;-999;-999;0.0038;0.0012;-999;0
GBOV_RM6_734;OnaquiAult;Courtney Meier;cmeier@battelleecology.org;support-copernicus-gbov@acri-st.fr;NEON;1685;Grasslands;40.1775894165039;-112.452438354492;20140902T000000Z;2.0;ONAQ_060;-999;-999;0.0126;0.0029;-999;0
GBOV_RM6_734;OnaquiAult;Courtney Meier;cmeier@battelleecology.org;support-copernicus-gbov@acri-st.fr;NEON;1685;Grasslands;40.1775894165039;-112.452438354492;20140912T000000Z;2.0;ONAQ_060;-999;-999;0.026;0.004;-999;0
GBOV_RM6_734;OnaquiAult;Courtney Meier;cmeier@battelleecology.org;support-copernicus-gbov@acri-st.fr;NEON;1685;Grasslands;40.1775894165039;-112.452438354492;20140924T000000Z;2.0;ONAQ_060;-999;-999;0.024;0.004;-999;0
GBOV_RM6_734;OnaquiAult;Courtney Meier;cmeier@battelleecology.org;support-copernicus-gbov@acri-st.fr;NEON;1685;Grasslands;40.1775894165039;-112.452438354492;20141008T000000Z;2.0;ONAQ_060;-999;-999;0.046;0.006;-999;0
GBOV_RM6_734;OnaquiAult;Courtney Meier;cmeier@battelleecology.org;support-copernicus-gbov@acri-st.fr;NEON;1685;Grasslands;40.1775894165039;-112.452438354492;20141023T000000Z;2.0;ONAQ_060;-999;-999;0.028;0.004;-999;0
GBOV_RM6_734;OnaquiAult;Courtney Meier;cmeier@battelleecology.org;support-copernicus-gbov@acri-st.fr;NEON;1685;Grasslands;40.1775894165039;-112.452438354492;20150603T000000Z;2.0;ONAQ_060;-999;-999;0.019;0.005;-999;0
GBOV_RM6_734;OnaquiAult;Courtney Meier;cmeier@battelleecology.org;support-copernicus-gbov@acri-st.fr;NEON;1685;Grasslands;40.1775894165039;-112.452438354492;20150619T000000Z;2.0;ONAQ_060;-999;-999;0.0081;0.0022;-999;0
GBOV_RM6_734;OnaquiAult;Courtney Meier;cmeier@battelleecology.org;support-copernicus-gbov@acri-st.fr;NEON;1685;Grasslands;40.1775894165039;-112.452438354492;20150701T000000Z;2.0;ONAQ_060;-999;-999;0.0046;0.0013;-999;0
GBOV_RM6_734;OnaquiAult;Courtney Meier;cmeier@battelleecology.org;support-copernicus-gbov@acri-st.fr;NEON;1685;Grasslands;40.1775894165039;-112.452438354492;20150715T000000Z;2.0;ONAQ_060;-999;-999;0.0044;0.0012;-999;2
GBOV_RM6_734;OnaquiAult;Courtney Meier;cmeier@battelleecology.org;support-copernicus-gbov@acri-st.fr;NEON;1685;Grasslands;40.1775894165039;-112.452438354492;20150729T000000Z;2.0;ONAQ_060;-999;-999;0.0050;0.0016;-999;0
GBOV_RM6_734;OnaquiAult;Courtney Meier;cmeier@battelleecology.org;support-copernicus-gbov@acri-st.fr;NEON;1685;Grasslands;40.1775894165039;-112.452438354492;20150813T000000Z;2.0;ONAQ_060;-999;-999;0.0032;0.0010;-999;0
GBOV_RM6_734;OnaquiAult;Courtney Meier;cmeier@battelleecology.org;support-copernicus-gbov@acri-st.fr;NEON;1685;Grasslands;40.1775894165039;-112.452438354492;20150826T000000Z;2.0;ONAQ_060;-999;-999;0.0029;0.0011;-999;0
GBOV_RM6_734;OnaquiAult;Courtney Meier;cmeier@battelleecology.org;support-copernicus-gbov@acri-st.fr;NEON;1685;Grasslands;40.1775894165039;-112.452438354492;20150909T000000Z;2.0;ONAQ_060;-999;-999;0.0138;0.0025;-999;0
GBOV_RM6_734;OnaquiAult;Courtney Meier;cmeier@battelleecology.org;support-copernicus-gbov@acri-st.fr;NEON;1685;Grasslands;40.1775894165039;-112.452438354492;20150923T000000Z;2.0;ONAQ_060;-999;-999;0.018;0.004;-999;0
GBOV_RM6_734;OnaquiAult;Courtney Meier;cmeier@battelleecology.org;support-copernicus-gbov@acri-st.fr;NEON;1685;Grasslands;40.1775894165039;-112.452438354492;20151007T000000Z;2.0;ONAQ_060;-999;-999;0.0171;0.0027;-999;0
GBOV_RM6_734;OnaquiAult;Courtney Meier;cmeier@battelleecology.org;support-copernicus-gbov@acri-st.fr;NEON;1685;Grasslands;40.1775894165039;-112.452438354492;20160324T000000Z;2.0;ONAQ_060;-999;-999;0.0161;0.0030;-999;0
GBOV_RM6_734;OnaquiAult;Courtney Meier;cmeier@battelleecology.org;support-copernicus-gbov@acri-st.fr;NEON;1685;Grasslands;40.1775894165039;-112.452438354492;20160407T000000Z;2.0;ONAQ_060;-999;-999;0.030;0.005;-999;0
GBOV_RM6_734;OnaquiAult;Courtney Meier;cmeier@battelleecology.org;support-copernicus-gbov@acri-st.fr;NEON;1685;Grasslands;40.1775894165039;-112.452438354492;20160419T000000Z;2.0;ONAQ_060;-999;-999;0.026;0.006;-999;0
GBOV_RM6_734;OnaquiAult;Courtney Meier;cmeier@battelleecology.org;support-copernicus-gbov@acri-st.fr;NEON;1685;Grasslands;40.1775894165039;-112.452438354492;20160505T000000Z;2.0;ONAQ_060;-999;-999;0.013;0.004;-999;0
GBOV_RM6_734;OnaquiAult;Courtney Meier;cmeier@battelleecology.org;support-copernicus-gbov@acri-st.fr;NEON;1685;Grasslands;40.1775894165039;-112.452438354492;20160518T000000Z;2.0;ONAQ_060;-999;-999;0.0039;0.0012;-999;0
GBOV_RM6_734;OnaquiAult;Courtney Meier;cmeier@battelleecology.org;support-copernicus-gbov@acri-st.fr;NEON;1685;Grasslands;40.1775894165039;-112.452438354492;20160601T000000Z;2.0;ONAQ_060;-999;-999;0.022;0.008;-999;0
GBOV_RM6_734;OnaquiAult;Courtney Meier;cmeier@battelleecology.org;support-copernicus-gbov@acri-st.fr;NEON;1685;Grasslands;40.1775894165039;-112.452438354492;20160616T000000Z;2.0;ONAQ_060;-999;-999;0.0109;0.0033;-999;0
GBOV_RM6_734;OnaquiAult;Courtney Meier;cmeier@battelleecology.org;support-copernicus-gbov@acri-st.fr;NEON;1685;Grasslands;40.1775894165039;-112.452438354492;20160628T000000Z;2.0;ONAQ_060;-999;-999;0.0068;0.0017;-999;0
GBOV_RM6_734;OnaquiAult;Courtney Meier;cmeier@battelleecology.org;support-copernicus-gbov@acri-st.fr;NEON;1685;Grasslands;40.1775894165039;-112.452438354492;20160712T000000Z;2.0;ONAQ_060;-999;-999;0.0061;0.0014;-999;0
GBOV_RM6_734;OnaquiAult;Courtney Meier;cmeier@battelleecology.org;support-copernicus-gbov@acri-st.fr;NEON;1685;Grasslands;40.1775894165039;-112.452438354492;20160726T000000Z;2.0;ONAQ_060;-999;-999;0.0047;0.0011;-999;0
GBOV_RM6_734;OnaquiAult;Courtney Meier;cmeier@battelleecology.org;support-copernicus-gbov@acri-st.fr;NEON;1685;Grasslands;40.1775894165039;-112.452438354492;20160809T000000Z;2.0;ONAQ_060;-999;-999;0.0056;0.0013;-999;0
GBOV_RM6_734;OnaquiAult;Courtney Meier;cmeier@battelleecology.org;support-copernicus-gbov@acri-st.fr;NEON;1685;Grasslands;40.1775894165039;-112.452438354492;20160824T000000Z;2.0;ONAQ_060;-999;-999;0.0084;0.0017;-999;0
GBOV_RM6_734;OnaquiAult;Courtney Meier;cmeier@battelleecology.org;support-copernicus-gbov@acri-st.fr;NEON;1685;Grasslands;40.1775894165039;-112.452438354492;20160908T000000Z;2.0;ONAQ_060;-999;-999;0.0109;0.0023;-999;0
GBOV_RM6_734;OnaquiAult;Courtney Meier;cmeier@battelleecology.org;support-copernicus-gbov@acri-st.fr;NEON;1685;Grasslands;40.1775894165039;-112.452438354492;20160920T000000Z;2.0;ONAQ_060;-999;-999;0.0118;0.0023;-999;0
GBOV_RM6_734;OnaquiAult;Courtney Meier;cmeier@battelleecology.org;support-copernicus-gbov@acri-st.fr;NEON;1685;Grasslands;40.1775894165039;-112.452438354492;20161004T000000Z;2.0;ONAQ_060;-999;-999;0.021;0.004;-999;0
GBOV_RM6_734;OnaquiAult;Courtney Meier;cmeier@battelleecology.org;support-copernicus-gbov@acri-st.fr;NEON;1685;Grasslands;40.1775894165039;-112.452438354492;20161019T000000Z;2.0;ONAQ_060;-999;-999;0.0217;0.0031;-999;0
GBOV_RM6_734;OnaquiAult;Courtney Meier;cmeier@battelleecology.org;support-copernicus-gbov@acri-st.fr;NEON;1685;Grasslands;40.1775894165039;-112.452438354492;20170322T000000Z;2.0;ONAQ_060;-999;-999;0.00025;0.00011;-999;0
GBOV_RM6_734;OnaquiAult;Courtney Meier;cmeier@battelleecology.org;support-copernicus-gbov@acri-st.fr;NEON;1685;Grasslands;40.1775894165039;-112.452438354492;20170405T000000Z;2.0;ONAQ_060;-999;-999;0.041;0.006;-999;0
GBOV_RM6_734;OnaquiAult;Courtney Meier;cmeier@battelleecology.org;support-copernicus-gbov@acri-st.fr;NEON;1685;Grasslands;40.1775894165039;-112.452438354492;20170417T000000Z;2.0;ONAQ_060;-999;-999;0.026;0.005;-999;0
GBOV_RM6_734;OnaquiAult;Courtney Meier;cmeier@battelleecology.org;support-copernicus-gbov@acri-st.fr;NEON;1685;Grasslands;40.1775894165039;-112.452438354492;20170503T000000Z;2.0;ONAQ_060;-999;-999;0.043;0.009;-999;0
GBOV_RM6_734;OnaquiAult;Courtney Meier;cmeier@battelleecology.org;support-copernicus-gbov@acri-st.fr;NEON;1685;Grasslands;40.1775894165039;-112.452438354492;20170516T000000Z;2.0;ONAQ_060;-999;-999;0.022;0.006;-999;0
GBOV_RM6_734;OnaquiAult;Courtney Meier;cmeier@battelleecology.org;support-copernicus-gbov@acri-st.fr;NEON;1685;Grasslands;40.1775894165039;-112.452438354492;20170615T000000Z;2.0;ONAQ_060;-999;-999;0.06;0.04;-999;0
GBOV_RM6_734;OnaquiAult;Courtney Meier;cmeier@battelleecology.org;support-copernicus-gbov@acri-st.fr;NEON;1685;Grasslands;40.1775894165039;-112.452438354492;20170628T000000Z;2.0;ONAQ_060;-999;-999;0.0090;0.0019;-999;0
GBOV_RM6_734;OnaquiAult;Courtney Meier;cmeier@battelleecology.org;support-copernicus-gbov@acri-st.fr;NEON;1685;Grasslands;40.1775894165039;-112.452438354492;20170712T000000Z;2.0;ONAQ_060;-999;-999;0.0048;0.0009;-999;0
GBOV_RM6_734;OnaquiAult;Courtney Meier;cmeier@battelleecology.org;support-copernicus-gbov@acri-st.fr;NEON;1685;Grasslands;40.1775894165039;-112.452438354492;20170724T000000Z;2.0;ONAQ_060;-999;-999;0.0034;0.0007;-999;0
GBOV_RM6_734;OnaquiAult;Courtney Meier;cmeier@battelleecology.org;support-copernicus-gbov@acri-st.fr;NEON;1685;Grasslands;40.1775894165039;-112.452438354492;20170809T000000Z;2.0;ONAQ_060;-999;-999;0.0058;0.0010;-999;0
GBOV_RM6_734;OnaquiAult;Courtney Meier;cmeier@battelleecology.org;support-copernicus-gbov@acri-st.fr;NEON;1685;Grasslands;40.1775894165039;-112.452438354492;20170823T000000Z;2.0;ONAQ_060;-999;-999;0.0150;0.0020;-999;0
GBOV_RM6_734;OnaquiAult;Courtney Meier;cmeier@battelleecology.org;support-copernicus-gbov@acri-st.fr;NEON;1685;Grasslands;40.1775894165039;-112.452438354492;20170906T000000Z;2.0;ONAQ_060;-999;-999;0.0067;0.0014;-999;0
GBOV_RM6_734;OnaquiAult;Courtney Meier;cmeier@battelleecology.org;support-copernicus-gbov@acri-st.fr;NEON;1685;Grasslands;40.1775894165039;-112.452438354492;20170920T000000Z;2.0;ONAQ_060;-999;-999;0.0203;0.0022;-999;0
GBOV_RM6_734;OnaquiAult;Courtney Meier;cmeier@battelleecology.org;support-copernicus-gbov@acri-st.fr;NEON;1685;Grasslands;40.1775894165039;-112.452438354492;20171005T000000Z;2.0;ONAQ_060;-999;-999;0.0265;0.0026;-999;0
GBOV_RM6_734;OnaquiAult;Courtney Meier;cmeier@battelleecology.org;support-copernicus-gbov@acri-st.fr;NEON;1685;Grasslands;40.1775894165039;-112.452438354492;20171016T000000Z;2.0;ONAQ_060;-999;-999;0.0354;0.0026;-999;0
GBOV_RM6_734;OnaquiAult;Courtney Meier;cmeier@battelleecology.org;support-copernicus-gbov@acri-st.fr;NEON;1685;Grasslands;40.1775894165039;-112.452438354492;20180321T000000Z;2.0;ONAQ_060;-999;-999;0.0338;0.0035;-999;0
GBOV_RM6_734;OnaquiAult;Courtney Meier;cmeier@battelleecology.org;support-copernicus-gbov@acri-st.fr;NEON;1685;Grasslands;40.1775894165039;-112.452438354492;20180404T000000Z;2.0;ONAQ_060;-999;-999;0.0076;0.0012;-999;0
GBOV_RM6_734;OnaquiAult;Courtney Meier;cmeier@battelleecology.org;support-copernicus-gbov@acri-st.fr;NEON;1685;Grasslands;40.1775894165039;-112.452438354492;20180416T000000Z;2.0;ONAQ_060;-999;-999;0.0387;0.0032;-999;0
GBOV_RM6_734;OnaquiAult;Courtney Meier;cmeier@battelleecology.org;support-copernicus-gbov@acri-st.fr;NEON;1685;Grasslands;40.1775894165039;-112.452438354492;20180503T000000Z;2.0;ONAQ_060;-999;-999;0.017;0.004;-999;0
GBOV_RM6_734;OnaquiAult;Courtney Meier;cmeier@battelleecology.org;support-copernicus-gbov@acri-st.fr;NEON;1685;Grasslands;40.1775894165039;-112.452438354492;20180516T000000Z;2.0;ONAQ_060;-999;-999;0.030;0.006;-999;0
GBOV_RM6_734;OnaquiAult;Courtney Meier;cmeier@battelleecology.org;support-copernicus-gbov@acri-st.fr;NEON;1685;Grasslands;40.1775894165039;-112.452438354492;20180605T000000Z;2.0;ONAQ_060;-999;-999;0.020;0.005;-999;0
GBOV_RM6_734;OnaquiAult;Courtney Meier;cmeier@battelleecology.org;support-copernicus-gbov@acri-st.fr;NEON;1685;Grasslands;40.1775894165039;-112.452438354492;20180613T000000Z;2.0;ONAQ_060;-999;-999;0.0099;0.0024;-999;0
GBOV_RM6_734;OnaquiAult;Courtney Meier;cmeier@battelleecology.org;support-copernicus-gbov@acri-st.fr;NEON;1685;Grasslands;40.1775894165039;-112.452438354492;20180628T000000Z;2.0;ONAQ_060;-999;-999;0.0063;0.0013;-999;0
GBOV_RM6_734;OnaquiAult;Courtney Meier;cmeier@battelleecology.org;support-copernicus-gbov@acri-st.fr;NEON;1685;Grasslands;40.1775894165039;-112.452438354492;20180711T000000Z;2.0;ONAQ_060;-999;-999;0.0040;0.0009;-999;0
GBOV_RM6_734;OnaquiAult;Courtney Meier;cmeier@battelleecology.org;support-copernicus-gbov@acri-st.fr;NEON;1685;Grasslands;40.1775894165039;-112.452438354492;20180725T000000Z;2.0;ONAQ_060;-999;-999;0.0029;0.0008;-999;0
GBOV_RM6_734;OnaquiAult;Courtney Meier;cmeier@battelleecology.org;support-copernicus-gbov@acri-st.fr;NEON;1685;Grasslands;40.1775894165039;-112.452438354492;20180808T000000Z;2.0;ONAQ_060;-999;-999;0.0059;0.0013;-999;0
GBOV_RM6_734;OnaquiAult;Courtney Meier;cmeier@battelleecology.org;support-copernicus-gbov@acri-st.fr;NEON;1685;Grasslands;40.1775894165039;-112.452438354492;20180822T000000Z;2.0;ONAQ_060;-999;-999;0.0024;0.0006;-999;0
GBOV_RM6_734;OnaquiAult;Courtney Meier;cmeier@battelleecology.org;support-copernicus-gbov@acri-st.fr;NEON;1685;Grasslands;40.1775894165039;-112.452438354492;20180905T000000Z;2.0;ONAQ_060;-999;-999;0.0102;0.0020;-999;0
GBOV_RM6_734;OnaquiAult;Courtney Meier;cmeier@battelleecology.org;support-copernicus-gbov@acri-st.fr;NEON;1685;Grasslands;40.1775894165039;-112.452438354492;20180919T000000Z;2.0;ONAQ_060;-999;-999;0.0152;0.0027;-999;0
GBOV_RM6_734;OnaquiAult;Courtney Meier;cmeier@battelleecology.org;support-copernicus-gbov@acri-st.fr;NEON;1685;Grasslands;40.1775894165039;-112.452438354492;20181001T000000Z;2.0;ONAQ_060;-999;-999;0.0093;0.0018;-999;0
GBOV_RM6_734;OnaquiAult;Courtney Meier;cmeier@battelleecology.org;support-copernicus-gbov@acri-st.fr;NEON;1685;Grasslands;40.1775894165039;-112.452438354492;20190320T154700Z;2.0;ONAQ_060;-999;-999;0.0295;0.0026;-999;0
GBOV_RM6_734;OnaquiAult;Courtney Meier;cmeier@battelleecology.org;support-copernicus-gbov@acri-st.fr;NEON;1685;Grasslands;40.1775894165039;-112.452438354492;20190403T150900Z;2.0;ONAQ_060;-999;-999;0.0194;0.0024;-999;0
GBOV_RM6_734;OnaquiAult;Courtney Meier;cmeier@battelleecology.org;support-copernicus-gbov@acri-st.fr;NEON;1685;Grasslands;40.1775894165039;-112.452438354492;20190418T161400Z;2.0;ONAQ_060;-999;-999;0.074;0.008;-999;0
GBOV_RM6_734;OnaquiAult;Courtney Meier;cmeier@battelleecology.org;support-copernicus-gbov@acri-st.fr;NEON;1685;Grasslands;40.1775894165039;-112.452438354492;20190502T153000Z;2.0;ONAQ_060;-999;-999;0.073;0.012;-999;0
GBOV_RM6_734;OnaquiAult;Courtney Meier;cmeier@battelleecology.org;support-copernicus-gbov@acri-st.fr;NEON;1685;Grasslands;40.1775894165039;-112.452438354492;20190517T124500Z;2.0;ONAQ_060;-999;-999;0.033;0.006;-999;0
GBOV_RM6_734;OnaquiAult;Courtney Meier;cmeier@battelleecology.org;support-copernicus-gbov@acri-st.fr;NEON;1685;Grasslands;40.1775894165039;-112.452438354492;20190530T123400Z;2.0;ONAQ_060;-999;-999;0.029;0.009;-999;0
GBOV_RM6_734;OnaquiAult;Courtney Meier;cmeier@battelleecology.org;support-copernicus-gbov@acri-st.fr;NEON;1685;Grasslands;40.1775894165039;-112.452438354492;20190627T143600Z;2.0;ONAQ_060;-999;-999;0.009;0.004;-999;0
GBOV_RM6_734;OnaquiAult;Courtney Meier;cmeier@battelleecology.org;support-copernicus-gbov@acri-st.fr;NEON;1685;Grasslands;40.1775894165039;-112.452438354492;20190711T123100Z;2.0;ONAQ_060;-999;-999;0.0085;0.0021;-999;0
GBOV_RM6_734;OnaquiAult;Courtney Meier;cmeier@battelleecology.org;support-copernicus-gbov@acri-st.fr;NEON;1685;Grasslands;40.1775894165039;-112.452438354492;20190724T162500Z;2.0;ONAQ_060;-999;-999;0.0046;0.0020;-999;0
GBOV_RM6_734;OnaquiAult;Courtney Meier;cmeier@battelleecology.org;support-copernicus-gbov@acri-st.fr;NEON;1685;Grasslands;40.1775894165039;-112.452438354492;20190808T141500Z;2.0;ONAQ_060;-999;-999;0.0030;0.0013;-999;0
GBOV_RM6_734;OnaquiAult;Courtney Meier;cmeier@battelleecology.org;support-copernicus-gbov@acri-st.fr;NEON;1685;Grasslands;40.1775894165039;-112.452438354492;20190821T113800Z;2.0;ONAQ_060;-999;-999;0.0031;0.0008;-999;0
GBOV_RM6_734;OnaquiAult;Courtney Meier;cmeier@battelleecology.org;support-copernicus-gbov@acri-st.fr;NEON;1685;Grasslands;40.1775894165039;-112.452438354492;20190905T120500Z;2.0;ONAQ_060;-999;-999;0.0020;0.0005;-999;0
