GBOV_ID;Site;GROUND_DATA_PI;GROUND_DATA_PIs_Email;GBOV_Email;Network;Elevation;IGBP_class;Lat_IS;Lon_IS;TIME_IS;Version;PLOT_ID;FIPAR_up;FIPAR_up_err;FIPAR_down;FIPAR_down_err;up_flag;down_flag
GBOV_RM6_465;TalladegaNationalForest;Courtney Meier;cmeier@battelleecology.org;support-copernicus-gbov@acri-st.fr;NEON;135;Mixed Forest;32.9504585266113;-87.3932723999023;20140516T000000Z;2.0;TALL_049;0.528;0.024;-999;-999;0;-999
GBOV_RM6_465;TalladegaNationalForest;Courtney Meier;cmeier@battelleecology.org;support-copernicus-gbov@acri-st.fr;NEON;135;Mixed Forest;32.9504585266113;-87.3932723999023;20140530T000000Z;2.0;TALL_049;0.506;0.025;-999;-999;0;-999
GBOV_RM6_465;TalladegaNationalForest;Courtney Meier;cmeier@battelleecology.org;support-copernicus-gbov@acri-st.fr;NEON;135;Mixed Forest;32.9504585266113;-87.3932723999023;20140618T000000Z;2.0;TALL_049;0.539;0.031;-999;-999;0;-999
GBOV_RM6_465;TalladegaNationalForest;Courtney Meier;cmeier@battelleecology.org;support-copernicus-gbov@acri-st.fr;NEON;135;Mixed Forest;32.9504585266113;-87.3932723999023;20140627T000000Z;2.0;TALL_049;0.515;0.026;-999;-999;32;-999
GBOV_RM6_465;TalladegaNationalForest;Courtney Meier;cmeier@battelleecology.org;support-copernicus-gbov@acri-st.fr;NEON;135;Mixed Forest;32.9504585266113;-87.3932723999023;20140711T000000Z;2.0;TALL_049;0.534;0.021;-999;-999;0;-999
GBOV_RM6_465;TalladegaNationalForest;Courtney Meier;cmeier@battelleecology.org;support-copernicus-gbov@acri-st.fr;NEON;135;Mixed Forest;32.9504585266113;-87.3932723999023;20140725T000000Z;2.0;TALL_049;0.552;0.028;-999;-999;0;-999
GBOV_RM6_465;TalladegaNationalForest;Courtney Meier;cmeier@battelleecology.org;support-copernicus-gbov@acri-st.fr;NEON;135;Mixed Forest;32.9504585266113;-87.3932723999023;20140808T000000Z;2.0;TALL_049;0.554;0.029;-999;-999;0;-999
GBOV_RM6_465;TalladegaNationalForest;Courtney Meier;cmeier@battelleecology.org;support-copernicus-gbov@acri-st.fr;NEON;135;Mixed Forest;32.9504585266113;-87.3932723999023;20140822T000000Z;2.0;TALL_049;0.596;0.031;-999;-999;0;-999
GBOV_RM6_465;TalladegaNationalForest;Courtney Meier;cmeier@battelleecology.org;support-copernicus-gbov@acri-st.fr;NEON;135;Mixed Forest;32.9504585266113;-87.3932723999023;20140905T000000Z;2.0;TALL_049;0.624;0.029;-999;-999;0;-999
GBOV_RM6_465;TalladegaNationalForest;Courtney Meier;cmeier@battelleecology.org;support-copernicus-gbov@acri-st.fr;NEON;135;Mixed Forest;32.9504585266113;-87.3932723999023;20140919T000000Z;2.0;TALL_049;0.687;0.024;-999;-999;0;-999
GBOV_RM6_465;TalladegaNationalForest;Courtney Meier;cmeier@battelleecology.org;support-copernicus-gbov@acri-st.fr;NEON;135;Mixed Forest;32.9504585266113;-87.3932723999023;20141006T000000Z;2.0;TALL_049;0.763;0.020;-999;-999;0;-999
GBOV_RM6_465;TalladegaNationalForest;Courtney Meier;cmeier@battelleecology.org;support-copernicus-gbov@acri-st.fr;NEON;135;Mixed Forest;32.9504585266113;-87.3932723999023;20141017T000000Z;2.0;TALL_049;0.747;0.014;-999;-999;0;-999
GBOV_RM6_465;TalladegaNationalForest;Courtney Meier;cmeier@battelleecology.org;support-copernicus-gbov@acri-st.fr;NEON;135;Mixed Forest;32.9504585266113;-87.3932723999023;20141031T000000Z;2.0;TALL_049;0.780;0.017;-999;-999;0;-999
GBOV_RM6_465;TalladegaNationalForest;Courtney Meier;cmeier@battelleecology.org;support-copernicus-gbov@acri-st.fr;NEON;135;Mixed Forest;32.9504585266113;-87.3932723999023;20150320T000000Z;2.0;TALL_049;0.631;0.014;-999;-999;0;-999
GBOV_RM6_465;TalladegaNationalForest;Courtney Meier;cmeier@battelleecology.org;support-copernicus-gbov@acri-st.fr;NEON;135;Mixed Forest;32.9504585266113;-87.3932723999023;20150402T000000Z;2.0;TALL_049;0.570;0.015;-999;-999;0;-999
GBOV_RM6_465;TalladegaNationalForest;Courtney Meier;cmeier@battelleecology.org;support-copernicus-gbov@acri-st.fr;NEON;135;Mixed Forest;32.9504585266113;-87.3932723999023;20150416T000000Z;2.0;TALL_049;0.569;0.027;-999;-999;0;-999
GBOV_RM6_465;TalladegaNationalForest;Courtney Meier;cmeier@battelleecology.org;support-copernicus-gbov@acri-st.fr;NEON;135;Mixed Forest;32.9504585266113;-87.3932723999023;20150430T000000Z;2.0;TALL_049;0.570;0.035;-999;-999;0;-999
GBOV_RM6_465;TalladegaNationalForest;Courtney Meier;cmeier@battelleecology.org;support-copernicus-gbov@acri-st.fr;NEON;135;Mixed Forest;32.9504585266113;-87.3932723999023;20150514T000000Z;2.0;TALL_049;0.538;0.027;-999;-999;0;-999
GBOV_RM6_465;TalladegaNationalForest;Courtney Meier;cmeier@battelleecology.org;support-copernicus-gbov@acri-st.fr;NEON;135;Mixed Forest;32.9504585266113;-87.3932723999023;20150611T000000Z;2.0;TALL_049;0.548;0.027;-999;-999;0;-999
GBOV_RM6_465;TalladegaNationalForest;Courtney Meier;cmeier@battelleecology.org;support-copernicus-gbov@acri-st.fr;NEON;135;Mixed Forest;32.9504585266113;-87.3932723999023;20150625T000000Z;2.0;TALL_049;0.530;0.026;-999;-999;0;-999
GBOV_RM6_465;TalladegaNationalForest;Courtney Meier;cmeier@battelleecology.org;support-copernicus-gbov@acri-st.fr;NEON;135;Mixed Forest;32.9504585266113;-87.3932723999023;20150709T000000Z;2.0;TALL_049;0.534;0.027;-999;-999;0;-999
GBOV_RM6_465;TalladegaNationalForest;Courtney Meier;cmeier@battelleecology.org;support-copernicus-gbov@acri-st.fr;NEON;135;Mixed Forest;32.9504585266113;-87.3932723999023;20150806T000000Z;2.0;TALL_049;0.539;0.020;-999;-999;0;-999
GBOV_RM6_465;TalladegaNationalForest;Courtney Meier;cmeier@battelleecology.org;support-copernicus-gbov@acri-st.fr;NEON;135;Mixed Forest;32.9504585266113;-87.3932723999023;20150820T000000Z;2.0;TALL_049;0.531;0.019;-999;-999;0;-999
GBOV_RM6_465;TalladegaNationalForest;Courtney Meier;cmeier@battelleecology.org;support-copernicus-gbov@acri-st.fr;NEON;135;Mixed Forest;32.9504585266113;-87.3932723999023;20150903T000000Z;2.0;TALL_049;0.598;0.020;-999;-999;0;-999
GBOV_RM6_465;TalladegaNationalForest;Courtney Meier;cmeier@battelleecology.org;support-copernicus-gbov@acri-st.fr;NEON;135;Mixed Forest;32.9504585266113;-87.3932723999023;20150917T000000Z;2.0;TALL_049;0.647;0.016;-999;-999;0;-999
GBOV_RM6_465;TalladegaNationalForest;Courtney Meier;cmeier@battelleecology.org;support-copernicus-gbov@acri-st.fr;NEON;135;Mixed Forest;32.9504585266113;-87.3932723999023;20151001T000000Z;2.0;TALL_049;0.713;0.017;-999;-999;0;-999
GBOV_RM6_465;TalladegaNationalForest;Courtney Meier;cmeier@battelleecology.org;support-copernicus-gbov@acri-st.fr;NEON;135;Mixed Forest;32.9504585266113;-87.3932723999023;20151015T000000Z;2.0;TALL_049;0.716;0.013;-999;-999;0;-999
GBOV_RM6_465;TalladegaNationalForest;Courtney Meier;cmeier@battelleecology.org;support-copernicus-gbov@acri-st.fr;NEON;135;Mixed Forest;32.9504585266113;-87.3932723999023;20151029T000000Z;2.0;TALL_049;0.766;0.013;-999;-999;0;-999
GBOV_RM6_465;TalladegaNationalForest;Courtney Meier;cmeier@battelleecology.org;support-copernicus-gbov@acri-st.fr;NEON;135;Mixed Forest;32.9504585266113;-87.3932723999023;20160317T000000Z;2.0;TALL_049;0.564;0.022;0.116;0.007;0;0
GBOV_RM6_465;TalladegaNationalForest;Courtney Meier;cmeier@battelleecology.org;support-copernicus-gbov@acri-st.fr;NEON;135;Mixed Forest;32.9504585266113;-87.3932723999023;20160401T000000Z;2.0;TALL_049;0.506;0.015;-999;-999;0;-999
GBOV_RM6_465;TalladegaNationalForest;Courtney Meier;cmeier@battelleecology.org;support-copernicus-gbov@acri-st.fr;NEON;135;Mixed Forest;32.9504585266113;-87.3932723999023;20160414T000000Z;2.0;TALL_049;0.534;0.018;0.148;0.008;0;0
GBOV_RM6_465;TalladegaNationalForest;Courtney Meier;cmeier@battelleecology.org;support-copernicus-gbov@acri-st.fr;NEON;135;Mixed Forest;32.9504585266113;-87.3932723999023;20160428T000000Z;2.0;TALL_049;0.515;0.020;0.490;0.029;0;0
GBOV_RM6_465;TalladegaNationalForest;Courtney Meier;cmeier@battelleecology.org;support-copernicus-gbov@acri-st.fr;NEON;135;Mixed Forest;32.9504585266113;-87.3932723999023;20160511T000000Z;2.0;TALL_049;0.541;0.031;-999;-999;0;-999
GBOV_RM6_465;TalladegaNationalForest;Courtney Meier;cmeier@battelleecology.org;support-copernicus-gbov@acri-st.fr;NEON;135;Mixed Forest;32.9504585266113;-87.3932723999023;20160608T000000Z;2.0;TALL_049;0.568;0.029;0.76;0.04;0;2
GBOV_RM6_465;TalladegaNationalForest;Courtney Meier;cmeier@battelleecology.org;support-copernicus-gbov@acri-st.fr;NEON;135;Mixed Forest;32.9504585266113;-87.3932723999023;20160621T000000Z;2.0;TALL_049;0.500;0.026;-999;-999;0;-999
GBOV_RM6_465;TalladegaNationalForest;Courtney Meier;cmeier@battelleecology.org;support-copernicus-gbov@acri-st.fr;NEON;135;Mixed Forest;32.9504585266113;-87.3932723999023;20160707T000000Z;2.0;TALL_049;0.526;0.025;0.67;0.04;0;32
GBOV_RM6_465;TalladegaNationalForest;Courtney Meier;cmeier@battelleecology.org;support-copernicus-gbov@acri-st.fr;NEON;135;Mixed Forest;32.9504585266113;-87.3932723999023;20160719T000000Z;2.0;TALL_049;0.533;0.021;-999;-999;0;-999
GBOV_RM6_465;TalladegaNationalForest;Courtney Meier;cmeier@battelleecology.org;support-copernicus-gbov@acri-st.fr;NEON;135;Mixed Forest;32.9504585266113;-87.3932723999023;20160804T000000Z;2.0;TALL_049;0.550;0.022;-999;-999;0;-999
GBOV_RM6_465;TalladegaNationalForest;Courtney Meier;cmeier@battelleecology.org;support-copernicus-gbov@acri-st.fr;NEON;135;Mixed Forest;32.9504585266113;-87.3932723999023;20160819T000000Z;2.0;TALL_049;0.492;0.023;0.34;0.06;1;-999
GBOV_RM6_465;TalladegaNationalForest;Courtney Meier;cmeier@battelleecology.org;support-copernicus-gbov@acri-st.fr;NEON;135;Mixed Forest;32.9504585266113;-87.3932723999023;20160830T000000Z;2.0;TALL_049;0.627;0.021;-999;-999;1;-999
GBOV_RM6_465;TalladegaNationalForest;Courtney Meier;cmeier@battelleecology.org;support-copernicus-gbov@acri-st.fr;NEON;135;Mixed Forest;32.9504585266113;-87.3932723999023;20160913T000000Z;2.0;TALL_049;0.710;0.016;0.280;0.028;65;65
GBOV_RM6_465;TalladegaNationalForest;Courtney Meier;cmeier@battelleecology.org;support-copernicus-gbov@acri-st.fr;NEON;135;Mixed Forest;32.9504585266113;-87.3932723999023;20160929T000000Z;2.0;TALL_049;0.739;0.018;-999;-999;1;-999
GBOV_RM6_465;TalladegaNationalForest;Courtney Meier;cmeier@battelleecology.org;support-copernicus-gbov@acri-st.fr;NEON;135;Mixed Forest;32.9504585266113;-87.3932723999023;20161013T000000Z;2.0;TALL_049;0.694;0.013;-999;-999;1;-999
GBOV_RM6_465;TalladegaNationalForest;Courtney Meier;cmeier@battelleecology.org;support-copernicus-gbov@acri-st.fr;NEON;135;Mixed Forest;32.9504585266113;-87.3932723999023;20161025T000000Z;2.0;TALL_049;0.736;0.017;0.28;0.04;1;1
GBOV_RM6_465;TalladegaNationalForest;Courtney Meier;cmeier@battelleecology.org;support-copernicus-gbov@acri-st.fr;NEON;135;Mixed Forest;32.9504585266113;-87.3932723999023;20161110T000000Z;2.0;TALL_049;0.757;0.015;-999;-999;1;1
GBOV_RM6_465;TalladegaNationalForest;Courtney Meier;cmeier@battelleecology.org;support-copernicus-gbov@acri-st.fr;NEON;135;Mixed Forest;32.9504585266113;-87.3932723999023;20161122T000000Z;2.0;TALL_049;0.719;0.018;0.170;0.011;1;1
GBOV_RM6_465;TalladegaNationalForest;Courtney Meier;cmeier@battelleecology.org;support-copernicus-gbov@acri-st.fr;NEON;135;Mixed Forest;32.9504585266113;-87.3932723999023;20170324T000000Z;2.0;TALL_049;0.591;0.015;-999;-999;0;0
GBOV_RM6_465;TalladegaNationalForest;Courtney Meier;cmeier@battelleecology.org;support-copernicus-gbov@acri-st.fr;NEON;135;Mixed Forest;32.9504585266113;-87.3932723999023;20170406T000000Z;2.0;TALL_049;0.540;0.016;-999;-999;0;-999
GBOV_RM6_465;TalladegaNationalForest;Courtney Meier;cmeier@battelleecology.org;support-copernicus-gbov@acri-st.fr;NEON;135;Mixed Forest;32.9504585266113;-87.3932723999023;20170419T000000Z;2.0;TALL_049;0.581;0.027;-999;-999;1;-999
GBOV_RM6_465;TalladegaNationalForest;Courtney Meier;cmeier@battelleecology.org;support-copernicus-gbov@acri-st.fr;NEON;135;Mixed Forest;32.9504585266113;-87.3932723999023;20170503T000000Z;2.0;TALL_049;0.530;0.027;-999;-999;0;-999
GBOV_RM6_465;TalladegaNationalForest;Courtney Meier;cmeier@battelleecology.org;support-copernicus-gbov@acri-st.fr;NEON;135;Mixed Forest;32.9504585266113;-87.3932723999023;20170519T000000Z;2.0;TALL_049;0.568;0.029;-999;-999;1;-999
GBOV_RM6_465;TalladegaNationalForest;Courtney Meier;cmeier@battelleecology.org;support-copernicus-gbov@acri-st.fr;NEON;135;Mixed Forest;32.9504585266113;-87.3932723999023;20170602T000000Z;2.0;TALL_049;0.557;0.021;-999;-999;1;-999
GBOV_RM6_465;TalladegaNationalForest;Courtney Meier;cmeier@battelleecology.org;support-copernicus-gbov@acri-st.fr;NEON;135;Mixed Forest;32.9504585266113;-87.3932723999023;20170613T000000Z;2.0;TALL_049;0.518;0.027;-999;-999;1;-999
GBOV_RM6_465;TalladegaNationalForest;Courtney Meier;cmeier@battelleecology.org;support-copernicus-gbov@acri-st.fr;NEON;135;Mixed Forest;32.9504585266113;-87.3932723999023;20170628T000000Z;2.0;TALL_049;0.527;0.030;-999;-999;0;-999
GBOV_RM6_465;TalladegaNationalForest;Courtney Meier;cmeier@battelleecology.org;support-copernicus-gbov@acri-st.fr;NEON;135;Mixed Forest;32.9504585266113;-87.3932723999023;20170712T000000Z;2.0;TALL_049;0.516;0.027;-999;-999;0;-999
GBOV_RM6_465;TalladegaNationalForest;Courtney Meier;cmeier@battelleecology.org;support-copernicus-gbov@acri-st.fr;NEON;135;Mixed Forest;32.9504585266113;-87.3932723999023;20170726T000000Z;2.0;TALL_049;0.514;0.023;-999;-999;0;-999
GBOV_RM6_465;TalladegaNationalForest;Courtney Meier;cmeier@battelleecology.org;support-copernicus-gbov@acri-st.fr;NEON;135;Mixed Forest;32.9504585266113;-87.3932723999023;20170809T000000Z;2.0;TALL_049;0.517;0.030;-999;-999;0;-999
GBOV_RM6_465;TalladegaNationalForest;Courtney Meier;cmeier@battelleecology.org;support-copernicus-gbov@acri-st.fr;NEON;135;Mixed Forest;32.9504585266113;-87.3932723999023;20170825T000000Z;2.0;TALL_049;0.582;0.022;-999;-999;0;-999
GBOV_RM6_465;TalladegaNationalForest;Courtney Meier;cmeier@battelleecology.org;support-copernicus-gbov@acri-st.fr;NEON;135;Mixed Forest;32.9504585266113;-87.3932723999023;20170906T000000Z;2.0;TALL_049;0.602;0.016;-999;-999;0;-999
GBOV_RM6_465;TalladegaNationalForest;Courtney Meier;cmeier@battelleecology.org;support-copernicus-gbov@acri-st.fr;NEON;135;Mixed Forest;32.9504585266113;-87.3932723999023;20170919T000000Z;2.0;TALL_049;0.626;0.017;-999;-999;0;-999
GBOV_RM6_465;TalladegaNationalForest;Courtney Meier;cmeier@battelleecology.org;support-copernicus-gbov@acri-st.fr;NEON;135;Mixed Forest;32.9504585266113;-87.3932723999023;20171003T000000Z;2.0;TALL_049;0.684;0.014;-999;-999;0;-999
GBOV_RM6_465;TalladegaNationalForest;Courtney Meier;cmeier@battelleecology.org;support-copernicus-gbov@acri-st.fr;NEON;135;Mixed Forest;32.9504585266113;-87.3932723999023;20171017T000000Z;2.0;TALL_049;0.705;0.015;-999;-999;1;-999
GBOV_RM6_465;TalladegaNationalForest;Courtney Meier;cmeier@battelleecology.org;support-copernicus-gbov@acri-st.fr;NEON;135;Mixed Forest;32.9504585266113;-87.3932723999023;20171101T000000Z;2.0;TALL_049;0.768;0.014;-999;-999;0;-999
GBOV_RM6_465;TalladegaNationalForest;Courtney Meier;cmeier@battelleecology.org;support-copernicus-gbov@acri-st.fr;NEON;135;Mixed Forest;32.9504585266113;-87.3932723999023;20180321T000000Z;2.0;TALL_049;0.601;0.016;0.0167;0.0022;0;0
GBOV_RM6_465;TalladegaNationalForest;Courtney Meier;cmeier@battelleecology.org;support-copernicus-gbov@acri-st.fr;NEON;135;Mixed Forest;32.9504585266113;-87.3932723999023;20180403T000000Z;2.0;TALL_049;0.554;0.017;0.046;0.009;0;0
GBOV_RM6_465;TalladegaNationalForest;Courtney Meier;cmeier@battelleecology.org;support-copernicus-gbov@acri-st.fr;NEON;135;Mixed Forest;32.9504585266113;-87.3932723999023;20180418T000000Z;2.0;TALL_049;0.545;0.020;0.399;0.035;0;0
GBOV_RM6_465;TalladegaNationalForest;Courtney Meier;cmeier@battelleecology.org;support-copernicus-gbov@acri-st.fr;NEON;135;Mixed Forest;32.9504585266113;-87.3932723999023;20180502T000000Z;2.0;TALL_049;0.544;0.024;0.0154;0.0022;0;0
GBOV_RM6_465;TalladegaNationalForest;Courtney Meier;cmeier@battelleecology.org;support-copernicus-gbov@acri-st.fr;NEON;135;Mixed Forest;32.9504585266113;-87.3932723999023;20180516T000000Z;2.0;TALL_049;0.520;0.026;0.090;0.012;0;0
GBOV_RM6_465;TalladegaNationalForest;Courtney Meier;cmeier@battelleecology.org;support-copernicus-gbov@acri-st.fr;NEON;135;Mixed Forest;32.9504585266113;-87.3932723999023;20180601T000000Z;2.0;TALL_049;0.527;0.028;0.36;0.04;0;0
GBOV_RM6_465;TalladegaNationalForest;Courtney Meier;cmeier@battelleecology.org;support-copernicus-gbov@acri-st.fr;NEON;135;Mixed Forest;32.9504585266113;-87.3932723999023;20180613T000000Z;2.0;TALL_049;0.537;0.025;0.52;0.04;0;0
GBOV_RM6_465;TalladegaNationalForest;Courtney Meier;cmeier@battelleecology.org;support-copernicus-gbov@acri-st.fr;NEON;135;Mixed Forest;32.9504585266113;-87.3932723999023;20180627T000000Z;2.0;TALL_049;0.519;0.024;0.50;0.04;0;0
GBOV_RM6_465;TalladegaNationalForest;Courtney Meier;cmeier@battelleecology.org;support-copernicus-gbov@acri-st.fr;NEON;135;Mixed Forest;32.9504585266113;-87.3932723999023;20180711T000000Z;2.0;TALL_049;0.550;0.027;0.641;0.031;0;0
GBOV_RM6_465;TalladegaNationalForest;Courtney Meier;cmeier@battelleecology.org;support-copernicus-gbov@acri-st.fr;NEON;135;Mixed Forest;32.9504585266113;-87.3932723999023;20180724T000000Z;2.0;TALL_049;0.527;0.023;0.678;0.034;0;0
GBOV_RM6_465;TalladegaNationalForest;Courtney Meier;cmeier@battelleecology.org;support-copernicus-gbov@acri-st.fr;NEON;135;Mixed Forest;32.9504585266113;-87.3932723999023;20180808T000000Z;2.0;TALL_049;0.548;0.023;0.572;0.027;0;0
GBOV_RM6_465;TalladegaNationalForest;Courtney Meier;cmeier@battelleecology.org;support-copernicus-gbov@acri-st.fr;NEON;135;Mixed Forest;32.9504585266113;-87.3932723999023;20180821T000000Z;2.0;TALL_049;-999;-999;0.63;0.04;-999;0
GBOV_RM6_465;TalladegaNationalForest;Courtney Meier;cmeier@battelleecology.org;support-copernicus-gbov@acri-st.fr;NEON;135;Mixed Forest;32.9504585266113;-87.3932723999023;20180907T000000Z;2.0;TALL_049;0.621;0.016;0.610;0.035;0;0
GBOV_RM6_465;TalladegaNationalForest;Courtney Meier;cmeier@battelleecology.org;support-copernicus-gbov@acri-st.fr;NEON;135;Mixed Forest;32.9504585266113;-87.3932723999023;20180918T000000Z;2.0;TALL_049;0.659;0.015;0.600;0.035;0;0
GBOV_RM6_465;TalladegaNationalForest;Courtney Meier;cmeier@battelleecology.org;support-copernicus-gbov@acri-st.fr;NEON;135;Mixed Forest;32.9504585266113;-87.3932723999023;20181002T000000Z;2.0;TALL_049;0.683;0.017;0.631;0.029;0;0
GBOV_RM6_465;TalladegaNationalForest;Courtney Meier;cmeier@battelleecology.org;support-copernicus-gbov@acri-st.fr;NEON;135;Mixed Forest;32.9504585266113;-87.3932723999023;20181016T000000Z;2.0;TALL_049;0.762;0.012;0.505;0.028;0;0
GBOV_RM6_465;TalladegaNationalForest;Courtney Meier;cmeier@battelleecology.org;support-copernicus-gbov@acri-st.fr;NEON;135;Mixed Forest;32.9504585266113;-87.3932723999023;20181030T000000Z;2.0;TALL_049;0.746;0.016;0.460;0.033;64;0
GBOV_RM6_465;TalladegaNationalForest;Courtney Meier;cmeier@battelleecology.org;support-copernicus-gbov@acri-st.fr;NEON;135;Mixed Forest;32.9504585266113;-87.3932723999023;20190319T063200Z;2.0;TALL_049;0.624;0.017;0.0236;0.0019;0;0
GBOV_RM6_465;TalladegaNationalForest;Courtney Meier;cmeier@battelleecology.org;support-copernicus-gbov@acri-st.fr;NEON;135;Mixed Forest;32.9504585266113;-87.3932723999023;20190402T055500Z;2.0;TALL_049;0.570;0.016;0.041;0.004;0;0
GBOV_RM6_465;TalladegaNationalForest;Courtney Meier;cmeier@battelleecology.org;support-copernicus-gbov@acri-st.fr;NEON;135;Mixed Forest;32.9504585266113;-87.3932723999023;20190417T055200Z;2.0;TALL_049;0.553;0.020;0.277;0.027;0;0
GBOV_RM6_465;TalladegaNationalForest;Courtney Meier;cmeier@battelleecology.org;support-copernicus-gbov@acri-st.fr;NEON;135;Mixed Forest;32.9504585266113;-87.3932723999023;20190430T052100Z;2.0;TALL_049;0.566;0.019;0.65;0.04;0;0
GBOV_RM6_465;TalladegaNationalForest;Courtney Meier;cmeier@battelleecology.org;support-copernicus-gbov@acri-st.fr;NEON;135;Mixed Forest;32.9504585266113;-87.3932723999023;20190515T050000Z;2.0;TALL_049;0.546;0.020;0.773;0.031;0;0
GBOV_RM6_465;TalladegaNationalForest;Courtney Meier;cmeier@battelleecology.org;support-copernicus-gbov@acri-st.fr;NEON;135;Mixed Forest;32.9504585266113;-87.3932723999023;20190530T045200Z;2.0;TALL_049;0.534;0.027;0.818;0.027;0;0
GBOV_RM6_465;TalladegaNationalForest;Courtney Meier;cmeier@battelleecology.org;support-copernicus-gbov@acri-st.fr;NEON;135;Mixed Forest;32.9504585266113;-87.3932723999023;20190611T044700Z;2.0;TALL_049;0.560;0.025;0.775;0.032;0;0
GBOV_RM6_465;TalladegaNationalForest;Courtney Meier;cmeier@battelleecology.org;support-copernicus-gbov@acri-st.fr;NEON;135;Mixed Forest;32.9504585266113;-87.3932723999023;20190625T050100Z;2.0;TALL_049;0.554;0.030;0.69;0.05;0;0
GBOV_RM6_465;TalladegaNationalForest;Courtney Meier;cmeier@battelleecology.org;support-copernicus-gbov@acri-st.fr;NEON;135;Mixed Forest;32.9504585266113;-87.3932723999023;20190711T051100Z;2.0;TALL_049;0.542;0.027;0.700;0.034;0;0
GBOV_RM6_465;TalladegaNationalForest;Courtney Meier;cmeier@battelleecology.org;support-copernicus-gbov@acri-st.fr;NEON;135;Mixed Forest;32.9504585266113;-87.3932723999023;20190724T051200Z;2.0;TALL_049;0.538;0.027;0.770;0.033;0;0
GBOV_RM6_465;TalladegaNationalForest;Courtney Meier;cmeier@battelleecology.org;support-copernicus-gbov@acri-st.fr;NEON;135;Mixed Forest;32.9504585266113;-87.3932723999023;20190806T051000Z;2.0;TALL_049;0.582;0.023;0.736;0.027;0;0
GBOV_RM6_465;TalladegaNationalForest;Courtney Meier;cmeier@battelleecology.org;support-copernicus-gbov@acri-st.fr;NEON;135;Mixed Forest;32.9504585266113;-87.3932723999023;20190820T053400Z;2.0;TALL_049;0.571;0.021;0.741;0.027;0;0
GBOV_RM6_465;TalladegaNationalForest;Courtney Meier;cmeier@battelleecology.org;support-copernicus-gbov@acri-st.fr;NEON;135;Mixed Forest;32.9504585266113;-87.3932723999023;20190904T053700Z;2.0;TALL_049;0.620;0.016;0.63;0.04;0;0
GBOV_RM6_465;TalladegaNationalForest;Courtney Meier;cmeier@battelleecology.org;support-copernicus-gbov@acri-st.fr;NEON;135;Mixed Forest;32.9504585266113;-87.3932723999023;20190917T054400Z;2.0;TALL_049;0.676;0.014;0.548;0.028;0;0
GBOV_RM6_465;TalladegaNationalForest;Courtney Meier;cmeier@battelleecology.org;support-copernicus-gbov@acri-st.fr;NEON;135;Mixed Forest;32.9504585266113;-87.3932723999023;20191001T054900Z;2.0;TALL_049;0.706;0.014;0.505;0.032;0;0
GBOV_RM6_465;TalladegaNationalForest;Courtney Meier;cmeier@battelleecology.org;support-copernicus-gbov@acri-st.fr;NEON;135;Mixed Forest;32.9504585266113;-87.3932723999023;20191016T061200Z;2.0;TALL_049;0.746;0.013;0.394;0.032;0;0
GBOV_RM6_465;TalladegaNationalForest;Courtney Meier;cmeier@battelleecology.org;support-copernicus-gbov@acri-st.fr;NEON;135;Mixed Forest;32.9504585266113;-87.3932723999023;20191029T061500Z;2.0;TALL_049;0.720;0.016;0.272;0.018;0;0
