GBOV_ID;Site;GROUND_DATA_PI;GROUND_DATA_PIs_Email;GBOV_Email;Network;Elevation;IGBP_class;Lat_IS;Lon_IS;TIME_IS;Version;PLOT_ID;FIPAR_up;FIPAR_up_err;FIPAR_down;FIPAR_down_err;up_flag;down_flag
GBOV_RM6_662;Moab;Courtney Meier;cmeier@battelleecology.org;support-copernicus-gbov@acri-st.fr;NEON;1767;Grasslands;38.24836;-109.38831;20150528T000000Z;2.0;MOAB_049;-999;-999;0.0012;0.0004;-999;0
GBOV_RM6_662;Moab;Courtney Meier;cmeier@battelleecology.org;support-copernicus-gbov@acri-st.fr;NEON;1767;Grasslands;38.24836;-109.38831;20150609T000000Z;2.0;MOAB_049;-999;-999;0.0014;0.0007;-999;0
GBOV_RM6_662;Moab;Courtney Meier;cmeier@battelleecology.org;support-copernicus-gbov@acri-st.fr;NEON;1767;Grasslands;38.24836;-109.38831;20150625T000000Z;2.0;MOAB_049;-999;-999;0.0006;0.0005;-999;0
GBOV_RM6_662;Moab;Courtney Meier;cmeier@battelleecology.org;support-copernicus-gbov@acri-st.fr;NEON;1767;Grasslands;38.24836;-109.38831;20150709T000000Z;2.0;MOAB_049;-999;-999;0.0051;0.0015;-999;0
GBOV_RM6_662;Moab;Courtney Meier;cmeier@battelleecology.org;support-copernicus-gbov@acri-st.fr;NEON;1767;Grasslands;38.24836;-109.38831;20150722T000000Z;2.0;MOAB_049;-999;-999;0.0183;0.0034;-999;0
GBOV_RM6_662;Moab;Courtney Meier;cmeier@battelleecology.org;support-copernicus-gbov@acri-st.fr;NEON;1767;Grasslands;38.24836;-109.38831;20150804T000000Z;2.0;MOAB_049;-999;-999;0.00041;0.00021;-999;0
GBOV_RM6_662;Moab;Courtney Meier;cmeier@battelleecology.org;support-copernicus-gbov@acri-st.fr;NEON;1767;Grasslands;38.24836;-109.38831;20150818T000000Z;2.0;MOAB_049;-999;-999;0.000033;0.000008;-999;0
GBOV_RM6_662;Moab;Courtney Meier;cmeier@battelleecology.org;support-copernicus-gbov@acri-st.fr;NEON;1767;Grasslands;38.24836;-109.38831;20150901T000000Z;2.0;MOAB_049;-999;-999;0.00007;0.00004;-999;0
GBOV_RM6_662;Moab;Courtney Meier;cmeier@battelleecology.org;support-copernicus-gbov@acri-st.fr;NEON;1767;Grasslands;38.24836;-109.38831;20150916T000000Z;2.0;MOAB_049;-999;-999;0.000001;0000001;-999;0
GBOV_RM6_662;Moab;Courtney Meier;cmeier@battelleecology.org;support-copernicus-gbov@acri-st.fr;NEON;1767;Grasslands;38.24836;-109.38831;20150930T000000Z;2.0;MOAB_049;-999;-999;0.000027;0.000008;-999;0
GBOV_RM6_662;Moab;Courtney Meier;cmeier@battelleecology.org;support-copernicus-gbov@acri-st.fr;NEON;1767;Grasslands;38.24836;-109.38831;20151014T000000Z;2.0;MOAB_049;-999;-999;0.00048;0.00009;-999;0
GBOV_RM6_662;Moab;Courtney Meier;cmeier@battelleecology.org;support-copernicus-gbov@acri-st.fr;NEON;1767;Grasslands;38.24836;-109.38831;20151027T000000Z;2.0;MOAB_049;-999;-999;0.00052;0.00009;-999;0
GBOV_RM6_662;Moab;Courtney Meier;cmeier@battelleecology.org;support-copernicus-gbov@acri-st.fr;NEON;1767;Grasslands;38.24836;-109.38831;20160317T000000Z;2.0;MOAB_049;-999;-999;0.00135;0.00013;-999;0
GBOV_RM6_662;Moab;Courtney Meier;cmeier@battelleecology.org;support-copernicus-gbov@acri-st.fr;NEON;1767;Grasslands;38.24836;-109.38831;20160330T000000Z;2.0;MOAB_049;-999;-999;0.00016;0.00005;-999;0
GBOV_RM6_662;Moab;Courtney Meier;cmeier@battelleecology.org;support-copernicus-gbov@acri-st.fr;NEON;1767;Grasslands;38.24836;-109.38831;20160413T000000Z;2.0;MOAB_049;-999;-999;0.00068;0.00013;-999;0
GBOV_RM6_662;Moab;Courtney Meier;cmeier@battelleecology.org;support-copernicus-gbov@acri-st.fr;NEON;1767;Grasslands;38.24836;-109.38831;20160427T000000Z;2.0;MOAB_049;-999;-999;0.00019;0.00006;-999;0
GBOV_RM6_662;Moab;Courtney Meier;cmeier@battelleecology.org;support-copernicus-gbov@acri-st.fr;NEON;1767;Grasslands;38.24836;-109.38831;20160526T000000Z;2.0;MOAB_049;-999;-999;0.00156;0.00024;-999;0
GBOV_RM6_662;Moab;Courtney Meier;cmeier@battelleecology.org;support-copernicus-gbov@acri-st.fr;NEON;1767;Grasslands;38.24836;-109.38831;20160608T000000Z;2.0;MOAB_049;-999;-999;0.000135;0.000020;-999;0
GBOV_RM6_662;Moab;Courtney Meier;cmeier@battelleecology.org;support-copernicus-gbov@acri-st.fr;NEON;1767;Grasslands;38.24836;-109.38831;20160621T000000Z;2.0;MOAB_049;-999;-999;0.000044;0.000009;-999;0
GBOV_RM6_662;Moab;Courtney Meier;cmeier@battelleecology.org;support-copernicus-gbov@acri-st.fr;NEON;1767;Grasslands;38.24836;-109.38831;20160706T000000Z;2.0;MOAB_049;-999;-999;0.0028;0.0005;-999;0
GBOV_RM6_662;Moab;Courtney Meier;cmeier@battelleecology.org;support-copernicus-gbov@acri-st.fr;NEON;1767;Grasslands;38.24836;-109.38831;20160720T000000Z;2.0;MOAB_049;-999;-999;0.000036;0.000008;-999;0
GBOV_RM6_662;Moab;Courtney Meier;cmeier@battelleecology.org;support-copernicus-gbov@acri-st.fr;NEON;1767;Grasslands;38.24836;-109.38831;20160803T000000Z;2.0;MOAB_049;-999;-999;0.000049;0.000011;-999;0
GBOV_RM6_662;Moab;Courtney Meier;cmeier@battelleecology.org;support-copernicus-gbov@acri-st.fr;NEON;1767;Grasslands;38.24836;-109.38831;20160816T000000Z;2.0;MOAB_049;-999;-999;0.0046;0.0014;-999;0
GBOV_RM6_662;Moab;Courtney Meier;cmeier@battelleecology.org;support-copernicus-gbov@acri-st.fr;NEON;1767;Grasslands;38.24836;-109.38831;20160831T000000Z;2.0;MOAB_049;-999;-999;0.0050;0.0018;-999;0
GBOV_RM6_662;Moab;Courtney Meier;cmeier@battelleecology.org;support-copernicus-gbov@acri-st.fr;NEON;1767;Grasslands;38.24836;-109.38831;20160914T000000Z;2.0;MOAB_049;-999;-999;0.00031;0.00012;-999;0
GBOV_RM6_662;Moab;Courtney Meier;cmeier@battelleecology.org;support-copernicus-gbov@acri-st.fr;NEON;1767;Grasslands;38.24836;-109.38831;20160928T000000Z;2.0;MOAB_049;-999;-999;0.00115;0.00023;-999;0
GBOV_RM6_662;Moab;Courtney Meier;cmeier@battelleecology.org;support-copernicus-gbov@acri-st.fr;NEON;1767;Grasslands;38.24836;-109.38831;20161025T000000Z;2.0;MOAB_049;-999;-999;0.000065;0.000026;-999;0
GBOV_RM6_662;Moab;Courtney Meier;cmeier@battelleecology.org;support-copernicus-gbov@acri-st.fr;NEON;1767;Grasslands;38.24836;-109.38831;20170329T000000Z;2.0;MOAB_049;-999;-999;0.0105;0.0013;-999;0
GBOV_RM6_662;Moab;Courtney Meier;cmeier@battelleecology.org;support-copernicus-gbov@acri-st.fr;NEON;1767;Grasslands;38.24836;-109.38831;20170412T000000Z;2.0;MOAB_049;-999;-999;0.0132;0.0011;-999;0
GBOV_RM6_662;Moab;Courtney Meier;cmeier@battelleecology.org;support-copernicus-gbov@acri-st.fr;NEON;1767;Grasslands;38.24836;-109.38831;20170426T000000Z;2.0;MOAB_049;-999;-999;0.010;0.007;-999;0
GBOV_RM6_662;Moab;Courtney Meier;cmeier@battelleecology.org;support-copernicus-gbov@acri-st.fr;NEON;1767;Grasslands;38.24836;-109.38831;20170511T000000Z;2.0;MOAB_049;-999;-999;0.00051;0.00014;-999;1
GBOV_RM6_662;Moab;Courtney Meier;cmeier@battelleecology.org;support-copernicus-gbov@acri-st.fr;NEON;1767;Grasslands;38.24836;-109.38831;20170524T000000Z;2.0;MOAB_049;-999;-999;0.00158;0.00023;-999;0
GBOV_RM6_662;Moab;Courtney Meier;cmeier@battelleecology.org;support-copernicus-gbov@acri-st.fr;NEON;1767;Grasslands;38.24836;-109.38831;20170608T000000Z;2.0;MOAB_049;-999;-999;0.00254;0.00026;-999;0
GBOV_RM6_662;Moab;Courtney Meier;cmeier@battelleecology.org;support-copernicus-gbov@acri-st.fr;NEON;1767;Grasslands;38.24836;-109.38831;20170622T000000Z;2.0;MOAB_049;-999;-999;0.00024;0.00007;-999;0
GBOV_RM6_662;Moab;Courtney Meier;cmeier@battelleecology.org;support-copernicus-gbov@acri-st.fr;NEON;1767;Grasslands;38.24836;-109.38831;20170706T000000Z;2.0;MOAB_049;-999;-999;0.00282;0.00030;-999;0
GBOV_RM6_662;Moab;Courtney Meier;cmeier@battelleecology.org;support-copernicus-gbov@acri-st.fr;NEON;1767;Grasslands;38.24836;-109.38831;20170720T000000Z;2.0;MOAB_049;-999;-999;0.00255;0.00020;-999;0
GBOV_RM6_662;Moab;Courtney Meier;cmeier@battelleecology.org;support-copernicus-gbov@acri-st.fr;NEON;1767;Grasslands;38.24836;-109.38831;20170802T000000Z;2.0;MOAB_049;-999;-999;0.0171;0.0017;-999;0
GBOV_RM6_662;Moab;Courtney Meier;cmeier@battelleecology.org;support-copernicus-gbov@acri-st.fr;NEON;1767;Grasslands;38.24836;-109.38831;20170817T000000Z;2.0;MOAB_049;-999;-999;0.0048;0.0007;-999;0
GBOV_RM6_662;Moab;Courtney Meier;cmeier@battelleecology.org;support-copernicus-gbov@acri-st.fr;NEON;1767;Grasslands;38.24836;-109.38831;20170831T000000Z;2.0;MOAB_049;-999;-999;0.00136;0.00015;-999;0
GBOV_RM6_662;Moab;Courtney Meier;cmeier@battelleecology.org;support-copernicus-gbov@acri-st.fr;NEON;1767;Grasslands;38.24836;-109.38831;20170912T000000Z;2.0;MOAB_049;-999;-999;0.0070;0.0006;-999;0
GBOV_RM6_662;Moab;Courtney Meier;cmeier@battelleecology.org;support-copernicus-gbov@acri-st.fr;NEON;1767;Grasslands;38.24836;-109.38831;20170928T000000Z;2.0;MOAB_049;-999;-999;0.0019;0.0004;-999;0
GBOV_RM6_662;Moab;Courtney Meier;cmeier@battelleecology.org;support-copernicus-gbov@acri-st.fr;NEON;1767;Grasslands;38.24836;-109.38831;20171010T000000Z;2.0;MOAB_049;-999;-999;0.0105;0.0009;-999;0
GBOV_RM6_662;Moab;Courtney Meier;cmeier@battelleecology.org;support-copernicus-gbov@acri-st.fr;NEON;1767;Grasslands;38.24836;-109.38831;20171026T000000Z;2.0;MOAB_049;-999;-999;0.0108;0.0008;-999;0
GBOV_RM6_662;Moab;Courtney Meier;cmeier@battelleecology.org;support-copernicus-gbov@acri-st.fr;NEON;1767;Grasslands;38.24836;-109.38831;20180329T000000Z;2.0;MOAB_049;-999;-999;0.0052;0.0006;-999;0
GBOV_RM6_662;Moab;Courtney Meier;cmeier@battelleecology.org;support-copernicus-gbov@acri-st.fr;NEON;1767;Grasslands;38.24836;-109.38831;20180411T000000Z;2.0;MOAB_049;-999;-999;0.00322;0.00035;-999;0
GBOV_RM6_662;Moab;Courtney Meier;cmeier@battelleecology.org;support-copernicus-gbov@acri-st.fr;NEON;1767;Grasslands;38.24836;-109.38831;20180425T000000Z;2.0;MOAB_049;-999;-999;0.0078;0.0007;-999;0
GBOV_RM6_662;Moab;Courtney Meier;cmeier@battelleecology.org;support-copernicus-gbov@acri-st.fr;NEON;1767;Grasslands;38.24836;-109.38831;20180508T000000Z;2.0;MOAB_049;-999;-999;0.0103;0.0010;-999;0
GBOV_RM6_662;Moab;Courtney Meier;cmeier@battelleecology.org;support-copernicus-gbov@acri-st.fr;NEON;1767;Grasslands;38.24836;-109.38831;20180523T000000Z;2.0;MOAB_049;-999;-999;0.00064;0.00010;-999;0
GBOV_RM6_662;Moab;Courtney Meier;cmeier@battelleecology.org;support-copernicus-gbov@acri-st.fr;NEON;1767;Grasslands;38.24836;-109.38831;20180607T000000Z;2.0;MOAB_049;-999;-999;0.00177;0.00017;-999;0
GBOV_RM6_662;Moab;Courtney Meier;cmeier@battelleecology.org;support-copernicus-gbov@acri-st.fr;NEON;1767;Grasslands;38.24836;-109.38831;20180621T000000Z;2.0;MOAB_049;-999;-999;0.00208;0.00026;-999;0
GBOV_RM6_662;Moab;Courtney Meier;cmeier@battelleecology.org;support-copernicus-gbov@acri-st.fr;NEON;1767;Grasslands;38.24836;-109.38831;20180703T000000Z;2.0;MOAB_049;-999;-999;0.000289;0.000026;-999;0
GBOV_RM6_662;Moab;Courtney Meier;cmeier@battelleecology.org;support-copernicus-gbov@acri-st.fr;NEON;1767;Grasslands;38.24836;-109.38831;20180718T000000Z;2.0;MOAB_049;-999;-999;0.0098;0.0010;-999;0
GBOV_RM6_662;Moab;Courtney Meier;cmeier@battelleecology.org;support-copernicus-gbov@acri-st.fr;NEON;1767;Grasslands;38.24836;-109.38831;20180801T000000Z;2.0;MOAB_049;-999;-999;0.000120;0.000028;-999;0
GBOV_RM6_662;Moab;Courtney Meier;cmeier@battelleecology.org;support-copernicus-gbov@acri-st.fr;NEON;1767;Grasslands;38.24836;-109.38831;20180815T000000Z;2.0;MOAB_049;-999;-999;0.00002;0.000007;-999;0
GBOV_RM6_662;Moab;Courtney Meier;cmeier@battelleecology.org;support-copernicus-gbov@acri-st.fr;NEON;1767;Grasslands;38.24836;-109.38831;20180828T000000Z;2.0;MOAB_049;-999;-999;0.00128;0.00014;-999;0
GBOV_RM6_662;Moab;Courtney Meier;cmeier@battelleecology.org;support-copernicus-gbov@acri-st.fr;NEON;1767;Grasslands;38.24836;-109.38831;20180912T000000Z;2.0;MOAB_049;-999;-999;0.00207;0.00019;-999;0
GBOV_RM6_662;Moab;Courtney Meier;cmeier@battelleecology.org;support-copernicus-gbov@acri-st.fr;NEON;1767;Grasslands;38.24836;-109.38831;20180925T000000Z;2.0;MOAB_049;-999;-999;0.00294;0.00035;-999;0
GBOV_RM6_662;Moab;Courtney Meier;cmeier@battelleecology.org;support-copernicus-gbov@acri-st.fr;NEON;1767;Grasslands;38.24836;-109.38831;20181009T000000Z;2.0;MOAB_049;-999;-999;0.0063;0.0005;-999;0
GBOV_RM6_662;Moab;Courtney Meier;cmeier@battelleecology.org;support-copernicus-gbov@acri-st.fr;NEON;1767;Grasslands;38.24836;-109.38831;20181024T000000Z;2.0;MOAB_049;-999;-999;0.00032;0.00007;-999;0
GBOV_RM6_662;Moab;Courtney Meier;cmeier@battelleecology.org;support-copernicus-gbov@acri-st.fr;NEON;1767;Grasslands;38.24836;-109.38831;20190325T165200Z;2.0;MOAB_049;-999;-999;0.0140;0.0009;-999;0
GBOV_RM6_662;Moab;Courtney Meier;cmeier@battelleecology.org;support-copernicus-gbov@acri-st.fr;NEON;1767;Grasslands;38.24836;-109.38831;20190411T175800Z;2.0;MOAB_049;-999;-999;0.0093;0.0010;-999;0
GBOV_RM6_662;Moab;Courtney Meier;cmeier@battelleecology.org;support-copernicus-gbov@acri-st.fr;NEON;1767;Grasslands;38.24836;-109.38831;20190423T163300Z;2.0;MOAB_049;-999;-999;0.0219;0.0020;-999;0
GBOV_RM6_662;Moab;Courtney Meier;cmeier@battelleecology.org;support-copernicus-gbov@acri-st.fr;NEON;1767;Grasslands;38.24836;-109.38831;20190506T133100Z;2.0;MOAB_049;-999;-999;0.0104;0.0017;-999;0
GBOV_RM6_662;Moab;Courtney Meier;cmeier@battelleecology.org;support-copernicus-gbov@acri-st.fr;NEON;1767;Grasslands;38.24836;-109.38831;20190522T171500Z;2.0;MOAB_049;-999;-999;0.0054;0.0011;-999;0
GBOV_RM6_662;Moab;Courtney Meier;cmeier@battelleecology.org;support-copernicus-gbov@acri-st.fr;NEON;1767;Grasslands;38.24836;-109.38831;20190619T174700Z;2.0;MOAB_049;-999;-999;0.0038;0.0011;-999;0
GBOV_RM6_662;Moab;Courtney Meier;cmeier@battelleecology.org;support-copernicus-gbov@acri-st.fr;NEON;1767;Grasslands;38.24836;-109.38831;20190701T155700Z;2.0;MOAB_049;-999;-999;0.00085;0.00027;-999;0
GBOV_RM6_662;Moab;Courtney Meier;cmeier@battelleecology.org;support-copernicus-gbov@acri-st.fr;NEON;1767;Grasslands;38.24836;-109.38831;20190716T170700Z;2.0;MOAB_049;-999;-999;0.00060;0.00015;-999;2
GBOV_RM6_662;Moab;Courtney Meier;cmeier@battelleecology.org;support-copernicus-gbov@acri-st.fr;NEON;1767;Grasslands;38.24836;-109.38831;20190731T162400Z;2.0;MOAB_049;-999;-999;0.00012;0.00004;-999;0
GBOV_RM6_662;Moab;Courtney Meier;cmeier@battelleecology.org;support-copernicus-gbov@acri-st.fr;NEON;1767;Grasslands;38.24836;-109.38831;20190814T154600Z;2.0;MOAB_049;-999;-999;0.00069;0.00011;-999;0
GBOV_RM6_662;Moab;Courtney Meier;cmeier@battelleecology.org;support-copernicus-gbov@acri-st.fr;NEON;1767;Grasslands;38.24836;-109.38831;20190826T170900Z;2.0;MOAB_049;-999;-999;0.00248;0.00027;-999;0
GBOV_RM6_662;Moab;Courtney Meier;cmeier@battelleecology.org;support-copernicus-gbov@acri-st.fr;NEON;1767;Grasslands;38.24836;-109.38831;20190909T175200Z;2.0;MOAB_049;-999;-999;0.0047;0.0004;-999;0
GBOV_RM6_662;Moab;Courtney Meier;cmeier@battelleecology.org;support-copernicus-gbov@acri-st.fr;NEON;1767;Grasslands;38.24836;-109.38831;20190923T150700Z;2.0;MOAB_049;-999;-999;0.000056;0.000017;-999;0
GBOV_RM6_662;Moab;Courtney Meier;cmeier@battelleecology.org;support-copernicus-gbov@acri-st.fr;NEON;1767;Grasslands;38.24836;-109.38831;20191008T111000Z;2.0;MOAB_049;-999;-999;0.00296;0.00033;-999;0
GBOV_RM6_662;Moab;Courtney Meier;cmeier@battelleecology.org;support-copernicus-gbov@acri-st.fr;NEON;1767;Grasslands;38.24836;-109.38831;20191023T101400Z;2.0;MOAB_049;-999;-999;0.00046;0.00031;-999;0
