GBOV_ID;Site;GROUND_DATA_PI;GROUND_DATA_PIs_Email;GBOV_Email;Network;Elevation;IGBP_class;Lat_IS;Lon_IS;TIME_IS;Version;PLOT_ID;LAIe_Miller_up;LAIe_Miller_up_err;LAI_Miller_up;LAI_Miller_up_err;clumping_Miller_up;clumping_Miller_up_err;LAIe_Warren_up;LAIe_Warren_up_err;LAI_Warren_up;LAI_Warren_up_err;clumping_Warren_up;clumping_Warren_up_err;LAIe_Miller_down;LAIe_Miller_down_err;LAI_Miller_down;LAI_Miller_down_err;clumping_Miller_down;clumping_Miller_down_err;LAIe_Warren_down;LAIe_Warren_down_err;LAI_Warren_down;LAI_Warren_down_err;clumping_Warren_down;clumping_Warren_down_err;up_flag;down_flag
GBOV_RM7_181;BlandyExperimentalFarm;Courtney Meier;cmeier@battelleecology.org;support-copernicus-gbov@acri-st.fr;NEON;183;Croplands;39.0602607727051;-78.0716400146484;20150429T000000Z;2.0;BLAN_052;1.63;0.06;2.12;0.10;0.77;0.05;1.53;0.08;2.07;0.17;0.74;0.07;0.141;0.011;0.149;0.012;0.95;0.10;0.130;0.018;0.136;0.021;0.96;0.20;0;0
GBOV_RM7_181;BlandyExperimentalFarm;Courtney Meier;cmeier@battelleecology.org;support-copernicus-gbov@acri-st.fr;NEON;183;Croplands;39.0602607727051;-78.0716400146484;20150515T000000Z;2.0;BLAN_052;4.90;0.16;6.48;0.18;0.757;0.032;3.89;0.18;5.23;0.19;0.74;0.04;0.871;0.034;0.92;0.04;0.94;0.06;0.67;0.05;0.71;0.06;0.94;0.11;0;8
GBOV_RM7_181;BlandyExperimentalFarm;Courtney Meier;cmeier@battelleecology.org;support-copernicus-gbov@acri-st.fr;NEON;183;Croplands;39.0602607727051;-78.0716400146484;20150527T000000Z;2.0;BLAN_052;5.43;0.14;6.74;0.16;0.805;0.028;3.89;0.15;5.18;0.20;0.75;0.04;1.04;0.04;1.10;0.05;0.94;0.06;0.75;0.06;0.79;0.07;0.95;0.11;0;8
GBOV_RM7_181;BlandyExperimentalFarm;Courtney Meier;cmeier@battelleecology.org;support-copernicus-gbov@acri-st.fr;NEON;183;Croplands;39.0602607727051;-78.0716400146484;20150612T000000Z;2.0;BLAN_052;2.01;0.12;2.90;0.28;0.69;0.08;1.35;0.19;2.2;0.6;0.61;0.18;1.39;0.05;1.44;0.05;0.96;0.05;0.94;0.06;0.98;0.06;0.97;0.09;8;16
GBOV_RM7_181;BlandyExperimentalFarm;Courtney Meier;cmeier@battelleecology.org;support-copernicus-gbov@acri-st.fr;NEON;183;Croplands;39.0602607727051;-78.0716400146484;20150625T000000Z;2.0;BLAN_052;2.50;0.18;4.3;0.4;0.58;0.06;1.69;0.29;3.1;0.6;0.54;0.14;1.02;0.04;1.08;0.05;0.94;0.06;0.74;0.05;0.77;0.06;0.96;0.10;8;0
GBOV_RM7_181;BlandyExperimentalFarm;Courtney Meier;cmeier@battelleecology.org;support-copernicus-gbov@acri-st.fr;NEON;183;Croplands;39.0602607727051;-78.0716400146484;20150710T000000Z;2.0;BLAN_052;1.96;0.11;2.93;0.31;0.67;0.08;1.30;0.18;2.2;0.6;0.61;0.18;0.97;0.04;1.00;0.04;0.97;0.06;0.67;0.05;0.69;0.06;0.97;0.11;8;8
GBOV_RM7_181;BlandyExperimentalFarm;Courtney Meier;cmeier@battelleecology.org;support-copernicus-gbov@acri-st.fr;NEON;183;Croplands;39.0602607727051;-78.0716400146484;20150722T000000Z;2.0;BLAN_052;2.78;0.20;4.66;0.35;0.60;0.06;1.87;0.32;3.4;0.6;0.55;0.14;0.782;0.033;0.81;0.04;0.97;0.06;0.54;0.05;0.56;0.05;0.96;0.13;8;8
GBOV_RM7_181;BlandyExperimentalFarm;Courtney Meier;cmeier@battelleecology.org;support-copernicus-gbov@acri-st.fr;NEON;183;Croplands;39.0602607727051;-78.0716400146484;20150806T000000Z;2.0;BLAN_052;3.00;0.22;4.56;0.28;0.66;0.06;2.1;0.4;3.6;0.5;0.58;0.13;0.704;0.029;0.726;0.032;0.97;0.06;0.48;0.04;0.49;0.04;0.97;0.12;8;8
GBOV_RM7_181;BlandyExperimentalFarm;Courtney Meier;cmeier@battelleecology.org;support-copernicus-gbov@acri-st.fr;NEON;183;Croplands;39.0602607727051;-78.0716400146484;20150819T000000Z;2.0;BLAN_052;3.94;0.26;5.42;0.24;0.73;0.06;2.9;0.5;4.4;0.4;0.65;0.12;0.731;0.031;0.755;0.035;0.97;0.06;0.52;0.04;0.55;0.06;0.95;0.13;8;8
GBOV_RM7_181;BlandyExperimentalFarm;Courtney Meier;cmeier@battelleecology.org;support-copernicus-gbov@acri-st.fr;NEON;183;Croplands;39.0602607727051;-78.0716400146484;20150904T000000Z;2.0;BLAN_052;3.74;0.24;5.07;0.22;0.74;0.06;2.7;0.4;4.2;0.4;0.65;0.12;0.655;0.022;0.672;0.024;0.98;0.05;0.505;0.029;0.518;0.032;0.98;0.08;8;0
GBOV_RM7_181;BlandyExperimentalFarm;Courtney Meier;cmeier@battelleecology.org;support-copernicus-gbov@acri-st.fr;NEON;183;Croplands;39.0602607727051;-78.0716400146484;20150918T000000Z;2.0;BLAN_052;4.58;0.13;5.43;0.15;0.844;0.033;3.49;0.19;4.44;0.19;0.78;0.05;0.551;0.023;0.568;0.027;0.97;0.06;0.407;0.031;0.42;0.04;0.97;0.11;8;10
GBOV_RM7_181;BlandyExperimentalFarm;Courtney Meier;cmeier@battelleecology.org;support-copernicus-gbov@acri-st.fr;NEON;183;Croplands;39.0602607727051;-78.0716400146484;20151008T000000Z;2.0;BLAN_052;3.61;0.13;4.42;0.16;0.82;0.04;2.83;0.22;3.64;0.23;0.78;0.08;0.322;0.024;0.345;0.029;0.93;0.10;0.272;0.034;0.29;0.04;0.95;0.18;8;0
GBOV_RM7_181;BlandyExperimentalFarm;Courtney Meier;cmeier@battelleecology.org;support-copernicus-gbov@acri-st.fr;NEON;183;Croplands;39.0602607727051;-78.0716400146484;20151014T000000Z;2.0;BLAN_052;3.44;0.12;4.35;0.15;0.79;0.04;2.94;0.16;3.94;0.21;0.75;0.06;0.514;0.017;0.520;0.017;0.99;0.05;0.374;0.017;0.377;0.018;0.99;0.07;8;8
GBOV_RM7_181;BlandyExperimentalFarm;Courtney Meier;cmeier@battelleecology.org;support-copernicus-gbov@acri-st.fr;NEON;183;Croplands;39.0602607727051;-78.0716400146484;20151030T000000Z;2.0;BLAN_052;1.95;0.09;2.58;0.16;0.75;0.06;1.73;0.14;2.39;0.28;0.72;0.10;0.426;0.013;0.431;0.014;0.99;0.04;0.323;0.015;0.325;0.015;0.99;0.06;0;0
GBOV_RM7_181;BlandyExperimentalFarm;Courtney Meier;cmeier@battelleecology.org;support-copernicus-gbov@acri-st.fr;NEON;183;Croplands;39.0602607727051;-78.0716400146484;20160406T000000Z;2.0;BLAN_052;1.06;0.05;1.24;0.06;0.85;0.06;1.03;0.06;1.28;0.10;0.81;0.08;0.267;0.011;0.274;0.012;0.98;0.06;0.213;0.016;0.217;0.017;0.98;0.11;0;0
GBOV_RM7_181;BlandyExperimentalFarm;Courtney Meier;cmeier@battelleecology.org;support-copernicus-gbov@acri-st.fr;NEON;183;Croplands;39.0602607727051;-78.0716400146484;20160420T000000Z;2.0;BLAN_052;1.43;0.06;1.94;0.12;0.74;0.06;1.33;0.10;1.94;0.23;0.69;0.10;0.262;0.018;0.278;0.020;0.95;0.09;0.236;0.029;0.248;0.032;0.95;0.17;0;0
GBOV_RM7_181;BlandyExperimentalFarm;Courtney Meier;cmeier@battelleecology.org;support-copernicus-gbov@acri-st.fr;NEON;183;Croplands;39.0602607727051;-78.0716400146484;20160504T000000Z;2.0;BLAN_052;3.01;0.11;4.06;0.16;0.74;0.04;2.40;0.14;3.48;0.23;0.69;0.06;0.79;0.04;0.86;0.05;0.91;0.07;0.61;0.05;0.65;0.06;0.93;0.12;0;0
GBOV_RM7_181;BlandyExperimentalFarm;Courtney Meier;cmeier@battelleecology.org;support-copernicus-gbov@acri-st.fr;NEON;183;Croplands;39.0602607727051;-78.0716400146484;20160524T000000Z;2.0;BLAN_052;-999;-999;-999;-999;-999;-999;-999;-999;-999;-999;-999;-999;0.89;0.06;1.19;0.11;0.75;0.09;0.71;0.10;0.95;0.18;0.75;0.17;-999;0
GBOV_RM7_181;BlandyExperimentalFarm;Courtney Meier;cmeier@battelleecology.org;support-copernicus-gbov@acri-st.fr;NEON;183;Croplands;39.0602607727051;-78.0716400146484;20160601T000000Z;2.0;BLAN_052;2.07;0.14;3.29;0.33;0.63;0.07;1.39;0.21;2.4;0.6;0.57;0.16;1.20;0.06;1.31;0.08;0.92;0.07;0.86;0.08;0.92;0.10;0.93;0.13;8;8
GBOV_RM7_181;BlandyExperimentalFarm;Courtney Meier;cmeier@battelleecology.org;support-copernicus-gbov@acri-st.fr;NEON;183;Croplands;39.0602607727051;-78.0716400146484;20160610T000000Z;2.0;BLAN_052;5.36;0.13;6.62;0.16;0.810;0.028;3.94;0.17;5.30;0.17;0.74;0.04;-999;-999;-999;-999;-999;-999;-999;-999;-999;-999;-999;-999;-999;0
GBOV_RM7_181;BlandyExperimentalFarm;Courtney Meier;cmeier@battelleecology.org;support-copernicus-gbov@acri-st.fr;NEON;183;Croplands;39.0602607727051;-78.0716400146484;20160629T000000Z;2.0;BLAN_052;1.97;0.11;2.90;0.30;0.68;0.08;1.31;0.18;2.1;0.5;0.62;0.18;1.037;0.033;1.058;0.035;0.98;0.05;0.70;0.04;0.71;0.04;0.98;0.08;8;0
GBOV_RM7_181;BlandyExperimentalFarm;Courtney Meier;cmeier@battelleecology.org;support-copernicus-gbov@acri-st.fr;NEON;183;Croplands;39.0602607727051;-78.0716400146484;20160830T084700Z;2.0;BLAN_052;5.31;0.13;6.16;0.15;0.861;0.029;4.04;0.14;4.90;0.17;0.82;0.04;0.458;0.035;0.51;0.05;0.90;0.11;0.34;0.05;0.37;0.05;0.94;0.19;64;0
GBOV_RM7_181;BlandyExperimentalFarm;Courtney Meier;cmeier@battelleecology.org;support-copernicus-gbov@acri-st.fr;NEON;183;Croplands;39.0602607727051;-78.0716400146484;20160911T000000Z;2.0;BLAN_052;3.39;0.24;4.90;0.26;0.69;0.06;2.5;0.4;4.0;0.5;0.61;0.13;0.167;0.011;0.176;0.013;0.95;0.09;0.173;0.021;0.183;0.025;0.94;0.17;8;0
GBOV_RM7_181;BlandyExperimentalFarm;Courtney Meier;cmeier@battelleecology.org;support-copernicus-gbov@acri-st.fr;NEON;183;Croplands;39.0602607727051;-78.0716400146484;20160921T000000Z;2.0;BLAN_052;4.74;0.11;5.50;0.13;0.863;0.029;3.80;0.13;4.66;0.14;0.82;0.04;0.455;0.016;0.463;0.017;0.98;0.05;0.335;0.017;0.339;0.018;0.99;0.07;0;0
GBOV_RM7_181;BlandyExperimentalFarm;Courtney Meier;cmeier@battelleecology.org;support-copernicus-gbov@acri-st.fr;NEON;183;Croplands;39.0602607727051;-78.0716400146484;20161006T061500Z;2.0;BLAN_052;4.32;0.12;5.12;0.13;0.844;0.031;3.54;0.13;4.46;0.16;0.79;0.04;0.289;0.013;0.302;0.015;0.96;0.07;0.256;0.022;0.267;0.027;0.96;0.13;0;0
GBOV_RM7_181;BlandyExperimentalFarm;Courtney Meier;cmeier@battelleecology.org;support-copernicus-gbov@acri-st.fr;NEON;183;Croplands;39.0602607727051;-78.0716400146484;20161019T083400Z;2.0;BLAN_052;3.56;0.12;4.40;0.14;0.81;0.04;2.90;0.14;3.62;0.18;0.80;0.05;0.620;0.018;0.628;0.018;0.99;0.04;0.455;0.021;0.460;0.022;0.99;0.07;0;64
GBOV_RM7_181;BlandyExperimentalFarm;Courtney Meier;cmeier@battelleecology.org;support-copernicus-gbov@acri-st.fr;NEON;183;Croplands;39.0602607727051;-78.0716400146484;20170315T171700Z;2.0;BLAN_052;0.847;0.030;0.957;0.035;0.88;0.04;0.93;0.05;1.10;0.07;0.85;0.07;0.0054;0.0006;0.0054;0.0006;0.99;0.16;0.0117;0.0018;0.0118;0.0018;0.99;0.22;0;4
GBOV_RM7_181;BlandyExperimentalFarm;Courtney Meier;cmeier@battelleecology.org;support-copernicus-gbov@acri-st.fr;NEON;183;Croplands;39.0602607727051;-78.0716400146484;20170329T075600Z;2.0;BLAN_052;0.929;0.034;1.09;0.04;0.85;0.05;1.11;0.06;1.41;0.11;0.79;0.08;0.418;0.012;0.421;0.012;0.99;0.04;0.301;0.013;0.303;0.014;0.99;0.06;0;64
GBOV_RM7_181;BlandyExperimentalFarm;Courtney Meier;cmeier@battelleecology.org;support-copernicus-gbov@acri-st.fr;NEON;183;Croplands;39.0602607727051;-78.0716400146484;20170413T000000Z;2.0;BLAN_052;1.70;0.07;2.24;0.11;0.76;0.05;1.62;0.09;2.14;0.15;0.75;0.07;0.351;0.019;0.368;0.021;0.95;0.07;0.287;0.022;0.299;0.026;0.96;0.11;0;0
GBOV_RM7_181;BlandyExperimentalFarm;Courtney Meier;cmeier@battelleecology.org;support-copernicus-gbov@acri-st.fr;NEON;183;Croplands;39.0602607727051;-78.0716400146484;20170426T000000Z;2.0;BLAN_052;3.92;0.13;5.19;0.19;0.76;0.04;3.45;0.22;4.70;0.27;0.73;0.06;0.446;0.033;0.51;0.04;0.88;0.09;0.39;0.05;0.43;0.06;0.91;0.17;0;0
GBOV_RM7_181;BlandyExperimentalFarm;Courtney Meier;cmeier@battelleecology.org;support-copernicus-gbov@acri-st.fr;NEON;183;Croplands;39.0602607727051;-78.0716400146484;20170510T000000Z;2.0;BLAN_052;5.16;0.14;6.63;0.17;0.778;0.030;4.11;0.17;5.40;0.23;0.76;0.05;0.701;0.031;0.735;0.033;0.95;0.06;0.53;0.04;0.56;0.05;0.95;0.11;0;8
GBOV_RM7_181;BlandyExperimentalFarm;Courtney Meier;cmeier@battelleecology.org;support-copernicus-gbov@acri-st.fr;NEON;183;Croplands;39.0602607727051;-78.0716400146484;20170607T000000Z;2.0;BLAN_052;5.49;0.14;6.90;0.16;0.796;0.027;4.11;0.20;5.46;0.20;0.75;0.05;0.77;0.04;0.83;0.05;0.92;0.07;0.58;0.05;0.62;0.06;0.93;0.13;8;0
GBOV_RM7_181;BlandyExperimentalFarm;Courtney Meier;cmeier@battelleecology.org;support-copernicus-gbov@acri-st.fr;NEON;183;Croplands;39.0602607727051;-78.0716400146484;20170621T000000Z;2.0;BLAN_052;3.20;0.22;5.01;0.31;0.64;0.06;2.3;0.4;3.9;0.6;0.58;0.13;0.846;0.033;0.878;0.035;0.96;0.05;0.62;0.04;0.65;0.05;0.96;0.09;0;0
GBOV_RM7_181;BlandyExperimentalFarm;Courtney Meier;cmeier@battelleecology.org;support-copernicus-gbov@acri-st.fr;NEON;183;Croplands;39.0602607727051;-78.0716400146484;20170705T000000Z;2.0;BLAN_052;5.27;0.13;6.56;0.16;0.803;0.028;4.26;0.16;5.59;0.20;0.76;0.04;0.335;0.025;0.369;0.029;0.91;0.10;0.28;0.04;0.30;0.04;0.92;0.18;0;0
GBOV_RM7_181;BlandyExperimentalFarm;Courtney Meier;cmeier@battelleecology.org;support-copernicus-gbov@acri-st.fr;NEON;183;Croplands;39.0602607727051;-78.0716400146484;20170718T000000Z;2.0;BLAN_052;5.61;0.13;6.63;0.15;0.847;0.028;4.26;0.15;5.31;0.19;0.80;0.04;0.722;0.020;0.734;0.020;0.98;0.04;0.522;0.023;0.529;0.024;0.99;0.06;0;0
GBOV_RM7_181;BlandyExperimentalFarm;Courtney Meier;cmeier@battelleecology.org;support-copernicus-gbov@acri-st.fr;NEON;183;Croplands;39.0602607727051;-78.0716400146484;20170808T000000Z;2.0;BLAN_052;5.16;0.12;6.12;0.14;0.843;0.028;3.86;0.16;4.79;0.17;0.81;0.04;0.722;0.033;0.76;0.04;0.95;0.06;0.53;0.04;0.56;0.05;0.96;0.11;0;0
GBOV_RM7_181;BlandyExperimentalFarm;Courtney Meier;cmeier@battelleecology.org;support-copernicus-gbov@acri-st.fr;NEON;183;Croplands;39.0602607727051;-78.0716400146484;20170816T000000Z;2.0;BLAN_052;5.39;0.13;6.38;0.15;0.844;0.029;3.94;0.15;4.90;0.18;0.80;0.04;0.666;0.020;0.683;0.021;0.97;0.04;0.487;0.019;0.495;0.020;0.98;0.06;0;0
GBOV_RM7_181;BlandyExperimentalFarm;Courtney Meier;cmeier@battelleecology.org;support-copernicus-gbov@acri-st.fr;NEON;183;Croplands;39.0602607727051;-78.0716400146484;20170901T000000Z;2.0;BLAN_052;5.06;0.12;5.99;0.14;0.845;0.028;4.05;0.15;4.99;0.16;0.81;0.04;0.145;0.016;0.162;0.019;0.90;0.15;0.136;0.025;0.149;0.028;0.92;0.24;0;0
GBOV_RM7_181;BlandyExperimentalFarm;Courtney Meier;cmeier@battelleecology.org;support-copernicus-gbov@acri-st.fr;NEON;183;Croplands;39.0602607727051;-78.0716400146484;20170913T000000Z;2.0;BLAN_052;4.66;0.12;5.53;0.14;0.843;0.030;3.74;0.15;4.64;0.18;0.81;0.05;0.147;0.018;0.163;0.020;0.90;0.16;0.128;0.030;0.139;0.034;0.92;0.32;0;0
GBOV_RM7_181;BlandyExperimentalFarm;Courtney Meier;cmeier@battelleecology.org;support-copernicus-gbov@acri-st.fr;NEON;183;Croplands;39.0602607727051;-78.0716400146484;20170928T000000Z;2.0;BLAN_052;3.63;0.12;4.43;0.13;0.82;0.04;2.98;0.12;3.65;0.15;0.82;0.05;0.261;0.014;0.273;0.015;0.96;0.07;0.232;0.020;0.240;0.021;0.97;0.12;0;0
GBOV_RM7_181;BlandyExperimentalFarm;Courtney Meier;cmeier@battelleecology.org;support-copernicus-gbov@acri-st.fr;NEON;183;Croplands;39.0602607727051;-78.0716400146484;20171011T151900Z;2.0;BLAN_052;3.30;0.11;4.01;0.13;0.82;0.04;3.05;0.13;3.83;0.17;0.80;0.05;0.094;0.008;0.098;0.009;0.96;0.12;0.099;0.012;0.105;0.014;0.94;0.17;0;0
GBOV_RM7_181;BlandyExperimentalFarm;Courtney Meier;cmeier@battelleecology.org;support-copernicus-gbov@acri-st.fr;NEON;183;Croplands;39.0602607727051;-78.0716400146484;20171025T073100Z;2.0;BLAN_052;2.53;0.09;3.13;0.13;0.81;0.04;2.14;0.10;2.78;0.15;0.77;0.06;0.139;0.009;0.145;0.010;0.96;0.09;0.117;0.016;0.122;0.017;0.96;0.19;0;0
GBOV_RM7_181;BlandyExperimentalFarm;Courtney Meier;cmeier@battelleecology.org;support-copernicus-gbov@acri-st.fr;NEON;183;Croplands;39.0602607727051;-78.0716400146484;20180314T000000Z;2.0;BLAN_052;0.720;0.026;0.829;0.035;0.87;0.05;0.70;0.05;0.87;0.08;0.81;0.09;0.064;0.005;0.066;0.005;0.97;0.11;0.068;0.006;0.069;0.006;0.99;0.12;0;0
GBOV_RM7_181;BlandyExperimentalFarm;Courtney Meier;cmeier@battelleecology.org;support-copernicus-gbov@acri-st.fr;NEON;183;Croplands;39.0602607727051;-78.0716400146484;20180328T000000Z;2.0;BLAN_052;0.806;0.029;0.93;0.04;0.87;0.05;0.92;0.05;1.10;0.08;0.83;0.07;0.0171;0.0023;0.0176;0.0024;0.97;0.19;0.0127;0.0025;0.0129;0.0026;0.99;0.28;0;0
GBOV_RM7_181;BlandyExperimentalFarm;Courtney Meier;cmeier@battelleecology.org;support-copernicus-gbov@acri-st.fr;NEON;183;Croplands;39.0602607727051;-78.0716400146484;20180411T000000Z;2.0;BLAN_052;0.808;0.027;0.94;0.04;0.86;0.04;1.02;0.05;1.28;0.09;0.79;0.07;0.030;0.004;0.031;0.004;0.97;0.16;0.031;0.004;0.031;0.004;0.98;0.19;0;0
GBOV_RM7_181;BlandyExperimentalFarm;Courtney Meier;cmeier@battelleecology.org;support-copernicus-gbov@acri-st.fr;NEON;183;Croplands;39.0602607727051;-78.0716400146484;20180425T000000Z;2.0;BLAN_052;1.36;0.05;1.64;0.07;0.83;0.05;1.45;0.08;1.80;0.12;0.81;0.07;0.065;0.006;0.068;0.007;0.95;0.13;0.053;0.010;0.056;0.011;0.95;0.25;1;0
GBOV_RM7_181;BlandyExperimentalFarm;Courtney Meier;cmeier@battelleecology.org;support-copernicus-gbov@acri-st.fr;NEON;183;Croplands;39.0602607727051;-78.0716400146484;20180509T000000Z;2.0;BLAN_052;3.09;0.11;4.33;0.17;0.71;0.04;2.69;0.14;3.73;0.19;0.72;0.05;0.627;0.023;0.648;0.024;0.97;0.05;0.490;0.029;0.503;0.030;0.97;0.08;0;64
GBOV_RM7_181;BlandyExperimentalFarm;Courtney Meier;cmeier@battelleecology.org;support-copernicus-gbov@acri-st.fr;NEON;183;Croplands;39.0602607727051;-78.0716400146484;20180523T000000Z;2.0;BLAN_052;4.97;0.14;6.66;0.17;0.747;0.029;3.89;0.18;5.22;0.18;0.75;0.04;1.15;0.06;1.26;0.07;0.91;0.07;0.88;0.08;0.99;0.11;0.89;0.13;0;0
GBOV_RM7_181;BlandyExperimentalFarm;Courtney Meier;cmeier@battelleecology.org;support-copernicus-gbov@acri-st.fr;NEON;183;Croplands;39.0602607727051;-78.0716400146484;20180606T000000Z;2.0;BLAN_052;5.48;0.14;6.93;0.17;0.790;0.028;4.08;0.16;5.32;0.16;0.77;0.04;1.03;0.06;1.16;0.07;0.89;0.08;0.77;0.08;0.85;0.09;0.91;0.13;0;0
GBOV_RM7_181;BlandyExperimentalFarm;Courtney Meier;cmeier@battelleecology.org;support-copernicus-gbov@acri-st.fr;NEON;183;Croplands;39.0602607727051;-78.0716400146484;20180626T000000Z;2.0;BLAN_052;5.64;0.14;6.89;0.17;0.818;0.028;4.28;0.20;5.52;0.18;0.78;0.04;0.610;0.030;0.645;0.033;0.95;0.07;0.49;0.05;0.52;0.06;0.93;0.14;64;0
GBOV_RM7_181;BlandyExperimentalFarm;Courtney Meier;cmeier@battelleecology.org;support-copernicus-gbov@acri-st.fr;NEON;183;Croplands;39.0602607727051;-78.0716400146484;20180705T000000Z;2.0;BLAN_052;5.43;0.13;6.57;0.15;0.826;0.028;4.12;0.26;5.32;0.17;0.77;0.05;0.466;0.022;0.493;0.024;0.95;0.06;0.39;0.04;0.41;0.05;0.94;0.15;0;0
GBOV_RM7_181;BlandyExperimentalFarm;Courtney Meier;cmeier@battelleecology.org;support-copernicus-gbov@acri-st.fr;NEON;183;Croplands;39.0602607727051;-78.0716400146484;20180719T000000Z;2.0;BLAN_052;5.35;0.13;6.33;0.15;0.845;0.028;3.96;0.20;5.04;0.18;0.79;0.05;0.656;0.028;0.684;0.031;0.96;0.06;0.49;0.04;0.52;0.06;0.94;0.13;0;0
GBOV_RM7_181;BlandyExperimentalFarm;Courtney Meier;cmeier@battelleecology.org;support-copernicus-gbov@acri-st.fr;NEON;183;Croplands;39.0602607727051;-78.0716400146484;20180731T000000Z;2.0;BLAN_052;5.39;0.13;6.38;0.15;0.845;0.028;4.33;0.16;5.26;0.17;0.82;0.04;0.259;0.021;0.282;0.023;0.92;0.10;0.222;0.035;0.24;0.04;0.93;0.21;0;0
GBOV_RM7_181;BlandyExperimentalFarm;Courtney Meier;cmeier@battelleecology.org;support-copernicus-gbov@acri-st.fr;NEON;183;Croplands;39.0602607727051;-78.0716400146484;20180815T000000Z;2.0;BLAN_052;5.18;0.12;6.27;0.15;0.827;0.028;4.02;0.15;5.07;0.17;0.79;0.04;0.473;0.020;0.493;0.022;0.96;0.06;0.380;0.031;0.40;0.04;0.95;0.11;0;0
GBOV_RM7_181;BlandyExperimentalFarm;Courtney Meier;cmeier@battelleecology.org;support-copernicus-gbov@acri-st.fr;NEON;183;Croplands;39.0602607727051;-78.0716400146484;20180829T000000Z;2.0;BLAN_052;4.88;0.12;5.96;0.15;0.819;0.029;3.69;0.18;4.71;0.18;0.78;0.05;0.648;0.025;0.671;0.028;0.97;0.05;0.49;0.04;0.51;0.04;0.97;0.10;0;0
GBOV_RM7_181;BlandyExperimentalFarm;Courtney Meier;cmeier@battelleecology.org;support-copernicus-gbov@acri-st.fr;NEON;183;Croplands;39.0602607727051;-78.0716400146484;20180912T000000Z;2.0;BLAN_052;4.77;0.12;5.79;0.14;0.824;0.029;4.08;0.17;5.13;0.19;0.79;0.04;0.166;0.021;0.189;0.026;0.88;0.17;0.134;0.029;0.15;0.04;0.88;0.29;0;0
GBOV_RM7_181;BlandyExperimentalFarm;Courtney Meier;cmeier@battelleecology.org;support-copernicus-gbov@acri-st.fr;NEON;183;Croplands;39.0602607727051;-78.0716400146484;20180928T000000Z;2.0;BLAN_052;4.24;0.11;5.09;0.13;0.832;0.030;3.64;0.14;4.51;0.17;0.81;0.04;0.401;0.018;0.431;0.020;0.93;0.06;0.311;0.022;0.330;0.024;0.94;0.09;0;8
GBOV_RM7_181;BlandyExperimentalFarm;Courtney Meier;cmeier@battelleecology.org;support-copernicus-gbov@acri-st.fr;NEON;183;Croplands;39.0602607727051;-78.0716400146484;20181016T000000Z;2.0;BLAN_052;3.83;0.10;4.62;0.12;0.828;0.031;3.34;0.17;4.30;0.19;0.78;0.05;0.172;0.010;0.178;0.011;0.96;0.08;0.150;0.018;0.156;0.020;0.97;0.17;0;0
GBOV_RM7_181;BlandyExperimentalFarm;Courtney Meier;cmeier@battelleecology.org;support-copernicus-gbov@acri-st.fr;NEON;183;Croplands;39.0602607727051;-78.0716400146484;20181026T000000Z;2.0;BLAN_052;3.36;0.09;4.03;0.11;0.835;0.033;3.07;0.14;3.83;0.15;0.80;0.05;0.404;0.013;0.411;0.014;0.98;0.05;0.303;0.017;0.308;0.019;0.98;0.08;0;0
GBOV_RM7_181;BlandyExperimentalFarm;Courtney Meier;cmeier@battelleecology.org;support-copernicus-gbov@acri-st.fr;NEON;183;Croplands;39.0602607727051;-78.0716400146484;20190326T190000Z;2.0;BLAN_052;0.749;0.026;0.862;0.033;0.87;0.04;0.72;0.04;0.92;0.08;0.78;0.08;0.0191;0.0021;0.0196;0.0022;0.97;0.15;0.023;0.004;0.023;0.004;0.98;0.27;0;0
GBOV_RM7_181;BlandyExperimentalFarm;Courtney Meier;cmeier@battelleecology.org;support-copernicus-gbov@acri-st.fr;NEON;183;Croplands;39.0602607727051;-78.0716400146484;20190410T184700Z;2.0;BLAN_052;0.723;0.033;0.94;0.05;0.77;0.05;0.65;0.04;0.88;0.07;0.74;0.07;0.0141;0.0018;0.0145;0.0019;0.97;0.18;0.017;0.005;0.018;0.005;0.9;0.4;0;0
GBOV_RM7_181;BlandyExperimentalFarm;Courtney Meier;cmeier@battelleecology.org;support-copernicus-gbov@acri-st.fr;NEON;183;Croplands;39.0602607727051;-78.0716400146484;20190423T185600Z;2.0;BLAN_052;2.29;0.08;3.07;0.12;0.75;0.04;1.90;0.11;2.61;0.17;0.73;0.06;0.231;0.023;0.262;0.027;0.88;0.13;0.20;0.04;0.22;0.05;0.88;0.27;0;0
GBOV_RM7_181;BlandyExperimentalFarm;Courtney Meier;cmeier@battelleecology.org;support-copernicus-gbov@acri-st.fr;NEON;183;Croplands;39.0602607727051;-78.0716400146484;20190508T062600Z;2.0;BLAN_052;4.81;0.14;6.44;0.17;0.747;0.030;3.95;0.18;5.35;0.22;0.74;0.04;-999;-999;-999;-999;-999;-999;-999;-999;-999;-999;-999;-999;0;0
GBOV_RM7_181;BlandyExperimentalFarm;Courtney Meier;cmeier@battelleecology.org;support-copernicus-gbov@acri-st.fr;NEON;183;Croplands;39.0602607727051;-78.0716400146484;20190522T045400Z;2.0;BLAN_052;5.30;0.15;6.75;0.17;0.785;0.029;3.97;0.15;5.22;0.21;0.76;0.04;-999;-999;-999;-999;-999;-999;-999;-999;-999;-999;-999;-999;0;0
GBOV_RM7_181;BlandyExperimentalFarm;Courtney Meier;cmeier@battelleecology.org;support-copernicus-gbov@acri-st.fr;NEON;183;Croplands;39.0602607727051;-78.0716400146484;20190605T045300Z;2.0;BLAN_052;5.39;0.15;6.67;0.17;0.809;0.030;3.81;0.22;5.22;0.20;0.73;0.05;-999;-999;-999;-999;-999;-999;-999;-999;-999;-999;-999;-999;0;0
GBOV_RM7_181;BlandyExperimentalFarm;Courtney Meier;cmeier@battelleecology.org;support-copernicus-gbov@acri-st.fr;NEON;183;Croplands;39.0602607727051;-78.0716400146484;20190620T050800Z;2.0;BLAN_052;5.16;0.14;6.49;0.16;0.795;0.029;4.14;0.15;5.41;0.21;0.77;0.04;-999;-999;-999;-999;-999;-999;-999;-999;-999;-999;-999;-999;0;0
GBOV_RM7_181;BlandyExperimentalFarm;Courtney Meier;cmeier@battelleecology.org;support-copernicus-gbov@acri-st.fr;NEON;183;Croplands;39.0602607727051;-78.0716400146484;20190702T050200Z;2.0;BLAN_052;5.23;0.13;6.28;0.15;0.833;0.029;3.71;0.19;4.88;0.18;0.76;0.05;-999;-999;-999;-999;-999;-999;-999;-999;-999;-999;-999;-999;0;0
GBOV_RM7_181;BlandyExperimentalFarm;Courtney Meier;cmeier@battelleecology.org;support-copernicus-gbov@acri-st.fr;NEON;183;Croplands;39.0602607727051;-78.0716400146484;20190716T050700Z;2.0;BLAN_052;5.22;0.13;6.22;0.15;0.839;0.030;3.94;0.17;4.91;0.20;0.80;0.05;-999;-999;-999;-999;-999;-999;-999;-999;-999;-999;-999;-999;0;0
GBOV_RM7_181;BlandyExperimentalFarm;Courtney Meier;cmeier@battelleecology.org;support-copernicus-gbov@acri-st.fr;NEON;183;Croplands;39.0602607727051;-78.0716400146484;20190731T052500Z;2.0;BLAN_052;5.01;0.13;5.98;0.15;0.837;0.031;3.98;0.16;5.00;0.18;0.80;0.04;-999;-999;-999;-999;-999;-999;-999;-999;-999;-999;-999;-999;-999;0
GBOV_RM7_181;BlandyExperimentalFarm;Courtney Meier;cmeier@battelleecology.org;support-copernicus-gbov@acri-st.fr;NEON;183;Croplands;39.0602607727051;-78.0716400146484;20190814T063900Z;2.0;BLAN_052;4.93;0.12;5.77;0.14;0.854;0.029;3.95;0.16;4.90;0.17;0.81;0.04;-999;-999;-999;-999;-999;-999;-999;-999;-999;-999;-999;-999;0;0
GBOV_RM7_181;BlandyExperimentalFarm;Courtney Meier;cmeier@battelleecology.org;support-copernicus-gbov@acri-st.fr;NEON;183;Croplands;39.0602607727051;-78.0716400146484;20190827T131300Z;2.0;BLAN_052;4.97;0.12;5.81;0.14;0.855;0.029;3.94;0.13;4.77;0.15;0.83;0.04;-999;-999;-999;-999;-999;-999;-999;-999;-999;-999;-999;-999;0;0
GBOV_RM7_181;BlandyExperimentalFarm;Courtney Meier;cmeier@battelleecology.org;support-copernicus-gbov@acri-st.fr;NEON;183;Croplands;39.0602607727051;-78.0716400146484;20190911T043500Z;2.0;BLAN_052;4.48;0.11;5.25;0.14;0.853;0.031;3.43;0.12;4.19;0.16;0.82;0.04;0.280;0.022;0.326;0.028;0.86;0.10;0.25;0.04;0.33;0.06;0.78;0.18;0;0
GBOV_RM7_181;BlandyExperimentalFarm;Courtney Meier;cmeier@battelleecology.org;support-copernicus-gbov@acri-st.fr;NEON;183;Croplands;39.0602607727051;-78.0716400146484;20190925T152800Z;2.0;BLAN_052;3.44;0.09;4.01;0.11;0.857;0.033;2.78;0.13;3.50;0.18;0.79;0.06;0.083;0.006;0.087;0.006;0.96;0.10;0.086;0.010;0.089;0.010;0.97;0.16;0;8
GBOV_RM7_181;BlandyExperimentalFarm;Courtney Meier;cmeier@battelleecology.org;support-copernicus-gbov@acri-st.fr;NEON;183;Croplands;39.0602607727051;-78.0716400146484;20191008T131100Z;2.0;BLAN_052;3.42;0.09;4.02;0.11;0.851;0.033;2.94;0.12;3.60;0.16;0.82;0.05;0.038;0.004;0.039;0.004;0.96;0.14;0.039;0.009;0.042;0.012;0.92;0.32;0;0
GBOV_RM7_181;BlandyExperimentalFarm;Courtney Meier;cmeier@battelleecology.org;support-copernicus-gbov@acri-st.fr;NEON;183;Croplands;39.0602607727051;-78.0716400146484;20191022T105600Z;2.0;BLAN_052;3.15;0.09;3.78;0.11;0.834;0.034;2.83;0.12;3.62;0.17;0.78;0.05;0.076;0.006;0.080;0.007;0.95;0.12;0.060;0.009;0.064;0.011;0.95;0.22;0;0
