GBOV_ID;Site;GROUND_DATA_PI;GROUND_DATA_PIs_Email;GBOV_Email;Network;Elevation;IGBP_class;Lat_IS;Lon_IS;TIME_IS;Version;PLOT_ID;LAIe_Miller_up;LAIe_Miller_up_err;LAI_Miller_up;LAI_Miller_up_err;clumping_Miller_up;clumping_Miller_up_err;LAIe_Warren_up;LAIe_Warren_up_err;LAI_Warren_up;LAI_Warren_up_err;clumping_Warren_up;clumping_Warren_up_err;LAIe_Miller_down;LAIe_Miller_down_err;LAI_Miller_down;LAI_Miller_down_err;clumping_Miller_down;clumping_Miller_down_err;LAIe_Warren_down;LAIe_Warren_down_err;LAI_Warren_down;LAI_Warren_down_err;clumping_Warren_down;clumping_Warren_down_err;up_flag;down_flag
GBOV_RM7_898;JonesEcologicalResearchCenter;Courtney Meier;cmeier@battelleecology.org;support-copernicus-gbov@acri-st.fr;NEON;44;Croplands;31.1948394775391;-84.468777;20160719T000000Z;2.0;JERC_060;0.935;0.035;1.40;0.06;0.67;0.04;0.87;0.05;1.30;0.09;0.67;0.06;2.02;0.07;2.30;0.08;0.88;0.04;1.54;0.08;1.72;0.10;0.90;0.07;0;0
GBOV_RM7_898;JonesEcologicalResearchCenter;Courtney Meier;cmeier@battelleecology.org;support-copernicus-gbov@acri-st.fr;NEON;44;Croplands;31.1948394775391;-84.468777;20160801T000000Z;2.0;JERC_060;0.85;0.04;1.22;0.06;0.70;0.05;0.84;0.05;1.27;0.12;0.66;0.07;1.62;0.07;1.89;0.08;0.85;0.05;1.25;0.08;1.40;0.09;0.89;0.08;0;32
GBOV_RM7_898;JonesEcologicalResearchCenter;Courtney Meier;cmeier@battelleecology.org;support-copernicus-gbov@acri-st.fr;NEON;44;Croplands;31.1948394775391;-84.468777;20160815T000000Z;2.0;JERC_060;0.97;0.04;1.47;0.07;0.66;0.04;0.92;0.07;1.42;0.14;0.65;0.08;-999;-999;-999;-999;-999;-999;-999;-999;-999;-999;-999;-999;0;-999
GBOV_RM7_898;JonesEcologicalResearchCenter;Courtney Meier;cmeier@battelleecology.org;support-copernicus-gbov@acri-st.fr;NEON;44;Croplands;31.1948394775391;-84.468777;20160901T000000Z;2.0;JERC_060;0.91;0.04;1.37;0.06;0.66;0.04;0.86;0.06;1.35;0.12;0.64;0.07;1.39;0.06;1.58;0.07;0.88;0.05;1.01;0.07;1.12;0.08;0.90;0.09;0;0
GBOV_RM7_898;JonesEcologicalResearchCenter;Courtney Meier;cmeier@battelleecology.org;support-copernicus-gbov@acri-st.fr;NEON;44;Croplands;31.1948394775391;-84.468777;20160914T000000Z;2.0;JERC_060;1.02;0.04;1.66;0.08;0.61;0.04;0.89;0.05;1.39;0.11;0.64;0.06;1.23;0.05;1.35;0.05;0.92;0.05;0.84;0.05;0.89;0.05;0.94;0.07;0;0
GBOV_RM7_898;JonesEcologicalResearchCenter;Courtney Meier;cmeier@battelleecology.org;support-copernicus-gbov@acri-st.fr;NEON;44;Croplands;31.1948394775391;-84.468777;20160926T000000Z;2.0;JERC_060;0.95;0.04;1.51;0.07;0.63;0.04;0.80;0.05;1.34;0.13;0.60;0.07;1.38;0.04;1.44;0.04;0.95;0.04;0.98;0.04;1.01;0.05;0.97;0.06;0;0
GBOV_RM7_898;JonesEcologicalResearchCenter;Courtney Meier;cmeier@battelleecology.org;support-copernicus-gbov@acri-st.fr;NEON;44;Croplands;31.1948394775391;-84.468777;20161012T000000Z;2.0;JERC_060;0.93;0.04;1.42;0.07;0.65;0.04;0.88;0.06;1.42;0.14;0.62;0.08;0.428;0.018;0.455;0.021;0.94;0.06;0.306;0.024;0.322;0.027;0.95;0.11;0;0
GBOV_RM7_898;JonesEcologicalResearchCenter;Courtney Meier;cmeier@battelleecology.org;support-copernicus-gbov@acri-st.fr;NEON;44;Croplands;31.1948394775391;-84.468777;20161025T000000Z;2.0;JERC_060;0.90;0.04;1.50;0.07;0.60;0.04;0.75;0.06;1.21;0.15;0.62;0.09;-999;-999;-999;-999;-999;-999;-999;-999;-999;-999;-999;-999;0;-999
GBOV_RM7_898;JonesEcologicalResearchCenter;Courtney Meier;cmeier@battelleecology.org;support-copernicus-gbov@acri-st.fr;NEON;44;Croplands;31.1948394775391;-84.468777;20170406T000000Z;2.0;JERC_060;0.87;0.04;1.34;0.06;0.65;0.04;0.73;0.05;1.08;0.11;0.67;0.08;0.686;0.028;0.744;0.034;0.92;0.06;0.56;0.04;0.60;0.05;0.93;0.10;0;8
GBOV_RM7_898;JonesEcologicalResearchCenter;Courtney Meier;cmeier@battelleecology.org;support-copernicus-gbov@acri-st.fr;NEON;44;Croplands;31.1948394775391;-84.468777;20170417T000000Z;2.0;JERC_060;0.99;0.05;1.68;0.10;0.59;0.05;1.08;0.10;2.01;0.23;0.54;0.08;0.60;0.04;0.70;0.05;0.84;0.09;0.55;0.07;0.67;0.10;0.82;0.16;0;0
GBOV_RM7_898;JonesEcologicalResearchCenter;Courtney Meier;cmeier@battelleecology.org;support-copernicus-gbov@acri-st.fr;NEON;44;Croplands;31.1948394775391;-84.468777;20170502T000000Z;2.0;JERC_060;0.91;0.04;1.43;0.07;0.64;0.04;0.76;0.05;1.15;0.10;0.65;0.07;1.27;0.06;1.49;0.08;0.85;0.06;1.03;0.09;1.19;0.11;0.87;0.11;0;0
GBOV_RM7_898;JonesEcologicalResearchCenter;Courtney Meier;cmeier@battelleecology.org;support-copernicus-gbov@acri-st.fr;NEON;44;Croplands;31.1948394775391;-84.468777;20170516T000000Z;2.0;JERC_060;0.92;0.04;1.43;0.07;0.64;0.04;0.77;0.05;1.12;0.09;0.69;0.07;1.50;0.07;1.87;0.11;0.80;0.06;1.24;0.11;1.54;0.16;0.81;0.11;0;0
GBOV_RM7_898;JonesEcologicalResearchCenter;Courtney Meier;cmeier@battelleecology.org;support-copernicus-gbov@acri-st.fr;NEON;44;Croplands;31.1948394775391;-84.468777;20170530T000000Z;2.0;JERC_060;0.855;0.034;1.24;0.05;0.69;0.04;0.78;0.05;1.14;0.10;0.68;0.08;1.16;0.06;1.42;0.08;0.82;0.06;0.90;0.09;1.08;0.12;0.84;0.13;0;0
GBOV_RM7_898;JonesEcologicalResearchCenter;Courtney Meier;cmeier@battelleecology.org;support-copernicus-gbov@acri-st.fr;NEON;44;Croplands;31.1948394775391;-84.468777;20170614T000000Z;2.0;JERC_060;0.91;0.04;1.39;0.06;0.65;0.04;0.73;0.05;1.06;0.11;0.69;0.08;1.45;0.07;1.72;0.08;0.84;0.06;1.07;0.08;1.21;0.09;0.88;0.09;0;0
GBOV_RM7_898;JonesEcologicalResearchCenter;Courtney Meier;cmeier@battelleecology.org;support-copernicus-gbov@acri-st.fr;NEON;44;Croplands;31.1948394775391;-84.468777;20170626T000000Z;2.0;JERC_060;0.91;0.04;1.41;0.06;0.65;0.04;0.76;0.05;1.19;0.11;0.64;0.07;1.23;0.06;1.51;0.09;0.82;0.06;0.95;0.08;1.16;0.12;0.82;0.11;0;0
GBOV_RM7_898;JonesEcologicalResearchCenter;Courtney Meier;cmeier@battelleecology.org;support-copernicus-gbov@acri-st.fr;NEON;44;Croplands;31.1948394775391;-84.468777;20170807T000000Z;2.0;JERC_060;1.00;0.04;1.54;0.07;0.65;0.04;0.90;0.06;1.34;0.12;0.67;0.07;1.04;0.04;1.18;0.05;0.88;0.05;0.84;0.05;0.97;0.08;0.86;0.09;0;0
GBOV_RM7_898;JonesEcologicalResearchCenter;Courtney Meier;cmeier@battelleecology.org;support-copernicus-gbov@acri-st.fr;NEON;44;Croplands;31.1948394775391;-84.468777;20170824T000000Z;2.0;JERC_060;1.04;0.05;1.60;0.08;0.65;0.04;0.98;0.08;1.50;0.14;0.66;0.08;1.15;0.05;1.28;0.06;0.90;0.06;0.91;0.06;0.99;0.07;0.92;0.09;0;0
GBOV_RM7_898;JonesEcologicalResearchCenter;Courtney Meier;cmeier@battelleecology.org;support-copernicus-gbov@acri-st.fr;NEON;44;Croplands;31.1948394775391;-84.468777;20170906T000000Z;2.0;JERC_060;1.02;0.05;1.56;0.08;0.65;0.05;1.08;0.08;1.70;0.18;0.63;0.08;0.80;0.04;0.89;0.04;0.90;0.06;0.60;0.05;0.64;0.06;0.93;0.11;0;0
GBOV_RM7_898;JonesEcologicalResearchCenter;Courtney Meier;cmeier@battelleecology.org;support-copernicus-gbov@acri-st.fr;NEON;44;Croplands;31.1948394775391;-84.468777;20170918T000000Z;2.0;JERC_060;0.98;0.04;1.52;0.07;0.65;0.04;0.85;0.05;1.39;0.11;0.62;0.06;0.805;0.024;0.820;0.025;0.98;0.04;0.575;0.028;0.582;0.028;0.99;0.07;0;8
GBOV_RM7_898;JonesEcologicalResearchCenter;Courtney Meier;cmeier@battelleecology.org;support-copernicus-gbov@acri-st.fr;NEON;44;Croplands;31.1948394775391;-84.468777;20171002T000000Z;2.0;JERC_060;0.97;0.04;1.48;0.07;0.66;0.04;0.92;0.05;1.43;0.13;0.64;0.07;0.400;0.022;0.433;0.026;0.92;0.07;0.30;0.04;0.32;0.04;0.92;0.17;0;0
GBOV_RM7_898;JonesEcologicalResearchCenter;Courtney Meier;cmeier@battelleecology.org;support-copernicus-gbov@acri-st.fr;NEON;44;Croplands;31.1948394775391;-84.468777;20171018T000000Z;2.0;JERC_060;0.91;0.04;1.38;0.06;0.66;0.04;0.76;0.05;1.11;0.10;0.68;0.07;0.593;0.031;0.67;0.04;0.89;0.07;0.41;0.05;0.46;0.06;0.89;0.15;0;0
GBOV_RM7_898;JonesEcologicalResearchCenter;Courtney Meier;cmeier@battelleecology.org;support-copernicus-gbov@acri-st.fr;NEON;44;Croplands;31.1948394775391;-84.468777;20171031T000000Z;2.0;JERC_060;0.90;0.04;1.39;0.06;0.64;0.04;0.74;0.05;1.07;0.09;0.69;0.08;0.561;0.028;0.616;0.033;0.91;0.07;0.37;0.04;0.40;0.05;0.92;0.15;0;0
GBOV_RM7_898;JonesEcologicalResearchCenter;Courtney Meier;cmeier@battelleecology.org;support-copernicus-gbov@acri-st.fr;NEON;44;Croplands;31.1948394775391;-84.468777;20171129T000000Z;2.0;JERC_060;0.85;0.04;1.23;0.06;0.69;0.04;0.90;0.05;1.40;0.10;0.65;0.06;0.096;0.008;0.101;0.009;0.95;0.11;0.061;0.009;0.063;0.010;0.97;0.21;0;0
GBOV_RM7_898;JonesEcologicalResearchCenter;Courtney Meier;cmeier@battelleecology.org;support-copernicus-gbov@acri-st.fr;NEON;44;Croplands;31.1948394775391;-84.468777;20171228T000000Z;2.0;JERC_060;0.769;0.031;1.06;0.05;0.72;0.04;0.73;0.05;1.05;0.10;0.70;0.08;0.067;0.004;0.068;0.004;0.98;0.08;0.044;0.005;0.045;0.005;0.98;0.15;0;0
GBOV_RM7_898;JonesEcologicalResearchCenter;Courtney Meier;cmeier@battelleecology.org;support-copernicus-gbov@acri-st.fr;NEON;44;Croplands;31.1948394775391;-84.468777;20180109T000000Z;2.0;JERC_060;0.801;0.031;1.13;0.05;0.71;0.04;0.80;0.05;1.14;0.08;0.70;0.06;0.070;0.005;0.072;0.005;0.97;0.09;0.041;0.005;0.043;0.005;0.97;0.16;0;0
GBOV_RM7_898;JonesEcologicalResearchCenter;Courtney Meier;cmeier@battelleecology.org;support-copernicus-gbov@acri-st.fr;NEON;44;Croplands;31.1948394775391;-84.468777;20180206T000000Z;2.0;JERC_060;0.87;0.04;1.30;0.06;0.67;0.04;0.68;0.05;0.95;0.09;0.72;0.08;0.0509;0.0032;0.0518;0.0034;0.98;0.09;0.0400;0.0035;0.040;0.004;0.99;0.12;0;0
GBOV_RM7_898;JonesEcologicalResearchCenter;Courtney Meier;cmeier@battelleecology.org;support-copernicus-gbov@acri-st.fr;NEON;44;Croplands;31.1948394775391;-84.468777;20180307T000000Z;2.0;JERC_060;0.91;0.04;1.41;0.06;0.64;0.04;0.69;0.05;0.99;0.10;0.70;0.09;0.125;0.006;0.128;0.006;0.97;0.07;0.098;0.011;0.100;0.012;0.97;0.16;0;8
GBOV_RM7_898;JonesEcologicalResearchCenter;Courtney Meier;cmeier@battelleecology.org;support-copernicus-gbov@acri-st.fr;NEON;44;Croplands;31.1948394775391;-84.468777;20180404T000000Z;2.0;JERC_060;0.90;0.04;1.37;0.06;0.66;0.04;0.70;0.04;1.00;0.11;0.70;0.09;0.551;0.030;0.63;0.04;0.87;0.08;0.43;0.04;0.47;0.05;0.90;0.13;0;0
GBOV_RM7_898;JonesEcologicalResearchCenter;Courtney Meier;cmeier@battelleecology.org;support-copernicus-gbov@acri-st.fr;NEON;44;Croplands;31.1948394775391;-84.468777;20180416T000000Z;2.0;JERC_060;0.93;0.04;1.50;0.07;0.62;0.04;0.73;0.05;1.12;0.10;0.65;0.07;1.14;0.06;1.48;0.11;0.77;0.07;0.88;0.09;1.08;0.12;0.81;0.12;0;0
GBOV_RM7_898;JonesEcologicalResearchCenter;Courtney Meier;cmeier@battelleecology.org;support-copernicus-gbov@acri-st.fr;NEON;44;Croplands;31.1948394775391;-84.468777;20180501T000000Z;2.0;JERC_060;0.873;0.035;1.31;0.06;0.67;0.04;0.73;0.04;1.07;0.10;0.68;0.08;0.302;0.011;0.308;0.011;0.98;0.05;0.245;0.017;0.250;0.017;0.98;0.09;0;0
GBOV_RM7_898;JonesEcologicalResearchCenter;Courtney Meier;cmeier@battelleecology.org;support-copernicus-gbov@acri-st.fr;NEON;44;Croplands;31.1948394775391;-84.468777;20180515T000000Z;2.0;JERC_060;0.875;0.035;1.29;0.06;0.68;0.04;0.84;0.06;1.21;0.11;0.69;0.08;0.559;0.029;0.592;0.032;0.94;0.07;0.46;0.05;0.52;0.07;0.90;0.16;0;0
GBOV_RM7_898;JonesEcologicalResearchCenter;Courtney Meier;cmeier@battelleecology.org;support-copernicus-gbov@acri-st.fr;NEON;44;Croplands;31.1948394775391;-84.468777;20180530T000000Z;2.0;JERC_060;0.91;0.04;1.40;0.06;0.65;0.04;0.82;0.06;1.22;0.11;0.67;0.07;1.90;0.06;2.08;0.07;0.91;0.04;1.55;0.10;1.75;0.13;0.88;0.09;64;64
GBOV_RM7_898;JonesEcologicalResearchCenter;Courtney Meier;cmeier@battelleecology.org;support-copernicus-gbov@acri-st.fr;NEON;44;Croplands;31.1948394775391;-84.468777;20180611T000000Z;2.0;JERC_060;0.868;0.034;1.26;0.05;0.69;0.04;0.76;0.05;1.17;0.10;0.66;0.07;1.92;0.09;2.38;0.11;0.81;0.05;1.60;0.12;1.95;0.16;0.82;0.09;0;0
GBOV_RM7_898;JonesEcologicalResearchCenter;Courtney Meier;cmeier@battelleecology.org;support-copernicus-gbov@acri-st.fr;NEON;44;Croplands;31.1948394775391;-84.468777;20180626T000000Z;2.0;JERC_060;0.91;0.04;1.41;0.07;0.65;0.04;0.87;0.06;1.48;0.20;0.58;0.09;1.98;0.08;2.41;0.11;0.82;0.05;1.61;0.11;1.95;0.14;0.83;0.08;0;0
GBOV_RM7_898;JonesEcologicalResearchCenter;Courtney Meier;cmeier@battelleecology.org;support-copernicus-gbov@acri-st.fr;NEON;44;Croplands;31.1948394775391;-84.468777;20180711T000000Z;2.0;JERC_060;0.95;0.04;1.48;0.06;0.65;0.04;0.78;0.05;1.15;0.12;0.68;0.09;2.97;0.13;3.74;0.16;0.79;0.05;2.14;0.16;2.70;0.22;0.79;0.09;0;0
GBOV_RM7_898;JonesEcologicalResearchCenter;Courtney Meier;cmeier@battelleecology.org;support-copernicus-gbov@acri-st.fr;NEON;44;Croplands;31.1948394775391;-84.468777;20180727T000000Z;2.0;JERC_060;0.90;0.04;1.34;0.06;0.67;0.04;0.84;0.05;1.44;0.15;0.58;0.07;2.32;0.08;2.57;0.08;0.90;0.04;1.84;0.10;1.99;0.09;0.92;0.06;4;0
GBOV_RM7_898;JonesEcologicalResearchCenter;Courtney Meier;cmeier@battelleecology.org;support-copernicus-gbov@acri-st.fr;NEON;44;Croplands;31.1948394775391;-84.468777;20180822T000000Z;2.0;JERC_060;0.98;0.04;1.47;0.06;0.67;0.04;0.84;0.05;1.24;0.10;0.68;0.07;1.97;0.06;2.10;0.06;0.94;0.04;1.41;0.05;1.49;0.05;0.95;0.05;0;0
GBOV_RM7_898;JonesEcologicalResearchCenter;Courtney Meier;cmeier@battelleecology.org;support-copernicus-gbov@acri-st.fr;NEON;44;Croplands;31.1948394775391;-84.468777;20180906T000000Z;2.0;JERC_060;1.01;0.04;1.59;0.07;0.63;0.04;0.86;0.06;1.39;0.14;0.62;0.08;1.67;0.06;1.83;0.06;0.91;0.04;1.16;0.06;1.27;0.06;0.91;0.06;0;0
GBOV_RM7_898;JonesEcologicalResearchCenter;Courtney Meier;cmeier@battelleecology.org;support-copernicus-gbov@acri-st.fr;NEON;44;Croplands;31.1948394775391;-84.468777;20180918T000000Z;2.0;JERC_060;0.97;0.04;1.54;0.07;0.63;0.04;0.82;0.05;1.38;0.15;0.59;0.07;1.80;0.06;1.96;0.07;0.92;0.05;1.21;0.06;1.31;0.07;0.92;0.07;0;0
GBOV_RM7_898;JonesEcologicalResearchCenter;Courtney Meier;cmeier@battelleecology.org;support-copernicus-gbov@acri-st.fr;NEON;44;Croplands;31.1948394775391;-84.468777;20181002T000000Z;2.0;JERC_060;0.99;0.04;1.61;0.08;0.62;0.04;0.83;0.06;1.34;0.14;0.62;0.08;1.43;0.04;1.49;0.04;0.96;0.04;1.04;0.05;1.08;0.05;0.97;0.07;0;64
GBOV_RM7_898;JonesEcologicalResearchCenter;Courtney Meier;cmeier@battelleecology.org;support-copernicus-gbov@acri-st.fr;NEON;44;Croplands;31.1948394775391;-84.468777;20181023T000000Z;2.0;JERC_060;0.718;0.028;0.98;0.04;0.73;0.04;0.66;0.04;0.94;0.08;0.70;0.07;0.325;0.018;0.356;0.021;0.91;0.07;0.190;0.016;0.201;0.017;0.95;0.11;0;0
GBOV_RM7_898;JonesEcologicalResearchCenter;Courtney Meier;cmeier@battelleecology.org;support-copernicus-gbov@acri-st.fr;NEON;44;Croplands;31.1948394775391;-84.468777;20181031T000000Z;2.0;JERC_060;0.766;0.031;1.11;0.05;0.69;0.04;0.62;0.04;0.91;0.10;0.68;0.09;0.504;0.024;0.550;0.028;0.92;0.06;0.333;0.033;0.36;0.04;0.92;0.14;0;0
GBOV_RM7_898;JonesEcologicalResearchCenter;Courtney Meier;cmeier@battelleecology.org;support-copernicus-gbov@acri-st.fr;NEON;44;Croplands;31.1948394775391;-84.468777;20181113T000000Z;2.0;JERC_060;0.706;0.030;0.98;0.05;0.72;0.05;0.63;0.04;0.95;0.09;0.67;0.08;0.498;0.017;0.519;0.018;0.96;0.05;0.364;0.016;0.375;0.016;0.97;0.06;0;0
GBOV_RM7_898;JonesEcologicalResearchCenter;Courtney Meier;cmeier@battelleecology.org;support-copernicus-gbov@acri-st.fr;NEON;44;Croplands;31.1948394775391;-84.468777;20181210T150100Z;2.0;JERC_060;0.694;0.028;0.93;0.04;0.75;0.04;0.67;0.05;0.92;0.10;0.72;0.09;0.154;0.008;0.161;0.009;0.96;0.07;0.095;0.008;0.098;0.009;0.98;0.12;0;0
GBOV_RM7_898;JonesEcologicalResearchCenter;Courtney Meier;cmeier@battelleecology.org;support-copernicus-gbov@acri-st.fr;NEON;44;Croplands;31.1948394775391;-84.468777;20190110T083700Z;2.0;JERC_060;0.784;0.033;1.14;0.05;0.69;0.04;0.577;0.032;0.79;0.06;0.73;0.07;0.194;0.008;0.197;0.008;0.98;0.06;0.131;0.011;0.133;0.011;0.99;0.12;0;0
GBOV_RM7_898;JonesEcologicalResearchCenter;Courtney Meier;cmeier@battelleecology.org;support-copernicus-gbov@acri-st.fr;NEON;44;Croplands;31.1948394775391;-84.468777;20190205T192800Z;2.0;JERC_060;0.748;0.030;1.13;0.05;0.66;0.04;0.56;0.04;0.82;0.08;0.68;0.08;0.268;0.009;0.272;0.009;0.99;0.05;0.189;0.012;0.192;0.012;0.98;0.09;0;0
GBOV_RM7_898;JonesEcologicalResearchCenter;Courtney Meier;cmeier@battelleecology.org;support-copernicus-gbov@acri-st.fr;NEON;44;Croplands;31.1948394775391;-84.468777;20190307T075700Z;2.0;JERC_060;0.722;0.029;1.04;0.05;0.69;0.04;0.557;0.032;0.78;0.06;0.72;0.07;0.187;0.007;0.192;0.007;0.97;0.05;0.118;0.007;0.121;0.007;0.98;0.08;0;0
GBOV_RM7_898;JonesEcologicalResearchCenter;Courtney Meier;cmeier@battelleecology.org;support-copernicus-gbov@acri-st.fr;NEON;44;Croplands;31.1948394775391;-84.468777;20190318T194800Z;2.0;JERC_060;0.642;0.025;0.86;0.04;0.75;0.04;0.587;0.034;0.79;0.07;0.74;0.08;0.788;0.019;0.799;0.020;0.986;0.034;0.574;0.020;0.579;0.020;0.99;0.05;0;0
GBOV_RM7_898;JonesEcologicalResearchCenter;Courtney Meier;cmeier@battelleecology.org;support-copernicus-gbov@acri-st.fr;NEON;44;Croplands;31.1948394775391;-84.468777;20190401T181900Z;2.0;JERC_060;0.654;0.027;0.91;0.04;0.72;0.05;0.62;0.04;0.88;0.08;0.71;0.08;0.361;0.019;0.398;0.024;0.91;0.07;0.295;0.028;0.33;0.04;0.90;0.13;0;0
GBOV_RM7_898;JonesEcologicalResearchCenter;Courtney Meier;cmeier@battelleecology.org;support-copernicus-gbov@acri-st.fr;NEON;44;Croplands;31.1948394775391;-84.468777;20190416T065900Z;2.0;JERC_060;0.83;0.04;1.26;0.06;0.66;0.04;0.59;0.04;0.84;0.08;0.71;0.09;1.01;0.05;1.22;0.07;0.83;0.06;0.75;0.06;0.89;0.09;0.84;0.11;64;0
GBOV_RM7_898;JonesEcologicalResearchCenter;Courtney Meier;cmeier@battelleecology.org;support-copernicus-gbov@acri-st.fr;NEON;44;Croplands;31.1948394775391;-84.468777;20190429T200500Z;2.0;JERC_060;0.706;0.028;1.02;0.04;0.69;0.04;0.54;0.04;0.71;0.06;0.77;0.08;1.27;0.06;1.48;0.07;0.85;0.06;1.02;0.08;1.17;0.11;0.87;0.10;0;0
GBOV_RM7_898;JonesEcologicalResearchCenter;Courtney Meier;cmeier@battelleecology.org;support-copernicus-gbov@acri-st.fr;NEON;44;Croplands;31.1948394775391;-84.468777;20190515T064900Z;2.0;JERC_060;0.730;0.028;1.05;0.04;0.69;0.04;0.53;0.04;0.68;0.07;0.77;0.09;1.59;0.06;1.82;0.08;0.87;0.05;1.22;0.08;1.38;0.11;0.88;0.09;0;0
GBOV_RM7_898;JonesEcologicalResearchCenter;Courtney Meier;cmeier@battelleecology.org;support-copernicus-gbov@acri-st.fr;NEON;44;Croplands;31.1948394775391;-84.468777;20190529T063800Z;2.0;JERC_060;0.701;0.029;0.96;0.04;0.73;0.04;0.60;0.04;0.80;0.07;0.75;0.09;1.61;0.06;1.81;0.08;0.89;0.05;1.28;0.08;1.40;0.10;0.92;0.08;0;0
GBOV_RM7_898;JonesEcologicalResearchCenter;Courtney Meier;cmeier@battelleecology.org;support-copernicus-gbov@acri-st.fr;NEON;44;Croplands;31.1948394775391;-84.468777;20190612T110700Z;2.0;JERC_060;0.751;0.029;1.08;0.05;0.69;0.04;0.72;0.05;1.19;0.11;0.61;0.07;1.18;0.06;1.38;0.07;0.85;0.06;0.93;0.06;1.05;0.08;0.88;0.09;0;0
GBOV_RM7_898;JonesEcologicalResearchCenter;Courtney Meier;cmeier@battelleecology.org;support-copernicus-gbov@acri-st.fr;NEON;44;Croplands;31.1948394775391;-84.468777;20190625T065200Z;2.0;JERC_060;0.792;0.033;1.16;0.05;0.68;0.04;0.64;0.04;0.87;0.09;0.73;0.09;1.86;0.07;2.15;0.08;0.87;0.05;1.39;0.06;1.52;0.07;0.92;0.06;0;0
GBOV_RM7_898;JonesEcologicalResearchCenter;Courtney Meier;cmeier@battelleecology.org;support-copernicus-gbov@acri-st.fr;NEON;44;Croplands;31.1948394775391;-84.468777;20190710T062800Z;2.0;JERC_060;0.787;0.031;1.09;0.04;0.72;0.04;0.72;0.05;0.98;0.08;0.73;0.08;1.53;0.05;1.67;0.05;0.91;0.04;1.13;0.05;1.20;0.05;0.94;0.06;64;64
GBOV_RM7_898;JonesEcologicalResearchCenter;Courtney Meier;cmeier@battelleecology.org;support-copernicus-gbov@acri-st.fr;NEON;44;Croplands;31.1948394775391;-84.468777;20190724T072000Z;2.0;JERC_060;0.93;0.04;1.63;0.08;0.57;0.04;0.79;0.05;1.39;0.14;0.57;0.07;1.49;0.05;1.63;0.05;0.91;0.04;1.10;0.06;1.19;0.07;0.92;0.07;0;0
GBOV_RM7_898;JonesEcologicalResearchCenter;Courtney Meier;cmeier@battelleecology.org;support-copernicus-gbov@acri-st.fr;NEON;44;Croplands;31.1948394775391;-84.468777;20190807T133100Z;2.0;JERC_060;0.834;0.033;1.22;0.05;0.68;0.04;0.74;0.05;1.06;0.10;0.70;0.08;1.147;0.033;1.24;0.04;0.92;0.04;0.89;0.04;0.96;0.05;0.92;0.06;0;0
GBOV_RM7_898;JonesEcologicalResearchCenter;Courtney Meier;cmeier@battelleecology.org;support-copernicus-gbov@acri-st.fr;NEON;44;Croplands;31.1948394775391;-84.468777;20190821T072600Z;2.0;JERC_060;0.874;0.034;1.29;0.05;0.68;0.04;0.70;0.04;0.99;0.08;0.71;0.07;1.19;0.04;1.29;0.04;0.92;0.04;0.89;0.04;0.96;0.05;0.92;0.06;0;0
GBOV_RM7_898;JonesEcologicalResearchCenter;Courtney Meier;cmeier@battelleecology.org;support-copernicus-gbov@acri-st.fr;NEON;44;Croplands;31.1948394775391;-84.468777;20190918T073200Z;2.0;JERC_060;0.837;0.033;1.24;0.05;0.68;0.04;0.71;0.05;1.01;0.08;0.71;0.07;0.518;0.020;0.551;0.022;0.94;0.05;0.377;0.025;0.402;0.029;0.94;0.09;0;0
GBOV_RM7_898;JonesEcologicalResearchCenter;Courtney Meier;cmeier@battelleecology.org;support-copernicus-gbov@acri-st.fr;NEON;44;Croplands;31.1948394775391;-84.468777;20191002T081600Z;2.0;JERC_060;0.839;0.033;1.22;0.05;0.69;0.04;0.67;0.04;0.94;0.07;0.72;0.07;0.514;0.028;0.56;0.04;0.91;0.08;0.358;0.025;0.383;0.032;0.94;0.10;0;0
GBOV_RM7_898;JonesEcologicalResearchCenter;Courtney Meier;cmeier@battelleecology.org;support-copernicus-gbov@acri-st.fr;NEON;44;Croplands;31.1948394775391;-84.468777;20191015T120900Z;2.0;JERC_060;0.762;0.030;1.08;0.05;0.71;0.04;0.70;0.04;1.00;0.09;0.70;0.08;0.349;0.018;0.377;0.020;0.93;0.07;0.230;0.024;0.247;0.027;0.93;0.14;0;0
GBOV_RM7_898;JonesEcologicalResearchCenter;Courtney Meier;cmeier@battelleecology.org;support-copernicus-gbov@acri-st.fr;NEON;44;Croplands;31.1948394775391;-84.468777;20191111T182200Z;2.0;JERC_060;0.814;0.033;1.20;0.05;0.68;0.04;0.75;0.04;1.09;0.10;0.69;0.08;0.221;0.011;0.231;0.013;0.96;0.07;0.157;0.016;0.165;0.019;0.95;0.14;0;0
