GBOV_ID;Site;GROUND_DATA_PI;GROUND_DATA_PIs_Email;GBOV_Email;Network;Elevation;IGBP_class;Lat_IS;Lon_IS;TIME_IS;Version;PLOT_ID;LAIe_Miller_up;LAIe_Miller_up_err;LAI_Miller_up;LAI_Miller_up_err;clumping_Miller_up;clumping_Miller_up_err;LAIe_Warren_up;LAIe_Warren_up_err;LAI_Warren_up;LAI_Warren_up_err;clumping_Warren_up;clumping_Warren_up_err;LAIe_Miller_down;LAIe_Miller_down_err;LAI_Miller_down;LAI_Miller_down_err;clumping_Miller_down;clumping_Miller_down_err;LAIe_Warren_down;LAIe_Warren_down_err;LAI_Warren_down;LAI_Warren_down_err;clumping_Warren_down;clumping_Warren_down_err;up_flag;down_flag
GBOV_RM7_378;Underc;Courtney Meier;cmeier@battelleecology.org;support-copernicus-gbov@acri-st.fr;NEON;518;Mixed Forest;46.233959;-89.53751;20140520T000000Z;2.0;UNDE_059;1.02;0.06;1.87;0.15;0.54;0.06;0.92;0.09;1.57;0.19;0.59;0.09;0.186;0.021;0.220;0.030;0.85;0.15;0.145;0.019;0.157;0.023;0.93;0.19;0;0
GBOV_RM7_378;Underc;Courtney Meier;cmeier@battelleecology.org;support-copernicus-gbov@acri-st.fr;NEON;518;Mixed Forest;46.233959;-89.53751;20140603T000000Z;2.0;UNDE_059;2.55;0.08;3.98;0.13;0.639;0.029;2.33;0.11;3.73;0.19;0.63;0.04;1.43;0.07;1.77;0.11;0.81;0.06;1.03;0.07;1.18;0.09;0.87;0.09;0;32
GBOV_RM7_378;Underc;Courtney Meier;cmeier@battelleecology.org;support-copernicus-gbov@acri-st.fr;NEON;518;Mixed Forest;46.233959;-89.53751;20140616T000000Z;2.0;UNDE_059;3.42;0.10;4.87;0.15;0.702;0.030;2.99;0.17;4.28;0.22;0.70;0.05;1.33;0.09;1.94;0.15;0.69;0.07;1.11;0.15;1.50;0.18;0.74;0.13;0;0
GBOV_RM7_378;Underc;Courtney Meier;cmeier@battelleecology.org;support-copernicus-gbov@acri-st.fr;NEON;518;Mixed Forest;46.233959;-89.53751;20140630T000000Z;2.0;UNDE_059;3.55;0.09;4.88;0.13;0.728;0.028;2.99;0.15;4.06;0.18;0.74;0.05;1.47;0.08;1.96;0.11;0.75;0.06;1.06;0.10;1.34;0.13;0.79;0.11;0;0
GBOV_RM7_378;Underc;Courtney Meier;cmeier@battelleecology.org;support-copernicus-gbov@acri-st.fr;NEON;518;Mixed Forest;46.233959;-89.53751;20140715T000000Z;2.0;UNDE_059;3.73;0.10;5.11;0.14;0.729;0.028;3.17;0.14;4.31;0.23;0.73;0.05;1.33;0.08;1.80;0.11;0.74;0.06;0.99;0.11;1.28;0.16;0.78;0.13;0;32
GBOV_RM7_378;Underc;Courtney Meier;cmeier@battelleecology.org;support-copernicus-gbov@acri-st.fr;NEON;518;Mixed Forest;46.233959;-89.53751;20140729T000000Z;2.0;UNDE_059;3.53;0.10;4.93;0.14;0.715;0.028;2.95;0.12;4.07;0.18;0.72;0.04;1.36;0.07;1.72;0.09;0.79;0.06;1.04;0.09;1.22;0.11;0.85;0.10;0;16
GBOV_RM7_378;Underc;Courtney Meier;cmeier@battelleecology.org;support-copernicus-gbov@acri-st.fr;NEON;518;Mixed Forest;46.233959;-89.53751;20150430T000000Z;2.0;UNDE_059;0.89;0.06;1.57;0.13;0.57;0.06;0.84;0.08;1.42;0.18;0.59;0.09;0.139;0.008;0.145;0.009;0.96;0.08;0.138;0.013;0.145;0.015;0.95;0.14;0;0
GBOV_RM7_378;Underc;Courtney Meier;cmeier@battelleecology.org;support-copernicus-gbov@acri-st.fr;NEON;518;Mixed Forest;46.233959;-89.53751;20150512T000000Z;2.0;UNDE_059;1.05;0.06;1.78;0.13;0.59;0.05;1.27;0.10;2.04;0.25;0.63;0.09;0.152;0.008;0.162;0.009;0.93;0.07;0.133;0.013;0.141;0.015;0.94;0.14;0;0
GBOV_RM7_378;Underc;Courtney Meier;cmeier@battelleecology.org;support-copernicus-gbov@acri-st.fr;NEON;518;Mixed Forest;46.233959;-89.53751;20150526T000000Z;2.0;UNDE_059;1.92;0.07;3.05;0.11;0.632;0.032;1.88;0.09;2.85;0.14;0.66;0.05;0.502;0.022;0.543;0.026;0.92;0.06;0.425;0.033;0.46;0.04;0.93;0.11;0;0
GBOV_RM7_378;Underc;Courtney Meier;cmeier@battelleecology.org;support-copernicus-gbov@acri-st.fr;NEON;518;Mixed Forest;46.233959;-89.53751;20150610T000000Z;2.0;UNDE_059;2.58;0.08;4.11;0.13;0.628;0.028;2.48;0.11;3.75;0.16;0.66;0.04;1.02;0.05;1.29;0.10;0.79;0.07;0.72;0.08;0.85;0.11;0.85;0.14;0;0
GBOV_RM7_378;Underc;Courtney Meier;cmeier@battelleecology.org;support-copernicus-gbov@acri-st.fr;NEON;518;Mixed Forest;46.233959;-89.53751;20150624T000000Z;2.0;UNDE_059;3.95;0.11;5.56;0.15;0.711;0.027;3.64;0.15;5.07;0.18;0.72;0.04;0.98;0.04;1.13;0.05;0.86;0.06;0.69;0.05;0.78;0.06;0.89;0.10;0;16
GBOV_RM7_378;Underc;Courtney Meier;cmeier@battelleecology.org;support-copernicus-gbov@acri-st.fr;NEON;518;Mixed Forest;46.233959;-89.53751;20150706T000000Z;2.0;UNDE_059;4.07;0.11;5.58;0.14;0.729;0.027;3.64;0.19;5.17;0.21;0.70;0.05;1.02;0.05;1.27;0.08;0.80;0.07;0.77;0.08;0.97;0.12;0.80;0.13;8;40
GBOV_RM7_378;Underc;Courtney Meier;cmeier@battelleecology.org;support-copernicus-gbov@acri-st.fr;NEON;518;Mixed Forest;46.233959;-89.53751;20150722T000000Z;2.0;UNDE_059;3.91;0.10;5.45;0.15;0.718;0.027;3.20;0.14;4.37;0.20;0.73;0.05;0.77;0.05;1.02;0.07;0.76;0.07;0.63;0.07;0.82;0.12;0.76;0.14;0;0
GBOV_RM7_378;Underc;Courtney Meier;cmeier@battelleecology.org;support-copernicus-gbov@acri-st.fr;NEON;518;Mixed Forest;46.233959;-89.53751;20150805T000000Z;2.0;UNDE_059;3.71;0.10;5.22;0.16;0.711;0.029;2.93;0.14;4.08;0.20;0.72;0.05;1.23;0.05;1.48;0.07;0.83;0.05;0.87;0.08;1.02;0.10;0.85;0.11;8;8
GBOV_RM7_378;Underc;Courtney Meier;cmeier@battelleecology.org;support-copernicus-gbov@acri-st.fr;NEON;518;Mixed Forest;46.233959;-89.53751;20150817T000000Z;2.0;UNDE_059;4.02;0.11;5.63;0.16;0.714;0.028;3.47;0.17;4.73;0.18;0.73;0.04;0.73;0.06;1.10;0.10;0.66;0.08;0.54;0.08;0.79;0.17;0.69;0.18;0;0
