GBOV_ID;Site;GROUND_DATA_PI;GROUND_DATA_PIs_Email;GBOV_Email;Network;Elevation;IGBP_class;Lat_IS;Lon_IS;TIME_IS;Version;PLOT_ID;LAIe_Miller_up;LAIe_Miller_up_err;LAI_Miller_up;LAI_Miller_up_err;clumping_Miller_up;clumping_Miller_up_err;LAIe_Warren_up;LAIe_Warren_up_err;LAI_Warren_up;LAI_Warren_up_err;clumping_Warren_up;clumping_Warren_up_err;LAIe_Miller_down;LAIe_Miller_down_err;LAI_Miller_down;LAI_Miller_down_err;clumping_Miller_down;clumping_Miller_down_err;LAIe_Warren_down;LAIe_Warren_down_err;LAI_Warren_down;LAI_Warren_down_err;clumping_Warren_down;clumping_Warren_down_err;up_flag;down_flag
GBOV_RM7_1061;Underc;Courtney Meier;cmeier@battelleecology.org;support-copernicus-gbov@acri-st.fr;NEON;518;Mixed Forest;46.233959;-89.53751;20150901T000000Z;2.0;UNDE_048;-999;-999;-999;-999;-999;-999;-999;-999;-999;-999;-999;-999;0.441;0.034;0.58;0.05;0.76;0.09;0.35;0.04;0.44;0.07;0.80;0.16;2;-999
GBOV_RM7_1061;Underc;Courtney Meier;cmeier@battelleecology.org;support-copernicus-gbov@acri-st.fr;NEON;518;Mixed Forest;46.233959;-89.53751;20150915T000000Z;2.0;UNDE_048;2.75;0.10;4.12;0.15;0.668;0.035;2.38;0.13;3.54;0.24;0.67;0.06;0.400;0.028;0.47;0.04;0.85;0.09;0.36;0.04;0.41;0.05;0.88;0.13;0;0
GBOV_RM7_1061;Underc;Courtney Meier;cmeier@battelleecology.org;support-copernicus-gbov@acri-st.fr;NEON;518;Mixed Forest;46.233959;-89.53751;20150930T000000Z;2.0;UNDE_048;2.50;0.10;3.73;0.14;0.67;0.04;1.99;0.14;3.13;0.18;0.64;0.06;-999;-999;-999;-999;-999;-999;-999;-999;-999;-999;-999;-999;0;-999
GBOV_RM7_1061;Underc;Courtney Meier;cmeier@battelleecology.org;support-copernicus-gbov@acri-st.fr;NEON;518;Mixed Forest;46.233959;-89.53751;20151015T000000Z;2.0;UNDE_048;0.92;0.05;1.73;0.14;0.53;0.05;0.92;0.06;1.68;0.17;0.55;0.07;0.054;0.006;0.060;0.007;0.90;0.14;0.040;0.008;0.043;0.008;0.94;0.26;0;0
GBOV_RM7_1061;Underc;Courtney Meier;cmeier@battelleecology.org;support-copernicus-gbov@acri-st.fr;NEON;518;Mixed Forest;46.233959;-89.53751;20151027T000000Z;2.0;UNDE_048;0.76;0.05;1.59;0.15;0.47;0.06;0.81;0.07;1.56;0.20;0.52;0.08;0.086;0.013;0.107;0.017;0.80;0.17;0.076;0.023;0.091;0.030;0.8;0.4;0;0
GBOV_RM7_1061;Underc;Courtney Meier;cmeier@battelleecology.org;support-copernicus-gbov@acri-st.fr;NEON;518;Mixed Forest;46.233959;-89.53751;20160510T000000Z;2.0;UNDE_048;0.77;0.04;1.43;0.12;0.54;0.05;0.90;0.07;1.58;0.21;0.57;0.09;0.123;0.012;0.143;0.016;0.86;0.13;0.126;0.013;0.138;0.017;0.91;0.15;0;0
GBOV_RM7_1061;Underc;Courtney Meier;cmeier@battelleecology.org;support-copernicus-gbov@acri-st.fr;NEON;518;Mixed Forest;46.233959;-89.53751;20160523T000000Z;2.0;UNDE_048;1.44;0.06;2.19;0.11;0.66;0.04;1.49;0.08;2.29;0.19;0.65;0.06;0.280;0.018;0.313;0.022;0.89;0.08;0.25;0.04;0.29;0.04;0.87;0.19;0;0
GBOV_RM7_1061;Underc;Courtney Meier;cmeier@battelleecology.org;support-copernicus-gbov@acri-st.fr;NEON;518;Mixed Forest;46.233959;-89.53751;20160607T000000Z;2.0;UNDE_048;2.60;0.09;3.79;0.13;0.685;0.033;2.52;0.12;3.77;0.21;0.67;0.05;0.680;0.033;0.82;0.05;0.83;0.06;0.60;0.06;0.73;0.09;0.82;0.13;0;32
GBOV_RM7_1061;Underc;Courtney Meier;cmeier@battelleecology.org;support-copernicus-gbov@acri-st.fr;NEON;518;Mixed Forest;46.233959;-89.53751;20160623T000000Z;2.0;UNDE_048;2.87;0.10;4.28;0.14;0.672;0.033;2.39;0.12;3.51;0.23;0.68;0.06;1.37;0.07;1.78;0.10;0.77;0.06;1.14;0.08;1.44;0.12;0.79;0.08;0;0
GBOV_RM7_1061;Underc;Courtney Meier;cmeier@battelleecology.org;support-copernicus-gbov@acri-st.fr;NEON;518;Mixed Forest;46.233959;-89.53751;20160706T000000Z;2.0;UNDE_048;2.85;0.11;4.24;0.14;0.671;0.033;2.28;0.12;3.46;0.24;0.66;0.06;1.22;0.06;1.54;0.09;0.79;0.06;1.04;0.09;1.29;0.13;0.80;0.11;0;0
GBOV_RM7_1061;Underc;Courtney Meier;cmeier@battelleecology.org;support-copernicus-gbov@acri-st.fr;NEON;518;Mixed Forest;46.233959;-89.53751;20160720T000000Z;2.0;UNDE_048;2.93;0.11;4.33;0.15;0.68;0.04;2.43;0.14;3.66;0.20;0.66;0.05;0.92;0.05;1.20;0.08;0.76;0.07;0.87;0.10;1.15;0.16;0.76;0.13;0;16
GBOV_RM7_1061;Underc;Courtney Meier;cmeier@battelleecology.org;support-copernicus-gbov@acri-st.fr;NEON;518;Mixed Forest;46.233959;-89.53751;20160802T000000Z;2.0;UNDE_048;2.87;0.11;4.28;0.14;0.671;0.035;2.62;0.18;4.01;0.24;0.65;0.06;0.86;0.05;1.05;0.06;0.82;0.07;0.68;0.06;0.76;0.07;0.89;0.12;0;0
GBOV_RM7_1061;Underc;Courtney Meier;cmeier@battelleecology.org;support-copernicus-gbov@acri-st.fr;NEON;518;Mixed Forest;46.233959;-89.53751;20160819T000000Z;2.0;UNDE_048;2.89;0.10;4.43;0.15;0.653;0.032;2.71;0.13;4.18;0.20;0.65;0.04;0.66;0.04;0.84;0.05;0.79;0.07;0.66;0.06;0.80;0.08;0.83;0.11;0;0
GBOV_RM7_1061;Underc;Courtney Meier;cmeier@battelleecology.org;support-copernicus-gbov@acri-st.fr;NEON;518;Mixed Forest;46.233959;-89.53751;20160829T000000Z;2.0;UNDE_048;2.77;0.10;4.14;0.14;0.669;0.034;2.37;0.16;3.58;0.23;0.66;0.06;0.66;0.04;0.82;0.05;0.80;0.07;0.65;0.07;0.82;0.11;0.79;0.14;0;0
GBOV_RM7_1061;Underc;Courtney Meier;cmeier@battelleecology.org;support-copernicus-gbov@acri-st.fr;NEON;518;Mixed Forest;46.233959;-89.53751;20161010T000000Z;2.0;UNDE_048;0.99;0.07;1.84;0.14;0.53;0.06;0.90;0.08;1.65;0.19;0.55;0.08;0.175;0.022;0.230;0.032;0.76;0.14;0.106;0.023;0.13;0.04;0.81;0.31;0;0
GBOV_RM7_1061;Underc;Courtney Meier;cmeier@battelleecology.org;support-copernicus-gbov@acri-st.fr;NEON;518;Mixed Forest;46.233959;-89.53751;20170510T000000Z;2.0;UNDE_048;0.74;0.05;1.36;0.11;0.55;0.06;0.92;0.08;1.66;0.18;0.56;0.08;0.080;0.010;0.090;0.013;0.89;0.16;0.092;0.015;0.099;0.018;0.93;0.23;0;0
GBOV_RM7_1061;Underc;Courtney Meier;cmeier@battelleecology.org;support-copernicus-gbov@acri-st.fr;NEON;518;Mixed Forest;46.233959;-89.53751;20170523T000000Z;2.0;UNDE_048;1.04;0.06;1.88;0.14;0.55;0.05;1.24;0.09;2.18;0.20;0.57;0.07;0.203;0.014;0.222;0.018;0.91;0.10;0.185;0.025;0.206;0.032;0.90;0.19;0;0
GBOV_RM7_1061;Underc;Courtney Meier;cmeier@battelleecology.org;support-copernicus-gbov@acri-st.fr;NEON;518;Mixed Forest;46.233959;-89.53751;20170606T000000Z;2.0;UNDE_048;2.52;0.10;3.86;0.15;0.651;0.035;2.32;0.11;3.41;0.21;0.68;0.05;0.93;0.05;1.12;0.06;0.83;0.06;0.82;0.06;0.98;0.09;0.84;0.09;0;0
GBOV_RM7_1061;Underc;Courtney Meier;cmeier@battelleecology.org;support-copernicus-gbov@acri-st.fr;NEON;518;Mixed Forest;46.233959;-89.53751;20170619T000000Z;2.0;UNDE_048;3.10;0.12;4.77;0.17;0.650;0.034;3.05;0.17;4.66;0.26;0.65;0.05;1.06;0.07;1.55;0.11;0.68;0.07;0.88;0.08;1.33;0.17;0.66;0.10;0;0
GBOV_RM7_1061;Underc;Courtney Meier;cmeier@battelleecology.org;support-copernicus-gbov@acri-st.fr;NEON;518;Mixed Forest;46.233959;-89.53751;20170705T000000Z;2.0;UNDE_048;3.31;0.13;5.17;0.18;0.640;0.033;3.22;0.21;5.01;0.30;0.64;0.06;0.94;0.06;1.28;0.09;0.73;0.07;0.68;0.07;0.90;0.12;0.75;0.13;0;0
GBOV_RM7_1061;Underc;Courtney Meier;cmeier@battelleecology.org;support-copernicus-gbov@acri-st.fr;NEON;518;Mixed Forest;46.233959;-89.53751;20170718T000000Z;2.0;UNDE_048;3.20;0.13;5.01;0.17;0.639;0.033;2.85;0.16;4.30;0.23;0.66;0.05;0.87;0.05;1.17;0.08;0.74;0.07;0.66;0.07;0.84;0.11;0.79;0.13;0;0
GBOV_RM7_1061;Underc;Courtney Meier;cmeier@battelleecology.org;support-copernicus-gbov@acri-st.fr;NEON;518;Mixed Forest;46.233959;-89.53751;20170801T000000Z;2.0;UNDE_048;3.21;0.12;4.87;0.17;0.659;0.034;2.94;0.18;4.44;0.24;0.66;0.05;0.70;0.05;0.98;0.09;0.72;0.09;0.60;0.06;0.82;0.13;0.73;0.14;0;8
GBOV_RM7_1061;Underc;Courtney Meier;cmeier@battelleecology.org;support-copernicus-gbov@acri-st.fr;NEON;518;Mixed Forest;46.233959;-89.53751;20170815T000000Z;2.0;UNDE_048;3.16;0.12;4.86;0.17;0.650;0.035;2.94;0.17;4.46;0.27;0.66;0.06;0.84;0.05;1.13;0.08;0.74;0.07;0.66;0.06;0.81;0.09;0.81;0.12;0;0
GBOV_RM7_1061;Underc;Courtney Meier;cmeier@battelleecology.org;support-copernicus-gbov@acri-st.fr;NEON;518;Mixed Forest;46.233959;-89.53751;20170913T000000Z;2.0;UNDE_048;2.96;0.12;4.61;0.16;0.643;0.034;2.59;0.16;3.86;0.24;0.67;0.06;0.57;0.04;0.75;0.07;0.76;0.09;0.56;0.06;0.72;0.11;0.78;0.15;0;0
GBOV_RM7_1061;Underc;Courtney Meier;cmeier@battelleecology.org;support-copernicus-gbov@acri-st.fr;NEON;518;Mixed Forest;46.233959;-89.53751;20170926T000000Z;2.0;UNDE_048;1.77;0.09;3.00;0.15;0.59;0.04;1.78;0.14;3.29;0.27;0.54;0.06;0.242;0.020;0.294;0.029;0.82;0.11;0.217;0.032;0.28;0.06;0.78;0.20;0;0
GBOV_RM7_1061;Underc;Courtney Meier;cmeier@battelleecology.org;support-copernicus-gbov@acri-st.fr;NEON;518;Mixed Forest;46.233959;-89.53751;20171012T000000Z;2.0;UNDE_048;1.28;0.07;2.26;0.14;0.57;0.05;1.31;0.13;2.46;0.28;0.53;0.08;0.181;0.025;0.23;0.04;0.79;0.17;0.154;0.035;0.19;0.05;0.83;0.28;0;0
GBOV_RM7_1061;Underc;Courtney Meier;cmeier@battelleecology.org;support-copernicus-gbov@acri-st.fr;NEON;518;Mixed Forest;46.233959;-89.53751;20180508T000000Z;2.0;UNDE_048;0.84;0.05;1.68;0.14;0.50;0.05;0.96;0.09;1.80;0.23;0.53;0.09;0.112;0.017;0.144;0.023;0.78;0.17;0.076;0.020;0.090;0.025;0.84;0.32;0;0
GBOV_RM7_1061;Underc;Courtney Meier;cmeier@battelleecology.org;support-copernicus-gbov@acri-st.fr;NEON;518;Mixed Forest;46.233959;-89.53751;20180524T000000Z;2.0;UNDE_048;1.91;0.08;2.91;0.12;0.66;0.04;1.77;0.10;2.71;0.19;0.65;0.06;0.390;0.023;0.437;0.029;0.89;0.08;0.34;0.04;0.38;0.04;0.91;0.15;0;0
GBOV_RM7_1061;Underc;Courtney Meier;cmeier@battelleecology.org;support-copernicus-gbov@acri-st.fr;NEON;518;Mixed Forest;46.233959;-89.53751;20180606T000000Z;2.0;UNDE_048;3.18;0.13;4.93;0.17;0.645;0.034;2.99;0.20;4.63;0.23;0.65;0.05;0.99;0.05;1.31;0.07;0.76;0.06;0.87;0.07;1.09;0.09;0.79;0.09;0;0
GBOV_RM7_1061;Underc;Courtney Meier;cmeier@battelleecology.org;support-copernicus-gbov@acri-st.fr;NEON;518;Mixed Forest;46.233959;-89.53751;20180619T000000Z;2.0;UNDE_048;2.93;0.12;4.65;0.15;0.629;0.033;2.31;0.15;3.75;0.22;0.61;0.05;1.43;0.10;2.28;0.17;0.63;0.06;1.20;0.14;1.75;0.21;0.68;0.12;0;0
GBOV_RM7_1061;Underc;Courtney Meier;cmeier@battelleecology.org;support-copernicus-gbov@acri-st.fr;NEON;518;Mixed Forest;46.233959;-89.53751;20180703T000000Z;2.0;UNDE_048;3.19;0.13;4.92;0.16;0.648;0.034;2.84;0.18;4.29;0.25;0.66;0.06;1.35;0.07;1.91;0.12;0.71;0.06;1.04;0.12;1.51;0.18;0.69;0.11;0;0
GBOV_RM7_1061;Underc;Courtney Meier;cmeier@battelleecology.org;support-copernicus-gbov@acri-st.fr;NEON;518;Mixed Forest;46.233959;-89.53751;20180718T000000Z;2.0;UNDE_048;3.13;0.13;4.81;0.15;0.651;0.034;2.58;0.17;4.01;0.22;0.64;0.06;1.88;0.10;2.84;0.16;0.66;0.05;1.44;0.14;2.07;0.22;0.70;0.10;0;0
GBOV_RM7_1061;Underc;Courtney Meier;cmeier@battelleecology.org;support-copernicus-gbov@acri-st.fr;NEON;518;Mixed Forest;46.233959;-89.53751;20180731T000000Z;2.0;UNDE_048;3.11;0.13;4.85;0.16;0.642;0.034;2.60;0.15;4.00;0.23;0.65;0.05;1.43;0.09;2.15;0.15;0.67;0.06;1.17;0.10;1.63;0.19;0.72;0.10;0;0
GBOV_RM7_1061;Underc;Courtney Meier;cmeier@battelleecology.org;support-copernicus-gbov@acri-st.fr;NEON;518;Mixed Forest;46.233959;-89.53751;20180815T000000Z;2.0;UNDE_048;3.15;0.13;4.83;0.16;0.653;0.034;2.93;0.21;4.67;0.25;0.63;0.06;1.15;0.08;1.61;0.11;0.72;0.07;0.95;0.09;1.25;0.13;0.76;0.10;0;0
GBOV_RM7_1061;Underc;Courtney Meier;cmeier@battelleecology.org;support-copernicus-gbov@acri-st.fr;NEON;518;Mixed Forest;46.233959;-89.53751;20180830T000000Z;2.0;UNDE_048;2.91;0.12;4.47;0.15;0.653;0.035;2.54;0.18;4.01;0.22;0.63;0.06;1.12;0.07;1.49;0.10;0.75;0.07;0.96;0.09;1.25;0.14;0.77;0.11;0;0
GBOV_RM7_1061;Underc;Courtney Meier;cmeier@battelleecology.org;support-copernicus-gbov@acri-st.fr;NEON;518;Mixed Forest;46.233959;-89.53751;20180911T064700Z;2.0;UNDE_048;2.94;0.12;4.56;0.15;0.645;0.034;2.64;0.15;4.20;0.24;0.63;0.05;0.430;0.035;0.56;0.05;0.77;0.09;0.39;0.06;0.49;0.08;0.81;0.18;0;0
GBOV_RM7_1061;Underc;Courtney Meier;cmeier@battelleecology.org;support-copernicus-gbov@acri-st.fr;NEON;518;Mixed Forest;46.233959;-89.53751;20180925T133900Z;2.0;UNDE_048;2.54;0.11;4.10;0.17;0.62;0.04;2.29;0.18;3.90;0.26;0.59;0.06;0.325;0.029;0.41;0.04;0.79;0.10;0.28;0.04;0.33;0.06;0.83;0.19;0;0
GBOV_RM7_1061;Underc;Courtney Meier;cmeier@battelleecology.org;support-copernicus-gbov@acri-st.fr;NEON;518;Mixed Forest;46.233959;-89.53751;20181011T100400Z;2.0;UNDE_048;1.15;0.07;2.08;0.14;0.55;0.05;1.29;0.12;2.37;0.23;0.54;0.07;0.151;0.017;0.186;0.024;0.81;0.14;0.120;0.022;0.133;0.026;0.90;0.24;0;0
GBOV_RM7_1061;Underc;Courtney Meier;cmeier@battelleecology.org;support-copernicus-gbov@acri-st.fr;NEON;518;Mixed Forest;46.233959;-89.53751;20190508T121900Z;2.0;UNDE_048;0.79;0.05;1.50;0.12;0.53;0.06;0.95;0.09;1.69;0.19;0.56;0.08;0.075;0.011;0.091;0.015;0.82;0.18;0.070;0.016;0.080;0.021;0.87;0.30;0;0
GBOV_RM7_1061;Underc;Courtney Meier;cmeier@battelleecology.org;support-copernicus-gbov@acri-st.fr;NEON;518;Mixed Forest;46.233959;-89.53751;20190522T102400Z;2.0;UNDE_048;0.83;0.05;1.51;0.11;0.55;0.05;1.03;0.08;1.78;0.18;0.58;0.07;0.139;0.016;0.168;0.022;0.83;0.14;0.121;0.025;0.135;0.031;0.89;0.28;0;0
GBOV_RM7_1061;Underc;Courtney Meier;cmeier@battelleecology.org;support-copernicus-gbov@acri-st.fr;NEON;518;Mixed Forest;46.233959;-89.53751;20190603T150000Z;2.0;UNDE_048;1.92;0.08;2.79;0.12;0.69;0.04;1.94;0.11;2.90;0.21;0.67;0.06;0.303;0.021;0.351;0.029;0.86;0.09;0.264;0.026;0.294;0.032;0.90;0.13;0;0
GBOV_RM7_1061;Underc;Courtney Meier;cmeier@battelleecology.org;support-copernicus-gbov@acri-st.fr;NEON;518;Mixed Forest;46.233959;-89.53751;20190618T203000Z;2.0;UNDE_048;3.14;0.11;4.89;0.15;0.642;0.030;2.70;0.14;4.10;0.20;0.66;0.05;1.23;0.06;1.55;0.09;0.79;0.06;0.97;0.09;1.20;0.13;0.81;0.12;0;0
GBOV_RM7_1061;Underc;Courtney Meier;cmeier@battelleecology.org;support-copernicus-gbov@acri-st.fr;NEON;518;Mixed Forest;46.233959;-89.53751;20190630T132100Z;2.0;UNDE_048;3.29;0.12;4.92;0.16;0.669;0.033;3.12;0.21;4.68;0.28;0.67;0.06;1.00;0.07;1.43;0.10;0.70;0.07;0.80;0.11;1.19;0.20;0.67;0.14;0;0
GBOV_RM7_1061;Underc;Courtney Meier;cmeier@battelleecology.org;support-copernicus-gbov@acri-st.fr;NEON;518;Mixed Forest;46.233959;-89.53751;20190717T165500Z;2.0;UNDE_048;3.21;0.13;4.93;0.16;0.651;0.034;3.00;0.17;4.60;0.26;0.65;0.05;1.02;0.07;1.45;0.11;0.70;0.07;0.76;0.09;0.97;0.12;0.79;0.14;0;0
GBOV_RM7_1061;Underc;Courtney Meier;cmeier@battelleecology.org;support-copernicus-gbov@acri-st.fr;NEON;518;Mixed Forest;46.233959;-89.53751;20190730T061600Z;2.0;UNDE_048;3.27;0.14;5.09;0.18;0.642;0.035;3.14;0.23;4.78;0.25;0.66;0.06;1.26;0.07;1.71;0.12;0.74;0.07;1.08;0.09;1.45;0.14;0.75;0.10;0;0
GBOV_RM7_1061;Underc;Courtney Meier;cmeier@battelleecology.org;support-copernicus-gbov@acri-st.fr;NEON;518;Mixed Forest;46.233959;-89.53751;20190813T115000Z;2.0;UNDE_048;3.36;0.13;5.05;0.16;0.664;0.033;3.14;0.21;4.78;0.25;0.66;0.06;0.93;0.07;1.26;0.10;0.74;0.08;0.71;0.09;0.95;0.14;0.75;0.15;0;2
GBOV_RM7_1061;Underc;Courtney Meier;cmeier@battelleecology.org;support-copernicus-gbov@acri-st.fr;NEON;518;Mixed Forest;46.233959;-89.53751;20190826T131700Z;2.0;UNDE_048;3.28;0.13;5.06;0.17;0.647;0.034;2.98;0.21;4.52;0.23;0.66;0.06;0.80;0.06;1.07;0.08;0.75;0.08;0.60;0.07;0.77;0.11;0.78;0.15;0;0
GBOV_RM7_1061;Underc;Courtney Meier;cmeier@battelleecology.org;support-copernicus-gbov@acri-st.fr;NEON;518;Mixed Forest;46.233959;-89.53751;20190909T132100Z;2.0;UNDE_048;3.28;0.13;4.97;0.16;0.659;0.034;3.01;0.23;4.61;0.23;0.65;0.06;0.56;0.04;0.76;0.07;0.73;0.08;0.51;0.06;0.70;0.11;0.73;0.15;0;0
GBOV_RM7_1061;Underc;Courtney Meier;cmeier@battelleecology.org;support-copernicus-gbov@acri-st.fr;NEON;518;Mixed Forest;46.233959;-89.53751;20190923T092600Z;2.0;UNDE_048;2.31;0.10;3.66;0.15;0.63;0.04;2.18;0.19;3.64;0.24;0.60;0.06;0.216;0.020;0.259;0.026;0.83;0.11;0.218;0.032;0.30;0.06;0.74;0.19;0;0
GBOV_RM7_1061;Underc;Courtney Meier;cmeier@battelleecology.org;support-copernicus-gbov@acri-st.fr;NEON;518;Mixed Forest;46.233959;-89.53751;20191008T182400Z;2.0;UNDE_048;1.53;0.07;2.57;0.12;0.59;0.04;1.40;0.10;2.36;0.18;0.59;0.06;0.221;0.017;0.253;0.023;0.87;0.10;0.180;0.022;0.199;0.027;0.91;0.17;0;0
