GBOV_ID;Site;GROUND_DATA_PI;GROUND_DATA_PIs_Email;GBOV_Email;Network;Elevation;IGBP_class;Lat_IS;Lon_IS;TIME_IS;Version;PLOT_ID;LAIe_Miller_up;LAIe_Miller_up_err;LAI_Miller_up;LAI_Miller_up_err;clumping_Miller_up;clumping_Miller_up_err;LAIe_Warren_up;LAIe_Warren_up_err;LAI_Warren_up;LAI_Warren_up_err;clumping_Warren_up;clumping_Warren_up_err;LAIe_Miller_down;LAIe_Miller_down_err;LAI_Miller_down;LAI_Miller_down_err;clumping_Miller_down;clumping_Miller_down_err;LAIe_Warren_down;LAIe_Warren_down_err;LAI_Warren_down;LAI_Warren_down_err;clumping_Warren_down;clumping_Warren_down_err;up_flag;down_flag
GBOV_RM7_363;NorthSterling;Courtney Meier;cmeier@battelleecology.org;support-copernicus-gbov@acri-st.fr;NEON;1364;Grasslands;40.461952;-103.02934;20140401T000000Z;2.0;STER_008;-999;-999;-999;-999;-999;-999;-999;-999;-999;-999;-999;-999;0.176;0.008;0.185;0.008;0.95;0.06;0.166;0.011;0.173;0.013;0.96;0.10;-999;0
GBOV_RM7_363;NorthSterling;Courtney Meier;cmeier@battelleecology.org;support-copernicus-gbov@acri-st.fr;NEON;1364;Grasslands;40.461952;-103.02934;20140421T000000Z;2.0;STER_008;-999;-999;-999;-999;-999;-999;-999;-999;-999;-999;-999;-999;0.390;0.017;0.415;0.018;0.94;0.06;0.354;0.025;0.375;0.029;0.95;0.10;-999;0
GBOV_RM7_363;NorthSterling;Courtney Meier;cmeier@battelleecology.org;support-copernicus-gbov@acri-st.fr;NEON;1364;Grasslands;40.461952;-103.02934;20140430T000000Z;2.0;STER_008;-999;-999;-999;-999;-999;-999;-999;-999;-999;-999;-999;-999;0.523;0.020;0.562;0.021;0.93;0.05;0.470;0.034;0.51;0.04;0.92;0.10;-999;0
GBOV_RM7_363;NorthSterling;Courtney Meier;cmeier@battelleecology.org;support-copernicus-gbov@acri-st.fr;NEON;1364;Grasslands;40.461952;-103.02934;20140513T000000Z;2.0;STER_008;-999;-999;-999;-999;-999;-999;-999;-999;-999;-999;-999;-999;0.848;0.032;0.94;0.04;0.90;0.05;0.82;0.04;0.89;0.05;0.93;0.07;-999;0
GBOV_RM7_363;NorthSterling;Courtney Meier;cmeier@battelleecology.org;support-copernicus-gbov@acri-st.fr;NEON;1364;Grasslands;40.461952;-103.02934;20140528T000000Z;2.0;STER_008;-999;-999;-999;-999;-999;-999;-999;-999;-999;-999;-999;-999;1.23;0.04;1.37;0.04;0.90;0.04;1.31;0.07;1.44;0.08;0.91;0.07;-999;0
GBOV_RM7_363;NorthSterling;Courtney Meier;cmeier@battelleecology.org;support-copernicus-gbov@acri-st.fr;NEON;1364;Grasslands;40.461952;-103.02934;20140609T000000Z;2.0;STER_008;-999;-999;-999;-999;-999;-999;-999;-999;-999;-999;-999;-999;1.52;0.04;1.69;0.04;0.905;0.035;1.63;0.07;1.73;0.07;0.94;0.05;-999;0
GBOV_RM7_363;NorthSterling;Courtney Meier;cmeier@battelleecology.org;support-copernicus-gbov@acri-st.fr;NEON;1364;Grasslands;40.461952;-103.02934;20140625T000000Z;2.0;STER_008;-999;-999;-999;-999;-999;-999;-999;-999;-999;-999;-999;-999;0.372;0.016;0.387;0.016;0.96;0.06;0.392;0.025;0.405;0.025;0.97;0.09;-999;0
GBOV_RM7_363;NorthSterling;Courtney Meier;cmeier@battelleecology.org;support-copernicus-gbov@acri-st.fr;NEON;1364;Grasslands;40.461952;-103.02934;20140709T000000Z;2.0;STER_008;-999;-999;-999;-999;-999;-999;-999;-999;-999;-999;-999;-999;0.0106;0.0011;0.0109;0.0012;0.97;0.15;0.0084;0.0006;0.0084;0.0006;1.00;0.10;-999;0
GBOV_RM7_363;NorthSterling;Courtney Meier;cmeier@battelleecology.org;support-copernicus-gbov@acri-st.fr;NEON;1364;Grasslands;40.461952;-103.02934;20140721T000000Z;2.0;STER_008;-999;-999;-999;-999;-999;-999;-999;-999;-999;-999;-999;-999;0.0609;0.0028;0.0622;0.0029;0.98;0.06;0.0524;0.0032;0.0530;0.0033;0.99;0.09;-999;0
GBOV_RM7_363;NorthSterling;Courtney Meier;cmeier@battelleecology.org;support-copernicus-gbov@acri-st.fr;NEON;1364;Grasslands;40.461952;-103.02934;20140804T000000Z;2.0;STER_008;-999;-999;-999;-999;-999;-999;-999;-999;-999;-999;-999;-999;0.204;0.010;0.221;0.012;0.92;0.07;0.161;0.012;0.170;0.014;0.95;0.11;-999;0
GBOV_RM7_363;NorthSterling;Courtney Meier;cmeier@battelleecology.org;support-copernicus-gbov@acri-st.fr;NEON;1364;Grasslands;40.461952;-103.02934;20140820T000000Z;2.0;STER_008;-999;-999;-999;-999;-999;-999;-999;-999;-999;-999;-999;-999;0.107;0.006;0.112;0.007;0.96;0.08;0.101;0.008;0.104;0.009;0.97;0.12;-999;0
GBOV_RM7_363;NorthSterling;Courtney Meier;cmeier@battelleecology.org;support-copernicus-gbov@acri-st.fr;NEON;1364;Grasslands;40.461952;-103.02934;20140903T000000Z;2.0;STER_008;-999;-999;-999;-999;-999;-999;-999;-999;-999;-999;-999;-999;0.0707;0.0031;0.0714;0.0031;0.99;0.06;0.090;0.007;0.091;0.007;0.99;0.10;-999;0
GBOV_RM7_363;NorthSterling;Courtney Meier;cmeier@battelleecology.org;support-copernicus-gbov@acri-st.fr;NEON;1364;Grasslands;40.461952;-103.02934;20140917T000000Z;2.0;STER_008;-999;-999;-999;-999;-999;-999;-999;-999;-999;-999;-999;-999;0.105;0.006;0.107;0.006;0.98;0.08;0.104;0.013;0.107;0.013;0.98;0.17;-999;0
GBOV_RM7_363;NorthSterling;Courtney Meier;cmeier@battelleecology.org;support-copernicus-gbov@acri-st.fr;NEON;1364;Grasslands;40.461952;-103.02934;20141001T000000Z;2.0;STER_008;-999;-999;-999;-999;-999;-999;-999;-999;-999;-999;-999;-999;0.100;0.005;0.101;0.005;0.99;0.07;0.087;0.007;0.088;0.007;0.99;0.11;-999;0
GBOV_RM7_363;NorthSterling;Courtney Meier;cmeier@battelleecology.org;support-copernicus-gbov@acri-st.fr;NEON;1364;Grasslands;40.461952;-103.02934;20141015T000000Z;2.0;STER_008;-999;-999;-999;-999;-999;-999;-999;-999;-999;-999;-999;-999;0.0395;0.0019;0.0398;0.0020;0.99;0.07;0.058;0.005;0.059;0.005;0.99;0.11;-999;0
GBOV_RM7_363;NorthSterling;Courtney Meier;cmeier@battelleecology.org;support-copernicus-gbov@acri-st.fr;NEON;1364;Grasslands;40.461952;-103.02934;20150318T000000Z;2.0;STER_008;-999;-999;-999;-999;-999;-999;-999;-999;-999;-999;-999;-999;0.0244;0.0012;0.0246;0.0012;1.00;0.07;0.0412;0.0029;0.0415;0.0030;0.99;0.10;-999;0
GBOV_RM7_363;NorthSterling;Courtney Meier;cmeier@battelleecology.org;support-copernicus-gbov@acri-st.fr;NEON;1364;Grasslands;40.461952;-103.02934;20150401T000000Z;2.0;STER_008;-999;-999;-999;-999;-999;-999;-999;-999;-999;-999;-999;-999;0.0174;0.0009;0.0175;0.0009;1.00;0.07;0.0298;0.0026;0.0301;0.0026;0.99;0.12;-999;0
GBOV_RM7_363;NorthSterling;Courtney Meier;cmeier@battelleecology.org;support-copernicus-gbov@acri-st.fr;NEON;1364;Grasslands;40.461952;-103.02934;20150413T000000Z;2.0;STER_008;-999;-999;-999;-999;-999;-999;-999;-999;-999;-999;-999;-999;0.0530;0.0019;0.0532;0.0020;1.00;0.05;0.072;0.004;0.073;0.004;0.99;0.08;-999;0
GBOV_RM7_363;NorthSterling;Courtney Meier;cmeier@battelleecology.org;support-copernicus-gbov@acri-st.fr;NEON;1364;Grasslands;40.461952;-103.02934;20150429T000000Z;2.0;STER_008;-999;-999;-999;-999;-999;-999;-999;-999;-999;-999;-999;-999;0.0794;0.0023;0.0800;0.0023;0.99;0.04;0.109;0.004;0.110;0.004;0.99;0.05;-999;0
GBOV_RM7_363;NorthSterling;Courtney Meier;cmeier@battelleecology.org;support-copernicus-gbov@acri-st.fr;NEON;1364;Grasslands;40.461952;-103.02934;20150514T000000Z;2.0;STER_008;-999;-999;-999;-999;-999;-999;-999;-999;-999;-999;-999;-999;0.0240;0.0012;0.0241;0.0012;1.00;0.07;0.0470;0.0031;0.0474;0.0031;0.99;0.09;-999;0
GBOV_RM7_363;NorthSterling;Courtney Meier;cmeier@battelleecology.org;support-copernicus-gbov@acri-st.fr;NEON;1364;Grasslands;40.461952;-103.02934;20150526T000000Z;2.0;STER_008;-999;-999;-999;-999;-999;-999;-999;-999;-999;-999;-999;-999;0.0392;0.0015;0.0395;0.0015;0.99;0.05;0.0686;0.0033;0.0692;0.0033;0.99;0.07;-999;0
GBOV_RM7_363;NorthSterling;Courtney Meier;cmeier@battelleecology.org;support-copernicus-gbov@acri-st.fr;NEON;1364;Grasslands;40.461952;-103.02934;20150610T000000Z;2.0;STER_008;-999;-999;-999;-999;-999;-999;-999;-999;-999;-999;-999;-999;0.0126;0.0012;0.0129;0.0013;0.98;0.13;0.0193;0.0017;0.0195;0.0018;0.99;0.13;-999;0
GBOV_RM7_363;NorthSterling;Courtney Meier;cmeier@battelleecology.org;support-copernicus-gbov@acri-st.fr;NEON;1364;Grasslands;40.461952;-103.02934;20150624T000000Z;2.0;STER_008;-999;-999;-999;-999;-999;-999;-999;-999;-999;-999;-999;-999;0.0464;0.0028;0.0482;0.0031;0.96;0.08;0.039;0.004;0.039;0.004;0.98;0.14;-999;0
GBOV_RM7_363;NorthSterling;Courtney Meier;cmeier@battelleecology.org;support-copernicus-gbov@acri-st.fr;NEON;1364;Grasslands;40.461952;-103.02934;20150709T000000Z;2.0;STER_008;-999;-999;-999;-999;-999;-999;-999;-999;-999;-999;-999;-999;0.256;0.015;0.308;0.020;0.83;0.07;0.212;0.021;0.27;0.05;0.80;0.17;-999;0
GBOV_RM7_363;NorthSterling;Courtney Meier;cmeier@battelleecology.org;support-copernicus-gbov@acri-st.fr;NEON;1364;Grasslands;40.461952;-103.02934;20150722T000000Z;2.0;STER_008;-999;-999;-999;-999;-999;-999;-999;-999;-999;-999;-999;-999;0.788;0.035;0.98;0.05;0.80;0.05;0.72;0.05;0.90;0.09;0.79;0.10;-999;0
GBOV_RM7_363;NorthSterling;Courtney Meier;cmeier@battelleecology.org;support-copernicus-gbov@acri-st.fr;NEON;1364;Grasslands;40.461952;-103.02934;20150805T000000Z;2.0;STER_008;0.80;0.05;1.37;0.10;0.58;0.05;0.95;0.08;1.75;0.17;0.55;0.07;-999;-999;-999;-999;-999;-999;-999;-999;-999;-999;-999;-999;0;-999
GBOV_RM7_363;NorthSterling;Courtney Meier;cmeier@battelleecology.org;support-copernicus-gbov@acri-st.fr;NEON;1364;Grasslands;40.461952;-103.02934;20150818T000000Z;2.0;STER_008;1.11;0.04;1.80;0.08;0.616;0.035;1.20;0.07;1.94;0.14;0.62;0.06;-999;-999;-999;-999;-999;-999;-999;-999;-999;-999;-999;-999;0;-999
GBOV_RM7_363;NorthSterling;Courtney Meier;cmeier@battelleecology.org;support-copernicus-gbov@acri-st.fr;NEON;1364;Grasslands;40.461952;-103.02934;20150902T000000Z;2.0;STER_008;0.493;0.024;0.71;0.04;0.69;0.05;0.59;0.05;1.03;0.13;0.58;0.09;-999;-999;-999;-999;-999;-999;-999;-999;-999;-999;-999;-999;0;-999
GBOV_RM7_363;NorthSterling;Courtney Meier;cmeier@battelleecology.org;support-copernicus-gbov@acri-st.fr;NEON;1364;Grasslands;40.461952;-103.02934;20150916T000000Z;2.0;STER_008;0.343;0.022;0.66;0.07;0.52;0.06;0.369;0.035;0.67;0.12;0.55;0.11;-999;-999;-999;-999;-999;-999;-999;-999;-999;-999;-999;-999;0;-999
GBOV_RM7_363;NorthSterling;Courtney Meier;cmeier@battelleecology.org;support-copernicus-gbov@acri-st.fr;NEON;1364;Grasslands;40.461952;-103.02934;20150929T000000Z;2.0;STER_008;0.411;0.021;0.72;0.05;0.57;0.05;0.60;0.04;1.19;0.13;0.51;0.07;-999;-999;-999;-999;-999;-999;-999;-999;-999;-999;-999;-999;0;-999
GBOV_RM7_363;NorthSterling;Courtney Meier;cmeier@battelleecology.org;support-copernicus-gbov@acri-st.fr;NEON;1364;Grasslands;40.461952;-103.02934;20151014T000000Z;2.0;STER_008;0.234;0.018;0.42;0.04;0.55;0.07;0.34;0.05;0.74;0.14;0.46;0.11;-999;-999;-999;-999;-999;-999;-999;-999;-999;-999;-999;-999;0;-999
GBOV_RM7_363;NorthSterling;Courtney Meier;cmeier@battelleecology.org;support-copernicus-gbov@acri-st.fr;NEON;1364;Grasslands;40.461952;-103.02934;20160414T000000Z;2.0;STER_008;-999;-999;-999;-999;-999;-999;-999;-999;-999;-999;-999;-999;0.0291;0.0019;0.0294;0.0019;0.99;0.09;0.044;0.005;0.044;0.005;0.99;0.16;-999;0
GBOV_RM7_363;NorthSterling;Courtney Meier;cmeier@battelleecology.org;support-copernicus-gbov@acri-st.fr;NEON;1364;Grasslands;40.461952;-103.02934;20160426T000000Z;2.0;STER_008;-999;-999;-999;-999;-999;-999;-999;-999;-999;-999;-999;-999;0.0280;0.0016;0.0281;0.0016;1.00;0.08;0.0372;0.0035;0.0375;0.0035;0.99;0.13;-999;0
GBOV_RM7_363;NorthSterling;Courtney Meier;cmeier@battelleecology.org;support-copernicus-gbov@acri-st.fr;NEON;1364;Grasslands;40.461952;-103.02934;20160511T000000Z;2.0;STER_008;-999;-999;-999;-999;-999;-999;-999;-999;-999;-999;-999;-999;0.0198;0.0014;0.0200;0.0014;0.99;0.10;0.036;0.004;0.036;0.004;0.99;0.15;-999;2
GBOV_RM7_363;NorthSterling;Courtney Meier;cmeier@battelleecology.org;support-copernicus-gbov@acri-st.fr;NEON;1364;Grasslands;40.461952;-103.02934;20160525T000000Z;2.0;STER_008;-999;-999;-999;-999;-999;-999;-999;-999;-999;-999;-999;-999;0.0211;0.0011;0.0212;0.0012;0.99;0.08;0.0289;0.0033;0.0292;0.0033;0.99;0.16;-999;0
GBOV_RM7_363;NorthSterling;Courtney Meier;cmeier@battelleecology.org;support-copernicus-gbov@acri-st.fr;NEON;1364;Grasslands;40.461952;-103.02934;20160622T000000Z;2.0;STER_008;-999;-999;-999;-999;-999;-999;-999;-999;-999;-999;-999;-999;0.0188;0.0019;0.0195;0.0022;0.96;0.14;0.0233;0.0035;0.024;0.004;0.98;0.21;-999;0
GBOV_RM7_363;NorthSterling;Courtney Meier;cmeier@battelleecology.org;support-copernicus-gbov@acri-st.fr;NEON;1364;Grasslands;40.461952;-103.02934;20160706T000000Z;2.0;STER_008;-999;-999;-999;-999;-999;-999;-999;-999;-999;-999;-999;-999;0.146;0.013;0.173;0.017;0.85;0.11;0.161;0.025;0.19;0.04;0.85;0.21;-999;0
GBOV_RM7_363;NorthSterling;Courtney Meier;cmeier@battelleecology.org;support-copernicus-gbov@acri-st.fr;NEON;1364;Grasslands;40.461952;-103.02934;20160720T000000Z;2.0;STER_008;-999;-999;-999;-999;-999;-999;-999;-999;-999;-999;-999;-999;0.99;0.04;1.13;0.05;0.88;0.05;0.81;0.04;0.88;0.04;0.93;0.06;-999;0
GBOV_RM7_363;NorthSterling;Courtney Meier;cmeier@battelleecology.org;support-copernicus-gbov@acri-st.fr;NEON;1364;Grasslands;40.461952;-103.02934;20160803T000000Z;2.0;STER_008;-999;-999;-999;-999;-999;-999;-999;-999;-999;-999;-999;-999;1.42;0.06;1.67;0.06;0.85;0.05;1.27;0.09;1.42;0.08;0.89;0.08;-999;0
GBOV_RM7_363;NorthSterling;Courtney Meier;cmeier@battelleecology.org;support-copernicus-gbov@acri-st.fr;NEON;1364;Grasslands;40.461952;-103.02934;20160822T000000Z;2.0;STER_008;-999;-999;-999;-999;-999;-999;-999;-999;-999;-999;-999;-999;0.117;0.010;0.128;0.012;0.91;0.12;0.157;0.022;0.174;0.025;0.91;0.18;-999;0
GBOV_RM7_363;NorthSterling;Courtney Meier;cmeier@battelleecology.org;support-copernicus-gbov@acri-st.fr;NEON;1364;Grasslands;40.461952;-103.02934;20160831T000000Z;2.0;STER_008;-999;-999;-999;-999;-999;-999;-999;-999;-999;-999;-999;-999;0.053;0.005;0.056;0.005;0.95;0.12;0.045;0.006;0.046;0.007;0.96;0.20;-999;0
GBOV_RM7_363;NorthSterling;Courtney Meier;cmeier@battelleecology.org;support-copernicus-gbov@acri-st.fr;NEON;1364;Grasslands;40.461952;-103.02934;20160914T000000Z;2.0;STER_008;-999;-999;-999;-999;-999;-999;-999;-999;-999;-999;-999;-999;0.117;0.004;0.119;0.004;0.98;0.05;0.117;0.006;0.118;0.006;0.99;0.07;-999;0
GBOV_RM7_363;NorthSterling;Courtney Meier;cmeier@battelleecology.org;support-copernicus-gbov@acri-st.fr;NEON;1364;Grasslands;40.461952;-103.02934;20160929T000000Z;2.0;STER_008;-999;-999;-999;-999;-999;-999;-999;-999;-999;-999;-999;-999;0.099;0.005;0.100;0.005;0.98;0.07;0.121;0.009;0.123;0.010;0.99;0.11;-999;0
GBOV_RM7_363;NorthSterling;Courtney Meier;cmeier@battelleecology.org;support-copernicus-gbov@acri-st.fr;NEON;1364;Grasslands;40.461952;-103.02934;20170405T000000Z;2.0;STER_008;-999;-999;-999;-999;-999;-999;-999;-999;-999;-999;-999;-999;0.0428;0.0014;0.0429;0.0014;1.00;0.05;0.0681;0.0028;0.0684;0.0028;1.00;0.06;-999;0
GBOV_RM7_363;NorthSterling;Courtney Meier;cmeier@battelleecology.org;support-copernicus-gbov@acri-st.fr;NEON;1364;Grasslands;40.461952;-103.02934;20170420T000000Z;2.0;STER_008;-999;-999;-999;-999;-999;-999;-999;-999;-999;-999;-999;-999;0.0393;0.0014;0.0394;0.0014;1.00;0.05;0.0616;0.0028;0.0619;0.0028;1.00;0.06;-999;0
GBOV_RM7_363;NorthSterling;Courtney Meier;cmeier@battelleecology.org;support-copernicus-gbov@acri-st.fr;NEON;1364;Grasslands;40.461952;-103.02934;20170504T000000Z;2.0;STER_008;-999;-999;-999;-999;-999;-999;-999;-999;-999;-999;-999;-999;0.0414;0.0018;0.0416;0.0018;1.00;0.06;0.0629;0.0035;0.063;0.004;0.99;0.08;-999;0
GBOV_RM7_363;NorthSterling;Courtney Meier;cmeier@battelleecology.org;support-copernicus-gbov@acri-st.fr;NEON;1364;Grasslands;40.461952;-103.02934;20170517T000000Z;2.0;STER_008;-999;-999;-999;-999;-999;-999;-999;-999;-999;-999;-999;-999;0.0078;0.0006;0.0078;0.0006;1.00;0.11;0.0147;0.0014;0.0148;0.0014;1.00;0.14;-999;0
GBOV_RM7_363;NorthSterling;Courtney Meier;cmeier@battelleecology.org;support-copernicus-gbov@acri-st.fr;NEON;1364;Grasslands;40.461952;-103.02934;20170601T000000Z;2.0;STER_008;-999;-999;-999;-999;-999;-999;-999;-999;-999;-999;-999;-999;0.0100;0.0008;0.0100;0.0008;1.00;0.11;0.0208;0.0025;0.0210;0.0026;0.99;0.17;-999;0
GBOV_RM7_363;NorthSterling;Courtney Meier;cmeier@battelleecology.org;support-copernicus-gbov@acri-st.fr;NEON;1364;Grasslands;40.461952;-103.02934;20170614T000000Z;2.0;STER_008;-999;-999;-999;-999;-999;-999;-999;-999;-999;-999;-999;-999;0.0493;0.0032;0.0501;0.0033;0.98;0.09;0.043;0.004;0.044;0.004;0.99;0.14;-999;0
GBOV_RM7_363;NorthSterling;Courtney Meier;cmeier@battelleecology.org;support-copernicus-gbov@acri-st.fr;NEON;1364;Grasslands;40.461952;-103.02934;20170628T000000Z;2.0;STER_008;-999;-999;-999;-999;-999;-999;-999;-999;-999;-999;-999;-999;0.103;0.005;0.107;0.005;0.97;0.06;0.110;0.008;0.114;0.009;0.96;0.11;-999;0
GBOV_RM7_363;NorthSterling;Courtney Meier;cmeier@battelleecology.org;support-copernicus-gbov@acri-st.fr;NEON;1364;Grasslands;40.461952;-103.02934;20170712T000000Z;2.0;STER_008;-999;-999;-999;-999;-999;-999;-999;-999;-999;-999;-999;-999;0.0123;0.0010;0.0124;0.0010;0.99;0.11;0.0250;0.0023;0.0252;0.0024;0.99;0.13;-999;0
GBOV_RM7_363;NorthSterling;Courtney Meier;cmeier@battelleecology.org;support-copernicus-gbov@acri-st.fr;NEON;1364;Grasslands;40.461952;-103.02934;20170725T000000Z;2.0;STER_008;-999;-999;-999;-999;-999;-999;-999;-999;-999;-999;-999;-999;0.026;0.004;0.029;0.006;0.89;0.22;0.0342;0.0022;0.0345;0.0023;0.99;0.09;-999;0
GBOV_RM7_363;NorthSterling;Courtney Meier;cmeier@battelleecology.org;support-copernicus-gbov@acri-st.fr;NEON;1364;Grasslands;40.461952;-103.02934;20170809T000000Z;2.0;STER_008;-999;-999;-999;-999;-999;-999;-999;-999;-999;-999;-999;-999;0.039;0.005;0.045;0.007;0.89;0.17;0.058;0.006;0.061;0.007;0.95;0.16;-999;0
GBOV_RM7_363;NorthSterling;Courtney Meier;cmeier@battelleecology.org;support-copernicus-gbov@acri-st.fr;NEON;1364;Grasslands;40.461952;-103.02934;20170823T000000Z;2.0;STER_008;-999;-999;-999;-999;-999;-999;-999;-999;-999;-999;-999;-999;0.0310;0.0011;0.0311;0.0011;1.00;0.05;0.0459;0.0021;0.0460;0.0022;1.00;0.07;-999;0
GBOV_RM7_363;NorthSterling;Courtney Meier;cmeier@battelleecology.org;support-copernicus-gbov@acri-st.fr;NEON;1364;Grasslands;40.461952;-103.02934;20170906T000000Z;2.0;STER_008;-999;-999;-999;-999;-999;-999;-999;-999;-999;-999;-999;-999;0.0044;0.0004;0.0045;0.0004;0.99;0.12;0.0083;0.0008;0.0084;0.0008;0.99;0.14;-999;0
GBOV_RM7_363;NorthSterling;Courtney Meier;cmeier@battelleecology.org;support-copernicus-gbov@acri-st.fr;NEON;1364;Grasslands;40.461952;-103.02934;20170920T000000Z;2.0;STER_008;-999;-999;-999;-999;-999;-999;-999;-999;-999;-999;-999;-999;0.0351;0.0013;0.0353;0.0013;1.00;0.05;0.0467;0.0035;0.047;0.004;0.99;0.11;-999;0
GBOV_RM7_363;NorthSterling;Courtney Meier;cmeier@battelleecology.org;support-copernicus-gbov@acri-st.fr;NEON;1364;Grasslands;40.461952;-103.02934;20180404T000000Z;2.0;STER_008;-999;-999;-999;-999;-999;-999;-999;-999;-999;-999;-999;-999;0.0464;0.0022;0.0469;0.0022;0.99;0.07;0.061;0.004;0.062;0.005;0.98;0.10;-999;0
GBOV_RM7_363;NorthSterling;Courtney Meier;cmeier@battelleecology.org;support-copernicus-gbov@acri-st.fr;NEON;1364;Grasslands;40.461952;-103.02934;20180419T000000Z;2.0;STER_008;-999;-999;-999;-999;-999;-999;-999;-999;-999;-999;-999;-999;0.135;0.007;0.138;0.007;0.98;0.07;0.156;0.013;0.159;0.014;0.98;0.12;-999;0
GBOV_RM7_363;NorthSterling;Courtney Meier;cmeier@battelleecology.org;support-copernicus-gbov@acri-st.fr;NEON;1364;Grasslands;40.461952;-103.02934;20180507T000000Z;2.0;STER_008;-999;-999;-999;-999;-999;-999;-999;-999;-999;-999;-999;-999;0.250;0.011;0.260;0.012;0.96;0.06;0.273;0.024;0.284;0.025;0.96;0.12;-999;0
GBOV_RM7_363;NorthSterling;Courtney Meier;cmeier@battelleecology.org;support-copernicus-gbov@acri-st.fr;NEON;1364;Grasslands;40.461952;-103.02934;20180516T000000Z;2.0;STER_008;-999;-999;-999;-999;-999;-999;-999;-999;-999;-999;-999;-999;0.635;0.022;0.676;0.024;0.94;0.05;0.691;0.032;0.729;0.034;0.95;0.06;-999;0
GBOV_RM7_363;NorthSterling;Courtney Meier;cmeier@battelleecology.org;support-copernicus-gbov@acri-st.fr;NEON;1364;Grasslands;40.461952;-103.02934;20180530T000000Z;2.0;STER_008;-999;-999;-999;-999;-999;-999;-999;-999;-999;-999;-999;-999;0.97;0.04;1.07;0.04;0.90;0.05;1.11;0.07;1.27;0.11;0.87;0.09;-999;0
GBOV_RM7_363;NorthSterling;Courtney Meier;cmeier@battelleecology.org;support-copernicus-gbov@acri-st.fr;NEON;1364;Grasslands;40.461952;-103.02934;20180613T000000Z;2.0;STER_008;-999;-999;-999;-999;-999;-999;-999;-999;-999;-999;-999;-999;0.089;0.004;0.091;0.004;0.99;0.06;0.123;0.009;0.125;0.009;0.99;0.10;-999;0
GBOV_RM7_363;NorthSterling;Courtney Meier;cmeier@battelleecology.org;support-copernicus-gbov@acri-st.fr;NEON;1364;Grasslands;40.461952;-103.02934;20180627T000000Z;2.0;STER_008;-999;-999;-999;-999;-999;-999;-999;-999;-999;-999;-999;-999;0.135;0.005;0.136;0.005;0.99;0.05;0.166;0.009;0.167;0.009;0.99;0.07;-999;0
GBOV_RM7_363;NorthSterling;Courtney Meier;cmeier@battelleecology.org;support-copernicus-gbov@acri-st.fr;NEON;1364;Grasslands;40.461952;-103.02934;20180711T000000Z;2.0;STER_008;-999;-999;-999;-999;-999;-999;-999;-999;-999;-999;-999;-999;0.1065;0.0033;0.1075;0.0033;0.99;0.04;0.135;0.006;0.136;0.006;0.99;0.07;-999;0
GBOV_RM7_363;NorthSterling;Courtney Meier;cmeier@battelleecology.org;support-copernicus-gbov@acri-st.fr;NEON;1364;Grasslands;40.461952;-103.02934;20180725T000000Z;2.0;STER_008;-999;-999;-999;-999;-999;-999;-999;-999;-999;-999;-999;-999;0.063;0.004;0.065;0.005;0.97;0.10;0.055;0.006;0.056;0.006;0.99;0.14;-999;0
GBOV_RM7_363;NorthSterling;Courtney Meier;cmeier@battelleecology.org;support-copernicus-gbov@acri-st.fr;NEON;1364;Grasslands;40.461952;-103.02934;20180808T000000Z;2.0;STER_008;-999;-999;-999;-999;-999;-999;-999;-999;-999;-999;-999;-999;0.198;0.010;0.212;0.012;0.93;0.07;0.149;0.013;0.156;0.014;0.96;0.12;-999;0
GBOV_RM7_363;NorthSterling;Courtney Meier;cmeier@battelleecology.org;support-copernicus-gbov@acri-st.fr;NEON;1364;Grasslands;40.461952;-103.02934;20180822T000000Z;2.0;STER_008;-999;-999;-999;-999;-999;-999;-999;-999;-999;-999;-999;-999;0.223;0.012;0.255;0.015;0.87;0.07;0.171;0.016;0.21;0.04;0.82;0.18;-999;0
GBOV_RM7_363;NorthSterling;Courtney Meier;cmeier@battelleecology.org;support-copernicus-gbov@acri-st.fr;NEON;1364;Grasslands;40.461952;-103.02934;20180906T000000Z;2.0;STER_008;-999;-999;-999;-999;-999;-999;-999;-999;-999;-999;-999;-999;0.117;0.007;0.125;0.008;0.93;0.08;0.095;0.010;0.099;0.011;0.96;0.15;-999;0
GBOV_RM7_363;NorthSterling;Courtney Meier;cmeier@battelleecology.org;support-copernicus-gbov@acri-st.fr;NEON;1364;Grasslands;40.461952;-103.02934;20180919T000000Z;2.0;STER_008;-999;-999;-999;-999;-999;-999;-999;-999;-999;-999;-999;-999;0.0209;0.0016;0.0215;0.0017;0.97;0.11;0.0244;0.0026;0.0249;0.0029;0.98;0.15;-999;0
GBOV_RM7_363;NorthSterling;Courtney Meier;cmeier@battelleecology.org;support-copernicus-gbov@acri-st.fr;NEON;1364;Grasslands;40.461952;-103.02934;20190402T181400Z;2.0;STER_008;-999;-999;-999;-999;-999;-999;-999;-999;-999;-999;-999;-999;0.0091;0.0006;0.0091;0.0006;1.00;0.10;0.0102;0.0013;0.0102;0.0014;1.00;0.19;-999;0
GBOV_RM7_363;NorthSterling;Courtney Meier;cmeier@battelleecology.org;support-copernicus-gbov@acri-st.fr;NEON;1364;Grasslands;40.461952;-103.02934;20190416T135000Z;2.0;STER_008;-999;-999;-999;-999;-999;-999;-999;-999;-999;-999;-999;-999;0.0114;0.0005;0.0114;0.0005;1.00;0.06;0.0216;0.0015;0.0217;0.0015;1.00;0.10;-999;0
GBOV_RM7_363;NorthSterling;Courtney Meier;cmeier@battelleecology.org;support-copernicus-gbov@acri-st.fr;NEON;1364;Grasslands;40.461952;-103.02934;20190430T162600Z;2.0;STER_008;-999;-999;-999;-999;-999;-999;-999;-999;-999;-999;-999;-999;0.0034;0.0004;0.0034;0.0004;1.00;0.18;0.0076;0.0013;0.0076;0.0013;1.00;0.25;-999;0
GBOV_RM7_363;NorthSterling;Courtney Meier;cmeier@battelleecology.org;support-copernicus-gbov@acri-st.fr;NEON;1364;Grasslands;40.461952;-103.02934;20190514T162600Z;2.0;STER_008;-999;-999;-999;-999;-999;-999;-999;-999;-999;-999;-999;-999;0.0113;0.0006;0.0114;0.0006;1.00;0.07;0.0239;0.0021;0.0240;0.0021;1.00;0.12;-999;0
GBOV_RM7_363;NorthSterling;Courtney Meier;cmeier@battelleecology.org;support-copernicus-gbov@acri-st.fr;NEON;1364;Grasslands;40.461952;-103.02934;20190530T104500Z;2.0;STER_008;-999;-999;-999;-999;-999;-999;-999;-999;-999;-999;-999;-999;0.0124;0.0006;0.0124;0.0006;0.99;0.07;0.0199;0.0013;0.0200;0.0014;0.99;0.10;-999;0
GBOV_RM7_363;NorthSterling;Courtney Meier;cmeier@battelleecology.org;support-copernicus-gbov@acri-st.fr;NEON;1364;Grasslands;40.461952;-103.02934;20190611T163500Z;2.0;STER_008;-999;-999;-999;-999;-999;-999;-999;-999;-999;-999;-999;-999;0.00235;0.00019;0.00235;0.00019;1.00;0.11;0.0042;0.0005;0.0042;0.0005;1.00;0.17;-999;0
GBOV_RM7_363;NorthSterling;Courtney Meier;cmeier@battelleecology.org;support-copernicus-gbov@acri-st.fr;NEON;1364;Grasslands;40.461952;-103.02934;20190625T165900Z;2.0;STER_008;-999;-999;-999;-999;-999;-999;-999;-999;-999;-999;-999;-999;0.0355;0.0027;0.0364;0.0028;0.98;0.10;0.0241;0.0029;0.0244;0.0030;0.99;0.17;-999;0
GBOV_RM7_363;NorthSterling;Courtney Meier;cmeier@battelleecology.org;support-copernicus-gbov@acri-st.fr;NEON;1364;Grasslands;40.461952;-103.02934;20190710T114700Z;2.0;STER_008;-999;-999;-999;-999;-999;-999;-999;-999;-999;-999;-999;-999;0.371;0.016;0.404;0.018;0.92;0.06;0.307;0.024;0.326;0.026;0.94;0.10;-999;0
GBOV_RM7_363;NorthSterling;Courtney Meier;cmeier@battelleecology.org;support-copernicus-gbov@acri-st.fr;NEON;1364;Grasslands;40.461952;-103.02934;20190724T123500Z;2.0;STER_008;-999;-999;-999;-999;-999;-999;-999;-999;-999;-999;-999;-999;0.409;0.020;0.446;0.022;0.92;0.06;0.376;0.030;0.403;0.032;0.93;0.10;-999;0
GBOV_RM7_363;NorthSterling;Courtney Meier;cmeier@battelleecology.org;support-copernicus-gbov@acri-st.fr;NEON;1364;Grasslands;40.461952;-103.02934;20190807T161500Z;2.0;STER_008;-999;-999;-999;-999;-999;-999;-999;-999;-999;-999;-999;-999;0.87;0.04;0.99;0.05;0.88;0.06;0.85;0.07;0.97;0.08;0.87;0.10;-999;0
GBOV_RM7_363;NorthSterling;Courtney Meier;cmeier@battelleecology.org;support-copernicus-gbov@acri-st.fr;NEON;1364;Grasslands;40.461952;-103.02934;20190820T141000Z;2.0;STER_008;-999;-999;-999;-999;-999;-999;-999;-999;-999;-999;-999;-999;0.294;0.013;0.312;0.015;0.94;0.06;0.298;0.019;0.312;0.023;0.95;0.09;-999;0
GBOV_RM7_363;NorthSterling;Courtney Meier;cmeier@battelleecology.org;support-copernicus-gbov@acri-st.fr;NEON;1364;Grasslands;40.461952;-103.02934;20190905T083000Z;2.0;STER_008;-999;-999;-999;-999;-999;-999;-999;-999;-999;-999;-999;-999;0.101;0.005;0.103;0.005;0.98;0.07;0.119;0.010;0.122;0.011;0.98;0.12;-999;0
GBOV_RM7_363;NorthSterling;Courtney Meier;cmeier@battelleecology.org;support-copernicus-gbov@acri-st.fr;NEON;1364;Grasslands;40.461952;-103.02934;20190917T153200Z;2.0;STER_008;-999;-999;-999;-999;-999;-999;-999;-999;-999;-999;-999;-999;0.0389;0.0019;0.0392;0.0019;0.99;0.07;0.053;0.004;0.053;0.004;0.99;0.11;-999;4
