GBOV_ID;Site;GROUND_DATA_PI;GROUND_DATA_PIs_Email;GBOV_Email;Network;Elevation;IGBP_class;Lat_IS;Lon_IS;TIME_IS;Version;PLOT_ID;LAIe_Miller_up;LAIe_Miller_up_err;LAI_Miller_up;LAI_Miller_up_err;clumping_Miller_up;clumping_Miller_up_err;LAIe_Warren_up;LAIe_Warren_up_err;LAI_Warren_up;LAI_Warren_up_err;clumping_Warren_up;clumping_Warren_up_err;LAIe_Miller_down;LAIe_Miller_down_err;LAI_Miller_down;LAI_Miller_down_err;clumping_Miller_down;clumping_Miller_down_err;LAIe_Warren_down;LAIe_Warren_down_err;LAI_Warren_down;LAI_Warren_down_err;clumping_Warren_down;clumping_Warren_down_err;up_flag;down_flag
GBOV_RM7_372;SteigerwaldtLandServices;Courtney Meier;cmeier@battelleecology.org;support-copernicus-gbov@acri-st.fr;NEON;481;Mixed Forest;45.5089416503906;-89.5863723754883;20150708T000000Z;2.0;STEI_055;2.89;0.12;4.21;0.16;0.69;0.04;2.59;0.15;3.81;0.20;0.68;0.05;2.05;0.11;2.58;0.13;0.80;0.06;1.70;0.15;2.11;0.17;0.80;0.09;0;32
GBOV_RM7_372;SteigerwaldtLandServices;Courtney Meier;cmeier@battelleecology.org;support-copernicus-gbov@acri-st.fr;NEON;481;Mixed Forest;45.5089416503906;-89.5863723754883;20150724T000000Z;2.0;STEI_055;2.46;0.09;3.50;0.14;0.70;0.04;2.06;0.11;2.89;0.18;0.71;0.06;2.14;0.09;2.50;0.10;0.86;0.05;1.52;0.12;1.74;0.14;0.87;0.10;0;0
GBOV_RM7_372;SteigerwaldtLandServices;Courtney Meier;cmeier@battelleecology.org;support-copernicus-gbov@acri-st.fr;NEON;481;Mixed Forest;45.5089416503906;-89.5863723754883;20150805T000000Z;2.0;STEI_055;2.55;0.10;3.74;0.15;0.68;0.04;2.19;0.14;3.22;0.18;0.68;0.06;1.94;0.12;2.52;0.13;0.77;0.06;1.58;0.11;1.93;0.14;0.82;0.08;0;18
GBOV_RM7_372;SteigerwaldtLandServices;Courtney Meier;cmeier@battelleecology.org;support-copernicus-gbov@acri-st.fr;NEON;481;Mixed Forest;45.5089416503906;-89.5863723754883;20150821T000000Z;2.0;STEI_055;2.59;0.11;3.89;0.18;0.67;0.04;2.21;0.16;3.33;0.18;0.66;0.06;1.69;0.07;1.92;0.08;0.88;0.05;1.27;0.09;1.47;0.12;0.86;0.10;8;16
GBOV_RM7_372;SteigerwaldtLandServices;Courtney Meier;cmeier@battelleecology.org;support-copernicus-gbov@acri-st.fr;NEON;481;Mixed Forest;45.5089416503906;-89.5863723754883;20150903T000000Z;2.0;STEI_055;2.35;0.12;3.47;0.18;0.68;0.05;2.13;0.16;3.21;0.19;0.66;0.06;1.58;0.07;1.79;0.08;0.89;0.05;1.28;0.11;1.47;0.13;0.87;0.11;0;0
GBOV_RM7_372;SteigerwaldtLandServices;Courtney Meier;cmeier@battelleecology.org;support-copernicus-gbov@acri-st.fr;NEON;481;Mixed Forest;45.5089416503906;-89.5863723754883;20150911T000000Z;2.0;STEI_055;3.09;0.12;4.42;0.16;0.70;0.04;2.44;0.15;3.54;0.19;0.69;0.06;1.93;0.09;2.37;0.11;0.82;0.05;1.51;0.12;1.84;0.15;0.82;0.09;0;0
GBOV_RM7_372;SteigerwaldtLandServices;Courtney Meier;cmeier@battelleecology.org;support-copernicus-gbov@acri-st.fr;NEON;481;Mixed Forest;45.5089416503906;-89.5863723754883;20150916T000000Z;2.0;STEI_055;1.75;0.08;2.60;0.13;0.68;0.05;1.51;0.11;2.34;0.18;0.64;0.07;0.81;0.05;0.95;0.06;0.85;0.07;0.60;0.06;0.74;0.09;0.81;0.13;0;0
GBOV_RM7_372;SteigerwaldtLandServices;Courtney Meier;cmeier@battelleecology.org;support-copernicus-gbov@acri-st.fr;NEON;481;Mixed Forest;45.5089416503906;-89.5863723754883;20151001T000000Z;2.0;STEI_055;0.595;0.034;0.77;0.06;0.77;0.08;0.53;0.04;0.68;0.07;0.78;0.10;0.554;0.034;0.62;0.04;0.90;0.08;0.45;0.05;0.51;0.06;0.88;0.14;0;0
GBOV_RM7_372;SteigerwaldtLandServices;Courtney Meier;cmeier@battelleecology.org;support-copernicus-gbov@acri-st.fr;NEON;481;Mixed Forest;45.5089416503906;-89.5863723754883;20151014T000000Z;2.0;STEI_055;0.414;0.015;0.458;0.017;0.90;0.05;0.376;0.029;0.43;0.04;0.87;0.10;0.397;0.021;0.432;0.025;0.92;0.07;0.278;0.032;0.31;0.04;0.91;0.16;0;0
GBOV_RM7_372;SteigerwaldtLandServices;Courtney Meier;cmeier@battelleecology.org;support-copernicus-gbov@acri-st.fr;NEON;481;Mixed Forest;45.5089416503906;-89.5863723754883;20151027T000000Z;2.0;STEI_055;0.332;0.013;0.368;0.015;0.90;0.05;0.428;0.026;0.51;0.04;0.84;0.09;0.162;0.009;0.171;0.010;0.95;0.08;0.135;0.012;0.144;0.016;0.94;0.13;0;0
GBOV_RM7_372;SteigerwaldtLandServices;Courtney Meier;cmeier@battelleecology.org;support-copernicus-gbov@acri-st.fr;NEON;481;Mixed Forest;45.5089416503906;-89.5863723754883;20160504T000000Z;2.0;STEI_055;0.411;0.015;0.456;0.018;0.90;0.05;0.366;0.021;0.421;0.031;0.87;0.08;0.498;0.024;0.547;0.027;0.91;0.06;0.48;0.04;0.52;0.04;0.92;0.11;0;0
GBOV_RM7_372;SteigerwaldtLandServices;Courtney Meier;cmeier@battelleecology.org;support-copernicus-gbov@acri-st.fr;NEON;481;Mixed Forest;45.5089416503906;-89.5863723754883;20160518T000000Z;2.0;STEI_055;0.643;0.033;0.78;0.04;0.83;0.06;0.58;0.04;0.74;0.07;0.79;0.10;0.53;0.04;0.61;0.04;0.87;0.09;0.48;0.05;0.54;0.05;0.89;0.13;0;8
GBOV_RM7_372;SteigerwaldtLandServices;Courtney Meier;cmeier@battelleecology.org;support-copernicus-gbov@acri-st.fr;NEON;481;Mixed Forest;45.5089416503906;-89.5863723754883;20160531T000000Z;2.0;STEI_055;2.55;0.10;3.65;0.14;0.70;0.04;2.49;0.14;3.50;0.17;0.71;0.05;1.87;0.10;2.43;0.12;0.77;0.06;1.53;0.14;1.98;0.18;0.77;0.10;0;0
GBOV_RM7_372;SteigerwaldtLandServices;Courtney Meier;cmeier@battelleecology.org;support-copernicus-gbov@acri-st.fr;NEON;481;Mixed Forest;45.5089416503906;-89.5863723754883;20160616T000000Z;2.0;STEI_055;3.05;0.12;4.33;0.17;0.70;0.04;2.69;0.18;3.77;0.21;0.71;0.06;2.57;0.13;3.34;0.14;0.77;0.05;1.90;0.18;2.42;0.19;0.78;0.10;0;0
GBOV_RM7_372;SteigerwaldtLandServices;Courtney Meier;cmeier@battelleecology.org;support-copernicus-gbov@acri-st.fr;NEON;481;Mixed Forest;45.5089416503906;-89.5863723754883;20160627T000000Z;2.0;STEI_055;3.07;0.12;4.35;0.16;0.71;0.04;2.68;0.17;3.88;0.21;0.69;0.06;2.57;0.16;3.72;0.17;0.69;0.05;2.02;0.20;2.99;0.25;0.68;0.09;0;0
GBOV_RM7_372;SteigerwaldtLandServices;Courtney Meier;cmeier@battelleecology.org;support-copernicus-gbov@acri-st.fr;NEON;481;Mixed Forest;45.5089416503906;-89.5863723754883;20160712T000000Z;2.0;STEI_055;2.79;0.10;4.01;0.15;0.69;0.04;2.19;0.13;3.26;0.20;0.67;0.06;2.49;0.09;2.84;0.10;0.88;0.05;1.90;0.10;2.13;0.11;0.89;0.07;0;0
GBOV_RM7_372;SteigerwaldtLandServices;Courtney Meier;cmeier@battelleecology.org;support-copernicus-gbov@acri-st.fr;NEON;481;Mixed Forest;45.5089416503906;-89.5863723754883;20160726T000000Z;2.0;STEI_055;2.78;0.10;4.13;0.16;0.67;0.04;2.18;0.14;3.29;0.21;0.66;0.06;2.79;0.13;3.73;0.15;0.75;0.05;2.12;0.20;2.78;0.24;0.76;0.10;0;0
GBOV_RM7_372;SteigerwaldtLandServices;Courtney Meier;cmeier@battelleecology.org;support-copernicus-gbov@acri-st.fr;NEON;481;Mixed Forest;45.5089416503906;-89.5863723754883;20160811T152900Z;2.0;STEI_055;3.02;0.12;4.27;0.16;0.71;0.04;2.66;0.16;3.73;0.19;0.71;0.06;1.98;0.09;2.43;0.10;0.82;0.05;1.58;0.12;1.97;0.15;0.80;0.09;0;0
GBOV_RM7_372;SteigerwaldtLandServices;Courtney Meier;cmeier@battelleecology.org;support-copernicus-gbov@acri-st.fr;NEON;481;Mixed Forest;45.5089416503906;-89.5863723754883;20160822T194200Z;2.0;STEI_055;2.98;0.11;4.16;0.15;0.72;0.04;2.33;0.14;3.30;0.17;0.71;0.05;1.76;0.06;1.91;0.07;0.92;0.04;1.38;0.07;1.47;0.07;0.94;0.06;0;0
GBOV_RM7_372;SteigerwaldtLandServices;Courtney Meier;cmeier@battelleecology.org;support-copernicus-gbov@acri-st.fr;NEON;481;Mixed Forest;45.5089416503906;-89.5863723754883;20160906T000000Z;2.0;STEI_055;2.78;0.12;3.96;0.16;0.70;0.04;2.49;0.15;3.51;0.19;0.71;0.06;1.31;0.06;1.50;0.06;0.87;0.05;1.09;0.09;1.31;0.12;0.84;0.10;0;0
GBOV_RM7_372;SteigerwaldtLandServices;Courtney Meier;cmeier@battelleecology.org;support-copernicus-gbov@acri-st.fr;NEON;481;Mixed Forest;45.5089416503906;-89.5863723754883;20160919T000000Z;2.0;STEI_055;2.49;0.10;3.62;0.15;0.69;0.04;1.88;0.12;2.80;0.18;0.67;0.06;1.34;0.05;1.45;0.05;0.92;0.05;1.03;0.06;1.12;0.07;0.91;0.08;0;0
GBOV_RM7_372;SteigerwaldtLandServices;Courtney Meier;cmeier@battelleecology.org;support-copernicus-gbov@acri-st.fr;NEON;481;Mixed Forest;45.5089416503906;-89.5863723754883;20161003T000000Z;2.0;STEI_055;1.39;0.06;1.92;0.10;0.72;0.05;1.12;0.06;1.58;0.11;0.71;0.06;0.373;0.021;0.412;0.025;0.90;0.08;0.268;0.022;0.31;0.04;0.86;0.14;0;16
GBOV_RM7_372;SteigerwaldtLandServices;Courtney Meier;cmeier@battelleecology.org;support-copernicus-gbov@acri-st.fr;NEON;481;Mixed Forest;45.5089416503906;-89.5863723754883;20161019T000000Z;2.0;STEI_055;0.544;0.018;0.628;0.024;0.87;0.04;0.501;0.026;0.62;0.06;0.81;0.09;0.184;0.012;0.198;0.015;0.93;0.09;0.144;0.011;0.151;0.013;0.95;0.11;0;0
GBOV_RM7_372;SteigerwaldtLandServices;Courtney Meier;cmeier@battelleecology.org;support-copernicus-gbov@acri-st.fr;NEON;481;Mixed Forest;45.5089416503906;-89.5863723754883;20170504T000000Z;2.0;STEI_055;0.428;0.014;0.471;0.017;0.91;0.04;0.391;0.020;0.447;0.028;0.87;0.07;0.169;0.009;0.180;0.012;0.94;0.08;0.173;0.013;0.178;0.014;0.97;0.10;0;16
GBOV_RM7_372;SteigerwaldtLandServices;Courtney Meier;cmeier@battelleecology.org;support-copernicus-gbov@acri-st.fr;NEON;481;Mixed Forest;45.5089416503906;-89.5863723754883;20170517T000000Z;2.0;STEI_055;0.685;0.029;0.811;0.035;0.84;0.05;0.83;0.04;1.04;0.07;0.80;0.07;0.64;0.04;0.75;0.05;0.85;0.08;0.58;0.06;0.68;0.07;0.85;0.12;0;0
GBOV_RM7_372;SteigerwaldtLandServices;Courtney Meier;cmeier@battelleecology.org;support-copernicus-gbov@acri-st.fr;NEON;481;Mixed Forest;45.5089416503906;-89.5863723754883;20170601T000000Z;2.0;STEI_055;1.92;0.10;2.88;0.18;0.67;0.05;1.67;0.10;2.44;0.16;0.68;0.06;1.83;0.11;2.60;0.16;0.70;0.06;1.56;0.15;2.17;0.21;0.72;0.10;0;16
GBOV_RM7_372;SteigerwaldtLandServices;Courtney Meier;cmeier@battelleecology.org;support-copernicus-gbov@acri-st.fr;NEON;481;Mixed Forest;45.5089416503906;-89.5863723754883;20170615T000000Z;2.0;STEI_055;3.05;0.12;4.53;0.18;0.67;0.04;2.51;0.15;3.74;0.19;0.67;0.05;2.94;0.15;4.23;0.21;0.70;0.05;2.36;0.21;3.30;0.27;0.72;0.09;0;0
GBOV_RM7_372;SteigerwaldtLandServices;Courtney Meier;cmeier@battelleecology.org;support-copernicus-gbov@acri-st.fr;NEON;481;Mixed Forest;45.5089416503906;-89.5863723754883;20170628T000000Z;2.0;STEI_055;3.10;0.12;4.29;0.17;0.72;0.04;2.74;0.14;3.68;0.19;0.75;0.05;-999;-999;-999;-999;-999;-999;-999;-999;-999;-999;-999;-999;0;-999
GBOV_RM7_372;SteigerwaldtLandServices;Courtney Meier;cmeier@battelleecology.org;support-copernicus-gbov@acri-st.fr;NEON;481;Mixed Forest;45.5089416503906;-89.5863723754883;20170713T000000Z;2.0;STEI_055;3.17;0.13;4.49;0.20;0.71;0.04;2.81;0.16;4.05;0.25;0.69;0.06;2.44;0.16;3.44;0.18;0.71;0.06;1.83;0.20;2.60;0.22;0.70;0.10;0;0
GBOV_RM7_372;SteigerwaldtLandServices;Courtney Meier;cmeier@battelleecology.org;support-copernicus-gbov@acri-st.fr;NEON;481;Mixed Forest;45.5089416503906;-89.5863723754883;20170725T000000Z;2.0;STEI_055;3.28;0.13;4.76;0.19;0.69;0.04;2.82;0.19;4.15;0.21;0.68;0.06;1.87;0.10;2.49;0.13;0.75;0.06;1.48;0.14;1.95;0.16;0.76;0.09;0;16
GBOV_RM7_372;SteigerwaldtLandServices;Courtney Meier;cmeier@battelleecology.org;support-copernicus-gbov@acri-st.fr;NEON;481;Mixed Forest;45.5089416503906;-89.5863723754883;20170809T000000Z;2.0;STEI_055;3.19;0.12;4.49;0.17;0.71;0.04;2.54;0.16;3.59;0.19;0.71;0.06;2.08;0.10;2.52;0.11;0.83;0.05;1.59;0.13;1.87;0.14;0.85;0.09;0;0
GBOV_RM7_372;SteigerwaldtLandServices;Courtney Meier;cmeier@battelleecology.org;support-copernicus-gbov@acri-st.fr;NEON;481;Mixed Forest;45.5089416503906;-89.5863723754883;20170918T000000Z;2.0;STEI_055;2.18;0.08;3.21;0.14;0.68;0.04;2.02;0.14;3.03;0.19;0.67;0.06;0.508;0.029;0.564;0.032;0.90;0.07;0.41;0.04;0.47;0.05;0.89;0.14;32;0
GBOV_RM7_372;SteigerwaldtLandServices;Courtney Meier;cmeier@battelleecology.org;support-copernicus-gbov@acri-st.fr;NEON;481;Mixed Forest;45.5089416503906;-89.5863723754883;20171003T000000Z;2.0;STEI_055;1.51;0.06;2.13;0.09;0.71;0.04;1.37;0.10;2.10;0.16;0.65;0.07;0.304;0.017;0.341;0.023;0.89;0.08;0.251;0.025;0.285;0.034;0.88;0.14;0;0
GBOV_RM7_372;SteigerwaldtLandServices;Courtney Meier;cmeier@battelleecology.org;support-copernicus-gbov@acri-st.fr;NEON;481;Mixed Forest;45.5089416503906;-89.5863723754883;20171019T000000Z;2.0;STEI_055;0.493;0.015;0.548;0.017;0.90;0.04;0.458;0.022;0.53;0.04;0.86;0.07;0.161;0.010;0.178;0.013;0.90;0.09;0.115;0.020;0.132;0.032;0.87;0.26;0;0
GBOV_RM7_372;SteigerwaldtLandServices;Courtney Meier;cmeier@battelleecology.org;support-copernicus-gbov@acri-st.fr;NEON;481;Mixed Forest;45.5089416503906;-89.5863723754883;20180502T000000Z;2.0;STEI_055;0.466;0.015;0.525;0.019;0.89;0.04;0.589;0.032;0.74;0.06;0.80;0.08;0.046;0.006;0.052;0.008;0.89;0.17;0.049;0.011;0.057;0.015;0.86;0.31;0;0
GBOV_RM7_372;SteigerwaldtLandServices;Courtney Meier;cmeier@battelleecology.org;support-copernicus-gbov@acri-st.fr;NEON;481;Mixed Forest;45.5089416503906;-89.5863723754883;20180516T000000Z;2.0;STEI_055;0.581;0.028;0.675;0.034;0.86;0.06;0.54;0.04;0.67;0.06;0.81;0.09;0.261;0.016;0.286;0.020;0.91;0.08;0.251;0.026;0.274;0.034;0.92;0.15;0;8
GBOV_RM7_372;SteigerwaldtLandServices;Courtney Meier;cmeier@battelleecology.org;support-copernicus-gbov@acri-st.fr;NEON;481;Mixed Forest;45.5089416503906;-89.5863723754883;20180530T000000Z;2.0;STEI_055;3.45;0.13;5.10;0.18;0.676;0.035;2.88;0.17;4.32;0.23;0.67;0.05;1.39;0.08;1.82;0.13;0.77;0.07;1.14;0.10;1.42;0.12;0.80;0.10;0;0
GBOV_RM7_372;SteigerwaldtLandServices;Courtney Meier;cmeier@battelleecology.org;support-copernicus-gbov@acri-st.fr;NEON;481;Mixed Forest;45.5089416503906;-89.5863723754883;20180612T000000Z;2.0;STEI_055;3.53;0.14;5.13;0.17;0.689;0.035;3.20;0.19;4.70;0.19;0.68;0.05;1.66;0.09;2.11;0.10;0.79;0.06;1.40;0.11;1.86;0.15;0.75;0.08;0;0
GBOV_RM7_372;SteigerwaldtLandServices;Courtney Meier;cmeier@battelleecology.org;support-copernicus-gbov@acri-st.fr;NEON;481;Mixed Forest;45.5089416503906;-89.5863723754883;20180627T000000Z;2.0;STEI_055;3.59;0.13;5.09;0.17;0.706;0.034;2.99;0.17;4.47;0.23;0.67;0.05;2.13;0.12;2.80;0.14;0.76;0.06;1.69;0.14;2.19;0.17;0.77;0.09;0;0
GBOV_RM7_372;SteigerwaldtLandServices;Courtney Meier;cmeier@battelleecology.org;support-copernicus-gbov@acri-st.fr;NEON;481;Mixed Forest;45.5089416503906;-89.5863723754883;20180711T000000Z;2.0;STEI_055;3.67;0.14;5.19;0.18;0.71;0.04;2.80;0.14;4.03;0.16;0.70;0.04;2.61;0.15;3.39;0.15;0.77;0.06;2.01;0.14;2.53;0.17;0.80;0.08;0;0
GBOV_RM7_372;SteigerwaldtLandServices;Courtney Meier;cmeier@battelleecology.org;support-copernicus-gbov@acri-st.fr;NEON;481;Mixed Forest;45.5089416503906;-89.5863723754883;20180727T000000Z;2.0;STEI_055;3.37;0.12;4.69;0.17;0.72;0.04;3.07;0.18;4.33;0.17;0.71;0.05;2.10;0.09;2.45;0.10;0.86;0.05;1.68;0.11;1.99;0.14;0.85;0.08;0;0
GBOV_RM7_372;SteigerwaldtLandServices;Courtney Meier;cmeier@battelleecology.org;support-copernicus-gbov@acri-st.fr;NEON;481;Mixed Forest;45.5089416503906;-89.5863723754883;20180808T000000Z;2.0;STEI_055;3.42;0.12;4.86;0.16;0.703;0.035;3.03;0.16;4.38;0.15;0.69;0.04;1.45;0.07;1.76;0.09;0.82;0.06;1.14;0.12;1.40;0.14;0.82;0.12;0;0
GBOV_RM7_372;SteigerwaldtLandServices;Courtney Meier;cmeier@battelleecology.org;support-copernicus-gbov@acri-st.fr;NEON;481;Mixed Forest;45.5089416503906;-89.5863723754883;20180822T000000Z;2.0;STEI_055;3.60;0.13;5.03;0.17;0.72;0.04;2.92;0.18;4.35;0.19;0.67;0.05;2.09;0.11;2.56;0.12;0.82;0.06;1.62;0.13;1.94;0.16;0.83;0.10;0;0
GBOV_RM7_372;SteigerwaldtLandServices;Courtney Meier;cmeier@battelleecology.org;support-copernicus-gbov@acri-st.fr;NEON;481;Mixed Forest;45.5089416503906;-89.5863723754883;20180905T000000Z;2.0;STEI_055;2.97;0.11;4.10;0.16;0.72;0.04;2.85;0.17;4.09;0.22;0.70;0.06;1.18;0.05;1.33;0.06;0.88;0.06;0.99;0.08;1.15;0.09;0.86;0.09;0;0
GBOV_RM7_372;SteigerwaldtLandServices;Courtney Meier;cmeier@battelleecology.org;support-copernicus-gbov@acri-st.fr;NEON;481;Mixed Forest;45.5089416503906;-89.5863723754883;20180917T164400Z;2.0;STEI_055;2.63;0.10;3.97;0.16;0.66;0.04;2.34;0.10;3.49;0.16;0.67;0.04;0.620;0.032;0.68;0.04;0.91;0.07;0.51;0.04;0.57;0.05;0.91;0.11;0;8
GBOV_RM7_372;SteigerwaldtLandServices;Courtney Meier;cmeier@battelleecology.org;support-copernicus-gbov@acri-st.fr;NEON;481;Mixed Forest;45.5089416503906;-89.5863723754883;20181004T072800Z;2.0;STEI_055;1.58;0.06;2.26;0.10;0.70;0.04;1.56;0.08;2.32;0.12;0.67;0.05;0.253;0.016;0.274;0.019;0.92;0.09;0.226;0.025;0.248;0.030;0.91;0.15;0;0
GBOV_RM7_372;SteigerwaldtLandServices;Courtney Meier;cmeier@battelleecology.org;support-copernicus-gbov@acri-st.fr;NEON;481;Mixed Forest;45.5089416503906;-89.5863723754883;20181017T214400Z;2.0;STEI_055;0.418;0.016;0.478;0.022;0.87;0.05;0.447;0.034;0.58;0.07;0.77;0.11;0.064;0.005;0.067;0.005;0.96;0.10;0.051;0.008;0.054;0.010;0.94;0.23;0;0
GBOV_RM7_372;SteigerwaldtLandServices;Courtney Meier;cmeier@battelleecology.org;support-copernicus-gbov@acri-st.fr;NEON;481;Mixed Forest;45.5089416503906;-89.5863723754883;20190429T161600Z;2.0;STEI_055;0.434;0.015;0.488;0.019;0.89;0.05;0.616;0.033;0.78;0.07;0.79;0.08;0.040;0.008;0.052;0.012;0.77;0.25;0.044;0.016;0.054;0.021;0.8;0.4;0;0
GBOV_RM7_372;SteigerwaldtLandServices;Courtney Meier;cmeier@battelleecology.org;support-copernicus-gbov@acri-st.fr;NEON;481;Mixed Forest;45.5089416503906;-89.5863723754883;20190516T100300Z;2.0;STEI_055;0.550;0.019;0.638;0.024;0.86;0.04;0.70;0.04;0.88;0.06;0.79;0.07;0.086;0.012;0.105;0.018;0.82;0.18;0.072;0.017;0.083;0.022;0.88;0.31;0;0
GBOV_RM7_372;SteigerwaldtLandServices;Courtney Meier;cmeier@battelleecology.org;support-copernicus-gbov@acri-st.fr;NEON;481;Mixed Forest;45.5089416503906;-89.5863723754883;20190529T155900Z;2.0;STEI_055;1.50;0.06;1.92;0.08;0.78;0.05;1.60;0.07;2.17;0.12;0.74;0.05;0.423;0.025;0.489;0.034;0.86;0.08;0.38;0.05;0.45;0.07;0.84;0.17;0;0
GBOV_RM7_372;SteigerwaldtLandServices;Courtney Meier;cmeier@battelleecology.org;support-copernicus-gbov@acri-st.fr;NEON;481;Mixed Forest;45.5089416503906;-89.5863723754883;20190612T135800Z;2.0;STEI_055;2.95;0.12;4.17;0.17;0.71;0.04;2.78;0.14;3.94;0.17;0.71;0.05;1.23;0.07;1.52;0.09;0.81;0.07;0.99;0.10;1.23;0.13;0.80;0.12;0;0
GBOV_RM7_372;SteigerwaldtLandServices;Courtney Meier;cmeier@battelleecology.org;support-copernicus-gbov@acri-st.fr;NEON;481;Mixed Forest;45.5089416503906;-89.5863723754883;20190624T175500Z;2.0;STEI_055;3.01;0.12;4.32;0.17;0.70;0.04;2.78;0.13;4.00;0.22;0.69;0.05;1.49;0.08;1.87;0.10;0.80;0.06;1.21;0.12;1.59;0.16;0.76;0.11;0;0
GBOV_RM7_372;SteigerwaldtLandServices;Courtney Meier;cmeier@battelleecology.org;support-copernicus-gbov@acri-st.fr;NEON;481;Mixed Forest;45.5089416503906;-89.5863723754883;20190708T171500Z;2.0;STEI_055;3.05;0.12;4.27;0.15;0.71;0.04;2.65;0.16;3.71;0.19;0.71;0.06;1.58;0.08;2.09;0.12;0.76;0.06;1.34;0.11;1.72;0.13;0.78;0.09;0;0
GBOV_RM7_372;SteigerwaldtLandServices;Courtney Meier;cmeier@battelleecology.org;support-copernicus-gbov@acri-st.fr;NEON;481;Mixed Forest;45.5089416503906;-89.5863723754883;20190726T073700Z;2.0;STEI_055;3.15;0.13;4.48;0.16;0.70;0.04;2.85;0.19;4.24;0.17;0.67;0.05;1.47;0.09;1.91;0.11;0.77;0.07;1.28;0.12;1.71;0.18;0.75;0.11;0;0
GBOV_RM7_372;SteigerwaldtLandServices;Courtney Meier;cmeier@battelleecology.org;support-copernicus-gbov@acri-st.fr;NEON;481;Mixed Forest;45.5089416503906;-89.5863723754883;20190805T122500Z;2.0;STEI_055;3.11;0.12;4.40;0.17;0.71;0.04;2.71;0.16;4.00;0.18;0.68;0.05;1.23;0.08;1.52;0.09;0.81;0.07;1.03;0.10;1.29;0.13;0.80;0.11;0;0
GBOV_RM7_372;SteigerwaldtLandServices;Courtney Meier;cmeier@battelleecology.org;support-copernicus-gbov@acri-st.fr;NEON;481;Mixed Forest;45.5089416503906;-89.5863723754883;20190820T130000Z;2.0;STEI_055;3.12;0.12;4.37;0.17;0.71;0.04;2.82;0.13;3.97;0.17;0.71;0.05;1.00;0.07;1.25;0.09;0.80;0.08;0.83;0.10;1.12;0.16;0.74;0.14;0;0
GBOV_RM7_372;SteigerwaldtLandServices;Courtney Meier;cmeier@battelleecology.org;support-copernicus-gbov@acri-st.fr;NEON;481;Mixed Forest;45.5089416503906;-89.5863723754883;20190905T122800Z;2.0;STEI_055;2.98;0.12;4.13;0.16;0.72;0.04;2.76;0.15;3.94;0.20;0.70;0.05;0.96;0.06;1.16;0.08;0.83;0.07;0.79;0.08;0.94;0.12;0.84;0.14;0;0
GBOV_RM7_372;SteigerwaldtLandServices;Courtney Meier;cmeier@battelleecology.org;support-copernicus-gbov@acri-st.fr;NEON;481;Mixed Forest;45.5089416503906;-89.5863723754883;20190918T095900Z;2.0;STEI_055;2.77;0.12;3.92;0.17;0.71;0.04;2.52;0.13;3.54;0.19;0.71;0.05;0.76;0.04;0.87;0.05;0.87;0.07;0.58;0.06;0.66;0.07;0.88;0.13;0;0
GBOV_RM7_372;SteigerwaldtLandServices;Courtney Meier;cmeier@battelleecology.org;support-copernicus-gbov@acri-st.fr;NEON;481;Mixed Forest;45.5089416503906;-89.5863723754883;20190930T141500Z;2.0;STEI_055;1.76;0.06;2.31;0.09;0.76;0.04;1.78;0.09;2.46;0.13;0.72;0.05;0.58;0.04;0.65;0.04;0.90;0.08;0.46;0.06;0.51;0.07;0.89;0.16;0;0
GBOV_RM7_372;SteigerwaldtLandServices;Courtney Meier;cmeier@battelleecology.org;support-copernicus-gbov@acri-st.fr;NEON;481;Mixed Forest;45.5089416503906;-89.5863723754883;20191016T121700Z;2.0;STEI_055;0.664;0.022;0.775;0.028;0.86;0.04;0.82;0.04;1.01;0.06;0.82;0.06;0.158;0.012;0.173;0.014;0.91;0.10;0.124;0.018;0.139;0.024;0.90;0.20;0;0
