GBOV_ID;Site;GROUND_DATA_PI;GROUND_DATA_PIs_Email;GBOV_Email;Network;Elevation;IGBP_class;Lat_IS;Lon_IS;TIME_IS;Version;PLOT_ID;LAIe_Miller_up;LAIe_Miller_up_err;LAI_Miller_up;LAI_Miller_up_err;clumping_Miller_up;clumping_Miller_up_err;LAIe_Warren_up;LAIe_Warren_up_err;LAI_Warren_up;LAI_Warren_up_err;clumping_Warren_up;clumping_Warren_up_err;LAIe_Miller_down;LAIe_Miller_down_err;LAI_Miller_down;LAI_Miller_down_err;clumping_Miller_down;clumping_Miller_down_err;LAIe_Warren_down;LAIe_Warren_down_err;LAI_Warren_down;LAI_Warren_down_err;clumping_Warren_down;clumping_Warren_down_err;up_flag;down_flag
GBOV_RM7_211;SmithsonianEnvironmentalResearchCenter;Courtney Meier;cmeier@battelleecology.org;support-copernicus-gbov@acri-st.fr;NEON;15;Croplands;38.89016;-76.5601;20150419T000000Z;2.0;SERC_054;0.769;0.021;0.892;0.027;0.86;0.04;0.93;0.04;1.16;0.07;0.80;0.06;0.0073;0.0011;0.0075;0.0012;0.97;0.22;0.0042;0.0017;0.0042;0.0017;1.0;0.6;0;32
GBOV_RM7_211;SmithsonianEnvironmentalResearchCenter;Courtney Meier;cmeier@battelleecology.org;support-copernicus-gbov@acri-st.fr;NEON;15;Croplands;38.89016;-76.5601;20150504T000000Z;2.0;SERC_054;3.09;0.10;4.23;0.12;0.729;0.030;2.33;0.12;3.20;0.13;0.73;0.05;0.158;0.013;0.171;0.015;0.93;0.11;0.168;0.024;0.180;0.028;0.93;0.20;0;0
GBOV_RM7_211;SmithsonianEnvironmentalResearchCenter;Courtney Meier;cmeier@battelleecology.org;support-copernicus-gbov@acri-st.fr;NEON;15;Croplands;38.89016;-76.5601;20150518T000000Z;2.0;SERC_054;4.13;0.11;5.53;0.14;0.747;0.028;3.09;0.16;4.31;0.16;0.72;0.05;0.46;0.04;0.61;0.08;0.76;0.13;0.42;0.07;0.52;0.11;0.81;0.21;0;16
GBOV_RM7_211;SmithsonianEnvironmentalResearchCenter;Courtney Meier;cmeier@battelleecology.org;support-copernicus-gbov@acri-st.fr;NEON;15;Croplands;38.89016;-76.5601;20150602T000000Z;2.0;SERC_054;4.50;0.12;5.79;0.14;0.777;0.028;3.62;0.16;4.74;0.16;0.76;0.04;0.320;0.023;0.355;0.027;0.90;0.09;0.244;0.032;0.26;0.04;0.93;0.18;0;0
GBOV_RM7_211;SmithsonianEnvironmentalResearchCenter;Courtney Meier;cmeier@battelleecology.org;support-copernicus-gbov@acri-st.fr;NEON;15;Croplands;38.89016;-76.5601;20150615T000000Z;2.0;SERC_054;4.57;0.12;5.86;0.14;0.779;0.027;3.53;0.15;4.76;0.15;0.74;0.04;0.171;0.012;0.189;0.015;0.91;0.10;0.187;0.026;0.22;0.04;0.87;0.19;8;0
GBOV_RM7_211;SmithsonianEnvironmentalResearchCenter;Courtney Meier;cmeier@battelleecology.org;support-copernicus-gbov@acri-st.fr;NEON;15;Croplands;38.89016;-76.5601;20150629T000000Z;2.0;SERC_054;1.76;0.07;2.11;0.19;0.83;0.08;1.16;0.10;1.43;0.31;0.81;0.19;0.729;0.019;0.739;0.020;0.99;0.04;0.535;0.021;0.544;0.023;0.98;0.06;8;32
GBOV_RM7_211;SmithsonianEnvironmentalResearchCenter;Courtney Meier;cmeier@battelleecology.org;support-copernicus-gbov@acri-st.fr;NEON;15;Croplands;38.89016;-76.5601;20150713T000000Z;2.0;SERC_054;4.42;0.11;5.75;0.14;0.769;0.027;3.55;0.16;4.85;0.15;0.73;0.04;0.196;0.018;0.221;0.022;0.89;0.12;0.212;0.033;0.23;0.04;0.90;0.21;0;0
GBOV_RM7_211;SmithsonianEnvironmentalResearchCenter;Courtney Meier;cmeier@battelleecology.org;support-copernicus-gbov@acri-st.fr;NEON;15;Croplands;38.89016;-76.5601;20150727T000000Z;2.0;SERC_054;4.34;0.29;6.18;0.22;0.70;0.05;3.1;0.5;4.57;0.33;0.67;0.12;0.349;0.015;0.370;0.017;0.94;0.06;0.355;0.023;0.380;0.029;0.93;0.09;0;16
GBOV_RM7_211;SmithsonianEnvironmentalResearchCenter;Courtney Meier;cmeier@battelleecology.org;support-copernicus-gbov@acri-st.fr;NEON;15;Croplands;38.89016;-76.5601;20150811T000000Z;2.0;SERC_054;5.11;0.14;6.83;0.16;0.748;0.027;4.09;0.21;5.69;0.16;0.72;0.04;0.387;0.023;0.414;0.028;0.93;0.08;0.34;0.04;0.37;0.05;0.91;0.16;0;0
GBOV_RM7_211;SmithsonianEnvironmentalResearchCenter;Courtney Meier;cmeier@battelleecology.org;support-copernicus-gbov@acri-st.fr;NEON;15;Croplands;38.89016;-76.5601;20150824T000000Z;2.0;SERC_054;1.48;0.04;1.51;0.04;0.975;0.035;1.00;0.05;1.04;0.05;0.96;0.07;0.553;0.025;0.592;0.029;0.93;0.06;0.50;0.04;0.53;0.05;0.94;0.11;8;16
GBOV_RM7_211;SmithsonianEnvironmentalResearchCenter;Courtney Meier;cmeier@battelleecology.org;support-copernicus-gbov@acri-st.fr;NEON;15;Croplands;38.89016;-76.5601;20150908T000000Z;2.0;SERC_054;5.08;0.13;6.46;0.16;0.786;0.028;3.68;0.14;4.68;0.15;0.79;0.04;0.737;0.018;0.749;0.019;0.985;0.035;0.562;0.020;0.574;0.022;0.98;0.05;0;8
GBOV_RM7_211;SmithsonianEnvironmentalResearchCenter;Courtney Meier;cmeier@battelleecology.org;support-copernicus-gbov@acri-st.fr;NEON;15;Croplands;38.89016;-76.5601;20150921T000000Z;2.0;SERC_054;4.25;0.25;5.83;0.21;0.73;0.05;3.3;0.5;4.67;0.33;0.70;0.12;0.512;0.016;0.521;0.017;0.98;0.04;0.408;0.021;0.416;0.022;0.98;0.07;8;0
GBOV_RM7_211;SmithsonianEnvironmentalResearchCenter;Courtney Meier;cmeier@battelleecology.org;support-copernicus-gbov@acri-st.fr;NEON;15;Croplands;38.89016;-76.5601;20151007T000000Z;2.0;SERC_054;4.69;0.12;6.02;0.15;0.779;0.028;3.40;0.14;4.47;0.16;0.76;0.04;0.667;0.020;0.683;0.022;0.98;0.04;0.497;0.025;0.505;0.026;0.98;0.07;0;0
GBOV_RM7_211;SmithsonianEnvironmentalResearchCenter;Courtney Meier;cmeier@battelleecology.org;support-copernicus-gbov@acri-st.fr;NEON;15;Croplands;38.89016;-76.5601;20151021T000000Z;2.0;SERC_054;1.57;0.06;1.88;0.16;0.84;0.08;1.03;0.09;1.23;0.22;0.84;0.17;0.239;0.012;0.250;0.014;0.96;0.07;0.211;0.021;0.222;0.026;0.95;0.15;8;0
GBOV_RM7_211;SmithsonianEnvironmentalResearchCenter;Courtney Meier;cmeier@battelleecology.org;support-copernicus-gbov@acri-st.fr;NEON;15;Croplands;38.89016;-76.5601;20151104T000000Z;2.0;SERC_054;2.01;0.08;2.42;0.11;0.83;0.05;1.50;0.13;1.81;0.20;0.82;0.11;0.0158;0.0023;0.0167;0.0026;0.95;0.20;0.0146;0.0033;0.0149;0.0034;0.98;0.32;8;0
GBOV_RM7_211;SmithsonianEnvironmentalResearchCenter;Courtney Meier;cmeier@battelleecology.org;support-copernicus-gbov@acri-st.fr;NEON;15;Croplands;38.89016;-76.5601;20160414T000000Z;2.0;SERC_054;0.735;0.023;0.889;0.030;0.83;0.04;0.73;0.04;0.97;0.07;0.76;0.07;0.0246;0.0024;0.0258;0.0029;0.95;0.14;0.0276;0.0029;0.0281;0.0030;0.98;0.15;0;0
GBOV_RM7_211;SmithsonianEnvironmentalResearchCenter;Courtney Meier;cmeier@battelleecology.org;support-copernicus-gbov@acri-st.fr;NEON;15;Croplands;38.89016;-76.5601;20160428T000000Z;2.0;SERC_054;2.73;0.08;3.48;0.09;0.784;0.031;2.61;0.12;3.41;0.14;0.77;0.05;0.167;0.012;0.180;0.014;0.93;0.10;0.160;0.022;0.169;0.025;0.95;0.19;0;0
GBOV_RM7_211;SmithsonianEnvironmentalResearchCenter;Courtney Meier;cmeier@battelleecology.org;support-copernicus-gbov@acri-st.fr;NEON;15;Croplands;38.89016;-76.5601;20160512T000000Z;2.0;SERC_054;4.18;0.12;5.49;0.15;0.761;0.029;3.44;0.16;4.50;0.18;0.76;0.05;0.280;0.015;0.302;0.018;0.93;0.07;0.288;0.025;0.306;0.029;0.94;0.12;0;0
GBOV_RM7_211;SmithsonianEnvironmentalResearchCenter;Courtney Meier;cmeier@battelleecology.org;support-copernicus-gbov@acri-st.fr;NEON;15;Croplands;38.89016;-76.5601;20160525T000000Z;2.0;SERC_054;4.09;0.11;5.41;0.14;0.756;0.029;3.08;0.13;4.18;0.17;0.74;0.04;0.614;0.024;0.649;0.026;0.95;0.05;0.497;0.031;0.518;0.034;0.96;0.09;0;16
GBOV_RM7_211;SmithsonianEnvironmentalResearchCenter;Courtney Meier;cmeier@battelleecology.org;support-copernicus-gbov@acri-st.fr;NEON;15;Croplands;38.89016;-76.5601;20160608T000000Z;2.0;SERC_054;4.51;0.22;6.19;0.21;0.73;0.04;3.2;0.4;4.66;0.31;0.69;0.09;0.87;0.04;0.93;0.04;0.93;0.06;0.60;0.05;0.64;0.05;0.93;0.11;8;16
GBOV_RM7_211;SmithsonianEnvironmentalResearchCenter;Courtney Meier;cmeier@battelleecology.org;support-copernicus-gbov@acri-st.fr;NEON;15;Croplands;38.89016;-76.5601;20160622T000000Z;2.0;SERC_054;4.72;0.13;6.18;0.16;0.763;0.029;3.61;0.14;4.85;0.17;0.74;0.04;0.595;0.021;0.654;0.031;0.91;0.05;0.447;0.029;0.467;0.032;0.96;0.09;0;0
GBOV_RM7_211;SmithsonianEnvironmentalResearchCenter;Courtney Meier;cmeier@battelleecology.org;support-copernicus-gbov@acri-st.fr;NEON;15;Croplands;38.89016;-76.5601;20160708T060900Z;2.0;SERC_054;4.06;0.23;5.78;0.25;0.70;0.05;2.9;0.4;4.4;0.4;0.65;0.11;0.726;0.025;0.750;0.027;0.97;0.05;0.56;0.04;0.58;0.04;0.97;0.09;64;0
GBOV_RM7_211;SmithsonianEnvironmentalResearchCenter;Courtney Meier;cmeier@battelleecology.org;support-copernicus-gbov@acri-st.fr;NEON;15;Croplands;38.89016;-76.5601;20160721T205200Z;2.0;SERC_054;4.85;0.13;6.24;0.15;0.777;0.028;3.57;0.14;4.67;0.17;0.76;0.04;0.357;0.022;0.388;0.027;0.92;0.08;0.300;0.031;0.32;0.04;0.94;0.14;0;0
GBOV_RM7_211;SmithsonianEnvironmentalResearchCenter;Courtney Meier;cmeier@battelleecology.org;support-copernicus-gbov@acri-st.fr;NEON;15;Croplands;38.89016;-76.5601;20160819T000000Z;2.0;SERC_054;4.69;0.12;6.05;0.15;0.775;0.028;3.57;0.14;4.72;0.18;0.76;0.04;0.611;0.029;0.663;0.033;0.92;0.06;0.51;0.04;0.56;0.05;0.92;0.10;0;16
GBOV_RM7_211;SmithsonianEnvironmentalResearchCenter;Courtney Meier;cmeier@battelleecology.org;support-copernicus-gbov@acri-st.fr;NEON;15;Croplands;38.89016;-76.5601;20160901T194100Z;2.0;SERC_054;4.52;0.13;5.85;0.14;0.773;0.029;3.29;0.18;4.47;0.17;0.74;0.05;0.425;0.021;0.461;0.026;0.92;0.07;0.360;0.033;0.43;0.08;0.83;0.18;0;0
GBOV_RM7_211;SmithsonianEnvironmentalResearchCenter;Courtney Meier;cmeier@battelleecology.org;support-copernicus-gbov@acri-st.fr;NEON;15;Croplands;38.89016;-76.5601;20160915T170800Z;2.0;SERC_054;4.57;0.13;6.00;0.16;0.761;0.029;3.61;0.15;4.77;0.19;0.76;0.04;0.120;0.009;0.128;0.010;0.94;0.10;0.122;0.015;0.127;0.017;0.96;0.17;0;0
GBOV_RM7_211;SmithsonianEnvironmentalResearchCenter;Courtney Meier;cmeier@battelleecology.org;support-copernicus-gbov@acri-st.fr;NEON;15;Croplands;38.89016;-76.5601;20161007T000000Z;2.0;SERC_054;4.10;0.13;5.38;0.14;0.762;0.031;3.05;0.21;4.25;0.20;0.72;0.06;0.260;0.013;0.268;0.013;0.97;0.07;0.230;0.017;0.234;0.017;0.98;0.10;0;8
GBOV_RM7_211;SmithsonianEnvironmentalResearchCenter;Courtney Meier;cmeier@battelleecology.org;support-copernicus-gbov@acri-st.fr;NEON;15;Croplands;38.89016;-76.5601;20161012T000000Z;2.0;SERC_054;4.21;0.12;5.47;0.14;0.768;0.029;2.88;0.13;3.93;0.15;0.73;0.04;0.400;0.012;0.408;0.013;0.98;0.04;0.326;0.015;0.331;0.015;0.99;0.06;0;16
GBOV_RM7_211;SmithsonianEnvironmentalResearchCenter;Courtney Meier;cmeier@battelleecology.org;support-copernicus-gbov@acri-st.fr;NEON;15;Croplands;38.89016;-76.5601;20161027T000000Z;2.0;SERC_054;3.40;0.11;4.58;0.12;0.741;0.031;2.71;0.15;3.63;0.15;0.75;0.05;0.095;0.009;0.125;0.026;0.76;0.18;0.111;0.024;0.20;0.09;0.56;0.28;0;0
GBOV_RM7_211;SmithsonianEnvironmentalResearchCenter;Courtney Meier;cmeier@battelleecology.org;support-copernicus-gbov@acri-st.fr;NEON;15;Croplands;38.89016;-76.5601;20170322T000000Z;2.0;SERC_054;0.623;0.018;0.730;0.027;0.85;0.04;0.581;0.026;0.74;0.06;0.79;0.08;0.0276;0.0019;0.0280;0.0020;0.99;0.10;0.054;0.004;0.055;0.005;0.98;0.11;0;16
GBOV_RM7_211;SmithsonianEnvironmentalResearchCenter;Courtney Meier;cmeier@battelleecology.org;support-copernicus-gbov@acri-st.fr;NEON;15;Croplands;38.89016;-76.5601;20170406T000000Z;2.0;SERC_054;0.616;0.018;0.714;0.025;0.86;0.04;0.650;0.030;0.80;0.06;0.81;0.07;0.0312;0.0027;0.0320;0.0030;0.97;0.12;0.045;0.005;0.045;0.005;0.98;0.16;0;0
GBOV_RM7_211;SmithsonianEnvironmentalResearchCenter;Courtney Meier;cmeier@battelleecology.org;support-copernicus-gbov@acri-st.fr;NEON;15;Croplands;38.89016;-76.5601;20170419T000000Z;2.0;SERC_054;1.67;0.05;1.96;0.06;0.852;0.034;1.59;0.06;1.96;0.09;0.82;0.05;0.043;0.005;0.046;0.006;0.94;0.16;0.068;0.017;0.079;0.028;0.9;0.4;0;0
GBOV_RM7_211;SmithsonianEnvironmentalResearchCenter;Courtney Meier;cmeier@battelleecology.org;support-copernicus-gbov@acri-st.fr;NEON;15;Croplands;38.89016;-76.5601;20170504T202400Z;2.0;SERC_054;4.24;0.12;5.56;0.14;0.762;0.029;3.28;0.16;4.37;0.18;0.75;0.05;0.403;0.020;0.430;0.022;0.94;0.07;0.373;0.034;0.41;0.04;0.91;0.13;0;0
GBOV_RM7_211;SmithsonianEnvironmentalResearchCenter;Courtney Meier;cmeier@battelleecology.org;support-copernicus-gbov@acri-st.fr;NEON;15;Croplands;38.89016;-76.5601;20170524T180200Z;2.0;SERC_054;4.58;0.13;6.12;0.15;0.749;0.028;3.27;0.15;4.57;0.17;0.71;0.04;0.261;0.016;0.288;0.021;0.91;0.09;0.267;0.026;0.30;0.04;0.90;0.14;0;0
GBOV_RM7_211;SmithsonianEnvironmentalResearchCenter;Courtney Meier;cmeier@battelleecology.org;support-copernicus-gbov@acri-st.fr;NEON;15;Croplands;38.89016;-76.5601;20170603T135700Z;2.0;SERC_054;4.86;0.14;6.37;0.15;0.763;0.029;3.41;0.18;4.58;0.16;0.74;0.05;0.166;0.014;0.184;0.016;0.90;0.11;0.175;0.024;0.192;0.029;0.91;0.19;0;0
GBOV_RM7_211;SmithsonianEnvironmentalResearchCenter;Courtney Meier;cmeier@battelleecology.org;support-copernicus-gbov@acri-st.fr;NEON;15;Croplands;38.89016;-76.5601;20170616T034800Z;2.0;SERC_054;4.94;0.14;6.49;0.16;0.761;0.028;3.39;0.17;4.71;0.19;0.72;0.05;0.277;0.019;0.307;0.024;0.90;0.09;0.311;0.031;0.38;0.07;0.81;0.16;0;0
GBOV_RM7_211;SmithsonianEnvironmentalResearchCenter;Courtney Meier;cmeier@battelleecology.org;support-copernicus-gbov@acri-st.fr;NEON;15;Croplands;38.89016;-76.5601;20170628T202200Z;2.0;SERC_054;5.02;0.14;6.51;0.16;0.771;0.029;3.48;0.17;4.66;0.18;0.75;0.05;0.176;0.016;0.212;0.026;0.83;0.13;0.171;0.015;0.22;0.04;0.79;0.17;0;0
GBOV_RM7_211;SmithsonianEnvironmentalResearchCenter;Courtney Meier;cmeier@battelleecology.org;support-copernicus-gbov@acri-st.fr;NEON;15;Croplands;38.89016;-76.5601;20170711T000000Z;2.0;SERC_054;4.84;0.14;6.31;0.16;0.767;0.029;3.62;0.15;4.75;0.17;0.76;0.04;0.468;0.019;0.483;0.020;0.97;0.06;0.396;0.026;0.408;0.028;0.97;0.09;0;0
GBOV_RM7_211;SmithsonianEnvironmentalResearchCenter;Courtney Meier;cmeier@battelleecology.org;support-copernicus-gbov@acri-st.fr;NEON;15;Croplands;38.89016;-76.5601;20170731T000000Z;2.0;SERC_054;4.76;0.13;6.19;0.15;0.768;0.028;3.64;0.18;4.86;0.17;0.75;0.05;0.352;0.018;0.390;0.022;0.90;0.07;0.307;0.021;0.325;0.024;0.95;0.10;0;0
GBOV_RM7_211;SmithsonianEnvironmentalResearchCenter;Courtney Meier;cmeier@battelleecology.org;support-copernicus-gbov@acri-st.fr;NEON;15;Croplands;38.89016;-76.5601;20170809T000000Z;2.0;SERC_054;4.67;0.14;6.14;0.15;0.760;0.030;3.35;0.17;4.57;0.18;0.73;0.05;0.553;0.018;0.570;0.019;0.97;0.05;0.465;0.027;0.50;0.04;0.94;0.09;0;0
GBOV_RM7_211;SmithsonianEnvironmentalResearchCenter;Courtney Meier;cmeier@battelleecology.org;support-copernicus-gbov@acri-st.fr;NEON;15;Croplands;38.89016;-76.5601;20170829T000000Z;2.0;SERC_054;4.61;0.12;6.00;0.15;0.769;0.028;3.47;0.18;4.55;0.19;0.76;0.05;0.211;0.013;0.226;0.015;0.93;0.09;0.193;0.022;0.25;0.07;0.77;0.22;0;0
GBOV_RM7_211;SmithsonianEnvironmentalResearchCenter;Courtney Meier;cmeier@battelleecology.org;support-copernicus-gbov@acri-st.fr;NEON;15;Croplands;38.89016;-76.5601;20170906T000000Z;2.0;SERC_054;4.54;0.13;6.02;0.16;0.754;0.030;3.36;0.14;4.68;0.19;0.72;0.04;0.136;0.012;0.150;0.014;0.90;0.11;0.149;0.027;0.18;0.04;0.81;0.23;0;0
GBOV_RM7_211;SmithsonianEnvironmentalResearchCenter;Courtney Meier;cmeier@battelleecology.org;support-copernicus-gbov@acri-st.fr;NEON;15;Croplands;38.89016;-76.5601;20170921T000000Z;2.0;SERC_054;4.51;0.13;5.93;0.15;0.760;0.029;3.22;0.13;4.34;0.16;0.74;0.04;0.255;0.012;0.267;0.013;0.95;0.07;0.235;0.018;0.246;0.021;0.95;0.11;0;16
GBOV_RM7_211;SmithsonianEnvironmentalResearchCenter;Courtney Meier;cmeier@battelleecology.org;support-copernicus-gbov@acri-st.fr;NEON;15;Croplands;38.89016;-76.5601;20171003T000000Z;2.0;SERC_054;4.38;0.13;5.78;0.14;0.758;0.029;3.04;0.16;4.16;0.15;0.73;0.05;0.290;0.011;0.300;0.013;0.97;0.06;0.263;0.017;0.30;0.04;0.89;0.14;0;0
GBOV_RM7_211;SmithsonianEnvironmentalResearchCenter;Courtney Meier;cmeier@battelleecology.org;support-copernicus-gbov@acri-st.fr;NEON;15;Croplands;38.89016;-76.5601;20171018T000000Z;2.0;SERC_054;3.93;0.12;5.32;0.14;0.738;0.030;2.90;0.13;3.95;0.15;0.73;0.04;0.165;0.008;0.172;0.010;0.96;0.07;0.164;0.014;0.170;0.017;0.96;0.12;0;16
GBOV_RM7_211;SmithsonianEnvironmentalResearchCenter;Courtney Meier;cmeier@battelleecology.org;support-copernicus-gbov@acri-st.fr;NEON;15;Croplands;38.89016;-76.5601;20180323T000000Z;2.0;SERC_054;0.558;0.019;0.650;0.025;0.86;0.04;0.523;0.026;0.63;0.06;0.83;0.09;0.0064;0.0008;0.0065;0.0008;0.99;0.18;0.0132;0.0023;0.0133;0.0024;0.99;0.25;0;0
GBOV_RM7_211;SmithsonianEnvironmentalResearchCenter;Courtney Meier;cmeier@battelleecology.org;support-copernicus-gbov@acri-st.fr;NEON;15;Croplands;38.89016;-76.5601;20180403T000000Z;2.0;SERC_054;0.560;0.017;0.700;0.033;0.80;0.05;0.669;0.030;0.86;0.08;0.78;0.08;0.0046;0.0011;0.0048;0.0012;0.97;0.32;0.0051;0.0011;0.0051;0.0011;0.99;0.30;0;0
GBOV_RM7_211;SmithsonianEnvironmentalResearchCenter;Courtney Meier;cmeier@battelleecology.org;support-copernicus-gbov@acri-st.fr;NEON;15;Croplands;38.89016;-76.5601;20180503T000000Z;2.0;SERC_054;3.19;0.10;4.32;0.11;0.740;0.030;2.40;0.13;3.29;0.15;0.73;0.05;0.122;0.009;0.134;0.011;0.91;0.10;0.147;0.017;0.159;0.021;0.92;0.16;1;0
GBOV_RM7_211;SmithsonianEnvironmentalResearchCenter;Courtney Meier;cmeier@battelleecology.org;support-copernicus-gbov@acri-st.fr;NEON;15;Croplands;38.89016;-76.5601;20180521T000000Z;2.0;SERC_054;4.53;0.13;5.98;0.14;0.758;0.028;3.17;0.16;4.37;0.15;0.73;0.04;0.544;0.021;0.582;0.027;0.93;0.06;0.477;0.031;0.53;0.06;0.90;0.11;0;0
GBOV_RM7_211;SmithsonianEnvironmentalResearchCenter;Courtney Meier;cmeier@battelleecology.org;support-copernicus-gbov@acri-st.fr;NEON;15;Croplands;38.89016;-76.5601;20180613T000000Z;2.0;SERC_054;4.89;0.14;6.44;0.17;0.759;0.029;3.52;0.17;4.71;0.20;0.75;0.05;0.361;0.015;0.380;0.017;0.95;0.06;0.312;0.018;0.326;0.021;0.96;0.08;0;0
GBOV_RM7_211;SmithsonianEnvironmentalResearchCenter;Courtney Meier;cmeier@battelleecology.org;support-copernicus-gbov@acri-st.fr;NEON;15;Croplands;38.89016;-76.5601;20180627T000000Z;2.0;SERC_054;4.83;0.12;6.23;0.15;0.774;0.027;3.60;0.13;4.68;0.16;0.77;0.04;0.169;0.015;0.200;0.020;0.84;0.11;0.199;0.030;0.25;0.06;0.79;0.22;0;0
GBOV_RM7_211;SmithsonianEnvironmentalResearchCenter;Courtney Meier;cmeier@battelleecology.org;support-copernicus-gbov@acri-st.fr;NEON;15;Croplands;38.89016;-76.5601;20180712T000000Z;2.0;SERC_054;4.80;0.13;6.28;0.16;0.763;0.029;3.50;0.16;4.68;0.18;0.75;0.04;0.301;0.015;0.322;0.018;0.94;0.07;0.262;0.024;0.279;0.027;0.94;0.12;0;0
GBOV_RM7_211;SmithsonianEnvironmentalResearchCenter;Courtney Meier;cmeier@battelleecology.org;support-copernicus-gbov@acri-st.fr;NEON;15;Croplands;38.89016;-76.5601;20180726T000000Z;2.0;SERC_054;4.64;0.14;6.05;0.16;0.766;0.030;3.54;0.13;4.64;0.17;0.76;0.04;0.339;0.013;0.352;0.015;0.96;0.06;0.278;0.017;0.287;0.020;0.97;0.09;0;0
GBOV_RM7_211;SmithsonianEnvironmentalResearchCenter;Courtney Meier;cmeier@battelleecology.org;support-copernicus-gbov@acri-st.fr;NEON;15;Croplands;38.89016;-76.5601;20180806T000000Z;2.0;SERC_054;-999;-999;-999;-999;-999;-999;-999;-999;-999;-999;-999;-999;0.265;0.021;0.32;0.04;0.83;0.12;0.238;0.022;0.268;0.031;0.89;0.13;-999;0
GBOV_RM7_211;SmithsonianEnvironmentalResearchCenter;Courtney Meier;cmeier@battelleecology.org;support-copernicus-gbov@acri-st.fr;NEON;15;Croplands;38.89016;-76.5601;20180823T000000Z;2.0;SERC_054;4.57;0.13;5.97;0.15;0.765;0.029;3.34;0.13;4.47;0.16;0.75;0.04;0.414;0.014;0.430;0.017;0.96;0.05;0.357;0.022;0.39;0.04;0.91;0.11;0;0
GBOV_RM7_211;SmithsonianEnvironmentalResearchCenter;Courtney Meier;cmeier@battelleecology.org;support-copernicus-gbov@acri-st.fr;NEON;15;Croplands;38.89016;-76.5601;20180906T000000Z;2.0;SERC_054;4.47;0.13;5.84;0.16;0.766;0.030;3.28;0.15;4.35;0.17;0.75;0.05;0.640;0.018;0.650;0.018;0.99;0.04;0.493;0.018;0.500;0.018;0.99;0.05;0;0
GBOV_RM7_211;SmithsonianEnvironmentalResearchCenter;Courtney Meier;cmeier@battelleecology.org;support-copernicus-gbov@acri-st.fr;NEON;15;Croplands;38.89016;-76.5601;20180920T000000Z;2.0;SERC_054;4.33;0.12;5.62;0.14;0.772;0.029;3.14;0.16;4.16;0.16;0.76;0.05;0.126;0.010;0.141;0.016;0.89;0.13;0.134;0.019;0.18;0.05;0.74;0.25;0;0
GBOV_RM7_211;SmithsonianEnvironmentalResearchCenter;Courtney Meier;cmeier@battelleecology.org;support-copernicus-gbov@acri-st.fr;NEON;15;Croplands;38.89016;-76.5601;20181004T000000Z;2.0;SERC_054;3.85;0.11;5.03;0.14;0.766;0.030;3.05;0.15;4.09;0.19;0.75;0.05;0.119;0.008;0.127;0.010;0.94;0.09;0.122;0.013;0.131;0.017;0.93;0.15;0;0
GBOV_RM7_211;SmithsonianEnvironmentalResearchCenter;Courtney Meier;cmeier@battelleecology.org;support-copernicus-gbov@acri-st.fr;NEON;15;Croplands;38.89016;-76.5601;20181018T000000Z;2.0;SERC_054;3.26;0.10;4.37;0.12;0.747;0.031;2.35;0.12;3.30;0.14;0.71;0.05;0.127;0.006;0.132;0.007;0.96;0.07;0.139;0.016;0.151;0.025;0.91;0.18;0;0
GBOV_RM7_211;SmithsonianEnvironmentalResearchCenter;Courtney Meier;cmeier@battelleecology.org;support-copernicus-gbov@acri-st.fr;NEON;15;Croplands;38.89016;-76.5601;20190404T173500Z;2.0;SERC_054;0.490;0.016;0.588;0.023;0.83;0.04;0.679;0.033;0.87;0.07;0.78;0.07;0.0082;0.0013;0.0085;0.0015;0.96;0.23;0.014;0.004;0.015;0.005;0.9;0.4;0;0
GBOV_RM7_211;SmithsonianEnvironmentalResearchCenter;Courtney Meier;cmeier@battelleecology.org;support-copernicus-gbov@acri-st.fr;NEON;15;Croplands;38.89016;-76.5601;20190416T064100Z;2.0;SERC_054;0.800;0.024;0.944;0.032;0.85;0.04;0.72;0.04;0.88;0.07;0.82;0.08;0.0187;0.0019;0.0194;0.0021;0.97;0.14;0.0148;0.0026;0.0150;0.0027;0.98;0.25;0;0
GBOV_RM7_211;SmithsonianEnvironmentalResearchCenter;Courtney Meier;cmeier@battelleecology.org;support-copernicus-gbov@acri-st.fr;NEON;15;Croplands;38.89016;-76.5601;20190430T173300Z;2.0;SERC_054;3.56;0.11;4.86;0.13;0.733;0.030;2.76;0.12;3.77;0.16;0.73;0.04;0.285;0.017;0.322;0.024;0.88;0.08;0.277;0.029;0.31;0.04;0.89;0.15;0;0
GBOV_RM7_211;SmithsonianEnvironmentalResearchCenter;Courtney Meier;cmeier@battelleecology.org;support-copernicus-gbov@acri-st.fr;NEON;15;Croplands;38.89016;-76.5601;20190611T201100Z;2.0;SERC_054;4.45;0.12;5.92;0.15;0.752;0.028;3.31;0.13;4.53;0.17;0.73;0.04;0.276;0.018;0.300;0.021;0.92;0.09;0.251;0.024;0.274;0.030;0.92;0.13;0;0
GBOV_RM7_211;SmithsonianEnvironmentalResearchCenter;Courtney Meier;cmeier@battelleecology.org;support-copernicus-gbov@acri-st.fr;NEON;15;Croplands;38.89016;-76.5601;20190624T174700Z;2.0;SERC_054;4.43;0.13;5.78;0.15;0.767;0.029;3.38;0.18;4.57;0.17;0.74;0.05;0.171;0.019;0.213;0.028;0.80;0.14;0.145;0.025;0.20;0.06;0.73;0.25;0;0
GBOV_RM7_211;SmithsonianEnvironmentalResearchCenter;Courtney Meier;cmeier@battelleecology.org;support-copernicus-gbov@acri-st.fr;NEON;15;Croplands;38.89016;-76.5601;20190709T031200Z;2.0;SERC_054;4.55;0.12;5.96;0.14;0.764;0.027;3.32;0.14;4.45;0.17;0.75;0.04;0.491;0.025;0.546;0.031;0.90;0.07;0.361;0.029;0.40;0.04;0.90;0.11;0;0
GBOV_RM7_211;SmithsonianEnvironmentalResearchCenter;Courtney Meier;cmeier@battelleecology.org;support-copernicus-gbov@acri-st.fr;NEON;15;Croplands;38.89016;-76.5601;20190724T025600Z;2.0;SERC_054;4.36;0.12;5.75;0.14;0.759;0.027;3.37;0.15;4.63;0.19;0.73;0.04;0.429;0.025;0.478;0.029;0.90;0.08;0.349;0.033;0.39;0.04;0.89;0.13;0;0
GBOV_RM7_211;SmithsonianEnvironmentalResearchCenter;Courtney Meier;cmeier@battelleecology.org;support-copernicus-gbov@acri-st.fr;NEON;15;Croplands;38.89016;-76.5601;20190806T185400Z;2.0;SERC_054;4.37;0.12;5.70;0.14;0.767;0.029;3.18;0.12;4.21;0.15;0.76;0.04;0.207;0.013;0.231;0.018;0.90;0.09;0.198;0.017;0.208;0.019;0.95;0.12;0;0
GBOV_RM7_211;SmithsonianEnvironmentalResearchCenter;Courtney Meier;cmeier@battelleecology.org;support-copernicus-gbov@acri-st.fr;NEON;15;Croplands;38.89016;-76.5601;20190820T163700Z;2.0;SERC_054;4.37;0.12;5.71;0.15;0.766;0.029;3.56;0.13;4.57;0.16;0.78;0.04;0.333;0.021;0.368;0.025;0.91;0.09;0.319;0.028;0.338;0.031;0.94;0.12;0;8
GBOV_RM7_211;SmithsonianEnvironmentalResearchCenter;Courtney Meier;cmeier@battelleecology.org;support-copernicus-gbov@acri-st.fr;NEON;15;Croplands;38.89016;-76.5601;20190903T185100Z;2.0;SERC_054;4.58;0.12;5.97;0.15;0.767;0.028;3.24;0.12;4.42;0.17;0.73;0.04;0.231;0.016;0.254;0.018;0.91;0.09;0.223;0.024;0.245;0.030;0.91;0.15;0;8
GBOV_RM7_211;SmithsonianEnvironmentalResearchCenter;Courtney Meier;cmeier@battelleecology.org;support-copernicus-gbov@acri-st.fr;NEON;15;Croplands;38.89016;-76.5601;20190917T163400Z;2.0;SERC_054;4.17;0.12;5.75;0.15;0.726;0.029;3.03;0.17;4.54;0.17;0.67;0.04;0.130;0.010;0.143;0.011;0.91;0.10;0.136;0.011;0.147;0.015;0.92;0.12;64;0
GBOV_RM7_211;SmithsonianEnvironmentalResearchCenter;Courtney Meier;cmeier@battelleecology.org;support-copernicus-gbov@acri-st.fr;NEON;15;Croplands;38.89016;-76.5601;20191001T174100Z;2.0;SERC_054;4.40;0.12;5.71;0.15;0.771;0.029;3.21;0.15;4.32;0.17;0.74;0.05;0.117;0.011;0.132;0.014;0.89;0.13;0.120;0.017;0.131;0.021;0.91;0.19;0;8
GBOV_RM7_211;SmithsonianEnvironmentalResearchCenter;Courtney Meier;cmeier@battelleecology.org;support-copernicus-gbov@acri-st.fr;NEON;15;Croplands;38.89016;-76.5601;20191015T180300Z;2.0;SERC_054;3.36;0.11;4.63;0.13;0.726;0.031;2.50;0.12;3.56;0.15;0.70;0.04;0.115;0.006;0.119;0.007;0.96;0.08;0.109;0.009;0.112;0.010;0.98;0.12;0;0
GBOV_RM7_211;SmithsonianEnvironmentalResearchCenter;Courtney Meier;cmeier@battelleecology.org;support-copernicus-gbov@acri-st.fr;NEON;15;Croplands;38.89016;-76.5601;20191029T073200Z;2.0;SERC_054;3.04;0.10;4.17;0.11;0.729;0.030;2.22;0.12;3.13;0.15;0.71;0.05;0.088;0.006;0.092;0.006;0.96;0.09;0.080;0.010;0.091;0.019;0.88;0.22;0;0
