GBOV_ID;Site;GROUND_DATA_PI;GROUND_DATA_PIs_Email;GBOV_Email;Network;Elevation;IGBP_class;Lat_IS;Lon_IS;TIME_IS;Version;PLOT_ID;LAIe_Miller_up;LAIe_Miller_up_err;LAI_Miller_up;LAI_Miller_up_err;clumping_Miller_up;clumping_Miller_up_err;LAIe_Warren_up;LAIe_Warren_up_err;LAI_Warren_up;LAI_Warren_up_err;clumping_Warren_up;clumping_Warren_up_err;LAIe_Miller_down;LAIe_Miller_down_err;LAI_Miller_down;LAI_Miller_down_err;clumping_Miller_down;clumping_Miller_down_err;LAIe_Warren_down;LAIe_Warren_down_err;LAI_Warren_down;LAI_Warren_down_err;clumping_Warren_down;clumping_Warren_down_err;up_flag;down_flag
GBOV_RM7_889;JonesEcologicalResearchCenter;Courtney Meier;cmeier@battelleecology.org;support-copernicus-gbov@acri-st.fr;NEON;44;Croplands;31.1948394775391;-84.468777;20160329T000000Z;2.0;JERC_062;0.796;0.032;1.21;0.06;0.66;0.04;0.78;0.04;1.15;0.09;0.68;0.07;0.234;0.010;0.244;0.011;0.96;0.06;0.170;0.016;0.179;0.019;0.95;0.13;0;0
GBOV_RM7_889;JonesEcologicalResearchCenter;Courtney Meier;cmeier@battelleecology.org;support-copernicus-gbov@acri-st.fr;NEON;44;Croplands;31.1948394775391;-84.468777;20160412T000000Z;2.0;JERC_062;0.91;0.04;1.45;0.07;0.62;0.04;0.84;0.05;1.29;0.13;0.65;0.08;0.662;0.034;0.73;0.04;0.90;0.07;0.55;0.04;0.63;0.07;0.87;0.12;0;0
GBOV_RM7_889;JonesEcologicalResearchCenter;Courtney Meier;cmeier@battelleecology.org;support-copernicus-gbov@acri-st.fr;NEON;44;Croplands;31.1948394775391;-84.468777;20160426T000000Z;2.0;JERC_062;1.02;0.05;1.70;0.09;0.60;0.04;0.98;0.07;1.55;0.14;0.63;0.07;1.28;0.06;1.53;0.10;0.84;0.07;0.99;0.09;1.19;0.16;0.83;0.13;0;0
GBOV_RM7_889;JonesEcologicalResearchCenter;Courtney Meier;cmeier@battelleecology.org;support-copernicus-gbov@acri-st.fr;NEON;44;Croplands;31.1948394775391;-84.468777;20160510T000000Z;2.0;JERC_062;0.99;0.05;1.62;0.09;0.61;0.04;1.03;0.07;1.72;0.16;0.60;0.07;1.15;0.06;1.44;0.10;0.80;0.07;0.87;0.08;1.05;0.14;0.83;0.14;0;16
GBOV_RM7_889;JonesEcologicalResearchCenter;Courtney Meier;cmeier@battelleecology.org;support-copernicus-gbov@acri-st.fr;NEON;44;Croplands;31.1948394775391;-84.468777;20160524T000000Z;2.0;JERC_062;1.04;0.05;1.64;0.09;0.63;0.04;0.98;0.06;1.42;0.11;0.69;0.07;1.62;0.06;1.87;0.07;0.87;0.05;1.32;0.10;1.54;0.13;0.86;0.09;0;0
GBOV_RM7_889;JonesEcologicalResearchCenter;Courtney Meier;cmeier@battelleecology.org;support-copernicus-gbov@acri-st.fr;NEON;44;Croplands;31.1948394775391;-84.468777;20160608T000000Z;2.0;JERC_062;-999;-999;-999;-999;-999;-999;-999;-999;-999;-999;-999;-999;1.94;0.07;2.23;0.10;0.87;0.05;1.36;0.07;1.55;0.10;0.88;0.07;0;2
GBOV_RM7_889;JonesEcologicalResearchCenter;Courtney Meier;cmeier@battelleecology.org;support-copernicus-gbov@acri-st.fr;NEON;44;Croplands;31.1948394775391;-84.468777;20160620T000000Z;2.0;JERC_062;0.97;0.04;1.53;0.08;0.64;0.05;0.97;0.05;1.41;0.12;0.69;0.07;2.13;0.09;2.65;0.13;0.81;0.05;1.69;0.10;2.03;0.13;0.84;0.07;0;0
GBOV_RM7_889;JonesEcologicalResearchCenter;Courtney Meier;cmeier@battelleecology.org;support-copernicus-gbov@acri-st.fr;NEON;44;Croplands;31.1948394775391;-84.468777;20160707T000000Z;2.0;JERC_062;1.02;0.05;1.65;0.10;0.62;0.05;1.00;0.06;1.56;0.12;0.64;0.06;1.81;0.07;2.03;0.08;0.89;0.05;1.37;0.07;1.50;0.07;0.92;0.07;0;0
GBOV_RM7_889;JonesEcologicalResearchCenter;Courtney Meier;cmeier@battelleecology.org;support-copernicus-gbov@acri-st.fr;NEON;44;Croplands;31.1948394775391;-84.468777;20160719T000000Z;2.0;JERC_062;1.01;0.04;1.58;0.07;0.64;0.04;1.13;0.06;1.67;0.11;0.68;0.06;1.05;0.04;1.18;0.05;0.89;0.05;0.79;0.05;0.88;0.07;0.90;0.09;0;0
GBOV_RM7_889;JonesEcologicalResearchCenter;Courtney Meier;cmeier@battelleecology.org;support-copernicus-gbov@acri-st.fr;NEON;44;Croplands;31.1948394775391;-84.468777;20160801T000000Z;2.0;JERC_062;1.00;0.04;1.50;0.08;0.67;0.05;1.14;0.08;1.77;0.17;0.64;0.08;1.05;0.04;1.16;0.05;0.91;0.05;0.74;0.04;0.81;0.05;0.92;0.07;0;0
GBOV_RM7_889;JonesEcologicalResearchCenter;Courtney Meier;cmeier@battelleecology.org;support-copernicus-gbov@acri-st.fr;NEON;44;Croplands;31.1948394775391;-84.468777;20160816T000000Z;2.0;JERC_062;1.01;0.05;1.57;0.09;0.64;0.05;1.07;0.08;1.56;0.13;0.69;0.08;1.31;0.05;1.43;0.05;0.92;0.04;0.97;0.06;1.08;0.08;0.90;0.08;0;16
GBOV_RM7_889;JonesEcologicalResearchCenter;Courtney Meier;cmeier@battelleecology.org;support-copernicus-gbov@acri-st.fr;NEON;44;Croplands;31.1948394775391;-84.468777;20160901T000000Z;2.0;JERC_062;1.04;0.05;1.64;0.08;0.64;0.04;1.15;0.07;1.75;0.11;0.66;0.06;1.19;0.04;1.25;0.04;0.95;0.04;0.90;0.04;0.93;0.04;0.96;0.06;0;0
GBOV_RM7_889;JonesEcologicalResearchCenter;Courtney Meier;cmeier@battelleecology.org;support-copernicus-gbov@acri-st.fr;NEON;44;Croplands;31.1948394775391;-84.468777;20160914T000000Z;2.0;JERC_062;1.06;0.05;1.74;0.09;0.61;0.04;1.19;0.07;1.82;0.12;0.65;0.06;0.565;0.027;0.630;0.032;0.90;0.06;0.42;0.04;0.49;0.07;0.86;0.15;0;0
GBOV_RM7_889;JonesEcologicalResearchCenter;Courtney Meier;cmeier@battelleecology.org;support-copernicus-gbov@acri-st.fr;NEON;44;Croplands;31.1948394775391;-84.468777;20160928T000000Z;2.0;JERC_062;1.01;0.05;1.67;0.09;0.61;0.04;0.97;0.07;1.51;0.14;0.64;0.07;0.726;0.029;0.768;0.031;0.94;0.05;0.551;0.033;0.583;0.035;0.95;0.08;0;0
GBOV_RM7_889;JonesEcologicalResearchCenter;Courtney Meier;cmeier@battelleecology.org;support-copernicus-gbov@acri-st.fr;NEON;44;Croplands;31.1948394775391;-84.468777;20161012T000000Z;2.0;JERC_062;-999;-999;-999;-999;-999;-999;-999;-999;-999;-999;-999;-999;0.372;0.011;0.376;0.011;0.99;0.04;0.270;0.015;0.272;0.015;0.99;0.08;8;-999
GBOV_RM7_889;JonesEcologicalResearchCenter;Courtney Meier;cmeier@battelleecology.org;support-copernicus-gbov@acri-st.fr;NEON;44;Croplands;31.1948394775391;-84.468777;20161025T000000Z;2.0;JERC_062;1.00;0.05;1.68;0.10;0.60;0.05;0.92;0.05;1.50;0.13;0.62;0.06;-999;-999;-999;-999;-999;-999;-999;-999;-999;-999;-999;-999;0;-999
GBOV_RM7_889;JonesEcologicalResearchCenter;Courtney Meier;cmeier@battelleecology.org;support-copernicus-gbov@acri-st.fr;NEON;44;Croplands;31.1948394775391;-84.468777;20170406T000000Z;2.0;JERC_062;0.795;0.033;1.14;0.05;0.70;0.04;0.73;0.04;1.11;0.11;0.66;0.07;0.323;0.016;0.338;0.017;0.96;0.07;0.285;0.028;0.295;0.029;0.97;0.13;0;8
GBOV_RM7_889;JonesEcologicalResearchCenter;Courtney Meier;cmeier@battelleecology.org;support-copernicus-gbov@acri-st.fr;NEON;44;Croplands;31.1948394775391;-84.468777;20170417T000000Z;2.0;JERC_062;1.03;0.05;1.63;0.08;0.63;0.04;0.97;0.08;1.65;0.19;0.59;0.08;0.721;0.024;0.747;0.025;0.96;0.05;0.56;0.04;0.58;0.04;0.97;0.09;0;0
GBOV_RM7_889;JonesEcologicalResearchCenter;Courtney Meier;cmeier@battelleecology.org;support-copernicus-gbov@acri-st.fr;NEON;44;Croplands;31.1948394775391;-84.468777;20170502T000000Z;2.0;JERC_062;0.84;0.04;1.23;0.06;0.68;0.04;0.88;0.06;1.24;0.09;0.71;0.07;1.24;0.06;1.45;0.07;0.85;0.06;0.99;0.10;1.14;0.10;0.87;0.12;0;8
GBOV_RM7_889;JonesEcologicalResearchCenter;Courtney Meier;cmeier@battelleecology.org;support-copernicus-gbov@acri-st.fr;NEON;44;Croplands;31.1948394775391;-84.468777;20170516T000000Z;2.0;JERC_062;0.92;0.04;1.35;0.07;0.68;0.04;0.86;0.06;1.22;0.11;0.71;0.08;1.66;0.08;2.05;0.10;0.81;0.06;1.36;0.12;1.64;0.12;0.82;0.10;0;0
GBOV_RM7_889;JonesEcologicalResearchCenter;Courtney Meier;cmeier@battelleecology.org;support-copernicus-gbov@acri-st.fr;NEON;44;Croplands;31.1948394775391;-84.468777;20170530T000000Z;2.0;JERC_062;0.89;0.04;1.29;0.06;0.69;0.04;1.01;0.06;1.47;0.11;0.69;0.06;1.57;0.07;1.87;0.09;0.84;0.05;1.37;0.10;1.59;0.12;0.86;0.09;0;0
GBOV_RM7_889;JonesEcologicalResearchCenter;Courtney Meier;cmeier@battelleecology.org;support-copernicus-gbov@acri-st.fr;NEON;44;Croplands;31.1948394775391;-84.468777;20170614T000000Z;2.0;JERC_062;0.93;0.04;1.46;0.08;0.63;0.04;0.89;0.06;1.32;0.10;0.67;0.06;2.17;0.09;2.58;0.10;0.84;0.05;1.75;0.12;2.07;0.13;0.84;0.08;8;0
GBOV_RM7_889;JonesEcologicalResearchCenter;Courtney Meier;cmeier@battelleecology.org;support-copernicus-gbov@acri-st.fr;NEON;44;Croplands;31.1948394775391;-84.468777;20170626T000000Z;2.0;JERC_062;0.866;0.034;1.23;0.05;0.70;0.04;0.93;0.05;1.28;0.10;0.73;0.07;2.12;0.08;2.65;0.11;0.80;0.05;1.74;0.11;2.13;0.15;0.81;0.08;0;0
GBOV_RM7_889;JonesEcologicalResearchCenter;Courtney Meier;cmeier@battelleecology.org;support-copernicus-gbov@acri-st.fr;NEON;44;Croplands;31.1948394775391;-84.468777;20170713T000000Z;2.0;JERC_062;0.98;0.04;1.54;0.07;0.63;0.04;0.94;0.07;1.38;0.13;0.68;0.08;3.19;0.17;4.30;0.18;0.74;0.05;2.65;0.25;3.48;0.25;0.76;0.09;0;0
GBOV_RM7_889;JonesEcologicalResearchCenter;Courtney Meier;cmeier@battelleecology.org;support-copernicus-gbov@acri-st.fr;NEON;44;Croplands;31.1948394775391;-84.468777;20170807T000000Z;2.0;JERC_062;0.97;0.04;1.52;0.07;0.64;0.04;1.03;0.08;1.60;0.14;0.65;0.08;2.32;0.08;2.70;0.09;0.86;0.04;1.75;0.08;1.95;0.10;0.90;0.06;0;0
GBOV_RM7_889;JonesEcologicalResearchCenter;Courtney Meier;cmeier@battelleecology.org;support-copernicus-gbov@acri-st.fr;NEON;44;Croplands;31.1948394775391;-84.468777;20170824T000000Z;2.0;JERC_062;1.13;0.05;1.73;0.08;0.65;0.04;0.97;0.07;1.53;0.16;0.63;0.08;2.46;0.08;2.71;0.08;0.91;0.04;1.81;0.09;1.99;0.10;0.91;0.06;0;0
GBOV_RM7_889;JonesEcologicalResearchCenter;Courtney Meier;cmeier@battelleecology.org;support-copernicus-gbov@acri-st.fr;NEON;44;Croplands;31.1948394775391;-84.468777;20170906T000000Z;2.0;JERC_062;1.10;0.05;1.67;0.08;0.66;0.04;1.11;0.09;1.85;0.21;0.60;0.08;1.80;0.08;2.09;0.09;0.86;0.05;1.31;0.10;1.47;0.11;0.89;0.10;0;0
GBOV_RM7_889;JonesEcologicalResearchCenter;Courtney Meier;cmeier@battelleecology.org;support-copernicus-gbov@acri-st.fr;NEON;44;Croplands;31.1948394775391;-84.468777;20170918T000000Z;2.0;JERC_062;1.66;0.09;2.91;0.15;0.57;0.04;1.65;0.12;2.99;0.21;0.55;0.06;0.56;0.06;0.79;0.11;0.71;0.12;0.45;0.09;0.60;0.15;0.75;0.25;0;0
GBOV_RM7_889;JonesEcologicalResearchCenter;Courtney Meier;cmeier@battelleecology.org;support-copernicus-gbov@acri-st.fr;NEON;44;Croplands;31.1948394775391;-84.468777;20171002T000000Z;2.0;JERC_062;0.96;0.04;1.51;0.07;0.64;0.04;1.01;0.07;1.58;0.14;0.64;0.07;1.22;0.05;1.33;0.05;0.92;0.05;0.89;0.06;0.98;0.07;0.91;0.09;0;0
GBOV_RM7_889;JonesEcologicalResearchCenter;Courtney Meier;cmeier@battelleecology.org;support-copernicus-gbov@acri-st.fr;NEON;44;Croplands;31.1948394775391;-84.468777;20171018T000000Z;2.0;JERC_062;0.95;0.04;1.46;0.07;0.65;0.04;0.95;0.05;1.36;0.10;0.70;0.06;1.04;0.04;1.13;0.05;0.92;0.05;0.76;0.05;0.82;0.06;0.93;0.09;0;0
GBOV_RM7_889;JonesEcologicalResearchCenter;Courtney Meier;cmeier@battelleecology.org;support-copernicus-gbov@acri-st.fr;NEON;44;Croplands;31.1948394775391;-84.468777;20171031T000000Z;2.0;JERC_062;0.97;0.04;1.58;0.08;0.61;0.04;0.96;0.05;1.41;0.10;0.69;0.06;0.643;0.028;0.686;0.030;0.94;0.06;0.441;0.032;0.462;0.034;0.95;0.10;0;0
GBOV_RM7_889;JonesEcologicalResearchCenter;Courtney Meier;cmeier@battelleecology.org;support-copernicus-gbov@acri-st.fr;NEON;44;Croplands;31.1948394775391;-84.468777;20171129T000000Z;2.0;JERC_062;0.92;0.04;1.38;0.06;0.67;0.04;1.06;0.07;1.67;0.13;0.64;0.07;0.172;0.010;0.181;0.011;0.95;0.08;0.124;0.014;0.129;0.015;0.97;0.15;0;0
GBOV_RM7_889;JonesEcologicalResearchCenter;Courtney Meier;cmeier@battelleecology.org;support-copernicus-gbov@acri-st.fr;NEON;44;Croplands;31.1948394775391;-84.468777;20171228T000000Z;2.0;JERC_062;0.779;0.030;1.14;0.05;0.69;0.04;0.85;0.04;1.27;0.09;0.67;0.06;0.112;0.007;0.117;0.008;0.95;0.09;0.089;0.013;0.095;0.018;0.94;0.22;0;0
GBOV_RM7_889;JonesEcologicalResearchCenter;Courtney Meier;cmeier@battelleecology.org;support-copernicus-gbov@acri-st.fr;NEON;44;Croplands;31.1948394775391;-84.468777;20180109T000000Z;2.0;JERC_062;0.787;0.032;1.20;0.05;0.66;0.04;0.87;0.05;1.34;0.08;0.65;0.06;0.171;0.009;0.176;0.009;0.97;0.07;0.126;0.010;0.128;0.010;0.98;0.11;0;0
GBOV_RM7_889;JonesEcologicalResearchCenter;Courtney Meier;cmeier@battelleecology.org;support-copernicus-gbov@acri-st.fr;NEON;44;Croplands;31.1948394775391;-84.468777;20180206T000000Z;2.0;JERC_062;0.802;0.035;1.26;0.06;0.64;0.04;0.73;0.05;1.13;0.11;0.65;0.08;0.0559;0.0029;0.0569;0.0030;0.98;0.07;0.047;0.005;0.048;0.006;0.98;0.16;0;0
GBOV_RM7_889;JonesEcologicalResearchCenter;Courtney Meier;cmeier@battelleecology.org;support-copernicus-gbov@acri-st.fr;NEON;44;Croplands;31.1948394775391;-84.468777;20180307T000000Z;2.0;JERC_062;0.82;0.04;1.32;0.08;0.62;0.05;0.74;0.04;1.12;0.11;0.66;0.08;0.171;0.015;0.182;0.017;0.94;0.12;0.115;0.012;0.118;0.013;0.97;0.15;0;8
GBOV_RM7_889;JonesEcologicalResearchCenter;Courtney Meier;cmeier@battelleecology.org;support-copernicus-gbov@acri-st.fr;NEON;44;Croplands;31.1948394775391;-84.468777;20180404T000000Z;2.0;JERC_062;0.90;0.04;1.44;0.07;0.63;0.04;0.83;0.05;1.17;0.09;0.71;0.07;0.488;0.026;0.540;0.032;0.90;0.07;0.366;0.035;0.39;0.04;0.93;0.13;0;0
GBOV_RM7_889;JonesEcologicalResearchCenter;Courtney Meier;cmeier@battelleecology.org;support-copernicus-gbov@acri-st.fr;NEON;44;Croplands;31.1948394775391;-84.468777;20180416T000000Z;2.0;JERC_062;0.94;0.04;1.56;0.08;0.60;0.04;0.90;0.05;1.39;0.13;0.64;0.07;0.98;0.05;1.15;0.08;0.85;0.07;0.77;0.08;0.87;0.10;0.88;0.13;0;0
GBOV_RM7_889;JonesEcologicalResearchCenter;Courtney Meier;cmeier@battelleecology.org;support-copernicus-gbov@acri-st.fr;NEON;44;Croplands;31.1948394775391;-84.468777;20180501T000000Z;2.0;JERC_062;0.93;0.04;1.48;0.08;0.63;0.04;0.96;0.06;1.50;0.13;0.64;0.07;1.17;0.06;1.42;0.10;0.82;0.07;0.92;0.09;1.07;0.13;0.86;0.13;0;0
GBOV_RM7_889;JonesEcologicalResearchCenter;Courtney Meier;cmeier@battelleecology.org;support-copernicus-gbov@acri-st.fr;NEON;44;Croplands;31.1948394775391;-84.468777;20180515T000000Z;2.0;JERC_062;0.96;0.04;1.50;0.08;0.64;0.04;1.10;0.07;1.67;0.13;0.66;0.07;1.38;0.06;1.59;0.07;0.86;0.06;1.05;0.08;1.21;0.09;0.87;0.09;0;0
GBOV_RM7_889;JonesEcologicalResearchCenter;Courtney Meier;cmeier@battelleecology.org;support-copernicus-gbov@acri-st.fr;NEON;44;Croplands;31.1948394775391;-84.468777;20180530T000000Z;2.0;JERC_062;0.96;0.04;1.57;0.08;0.61;0.04;0.96;0.07;1.55;0.14;0.62;0.07;3.09;0.11;3.62;0.13;0.85;0.04;2.41;0.16;2.85;0.18;0.85;0.08;0;0
GBOV_RM7_889;JonesEcologicalResearchCenter;Courtney Meier;cmeier@battelleecology.org;support-copernicus-gbov@acri-st.fr;NEON;44;Croplands;31.1948394775391;-84.468777;20180611T000000Z;2.0;JERC_062;0.94;0.04;1.47;0.07;0.64;0.04;0.99;0.06;1.51;0.13;0.65;0.07;2.44;0.08;2.85;0.11;0.86;0.04;1.83;0.12;2.12;0.16;0.87;0.09;0;0
GBOV_RM7_889;JonesEcologicalResearchCenter;Courtney Meier;cmeier@battelleecology.org;support-copernicus-gbov@acri-st.fr;NEON;44;Croplands;31.1948394775391;-84.468777;20180626T000000Z;2.0;JERC_062;0.91;0.04;1.46;0.08;0.62;0.05;0.97;0.08;1.58;0.15;0.61;0.07;1.91;0.08;2.24;0.10;0.85;0.05;1.48;0.10;1.74;0.12;0.85;0.08;0;0
GBOV_RM7_889;JonesEcologicalResearchCenter;Courtney Meier;cmeier@battelleecology.org;support-copernicus-gbov@acri-st.fr;NEON;44;Croplands;31.1948394775391;-84.468777;20180711T000000Z;2.0;JERC_062;1.02;0.04;1.73;0.09;0.59;0.04;1.05;0.06;1.64;0.14;0.64;0.07;2.69;0.09;3.06;0.09;0.88;0.04;2.11;0.13;2.41;0.15;0.87;0.08;0;0
GBOV_RM7_889;JonesEcologicalResearchCenter;Courtney Meier;cmeier@battelleecology.org;support-copernicus-gbov@acri-st.fr;NEON;44;Croplands;31.1948394775391;-84.468777;20180726T000000Z;2.0;JERC_062;1.02;0.04;1.79;0.09;0.57;0.04;1.10;0.07;1.87;0.14;0.59;0.06;0.90;0.04;0.99;0.04;0.91;0.06;0.68;0.05;0.73;0.05;0.93;0.10;4;0
GBOV_RM7_889;JonesEcologicalResearchCenter;Courtney Meier;cmeier@battelleecology.org;support-copernicus-gbov@acri-st.fr;NEON;44;Croplands;31.1948394775391;-84.468777;20180808T000000Z;2.0;JERC_062;1.05;0.04;1.98;0.09;0.530;0.031;1.26;0.07;2.42;0.16;0.52;0.05;1.26;0.06;1.38;0.06;0.91;0.06;0.88;0.07;0.95;0.07;0.93;0.10;0;0
GBOV_RM7_889;JonesEcologicalResearchCenter;Courtney Meier;cmeier@battelleecology.org;support-copernicus-gbov@acri-st.fr;NEON;44;Croplands;31.1948394775391;-84.468777;20180918T000000Z;2.0;JERC_062;0.89;0.04;1.46;0.08;0.61;0.04;0.92;0.07;1.47;0.12;0.63;0.07;1.38;0.05;1.47;0.05;0.94;0.05;0.98;0.08;1.05;0.08;0.93;0.10;0;0
GBOV_RM7_889;JonesEcologicalResearchCenter;Courtney Meier;cmeier@battelleecology.org;support-copernicus-gbov@acri-st.fr;NEON;44;Croplands;31.1948394775391;-84.468777;20181002T000000Z;2.0;JERC_062;0.97;0.04;1.77;0.10;0.55;0.04;0.98;0.06;1.63;0.15;0.60;0.07;1.16;0.04;1.24;0.04;0.94;0.05;0.83;0.06;0.88;0.06;0.95;0.09;64;0
GBOV_RM7_889;JonesEcologicalResearchCenter;Courtney Meier;cmeier@battelleecology.org;support-copernicus-gbov@acri-st.fr;NEON;44;Croplands;31.1948394775391;-84.468777;20181023T000000Z;2.0;JERC_062;0.610;0.026;0.86;0.05;0.71;0.05;0.72;0.04;1.05;0.08;0.68;0.07;0.293;0.017;0.320;0.019;0.92;0.08;0.207;0.020;0.227;0.023;0.91;0.13;0;0
GBOV_RM7_889;JonesEcologicalResearchCenter;Courtney Meier;cmeier@battelleecology.org;support-copernicus-gbov@acri-st.fr;NEON;44;Croplands;31.1948394775391;-84.468777;20181031T000000Z;2.0;JERC_062;0.633;0.029;0.95;0.05;0.66;0.05;0.65;0.04;0.97;0.08;0.67;0.07;0.412;0.021;0.443;0.022;0.93;0.07;0.294;0.026;0.317;0.028;0.93;0.12;0;0
GBOV_RM7_889;JonesEcologicalResearchCenter;Courtney Meier;cmeier@battelleecology.org;support-copernicus-gbov@acri-st.fr;NEON;44;Croplands;31.1948394775391;-84.468777;20181113T000000Z;2.0;JERC_062;0.599;0.026;0.83;0.04;0.72;0.05;0.74;0.04;1.06;0.08;0.70;0.07;0.601;0.021;0.624;0.022;0.96;0.05;0.435;0.022;0.451;0.023;0.97;0.07;0;0
GBOV_RM7_889;JonesEcologicalResearchCenter;Courtney Meier;cmeier@battelleecology.org;support-copernicus-gbov@acri-st.fr;NEON;44;Croplands;31.1948394775391;-84.468777;20181210T151800Z;2.0;JERC_062;0.572;0.024;0.80;0.04;0.71;0.05;0.67;0.04;1.04;0.12;0.64;0.09;0.145;0.008;0.152;0.010;0.95;0.08;0.102;0.009;0.105;0.009;0.97;0.12;0;0
GBOV_RM7_889;JonesEcologicalResearchCenter;Courtney Meier;cmeier@battelleecology.org;support-copernicus-gbov@acri-st.fr;NEON;44;Croplands;31.1948394775391;-84.468777;20190110T085300Z;2.0;JERC_062;0.591;0.027;0.88;0.05;0.67;0.05;0.569;0.032;0.80;0.07;0.71;0.07;0.191;0.012;0.201;0.013;0.95;0.08;0.135;0.014;0.140;0.015;0.97;0.15;0;0
GBOV_RM7_889;JonesEcologicalResearchCenter;Courtney Meier;cmeier@battelleecology.org;support-copernicus-gbov@acri-st.fr;NEON;44;Croplands;31.1948394775391;-84.468777;20190205T191000Z;2.0;JERC_062;0.568;0.026;0.84;0.05;0.68;0.05;0.54;0.04;0.82;0.12;0.65;0.11;0.245;0.011;0.250;0.011;0.98;0.06;0.197;0.017;0.202;0.018;0.98;0.12;0;0
GBOV_RM7_889;JonesEcologicalResearchCenter;Courtney Meier;cmeier@battelleecology.org;support-copernicus-gbov@acri-st.fr;NEON;44;Croplands;31.1948394775391;-84.468777;20190307T082100Z;2.0;JERC_062;0.610;0.028;0.91;0.05;0.67;0.05;0.578;0.033;0.90;0.10;0.64;0.08;0.303;0.015;0.311;0.016;0.97;0.07;0.240;0.019;0.244;0.020;0.98;0.11;0;0
GBOV_RM7_889;JonesEcologicalResearchCenter;Courtney Meier;cmeier@battelleecology.org;support-copernicus-gbov@acri-st.fr;NEON;44;Croplands;31.1948394775391;-84.468777;20190318T200200Z;2.0;JERC_062;0.583;0.023;0.82;0.04;0.71;0.05;0.666;0.034;0.97;0.08;0.69;0.06;0.623;0.014;0.625;0.015;0.996;0.033;0.456;0.015;0.458;0.015;1.00;0.05;0;0
GBOV_RM7_889;JonesEcologicalResearchCenter;Courtney Meier;cmeier@battelleecology.org;support-copernicus-gbov@acri-st.fr;NEON;44;Croplands;31.1948394775391;-84.468777;20190401T180900Z;2.0;JERC_062;0.582;0.025;0.81;0.04;0.72;0.05;0.68;0.04;0.98;0.10;0.69;0.08;0.289;0.014;0.305;0.015;0.95;0.07;0.254;0.020;0.269;0.023;0.95;0.11;0;0
GBOV_RM7_889;JonesEcologicalResearchCenter;Courtney Meier;cmeier@battelleecology.org;support-copernicus-gbov@acri-st.fr;NEON;44;Croplands;31.1948394775391;-84.468777;20190416T070800Z;2.0;JERC_062;0.662;0.030;1.06;0.06;0.62;0.05;0.66;0.04;1.05;0.11;0.63;0.08;1.47;0.07;1.73;0.08;0.85;0.06;1.21;0.11;1.45;0.14;0.83;0.11;0;0
GBOV_RM7_889;JonesEcologicalResearchCenter;Courtney Meier;cmeier@battelleecology.org;support-copernicus-gbov@acri-st.fr;NEON;44;Croplands;31.1948394775391;-84.468777;20190429T200500Z;2.0;JERC_062;0.636;0.032;0.97;0.07;0.65;0.06;0.63;0.04;0.93;0.12;0.68;0.10;1.74;0.08;2.12;0.10;0.82;0.06;1.40;0.14;1.68;0.16;0.84;0.12;0;0
GBOV_RM7_889;JonesEcologicalResearchCenter;Courtney Meier;cmeier@battelleecology.org;support-copernicus-gbov@acri-st.fr;NEON;44;Croplands;31.1948394775391;-84.468777;20190515T070400Z;2.0;JERC_062;0.669;0.030;1.03;0.06;0.65;0.05;0.67;0.05;0.99;0.14;0.68;0.11;3.00;0.13;3.74;0.15;0.80;0.05;2.23;0.17;2.70;0.18;0.83;0.08;0;0
GBOV_RM7_889;JonesEcologicalResearchCenter;Courtney Meier;cmeier@battelleecology.org;support-copernicus-gbov@acri-st.fr;NEON;44;Croplands;31.1948394775391;-84.468777;20190529T062500Z;2.0;JERC_062;0.673;0.030;1.06;0.06;0.64;0.05;0.77;0.05;1.23;0.12;0.63;0.07;1.60;0.05;1.68;0.05;0.95;0.04;1.19;0.06;1.24;0.06;0.96;0.07;0;0
GBOV_RM7_889;JonesEcologicalResearchCenter;Courtney Meier;cmeier@battelleecology.org;support-copernicus-gbov@acri-st.fr;NEON;44;Croplands;31.1948394775391;-84.468777;20190612T105200Z;2.0;JERC_062;0.690;0.030;1.05;0.06;0.66;0.05;0.84;0.06;1.36;0.13;0.62;0.07;2.29;0.09;2.74;0.09;0.84;0.04;1.73;0.12;2.06;0.14;0.84;0.08;0;0
GBOV_RM7_889;JonesEcologicalResearchCenter;Courtney Meier;cmeier@battelleecology.org;support-copernicus-gbov@acri-st.fr;NEON;44;Croplands;31.1948394775391;-84.468777;20190625T064400Z;2.0;JERC_062;0.752;0.032;1.19;0.06;0.63;0.04;0.84;0.07;1.35;0.13;0.62;0.08;3.28;0.12;3.92;0.12;0.84;0.04;2.31;0.14;2.72;0.15;0.85;0.07;0;0
GBOV_RM7_889;JonesEcologicalResearchCenter;Courtney Meier;cmeier@battelleecology.org;support-copernicus-gbov@acri-st.fr;NEON;44;Croplands;31.1948394775391;-84.468777;20190710T063700Z;2.0;JERC_062;0.757;0.033;1.22;0.07;0.62;0.05;0.81;0.06;1.33;0.15;0.61;0.08;2.93;0.11;3.38;0.11;0.87;0.04;2.18;0.14;2.48;0.17;0.88;0.08;0;0
GBOV_RM7_889;JonesEcologicalResearchCenter;Courtney Meier;cmeier@battelleecology.org;support-copernicus-gbov@acri-st.fr;NEON;44;Croplands;31.1948394775391;-84.468777;20190724T072100Z;2.0;JERC_062;0.716;0.032;1.12;0.06;0.64;0.05;0.82;0.05;1.25;0.11;0.65;0.07;3.06;0.08;3.40;0.09;0.901;0.034;2.04;0.10;2.30;0.10;0.89;0.06;0;0
GBOV_RM7_889;JonesEcologicalResearchCenter;Courtney Meier;cmeier@battelleecology.org;support-copernicus-gbov@acri-st.fr;NEON;44;Croplands;31.1948394775391;-84.468777;20190806T200900Z;2.0;JERC_062;0.80;0.04;1.28;0.08;0.62;0.05;0.89;0.05;1.44;0.14;0.62;0.07;2.28;0.06;2.52;0.07;0.91;0.04;1.69;0.07;1.90;0.10;0.89;0.06;0;0
GBOV_RM7_889;JonesEcologicalResearchCenter;Courtney Meier;cmeier@battelleecology.org;support-copernicus-gbov@acri-st.fr;NEON;44;Croplands;31.1948394775391;-84.468777;20190821T071900Z;2.0;JERC_062;0.81;0.04;1.34;0.07;0.61;0.04;0.83;0.06;1.35;0.14;0.61;0.08;2.44;0.07;2.76;0.09;0.88;0.04;1.74;0.09;1.92;0.10;0.90;0.07;0;0
GBOV_RM7_889;JonesEcologicalResearchCenter;Courtney Meier;cmeier@battelleecology.org;support-copernicus-gbov@acri-st.fr;NEON;44;Croplands;31.1948394775391;-84.468777;20190918T074200Z;2.0;JERC_062;0.773;0.034;1.22;0.06;0.63;0.04;0.76;0.05;1.15;0.08;0.67;0.06;1.14;0.05;1.27;0.06;0.90;0.06;0.79;0.06;0.85;0.07;0.93;0.11;0;0
GBOV_RM7_889;JonesEcologicalResearchCenter;Courtney Meier;cmeier@battelleecology.org;support-copernicus-gbov@acri-st.fr;NEON;44;Croplands;31.1948394775391;-84.468777;20191002T080000Z;2.0;JERC_062;0.79;0.04;1.27;0.07;0.62;0.04;0.79;0.05;1.29;0.11;0.61;0.06;0.85;0.04;0.93;0.05;0.91;0.06;0.60;0.05;0.65;0.05;0.93;0.10;0;0
GBOV_RM7_889;JonesEcologicalResearchCenter;Courtney Meier;cmeier@battelleecology.org;support-copernicus-gbov@acri-st.fr;NEON;44;Croplands;31.1948394775391;-84.468777;20191015T115600Z;2.0;JERC_062;0.708;0.030;1.07;0.06;0.66;0.04;0.88;0.05;1.40;0.10;0.63;0.06;0.507;0.030;0.553;0.033;0.92;0.08;0.33;0.04;0.35;0.04;0.94;0.14;0;0
GBOV_RM7_889;JonesEcologicalResearchCenter;Courtney Meier;cmeier@battelleecology.org;support-copernicus-gbov@acri-st.fr;NEON;44;Croplands;31.1948394775391;-84.468777;20191111T181300Z;2.0;JERC_062;0.711;0.029;1.10;0.06;0.65;0.04;0.81;0.04;1.19;0.09;0.68;0.07;0.323;0.017;0.342;0.018;0.95;0.07;0.219;0.017;0.230;0.018;0.95;0.10;0;0
