GBOV_ID;Site;GROUND_DATA_PI;GROUND_DATA_PIs_Email;GBOV_Email;Network;Elevation;IGBP_class;Lat_IS;Lon_IS;TIME_IS;Version;PLOT_ID;LAIe_Miller_up;LAIe_Miller_up_err;LAI_Miller_up;LAI_Miller_up_err;clumping_Miller_up;clumping_Miller_up_err;LAIe_Warren_up;LAIe_Warren_up_err;LAI_Warren_up;LAI_Warren_up_err;clumping_Warren_up;clumping_Warren_up_err;LAIe_Miller_down;LAIe_Miller_down_err;LAI_Miller_down;LAI_Miller_down_err;clumping_Miller_down;clumping_Miller_down_err;LAIe_Warren_down;LAIe_Warren_down_err;LAI_Warren_down;LAI_Warren_down_err;clumping_Warren_down;clumping_Warren_down_err;up_flag;down_flag
GBOV_RM7_1653;SantaRita;Courtney Meier;cmeier@battelleecology.org;support-copernicus-gbov@acri-st.fr;NEON;983;Closed Shrublands;31.91068;-110.83549;20160427T060500Z;2.0;SRER_046;-999;-999;-999;-999;-999;-999;-999;-999;-999;-999;-999;-999;0.024;0.004;0.026;0.004;0.95;0.22;0.032;0.009;0.036;0.011;0.9;0.4;-999;0
GBOV_RM7_1653;SantaRita;Courtney Meier;cmeier@battelleecology.org;support-copernicus-gbov@acri-st.fr;NEON;983;Closed Shrublands;31.91068;-110.83549;20160512T060600Z;2.0;SRER_046;-999;-999;-999;-999;-999;-999;-999;-999;-999;-999;-999;-999;0.030;0.004;0.032;0.005;0.93;0.20;0.033;0.007;0.034;0.007;0.97;0.28;-999;0
GBOV_RM7_1653;SantaRita;Courtney Meier;cmeier@battelleecology.org;support-copernicus-gbov@acri-st.fr;NEON;983;Closed Shrublands;31.91068;-110.83549;20160525T060900Z;2.0;SRER_046;-999;-999;-999;-999;-999;-999;-999;-999;-999;-999;-999;-999;0.115;0.014;0.127;0.016;0.90;0.16;0.080;0.014;0.084;0.016;0.95;0.24;-999;0
GBOV_RM7_1653;SantaRita;Courtney Meier;cmeier@battelleecology.org;support-copernicus-gbov@acri-st.fr;NEON;983;Closed Shrublands;31.91068;-110.83549;20160608T135800Z;2.0;SRER_046;-999;-999;-999;-999;-999;-999;-999;-999;-999;-999;-999;-999;0.0080;0.0011;0.0081;0.0011;0.99;0.20;0.0120;0.0025;0.0122;0.0025;0.98;0.29;-999;0
GBOV_RM7_1653;SantaRita;Courtney Meier;cmeier@battelleecology.org;support-copernicus-gbov@acri-st.fr;NEON;983;Closed Shrublands;31.91068;-110.83549;20160622T114300Z;2.0;SRER_046;-999;-999;-999;-999;-999;-999;-999;-999;-999;-999;-999;-999;0.0079;0.0020;0.0082;0.0022;0.96;0.35;0.017;0.007;0.018;0.007;0.9;0.5;-999;0
GBOV_RM7_1653;SantaRita;Courtney Meier;cmeier@battelleecology.org;support-copernicus-gbov@acri-st.fr;NEON;983;Closed Shrublands;31.91068;-110.83549;20160706T121700Z;2.0;SRER_046;-999;-999;-999;-999;-999;-999;-999;-999;-999;-999;-999;-999;0.090;0.010;0.097;0.011;0.93;0.15;0.076;0.013;0.081;0.013;0.95;0.22;-999;0
GBOV_RM7_1653;SantaRita;Courtney Meier;cmeier@battelleecology.org;support-copernicus-gbov@acri-st.fr;NEON;983;Closed Shrublands;31.91068;-110.83549;20160721T132200Z;2.0;SRER_046;-999;-999;-999;-999;-999;-999;-999;-999;-999;-999;-999;-999;0.064;0.008;0.067;0.008;0.95;0.17;0.045;0.009;0.048;0.010;0.95;0.27;-999;0
GBOV_RM7_1653;SantaRita;Courtney Meier;cmeier@battelleecology.org;support-copernicus-gbov@acri-st.fr;NEON;983;Closed Shrublands;31.91068;-110.83549;20160803T130800Z;2.0;SRER_046;-999;-999;-999;-999;-999;-999;-999;-999;-999;-999;-999;-999;0.066;0.008;0.071;0.008;0.93;0.15;0.069;0.011;0.074;0.012;0.94;0.21;-999;0
GBOV_RM7_1653;SantaRita;Courtney Meier;cmeier@battelleecology.org;support-copernicus-gbov@acri-st.fr;NEON;983;Closed Shrublands;31.91068;-110.83549;20160817T111700Z;2.0;SRER_046;-999;-999;-999;-999;-999;-999;-999;-999;-999;-999;-999;-999;0.279;0.028;0.322;0.032;0.87;0.12;0.201;0.028;0.226;0.032;0.89;0.18;-999;0
GBOV_RM7_1653;SantaRita;Courtney Meier;cmeier@battelleecology.org;support-copernicus-gbov@acri-st.fr;NEON;983;Closed Shrublands;31.91068;-110.83549;20160831T104200Z;2.0;SRER_046;-999;-999;-999;-999;-999;-999;-999;-999;-999;-999;-999;-999;0.186;0.019;0.207;0.022;0.90;0.13;0.144;0.023;0.157;0.026;0.92;0.21;-999;0
GBOV_RM7_1653;SantaRita;Courtney Meier;cmeier@battelleecology.org;support-copernicus-gbov@acri-st.fr;NEON;983;Closed Shrublands;31.91068;-110.83549;20160914T114000Z;2.0;SRER_046;-999;-999;-999;-999;-999;-999;-999;-999;-999;-999;-999;-999;0.208;0.019;0.235;0.022;0.89;0.12;0.153;0.030;0.17;0.04;0.89;0.25;-999;0
GBOV_RM7_1653;SantaRita;Courtney Meier;cmeier@battelleecology.org;support-copernicus-gbov@acri-st.fr;NEON;983;Closed Shrublands;31.91068;-110.83549;20160928T100800Z;2.0;SRER_046;-999;-999;-999;-999;-999;-999;-999;-999;-999;-999;-999;-999;0.156;0.017;0.172;0.019;0.91;0.14;0.108;0.022;0.117;0.024;0.93;0.27;-999;0
GBOV_RM7_1653;SantaRita;Courtney Meier;cmeier@battelleecology.org;support-copernicus-gbov@acri-st.fr;NEON;983;Closed Shrublands;31.91068;-110.83549;20161012T110600Z;2.0;SRER_046;-999;-999;-999;-999;-999;-999;-999;-999;-999;-999;-999;-999;0.139;0.014;0.150;0.015;0.93;0.13;0.137;0.025;0.147;0.027;0.93;0.24;-999;0
GBOV_RM7_1653;SantaRita;Courtney Meier;cmeier@battelleecology.org;support-copernicus-gbov@acri-st.fr;NEON;983;Closed Shrublands;31.91068;-110.83549;20161026T142600Z;2.0;SRER_046;-999;-999;-999;-999;-999;-999;-999;-999;-999;-999;-999;-999;0.052;0.006;0.055;0.006;0.96;0.15;0.062;0.010;0.066;0.011;0.95;0.21;-999;0
GBOV_RM7_1653;SantaRita;Courtney Meier;cmeier@battelleecology.org;support-copernicus-gbov@acri-st.fr;NEON;983;Closed Shrublands;31.91068;-110.83549;20161109T101300Z;2.0;SRER_046;-999;-999;-999;-999;-999;-999;-999;-999;-999;-999;-999;-999;0.074;0.009;0.078;0.010;0.95;0.17;0.074;0.015;0.077;0.016;0.95;0.27;-999;0
GBOV_RM7_1653;SantaRita;Courtney Meier;cmeier@battelleecology.org;support-copernicus-gbov@acri-st.fr;NEON;983;Closed Shrublands;31.91068;-110.83549;20161123T092400Z;2.0;SRER_046;-999;-999;-999;-999;-999;-999;-999;-999;-999;-999;-999;-999;0.060;0.009;0.063;0.009;0.96;0.19;0.056;0.011;0.058;0.012;0.96;0.28;-999;0
GBOV_RM7_1653;SantaRita;Courtney Meier;cmeier@battelleecology.org;support-copernicus-gbov@acri-st.fr;NEON;983;Closed Shrublands;31.91068;-110.83549;20170609T093600Z;2.0;SRER_046;-999;-999;-999;-999;-999;-999;-999;-999;-999;-999;-999;-999;0.0123;0.0021;0.0130;0.0025;0.95;0.25;0.020;0.006;0.022;0.008;0.9;0.4;-999;0
GBOV_RM7_1653;SantaRita;Courtney Meier;cmeier@battelleecology.org;support-copernicus-gbov@acri-st.fr;NEON;983;Closed Shrublands;31.91068;-110.83549;20170621T082700Z;2.0;SRER_046;-999;-999;-999;-999;-999;-999;-999;-999;-999;-999;-999;-999;0.0063;0.0014;0.0066;0.0016;0.96;0.31;0.013;0.004;0.014;0.005;0.9;0.5;-999;0
GBOV_RM7_1653;SantaRita;Courtney Meier;cmeier@battelleecology.org;support-copernicus-gbov@acri-st.fr;NEON;983;Closed Shrublands;31.91068;-110.83549;20170707T094600Z;2.0;SRER_046;-999;-999;-999;-999;-999;-999;-999;-999;-999;-999;-999;-999;0.0050;0.0008;0.0051;0.0008;0.99;0.22;0.0075;0.0019;0.0076;0.0019;0.99;0.35;-999;0
GBOV_RM7_1653;SantaRita;Courtney Meier;cmeier@battelleecology.org;support-copernicus-gbov@acri-st.fr;NEON;983;Closed Shrublands;31.91068;-110.83549;20170719T155100Z;2.0;SRER_046;-999;-999;-999;-999;-999;-999;-999;-999;-999;-999;-999;-999;0.0198;0.0031;0.0207;0.0033;0.96;0.21;0.013;0.004;0.014;0.004;1.0;0.4;-999;0
GBOV_RM7_1653;SantaRita;Courtney Meier;cmeier@battelleecology.org;support-copernicus-gbov@acri-st.fr;NEON;983;Closed Shrublands;31.91068;-110.83549;20170803T085200Z;2.0;SRER_046;-999;-999;-999;-999;-999;-999;-999;-999;-999;-999;-999;-999;0.161;0.016;0.179;0.018;0.90;0.13;0.145;0.023;0.160;0.026;0.91;0.20;-999;0
GBOV_RM7_1653;SantaRita;Courtney Meier;cmeier@battelleecology.org;support-copernicus-gbov@acri-st.fr;NEON;983;Closed Shrublands;31.91068;-110.83549;20170816T104400Z;2.0;SRER_046;-999;-999;-999;-999;-999;-999;-999;-999;-999;-999;-999;-999;0.060;0.008;0.063;0.008;0.94;0.17;0.062;0.017;0.067;0.020;0.9;0.4;-999;0
GBOV_RM7_1653;SantaRita;Courtney Meier;cmeier@battelleecology.org;support-copernicus-gbov@acri-st.fr;NEON;983;Closed Shrublands;31.91068;-110.83549;20170830T155200Z;2.0;SRER_046;-999;-999;-999;-999;-999;-999;-999;-999;-999;-999;-999;-999;0.0127;0.0026;0.0135;0.0028;0.95;0.28;0.025;0.008;0.027;0.009;0.9;0.4;-999;0
GBOV_RM7_1653;SantaRita;Courtney Meier;cmeier@battelleecology.org;support-copernicus-gbov@acri-st.fr;NEON;983;Closed Shrublands;31.91068;-110.83549;20170913T155700Z;2.0;SRER_046;-999;-999;-999;-999;-999;-999;-999;-999;-999;-999;-999;-999;0.0074;0.0015;0.0076;0.0017;0.96;0.29;0.011;0.004;0.011;0.005;0.9;0.6;-999;0
GBOV_RM7_1653;SantaRita;Courtney Meier;cmeier@battelleecology.org;support-copernicus-gbov@acri-st.fr;NEON;983;Closed Shrublands;31.91068;-110.83549;20170927T152000Z;2.0;SRER_046;-999;-999;-999;-999;-999;-999;-999;-999;-999;-999;-999;-999;0.020;0.006;0.022;0.007;0.9;0.4;0.016;0.006;0.017;0.006;0.9;0.5;-999;0
GBOV_RM7_1653;SantaRita;Courtney Meier;cmeier@battelleecology.org;support-copernicus-gbov@acri-st.fr;NEON;983;Closed Shrublands;31.91068;-110.83549;20171011T150900Z;2.0;SRER_046;-999;-999;-999;-999;-999;-999;-999;-999;-999;-999;-999;-999;0.0052;0.0020;0.0055;0.0021;0.9;0.5;0.0065;0.0034;0.007;0.004;1.0;0.7;-999;0
GBOV_RM7_1653;SantaRita;Courtney Meier;cmeier@battelleecology.org;support-copernicus-gbov@acri-st.fr;NEON;983;Closed Shrublands;31.91068;-110.83549;20171025T114400Z;2.0;SRER_046;-999;-999;-999;-999;-999;-999;-999;-999;-999;-999;-999;-999;0.0068;0.0015;0.0070;0.0016;0.97;0.31;0.011;0.004;0.012;0.004;1.0;0.5;-999;0
GBOV_RM7_1653;SantaRita;Courtney Meier;cmeier@battelleecology.org;support-copernicus-gbov@acri-st.fr;NEON;983;Closed Shrublands;31.91068;-110.83549;20180314T150700Z;2.0;SRER_046;-999;-999;-999;-999;-999;-999;-999;-999;-999;-999;-999;-999;0.0218;0.0033;0.0226;0.0035;0.96;0.21;0.021;0.006;0.022;0.007;1.0;0.4;-999;0
GBOV_RM7_1653;SantaRita;Courtney Meier;cmeier@battelleecology.org;support-copernicus-gbov@acri-st.fr;NEON;983;Closed Shrublands;31.91068;-110.83549;20180403T135400Z;2.0;SRER_046;-999;-999;-999;-999;-999;-999;-999;-999;-999;-999;-999;-999;0.069;0.008;0.073;0.008;0.94;0.15;0.059;0.011;0.062;0.012;0.95;0.25;-999;0
GBOV_RM7_1653;SantaRita;Courtney Meier;cmeier@battelleecology.org;support-copernicus-gbov@acri-st.fr;NEON;983;Closed Shrublands;31.91068;-110.83549;20180411T121700Z;2.0;SRER_046;-999;-999;-999;-999;-999;-999;-999;-999;-999;-999;-999;-999;0.105;0.009;0.111;0.009;0.95;0.11;0.078;0.012;0.087;0.016;0.89;0.22;-999;0
GBOV_RM7_1653;SantaRita;Courtney Meier;cmeier@battelleecology.org;support-copernicus-gbov@acri-st.fr;NEON;983;Closed Shrublands;31.91068;-110.83549;20180425T105200Z;2.0;SRER_046;-999;-999;-999;-999;-999;-999;-999;-999;-999;-999;-999;-999;0.047;0.004;0.048;0.005;0.97;0.13;0.041;0.007;0.042;0.007;0.97;0.23;-999;0
GBOV_RM7_1653;SantaRita;Courtney Meier;cmeier@battelleecology.org;support-copernicus-gbov@acri-st.fr;NEON;983;Closed Shrublands;31.91068;-110.83549;20180509T142400Z;2.0;SRER_046;-999;-999;-999;-999;-999;-999;-999;-999;-999;-999;-999;-999;0.0222;0.0030;0.0228;0.0031;0.97;0.19;0.022;0.004;0.023;0.004;0.98;0.23;-999;0
GBOV_RM7_1653;SantaRita;Courtney Meier;cmeier@battelleecology.org;support-copernicus-gbov@acri-st.fr;NEON;983;Closed Shrublands;31.91068;-110.83549;20180523T132300Z;2.0;SRER_046;-999;-999;-999;-999;-999;-999;-999;-999;-999;-999;-999;-999;0.0121;0.0016;0.0123;0.0017;0.98;0.19;0.0172;0.0030;0.0175;0.0030;0.98;0.24;-999;0
GBOV_RM7_1653;SantaRita;Courtney Meier;cmeier@battelleecology.org;support-copernicus-gbov@acri-st.fr;NEON;983;Closed Shrublands;31.91068;-110.83549;20180606T165100Z;2.0;SRER_046;-999;-999;-999;-999;-999;-999;-999;-999;-999;-999;-999;-999;0.0113;0.0013;0.0114;0.0013;0.99;0.17;0.0205;0.0035;0.021;0.004;0.97;0.24;-999;0
GBOV_RM7_1653;SantaRita;Courtney Meier;cmeier@battelleecology.org;support-copernicus-gbov@acri-st.fr;NEON;983;Closed Shrublands;31.91068;-110.83549;20180620T135800Z;2.0;SRER_046;-999;-999;-999;-999;-999;-999;-999;-999;-999;-999;-999;-999;0.0212;0.0035;0.022;0.004;0.97;0.23;0.023;0.004;0.023;0.004;0.98;0.23;-999;0
GBOV_RM7_1653;SantaRita;Courtney Meier;cmeier@battelleecology.org;support-copernicus-gbov@acri-st.fr;NEON;983;Closed Shrublands;31.91068;-110.83549;20180704T122000Z;2.0;SRER_046;-999;-999;-999;-999;-999;-999;-999;-999;-999;-999;-999;-999;0.0186;0.0024;0.0190;0.0025;0.98;0.18;0.026;0.005;0.027;0.005;0.98;0.25;-999;0
GBOV_RM7_1653;SantaRita;Courtney Meier;cmeier@battelleecology.org;support-copernicus-gbov@acri-st.fr;NEON;983;Closed Shrublands;31.91068;-110.83549;20180719T092000Z;2.0;SRER_046;-999;-999;-999;-999;-999;-999;-999;-999;-999;-999;-999;-999;0.050;0.005;0.052;0.005;0.96;0.14;0.052;0.006;0.053;0.006;0.97;0.16;-999;0
GBOV_RM7_1653;SantaRita;Courtney Meier;cmeier@battelleecology.org;support-copernicus-gbov@acri-st.fr;NEON;983;Closed Shrublands;31.91068;-110.83549;20180801T132700Z;2.0;SRER_046;-999;-999;-999;-999;-999;-999;-999;-999;-999;-999;-999;-999;0.0144;0.0019;0.0148;0.0019;0.98;0.18;0.0181;0.0035;0.019;0.004;0.98;0.27;-999;0
GBOV_RM7_1653;SantaRita;Courtney Meier;cmeier@battelleecology.org;support-copernicus-gbov@acri-st.fr;NEON;983;Closed Shrublands;31.91068;-110.83549;20180816T112600Z;2.0;SRER_046;-999;-999;-999;-999;-999;-999;-999;-999;-999;-999;-999;-999;0.0204;0.0021;0.0208;0.0022;0.98;0.14;0.0252;0.0032;0.0257;0.0033;0.98;0.18;-999;0
GBOV_RM7_1653;SantaRita;Courtney Meier;cmeier@battelleecology.org;support-copernicus-gbov@acri-st.fr;NEON;983;Closed Shrublands;31.91068;-110.83549;20180829T154000Z;2.0;SRER_046;-999;-999;-999;-999;-999;-999;-999;-999;-999;-999;-999;-999;0.084;0.009;0.090;0.010;0.94;0.15;0.078;0.014;0.082;0.015;0.95;0.25;-999;0
GBOV_RM7_1653;SantaRita;Courtney Meier;cmeier@battelleecology.org;support-copernicus-gbov@acri-st.fr;NEON;983;Closed Shrublands;31.91068;-110.83549;20180912T121100Z;2.0;SRER_046;-999;-999;-999;-999;-999;-999;-999;-999;-999;-999;-999;-999;0.047;0.006;0.049;0.006;0.96;0.17;0.043;0.006;0.045;0.006;0.97;0.19;-999;0
GBOV_RM7_1653;SantaRita;Courtney Meier;cmeier@battelleecology.org;support-copernicus-gbov@acri-st.fr;NEON;983;Closed Shrublands;31.91068;-110.83549;20180926T132600Z;2.0;SRER_046;-999;-999;-999;-999;-999;-999;-999;-999;-999;-999;-999;-999;0.111;0.012;0.122;0.013;0.91;0.14;0.109;0.017;0.118;0.019;0.93;0.21;-999;0
GBOV_RM7_1653;SantaRita;Courtney Meier;cmeier@battelleecology.org;support-copernicus-gbov@acri-st.fr;NEON;983;Closed Shrublands;31.91068;-110.83549;20181010T125400Z;2.0;SRER_046;-999;-999;-999;-999;-999;-999;-999;-999;-999;-999;-999;-999;0.172;0.016;0.189;0.018;0.91;0.12;0.117;0.022;0.127;0.024;0.92;0.24;-999;0
GBOV_RM7_1653;SantaRita;Courtney Meier;cmeier@battelleecology.org;support-copernicus-gbov@acri-st.fr;NEON;983;Closed Shrublands;31.91068;-110.83549;20181024T102900Z;2.0;SRER_046;-999;-999;-999;-999;-999;-999;-999;-999;-999;-999;-999;-999;0.215;0.023;0.247;0.026;0.87;0.13;0.185;0.034;0.21;0.04;0.90;0.23;-999;0
GBOV_RM7_1653;SantaRita;Courtney Meier;cmeier@battelleecology.org;support-copernicus-gbov@acri-st.fr;NEON;983;Closed Shrublands;31.91068;-110.83549;20190304T142400Z;2.0;SRER_046;-999;-999;-999;-999;-999;-999;-999;-999;-999;-999;-999;-999;0.047;0.005;0.049;0.005;0.96;0.15;0.063;0.011;0.066;0.012;0.95;0.23;-999;0
GBOV_RM7_1653;SantaRita;Courtney Meier;cmeier@battelleecology.org;support-copernicus-gbov@acri-st.fr;NEON;983;Closed Shrublands;31.91068;-110.83549;20190318T115600Z;2.0;SRER_046;-999;-999;-999;-999;-999;-999;-999;-999;-999;-999;-999;-999;0.055;0.006;0.057;0.006;0.95;0.14;0.065;0.010;0.068;0.010;0.96;0.20;-999;0
GBOV_RM7_1653;SantaRita;Courtney Meier;cmeier@battelleecology.org;support-copernicus-gbov@acri-st.fr;NEON;983;Closed Shrublands;31.91068;-110.83549;20190401T152700Z;2.0;SRER_046;-999;-999;-999;-999;-999;-999;-999;-999;-999;-999;-999;-999;0.118;0.014;0.126;0.015;0.93;0.15;0.106;0.020;0.113;0.022;0.94;0.26;-999;0
GBOV_RM7_1653;SantaRita;Courtney Meier;cmeier@battelleecology.org;support-copernicus-gbov@acri-st.fr;NEON;983;Closed Shrublands;31.91068;-110.83549;20190415T141100Z;2.0;SRER_046;-999;-999;-999;-999;-999;-999;-999;-999;-999;-999;-999;-999;0.105;0.009;0.112;0.010;0.94;0.12;0.126;0.020;0.135;0.022;0.93;0.21;-999;0
GBOV_RM7_1653;SantaRita;Courtney Meier;cmeier@battelleecology.org;support-copernicus-gbov@acri-st.fr;NEON;983;Closed Shrublands;31.91068;-110.83549;20190430T081000Z;2.0;SRER_046;-999;-999;-999;-999;-999;-999;-999;-999;-999;-999;-999;-999;0.183;0.014;0.198;0.015;0.92;0.10;0.180;0.021;0.198;0.023;0.91;0.15;-999;0
GBOV_RM7_1653;SantaRita;Courtney Meier;cmeier@battelleecology.org;support-copernicus-gbov@acri-st.fr;NEON;983;Closed Shrublands;31.91068;-110.83549;20190513T120300Z;2.0;SRER_046;-999;-999;-999;-999;-999;-999;-999;-999;-999;-999;-999;-999;0.063;0.006;0.066;0.007;0.96;0.14;0.084;0.010;0.088;0.010;0.95;0.16;-999;0
GBOV_RM7_1653;SantaRita;Courtney Meier;cmeier@battelleecology.org;support-copernicus-gbov@acri-st.fr;NEON;983;Closed Shrublands;31.91068;-110.83549;20190527T100100Z;2.0;SRER_046;-999;-999;-999;-999;-999;-999;-999;-999;-999;-999;-999;-999;0.042;0.004;0.043;0.005;0.96;0.15;0.061;0.012;0.066;0.014;0.92;0.26;-999;0
GBOV_RM7_1653;SantaRita;Courtney Meier;cmeier@battelleecology.org;support-copernicus-gbov@acri-st.fr;NEON;983;Closed Shrublands;31.91068;-110.83549;20190610T090000Z;2.0;SRER_046;-999;-999;-999;-999;-999;-999;-999;-999;-999;-999;-999;-999;0.036;0.005;0.037;0.006;0.95;0.20;0.052;0.012;0.056;0.015;0.92;0.33;-999;2
GBOV_RM7_1653;SantaRita;Courtney Meier;cmeier@battelleecology.org;support-copernicus-gbov@acri-st.fr;NEON;983;Closed Shrublands;31.91068;-110.83549;20190624T104900Z;2.0;SRER_046;-999;-999;-999;-999;-999;-999;-999;-999;-999;-999;-999;-999;0.0151;0.0024;0.0156;0.0027;0.97;0.23;0.026;0.005;0.027;0.006;0.96;0.29;-999;0
GBOV_RM7_1653;SantaRita;Courtney Meier;cmeier@battelleecology.org;support-copernicus-gbov@acri-st.fr;NEON;983;Closed Shrublands;31.91068;-110.83549;20190708T090100Z;2.0;SRER_046;-999;-999;-999;-999;-999;-999;-999;-999;-999;-999;-999;-999;0.035;0.007;0.039;0.009;0.89;0.27;0.031;0.009;0.034;0.011;0.9;0.4;-999;0
GBOV_RM7_1653;SantaRita;Courtney Meier;cmeier@battelleecology.org;support-copernicus-gbov@acri-st.fr;NEON;983;Closed Shrublands;31.91068;-110.83549;20190722T111800Z;2.0;SRER_046;-999;-999;-999;-999;-999;-999;-999;-999;-999;-999;-999;-999;0.0068;0.0009;0.0068;0.0009;0.99;0.19;0.0128;0.0022;0.0130;0.0022;0.99;0.24;-999;0
GBOV_RM7_1653;SantaRita;Courtney Meier;cmeier@battelleecology.org;support-copernicus-gbov@acri-st.fr;NEON;983;Closed Shrublands;31.91068;-110.83549;20190805T100300Z;2.0;SRER_046;-999;-999;-999;-999;-999;-999;-999;-999;-999;-999;-999;-999;0.081;0.009;0.086;0.009;0.94;0.14;0.087;0.014;0.092;0.015;0.94;0.22;-999;0
GBOV_RM7_1653;SantaRita;Courtney Meier;cmeier@battelleecology.org;support-copernicus-gbov@acri-st.fr;NEON;983;Closed Shrublands;31.91068;-110.83549;20190819T123900Z;2.0;SRER_046;-999;-999;-999;-999;-999;-999;-999;-999;-999;-999;-999;-999;0.062;0.007;0.065;0.007;0.95;0.15;0.063;0.011;0.067;0.012;0.95;0.23;-999;0
GBOV_RM7_1653;SantaRita;Courtney Meier;cmeier@battelleecology.org;support-copernicus-gbov@acri-st.fr;NEON;983;Closed Shrublands;31.91068;-110.83549;20190902T132600Z;2.0;SRER_046;-999;-999;-999;-999;-999;-999;-999;-999;-999;-999;-999;-999;0.027;0.004;0.028;0.004;0.96;0.19;0.040;0.008;0.042;0.008;0.96;0.26;-999;0
GBOV_RM7_1653;SantaRita;Courtney Meier;cmeier@battelleecology.org;support-copernicus-gbov@acri-st.fr;NEON;983;Closed Shrublands;31.91068;-110.83549;20190917T085700Z;2.0;SRER_046;-999;-999;-999;-999;-999;-999;-999;-999;-999;-999;-999;-999;0.065;0.008;0.069;0.008;0.96;0.16;0.081;0.013;0.085;0.013;0.95;0.21;-999;0
GBOV_RM7_1653;SantaRita;Courtney Meier;cmeier@battelleecology.org;support-copernicus-gbov@acri-st.fr;NEON;983;Closed Shrublands;31.91068;-110.83549;20190930T120600Z;2.0;SRER_046;-999;-999;-999;-999;-999;-999;-999;-999;-999;-999;-999;-999;0.104;0.011;0.112;0.012;0.93;0.14;0.088;0.015;0.094;0.016;0.94;0.23;-999;0
GBOV_RM7_1653;SantaRita;Courtney Meier;cmeier@battelleecology.org;support-copernicus-gbov@acri-st.fr;NEON;983;Closed Shrublands;31.91068;-110.83549;20191014T104300Z;2.0;SRER_046;-999;-999;-999;-999;-999;-999;-999;-999;-999;-999;-999;-999;0.167;0.018;0.182;0.019;0.92;0.14;0.162;0.028;0.175;0.030;0.93;0.23;-999;0
GBOV_RM7_1653;SantaRita;Courtney Meier;cmeier@battelleecology.org;support-copernicus-gbov@acri-st.fr;NEON;983;Closed Shrublands;31.91068;-110.83549;20191028T111300Z;2.0;SRER_046;-999;-999;-999;-999;-999;-999;-999;-999;-999;-999;-999;-999;0.097;0.010;0.104;0.011;0.93;0.14;0.101;0.015;0.109;0.017;0.93;0.20;-999;0
