GBOV_ID;Site;GROUND_DATA_PI;GROUND_DATA_PIs_Email;GBOV_Email;Network;Elevation;IGBP_class;Lat_IS;Lon_IS;TIME_IS;Version;PLOT_ID;LAIe_Miller_up;LAIe_Miller_up_err;LAI_Miller_up;LAI_Miller_up_err;clumping_Miller_up;clumping_Miller_up_err;LAIe_Warren_up;LAIe_Warren_up_err;LAI_Warren_up;LAI_Warren_up_err;clumping_Warren_up;clumping_Warren_up_err;LAIe_Miller_down;LAIe_Miller_down_err;LAI_Miller_down;LAI_Miller_down_err;clumping_Miller_down;clumping_Miller_down_err;LAIe_Warren_down;LAIe_Warren_down_err;LAI_Warren_down;LAI_Warren_down_err;clumping_Warren_down;clumping_Warren_down_err;up_flag;down_flag
GBOV_RM7_808;Woodworth;Courtney Meier;cmeier@battelleecology.org;support-copernicus-gbov@acri-st.fr;NEON;579;Croplands;47.128231048584;-99.2413635253906;20160411T000000Z;2.0;WOOD_069;-999;-999;-999;-999;-999;-999;-999;-999;-999;-999;-999;-999;0.0329;0.0011;0.0330;0.0012;1.00;0.05;0.0264;0.0021;0.0267;0.0022;0.99;0.11;-999;0
GBOV_RM7_808;Woodworth;Courtney Meier;cmeier@battelleecology.org;support-copernicus-gbov@acri-st.fr;NEON;579;Croplands;47.128231048584;-99.2413635253906;20160427T000000Z;2.0;WOOD_069;-999;-999;-999;-999;-999;-999;-999;-999;-999;-999;-999;-999;0.0416;0.0021;0.0418;0.0022;0.99;0.07;0.044;0.005;0.045;0.005;0.99;0.16;-999;0
GBOV_RM7_808;Woodworth;Courtney Meier;cmeier@battelleecology.org;support-copernicus-gbov@acri-st.fr;NEON;579;Croplands;47.128231048584;-99.2413635253906;20160509T000000Z;2.0;WOOD_069;-999;-999;-999;-999;-999;-999;-999;-999;-999;-999;-999;-999;0.309;0.015;0.332;0.019;0.93;0.07;0.322;0.019;0.334;0.021;0.96;0.08;-999;0
GBOV_RM7_808;Woodworth;Courtney Meier;cmeier@battelleecology.org;support-copernicus-gbov@acri-st.fr;NEON;579;Croplands;47.128231048584;-99.2413635253906;20160523T000000Z;2.0;WOOD_069;-999;-999;-999;-999;-999;-999;-999;-999;-999;-999;-999;-999;0.763;0.025;0.841;0.031;0.91;0.04;0.89;0.05;0.99;0.06;0.90;0.07;-999;32
GBOV_RM7_808;Woodworth;Courtney Meier;cmeier@battelleecology.org;support-copernicus-gbov@acri-st.fr;NEON;579;Croplands;47.128231048584;-99.2413635253906;20160606T000000Z;2.0;WOOD_069;-999;-999;-999;-999;-999;-999;-999;-999;-999;-999;-999;-999;2.04;0.06;2.25;0.07;0.91;0.04;2.02;0.08;2.16;0.08;0.93;0.05;-999;0
GBOV_RM7_808;Woodworth;Courtney Meier;cmeier@battelleecology.org;support-copernicus-gbov@acri-st.fr;NEON;579;Croplands;47.128231048584;-99.2413635253906;20160620T000000Z;2.0;WOOD_069;-999;-999;-999;-999;-999;-999;-999;-999;-999;-999;-999;-999;1.60;0.04;1.71;0.05;0.93;0.04;1.33;0.05;1.40;0.05;0.95;0.05;-999;0
GBOV_RM7_808;Woodworth;Courtney Meier;cmeier@battelleecology.org;support-copernicus-gbov@acri-st.fr;NEON;579;Croplands;47.128231048584;-99.2413635253906;20160706T000000Z;2.0;WOOD_069;-999;-999;-999;-999;-999;-999;-999;-999;-999;-999;-999;-999;0.546;0.028;0.589;0.033;0.93;0.07;0.467;0.035;0.49;0.04;0.95;0.10;-999;0
GBOV_RM7_808;Woodworth;Courtney Meier;cmeier@battelleecology.org;support-copernicus-gbov@acri-st.fr;NEON;579;Croplands;47.128231048584;-99.2413635253906;20160718T000000Z;2.0;WOOD_069;-999;-999;-999;-999;-999;-999;-999;-999;-999;-999;-999;-999;0.511;0.029;0.555;0.035;0.92;0.08;0.45;0.05;0.49;0.06;0.93;0.14;-999;0
GBOV_RM7_808;Woodworth;Courtney Meier;cmeier@battelleecology.org;support-copernicus-gbov@acri-st.fr;NEON;579;Croplands;47.128231048584;-99.2413635253906;20160801T000000Z;2.0;WOOD_069;-999;-999;-999;-999;-999;-999;-999;-999;-999;-999;-999;-999;0.656;0.031;0.70;0.04;0.94;0.07;0.54;0.04;0.56;0.05;0.96;0.11;-999;0
GBOV_RM7_808;Woodworth;Courtney Meier;cmeier@battelleecology.org;support-copernicus-gbov@acri-st.fr;NEON;579;Croplands;47.128231048584;-99.2413635253906;20160815T000000Z;2.0;WOOD_069;-999;-999;-999;-999;-999;-999;-999;-999;-999;-999;-999;-999;0.979;0.031;1.046;0.034;0.94;0.04;0.82;0.05;0.88;0.06;0.92;0.08;-999;0
GBOV_RM7_808;Woodworth;Courtney Meier;cmeier@battelleecology.org;support-copernicus-gbov@acri-st.fr;NEON;579;Croplands;47.128231048584;-99.2413635253906;20160829T000000Z;2.0;WOOD_069;-999;-999;-999;-999;-999;-999;-999;-999;-999;-999;-999;-999;1.11;0.04;1.21;0.05;0.92;0.05;0.90;0.06;0.98;0.06;0.91;0.08;-999;0
GBOV_RM7_808;Woodworth;Courtney Meier;cmeier@battelleecology.org;support-copernicus-gbov@acri-st.fr;NEON;579;Croplands;47.128231048584;-99.2413635253906;20160912T000000Z;2.0;WOOD_069;-999;-999;-999;-999;-999;-999;-999;-999;-999;-999;-999;-999;0.940;0.034;1.01;0.04;0.93;0.05;0.72;0.04;0.78;0.05;0.93;0.08;-999;0
GBOV_RM7_808;Woodworth;Courtney Meier;cmeier@battelleecology.org;support-copernicus-gbov@acri-st.fr;NEON;579;Croplands;47.128231048584;-99.2413635253906;20160926T000000Z;2.0;WOOD_069;-999;-999;-999;-999;-999;-999;-999;-999;-999;-999;-999;-999;1.007;0.035;1.07;0.04;0.94;0.05;0.65;0.04;0.69;0.04;0.94;0.08;-999;0
GBOV_RM7_808;Woodworth;Courtney Meier;cmeier@battelleecology.org;support-copernicus-gbov@acri-st.fr;NEON;579;Croplands;47.128231048584;-99.2413635253906;20161011T000000Z;2.0;WOOD_069;-999;-999;-999;-999;-999;-999;-999;-999;-999;-999;-999;-999;0.204;0.014;0.212;0.014;0.96;0.09;0.125;0.018;0.130;0.019;0.96;0.20;-999;0
GBOV_RM7_808;Woodworth;Courtney Meier;cmeier@battelleecology.org;support-copernicus-gbov@acri-st.fr;NEON;579;Croplands;47.128231048584;-99.2413635253906;20170501T000000Z;2.0;WOOD_069;-999;-999;-999;-999;-999;-999;-999;-999;-999;-999;-999;-999;0.0455;0.0023;0.0457;0.0023;0.99;0.07;0.047;0.004;0.048;0.004;0.99;0.12;-999;0
GBOV_RM7_808;Woodworth;Courtney Meier;cmeier@battelleecology.org;support-copernicus-gbov@acri-st.fr;NEON;579;Croplands;47.128231048584;-99.2413635253906;20170515T000000Z;2.0;WOOD_069;-999;-999;-999;-999;-999;-999;-999;-999;-999;-999;-999;-999;0.101;0.005;0.102;0.005;0.99;0.07;0.098;0.008;0.100;0.008;0.99;0.11;-999;0
GBOV_RM7_808;Woodworth;Courtney Meier;cmeier@battelleecology.org;support-copernicus-gbov@acri-st.fr;NEON;579;Croplands;47.128231048584;-99.2413635253906;20170531T000000Z;2.0;WOOD_069;-999;-999;-999;-999;-999;-999;-999;-999;-999;-999;-999;-999;0.629;0.019;0.657;0.021;0.96;0.04;0.604;0.027;0.630;0.029;0.96;0.06;-999;0
GBOV_RM7_808;Woodworth;Courtney Meier;cmeier@battelleecology.org;support-copernicus-gbov@acri-st.fr;NEON;579;Croplands;47.128231048584;-99.2413635253906;20170612T000000Z;2.0;WOOD_069;-999;-999;-999;-999;-999;-999;-999;-999;-999;-999;-999;-999;0.651;0.029;0.713;0.033;0.91;0.06;0.70;0.06;0.77;0.07;0.92;0.11;-999;0
GBOV_RM7_808;Woodworth;Courtney Meier;cmeier@battelleecology.org;support-copernicus-gbov@acri-st.fr;NEON;579;Croplands;47.128231048584;-99.2413635253906;20170627T000000Z;2.0;WOOD_069;-999;-999;-999;-999;-999;-999;-999;-999;-999;-999;-999;-999;1.69;0.06;1.90;0.06;0.89;0.04;1.59;0.08;1.77;0.10;0.90;0.07;-999;0
GBOV_RM7_808;Woodworth;Courtney Meier;cmeier@battelleecology.org;support-copernicus-gbov@acri-st.fr;NEON;579;Croplands;47.128231048584;-99.2413635253906;20170710T000000Z;2.0;WOOD_069;-999;-999;-999;-999;-999;-999;-999;-999;-999;-999;-999;-999;1.50;0.06;1.67;0.07;0.90;0.05;1.31;0.07;1.40;0.08;0.94;0.07;-999;0
GBOV_RM7_808;Woodworth;Courtney Meier;cmeier@battelleecology.org;support-copernicus-gbov@acri-st.fr;NEON;579;Croplands;47.128231048584;-99.2413635253906;20170726T000000Z;2.0;WOOD_069;-999;-999;-999;-999;-999;-999;-999;-999;-999;-999;-999;-999;0.99;0.05;1.10;0.06;0.90;0.07;0.81;0.07;0.87;0.08;0.93;0.11;-999;0
GBOV_RM7_808;Woodworth;Courtney Meier;cmeier@battelleecology.org;support-copernicus-gbov@acri-st.fr;NEON;579;Croplands;47.128231048584;-99.2413635253906;20170807T000000Z;2.0;WOOD_069;-999;-999;-999;-999;-999;-999;-999;-999;-999;-999;-999;-999;0.89;0.04;0.95;0.04;0.93;0.06;0.71;0.04;0.75;0.04;0.95;0.08;-999;0
GBOV_RM7_808;Woodworth;Courtney Meier;cmeier@battelleecology.org;support-copernicus-gbov@acri-st.fr;NEON;579;Croplands;47.128231048584;-99.2413635253906;20170824T000000Z;2.0;WOOD_069;-999;-999;-999;-999;-999;-999;-999;-999;-999;-999;-999;-999;0.390;0.015;0.402;0.015;0.97;0.05;0.365;0.027;0.377;0.028;0.97;0.10;-999;2
GBOV_RM7_808;Woodworth;Courtney Meier;cmeier@battelleecology.org;support-copernicus-gbov@acri-st.fr;NEON;579;Croplands;47.128231048584;-99.2413635253906;20170905T000000Z;2.0;WOOD_069;-999;-999;-999;-999;-999;-999;-999;-999;-999;-999;-999;-999;0.152;0.006;0.156;0.007;0.98;0.06;0.150;0.013;0.154;0.013;0.97;0.12;-999;0
GBOV_RM7_808;Woodworth;Courtney Meier;cmeier@battelleecology.org;support-copernicus-gbov@acri-st.fr;NEON;579;Croplands;47.128231048584;-99.2413635253906;20170918T000000Z;2.0;WOOD_069;-999;-999;-999;-999;-999;-999;-999;-999;-999;-999;-999;-999;0.148;0.007;0.155;0.008;0.95;0.07;0.144;0.011;0.149;0.012;0.97;0.11;-999;0
GBOV_RM7_808;Woodworth;Courtney Meier;cmeier@battelleecology.org;support-copernicus-gbov@acri-st.fr;NEON;579;Croplands;47.128231048584;-99.2413635253906;20171002T000000Z;2.0;WOOD_069;-999;-999;-999;-999;-999;-999;-999;-999;-999;-999;-999;-999;0.220;0.011;0.231;0.013;0.95;0.07;0.188;0.013;0.198;0.014;0.95;0.10;-999;0
GBOV_RM7_808;Woodworth;Courtney Meier;cmeier@battelleecology.org;support-copernicus-gbov@acri-st.fr;NEON;579;Croplands;47.128231048584;-99.2413635253906;20171016T000000Z;2.0;WOOD_069;-999;-999;-999;-999;-999;-999;-999;-999;-999;-999;-999;-999;0.237;0.013;0.248;0.014;0.96;0.08;0.197;0.019;0.206;0.021;0.96;0.14;-999;32
GBOV_RM7_808;Woodworth;Courtney Meier;cmeier@battelleecology.org;support-copernicus-gbov@acri-st.fr;NEON;579;Croplands;47.128231048584;-99.2413635253906;20180502T000000Z;2.0;WOOD_069;-999;-999;-999;-999;-999;-999;-999;-999;-999;-999;-999;-999;0.0411;0.0029;0.0415;0.0030;0.99;0.10;0.044;0.004;0.045;0.004;0.99;0.14;-999;0
GBOV_RM7_808;Woodworth;Courtney Meier;cmeier@battelleecology.org;support-copernicus-gbov@acri-st.fr;NEON;579;Croplands;47.128231048584;-99.2413635253906;20180516T000000Z;2.0;WOOD_069;-999;-999;-999;-999;-999;-999;-999;-999;-999;-999;-999;-999;0.292;0.014;0.304;0.015;0.96;0.07;0.312;0.023;0.325;0.025;0.96;0.10;-999;0
GBOV_RM7_808;Woodworth;Courtney Meier;cmeier@battelleecology.org;support-copernicus-gbov@acri-st.fr;NEON;579;Croplands;47.128231048584;-99.2413635253906;20180601T000000Z;2.0;WOOD_069;-999;-999;-999;-999;-999;-999;-999;-999;-999;-999;-999;-999;1.76;0.06;2.00;0.08;0.88;0.04;1.78;0.09;2.01;0.11;0.89;0.06;-999;0
GBOV_RM7_808;Woodworth;Courtney Meier;cmeier@battelleecology.org;support-copernicus-gbov@acri-st.fr;NEON;579;Croplands;47.128231048584;-99.2413635253906;20180612T000000Z;2.0;WOOD_069;-999;-999;-999;-999;-999;-999;-999;-999;-999;-999;-999;-999;1.84;0.05;2.02;0.06;0.91;0.04;1.68;0.06;1.80;0.07;0.93;0.05;-999;0
GBOV_RM7_808;Woodworth;Courtney Meier;cmeier@battelleecology.org;support-copernicus-gbov@acri-st.fr;NEON;579;Croplands;47.128231048584;-99.2413635253906;20180627T000000Z;2.0;WOOD_069;-999;-999;-999;-999;-999;-999;-999;-999;-999;-999;-999;-999;1.42;0.04;1.53;0.05;0.93;0.04;1.19;0.05;1.25;0.05;0.95;0.06;-999;0
GBOV_RM7_808;Woodworth;Courtney Meier;cmeier@battelleecology.org;support-copernicus-gbov@acri-st.fr;NEON;579;Croplands;47.128231048584;-99.2413635253906;20180710T000000Z;2.0;WOOD_069;-999;-999;-999;-999;-999;-999;-999;-999;-999;-999;-999;-999;1.22;0.04;1.29;0.04;0.95;0.04;1.05;0.05;1.10;0.05;0.95;0.06;-999;0
GBOV_RM7_808;Woodworth;Courtney Meier;cmeier@battelleecology.org;support-copernicus-gbov@acri-st.fr;NEON;579;Croplands;47.128231048584;-99.2413635253906;20180726T000000Z;2.0;WOOD_069;-999;-999;-999;-999;-999;-999;-999;-999;-999;-999;-999;-999;0.244;0.012;0.253;0.013;0.97;0.07;0.222;0.019;0.229;0.020;0.97;0.12;-999;0
GBOV_RM7_808;Woodworth;Courtney Meier;cmeier@battelleecology.org;support-copernicus-gbov@acri-st.fr;NEON;579;Croplands;47.128231048584;-99.2413635253906;20180806T000000Z;2.0;WOOD_069;-999;-999;-999;-999;-999;-999;-999;-999;-999;-999;-999;-999;0.306;0.011;0.318;0.012;0.96;0.05;0.258;0.015;0.268;0.017;0.96;0.08;-999;0
GBOV_RM7_808;Woodworth;Courtney Meier;cmeier@battelleecology.org;support-copernicus-gbov@acri-st.fr;NEON;579;Croplands;47.128231048584;-99.2413635253906;20180820T000000Z;2.0;WOOD_069;-999;-999;-999;-999;-999;-999;-999;-999;-999;-999;-999;-999;0.130;0.011;0.146;0.014;0.89;0.12;0.086;0.012;0.093;0.014;0.93;0.19;-999;0
GBOV_RM7_808;Woodworth;Courtney Meier;cmeier@battelleecology.org;support-copernicus-gbov@acri-st.fr;NEON;579;Croplands;47.128231048584;-99.2413635253906;20180906T000000Z;2.0;WOOD_069;-999;-999;-999;-999;-999;-999;-999;-999;-999;-999;-999;-999;0.401;0.024;0.433;0.029;0.93;0.08;0.28;0.04;0.30;0.04;0.93;0.17;-999;0
GBOV_RM7_808;Woodworth;Courtney Meier;cmeier@battelleecology.org;support-copernicus-gbov@acri-st.fr;NEON;579;Croplands;47.128231048584;-99.2413635253906;20180919T000000Z;2.0;WOOD_069;-999;-999;-999;-999;-999;-999;-999;-999;-999;-999;-999;-999;0.218;0.016;0.235;0.019;0.93;0.10;0.123;0.013;0.129;0.014;0.95;0.15;-999;0
GBOV_RM7_808;Woodworth;Courtney Meier;cmeier@battelleecology.org;support-copernicus-gbov@acri-st.fr;NEON;579;Croplands;47.128231048584;-99.2413635253906;20181001T000000Z;2.0;WOOD_069;-999;-999;-999;-999;-999;-999;-999;-999;-999;-999;-999;-999;0.169;0.011;0.179;0.013;0.95;0.09;0.093;0.012;0.099;0.016;0.94;0.19;-999;0
GBOV_RM7_808;Woodworth;Courtney Meier;cmeier@battelleecology.org;support-copernicus-gbov@acri-st.fr;NEON;579;Croplands;47.128231048584;-99.2413635253906;20181015T000000Z;2.0;WOOD_069;-999;-999;-999;-999;-999;-999;-999;-999;-999;-999;-999;-999;0.105;0.007;0.108;0.007;0.97;0.09;0.063;0.010;0.069;0.014;0.91;0.24;-999;0
GBOV_RM7_808;Woodworth;Courtney Meier;cmeier@battelleecology.org;support-copernicus-gbov@acri-st.fr;NEON;579;Croplands;47.128231048584;-99.2413635253906;20190430T130800Z;2.0;WOOD_069;-999;-999;-999;-999;-999;-999;-999;-999;-999;-999;-999;-999;0.0353;0.0019;0.0354;0.0019;0.99;0.08;0.0330;0.0026;0.0332;0.0026;0.99;0.11;-999;0
GBOV_RM7_808;Woodworth;Courtney Meier;cmeier@battelleecology.org;support-copernicus-gbov@acri-st.fr;NEON;579;Croplands;47.128231048584;-99.2413635253906;20190513T132800Z;2.0;WOOD_069;-999;-999;-999;-999;-999;-999;-999;-999;-999;-999;-999;-999;0.137;0.006;0.139;0.006;0.99;0.06;0.127;0.008;0.129;0.008;0.98;0.09;-999;0
GBOV_RM7_808;Woodworth;Courtney Meier;cmeier@battelleecology.org;support-copernicus-gbov@acri-st.fr;NEON;579;Croplands;47.128231048584;-99.2413635253906;20190529T145100Z;2.0;WOOD_069;-999;-999;-999;-999;-999;-999;-999;-999;-999;-999;-999;-999;0.658;0.028;0.697;0.029;0.94;0.06;0.72;0.05;0.78;0.06;0.93;0.10;-999;0
GBOV_RM7_808;Woodworth;Courtney Meier;cmeier@battelleecology.org;support-copernicus-gbov@acri-st.fr;NEON;579;Croplands;47.128231048584;-99.2413635253906;20190613T100300Z;2.0;WOOD_069;-999;-999;-999;-999;-999;-999;-999;-999;-999;-999;-999;-999;1.63;0.05;1.76;0.06;0.93;0.04;1.62;0.10;1.77;0.11;0.92;0.08;-999;0
GBOV_RM7_808;Woodworth;Courtney Meier;cmeier@battelleecology.org;support-copernicus-gbov@acri-st.fr;NEON;579;Croplands;47.128231048584;-99.2413635253906;20190627T114900Z;2.0;WOOD_069;-999;-999;-999;-999;-999;-999;-999;-999;-999;-999;-999;-999;1.71;0.05;1.84;0.06;0.93;0.04;1.60;0.06;1.68;0.06;0.95;0.05;-999;0
GBOV_RM7_808;Woodworth;Courtney Meier;cmeier@battelleecology.org;support-copernicus-gbov@acri-st.fr;NEON;579;Croplands;47.128231048584;-99.2413635253906;20190711T103800Z;2.0;WOOD_069;-999;-999;-999;-999;-999;-999;-999;-999;-999;-999;-999;-999;2.01;0.06;2.14;0.06;0.94;0.04;1.50;0.06;1.59;0.06;0.95;0.05;-999;0
GBOV_RM7_808;Woodworth;Courtney Meier;cmeier@battelleecology.org;support-copernicus-gbov@acri-st.fr;NEON;579;Croplands;47.128231048584;-99.2413635253906;20190723T105900Z;2.0;WOOD_069;-999;-999;-999;-999;-999;-999;-999;-999;-999;-999;-999;-999;1.74;0.05;1.83;0.05;0.95;0.04;1.19;0.05;1.26;0.06;0.94;0.06;-999;0
GBOV_RM7_808;Woodworth;Courtney Meier;cmeier@battelleecology.org;support-copernicus-gbov@acri-st.fr;NEON;579;Croplands;47.128231048584;-99.2413635253906;20190805T122800Z;2.0;WOOD_069;-999;-999;-999;-999;-999;-999;-999;-999;-999;-999;-999;-999;1.69;0.05;1.78;0.05;0.95;0.04;1.10;0.04;1.15;0.04;0.96;0.05;-999;0
GBOV_RM7_808;Woodworth;Courtney Meier;cmeier@battelleecology.org;support-copernicus-gbov@acri-st.fr;NEON;579;Croplands;47.128231048584;-99.2413635253906;20190820T132200Z;2.0;WOOD_069;-999;-999;-999;-999;-999;-999;-999;-999;-999;-999;-999;-999;0.753;0.023;0.782;0.024;0.96;0.04;0.516;0.025;0.529;0.025;0.97;0.07;-999;0
GBOV_RM7_808;Woodworth;Courtney Meier;cmeier@battelleecology.org;support-copernicus-gbov@acri-st.fr;NEON;579;Croplands;47.128231048584;-99.2413635253906;20190904T141100Z;2.0;WOOD_069;-999;-999;-999;-999;-999;-999;-999;-999;-999;-999;-999;-999;0.386;0.012;0.396;0.013;0.98;0.04;0.305;0.014;0.311;0.014;0.98;0.06;-999;0
GBOV_RM7_808;Woodworth;Courtney Meier;cmeier@battelleecology.org;support-copernicus-gbov@acri-st.fr;NEON;579;Croplands;47.128231048584;-99.2413635253906;20190918T102900Z;2.0;WOOD_069;-999;-999;-999;-999;-999;-999;-999;-999;-999;-999;-999;-999;0.514;0.015;0.530;0.015;0.97;0.04;0.371;0.017;0.383;0.018;0.97;0.06;-999;0
GBOV_RM7_808;Woodworth;Courtney Meier;cmeier@battelleecology.org;support-copernicus-gbov@acri-st.fr;NEON;579;Croplands;47.128231048584;-99.2413635253906;20191004T090100Z;2.0;WOOD_069;-999;-999;-999;-999;-999;-999;-999;-999;-999;-999;-999;-999;0.800;0.028;0.857;0.031;0.93;0.05;0.62;0.04;0.65;0.04;0.94;0.08;-999;0
GBOV_RM7_808;Woodworth;Courtney Meier;cmeier@battelleecology.org;support-copernicus-gbov@acri-st.fr;NEON;579;Croplands;47.128231048584;-99.2413635253906;20191017T103900Z;2.0;WOOD_069;-999;-999;-999;-999;-999;-999;-999;-999;-999;-999;-999;-999;0.469;0.035;0.53;0.04;0.88;0.09;0.38;0.05;0.43;0.05;0.89;0.16;-999;4
