GBOV_ID;Site;GROUND_DATA_PI;GROUND_DATA_PIs_Email;GBOV_Email;Network;Elevation;IGBP_class;Lat_IS;Lon_IS;TIME_IS;Version;PLOT_ID;LAIe_Miller_up;LAIe_Miller_up_err;LAI_Miller_up;LAI_Miller_up_err;clumping_Miller_up;clumping_Miller_up_err;LAIe_Warren_up;LAIe_Warren_up_err;LAI_Warren_up;LAI_Warren_up_err;clumping_Warren_up;clumping_Warren_up_err;LAIe_Miller_down;LAIe_Miller_down_err;LAI_Miller_down;LAI_Miller_down_err;clumping_Miller_down;clumping_Miller_down_err;LAIe_Warren_down;LAIe_Warren_down_err;LAI_Warren_down;LAI_Warren_down_err;clumping_Warren_down;clumping_Warren_down_err;up_flag;down_flag
GBOV_RM7_345;DisneyWildernessPreserve;Courtney Meier;cmeier@battelleecology.org;support-copernicus-gbov@acri-st.fr;NEON;15;Woody Savannas;28.1250400543213;-81.43625;20130211T000000Z;2.0;DSNY_053;-999;-999;-999;-999;-999;-999;-999;-999;-999;-999;-999;-999;1.10;0.04;1.19;0.04;0.92;0.05;0.85;0.05;0.91;0.06;0.93;0.08;-999;0
GBOV_RM7_345;DisneyWildernessPreserve;Courtney Meier;cmeier@battelleecology.org;support-copernicus-gbov@acri-st.fr;NEON;15;Woody Savannas;28.1250400543213;-81.43625;20130421T000000Z;2.0;DSNY_053;-999;-999;-999;-999;-999;-999;-999;-999;-999;-999;-999;-999;0.897;0.034;0.99;0.04;0.91;0.05;0.75;0.04;0.81;0.04;0.92;0.07;-999;0
GBOV_RM7_345;DisneyWildernessPreserve;Courtney Meier;cmeier@battelleecology.org;support-copernicus-gbov@acri-st.fr;NEON;15;Woody Savannas;28.1250400543213;-81.43625;20130515T000000Z;2.0;DSNY_053;-999;-999;-999;-999;-999;-999;-999;-999;-999;-999;-999;-999;1.18;0.05;1.35;0.07;0.87;0.06;0.91;0.05;0.99;0.06;0.92;0.08;-999;0
GBOV_RM7_345;DisneyWildernessPreserve;Courtney Meier;cmeier@battelleecology.org;support-copernicus-gbov@acri-st.fr;NEON;15;Woody Savannas;28.1250400543213;-81.43625;20130604T000000Z;2.0;DSNY_053;-999;-999;-999;-999;-999;-999;-999;-999;-999;-999;-999;-999;0.95;0.04;1.04;0.04;0.92;0.05;0.81;0.07;0.88;0.07;0.92;0.11;-999;0
GBOV_RM7_345;DisneyWildernessPreserve;Courtney Meier;cmeier@battelleecology.org;support-copernicus-gbov@acri-st.fr;NEON;15;Woody Savannas;28.1250400543213;-81.43625;20130620T000000Z;2.0;DSNY_053;-999;-999;-999;-999;-999;-999;-999;-999;-999;-999;-999;-999;1.24;0.07;1.42;0.08;0.88;0.07;0.99;0.09;1.09;0.10;0.91;0.12;-999;48
GBOV_RM7_345;DisneyWildernessPreserve;Courtney Meier;cmeier@battelleecology.org;support-copernicus-gbov@acri-st.fr;NEON;15;Woody Savannas;28.1250400543213;-81.43625;20130702T000000Z;2.0;DSNY_053;-999;-999;-999;-999;-999;-999;-999;-999;-999;-999;-999;-999;1.09;0.04;1.20;0.05;0.90;0.05;0.89;0.07;1.00;0.08;0.90;0.10;-999;0
GBOV_RM7_345;DisneyWildernessPreserve;Courtney Meier;cmeier@battelleecology.org;support-copernicus-gbov@acri-st.fr;NEON;15;Woody Savannas;28.1250400543213;-81.43625;20130814T000000Z;2.0;DSNY_053;-999;-999;-999;-999;-999;-999;-999;-999;-999;-999;-999;-999;1.62;0.05;1.81;0.06;0.89;0.04;1.63;0.10;1.81;0.11;0.90;0.08;-999;0
GBOV_RM7_345;DisneyWildernessPreserve;Courtney Meier;cmeier@battelleecology.org;support-copernicus-gbov@acri-st.fr;NEON;15;Woody Savannas;28.1250400543213;-81.43625;20130827T000000Z;2.0;DSNY_053;-999;-999;-999;-999;-999;-999;-999;-999;-999;-999;-999;-999;1.16;0.05;1.30;0.07;0.90;0.06;1.01;0.07;1.09;0.08;0.93;0.10;-999;0
GBOV_RM7_345;DisneyWildernessPreserve;Courtney Meier;cmeier@battelleecology.org;support-copernicus-gbov@acri-st.fr;NEON;15;Woody Savannas;28.1250400543213;-81.43625;20130909T000000Z;2.0;DSNY_053;-999;-999;-999;-999;-999;-999;-999;-999;-999;-999;-999;-999;2.05;0.09;2.40;0.13;0.85;0.06;1.73;0.15;1.98;0.20;0.87;0.12;-999;0
GBOV_RM7_345;DisneyWildernessPreserve;Courtney Meier;cmeier@battelleecology.org;support-copernicus-gbov@acri-st.fr;NEON;15;Woody Savannas;28.1250400543213;-81.43625;20130925T000000Z;2.0;DSNY_053;-999;-999;-999;-999;-999;-999;-999;-999;-999;-999;-999;-999;1.87;0.09;2.32;0.13;0.81;0.06;1.47;0.16;1.79;0.19;0.82;0.13;-999;0
GBOV_RM7_345;DisneyWildernessPreserve;Courtney Meier;cmeier@battelleecology.org;support-copernicus-gbov@acri-st.fr;NEON;15;Woody Savannas;28.1250400543213;-81.43625;20131008T000000Z;2.0;DSNY_053;-999;-999;-999;-999;-999;-999;-999;-999;-999;-999;-999;-999;1.48;0.09;1.95;0.15;0.76;0.08;1.13;0.14;1.46;0.23;0.78;0.16;-999;0
GBOV_RM7_345;DisneyWildernessPreserve;Courtney Meier;cmeier@battelleecology.org;support-copernicus-gbov@acri-st.fr;NEON;15;Woody Savannas;28.1250400543213;-81.43625;20131101T000000Z;2.0;DSNY_053;-999;-999;-999;-999;-999;-999;-999;-999;-999;-999;-999;-999;0.47;0.04;0.54;0.04;0.86;0.10;0.37;0.06;0.42;0.07;0.88;0.20;-999;0
GBOV_RM7_345;DisneyWildernessPreserve;Courtney Meier;cmeier@battelleecology.org;support-copernicus-gbov@acri-st.fr;NEON;15;Woody Savannas;28.1250400543213;-81.43625;20131114T000000Z;2.0;DSNY_053;-999;-999;-999;-999;-999;-999;-999;-999;-999;-999;-999;-999;0.48;0.04;0.56;0.04;0.86;0.09;0.38;0.06;0.44;0.07;0.87;0.19;-999;0
GBOV_RM7_345;DisneyWildernessPreserve;Courtney Meier;cmeier@battelleecology.org;support-copernicus-gbov@acri-st.fr;NEON;15;Woody Savannas;28.1250400543213;-81.43625;20140327T000000Z;2.0;DSNY_053;-999;-999;-999;-999;-999;-999;-999;-999;-999;-999;-999;-999;0.367;0.012;0.382;0.013;0.96;0.05;0.237;0.018;0.246;0.020;0.96;0.11;-999;0
GBOV_RM7_345;DisneyWildernessPreserve;Courtney Meier;cmeier@battelleecology.org;support-copernicus-gbov@acri-st.fr;NEON;15;Woody Savannas;28.1250400543213;-81.43625;20140730T000000Z;2.0;DSNY_053;-999;-999;-999;-999;-999;-999;-999;-999;-999;-999;-999;-999;1.15;0.04;1.23;0.05;0.94;0.05;0.90;0.06;0.95;0.07;0.95;0.09;-999;64
GBOV_RM7_345;DisneyWildernessPreserve;Courtney Meier;cmeier@battelleecology.org;support-copernicus-gbov@acri-st.fr;NEON;15;Woody Savannas;28.1250400543213;-81.43625;20150310T000000Z;2.0;DSNY_053;-999;-999;-999;-999;-999;-999;-999;-999;-999;-999;-999;-999;0.134;0.011;0.141;0.012;0.95;0.11;0.096;0.017;0.100;0.019;0.96;0.25;-999;32
GBOV_RM7_345;DisneyWildernessPreserve;Courtney Meier;cmeier@battelleecology.org;support-copernicus-gbov@acri-st.fr;NEON;15;Woody Savannas;28.1250400543213;-81.43625;20150325T000000Z;2.0;DSNY_053;0.273;0.020;0.38;0.04;0.72;0.10;0.30;0.04;0.45;0.09;0.67;0.16;-999;-999;-999;-999;-999;-999;-999;-999;-999;-999;-999;-999;128;-999
GBOV_RM7_345;DisneyWildernessPreserve;Courtney Meier;cmeier@battelleecology.org;support-copernicus-gbov@acri-st.fr;NEON;15;Woody Savannas;28.1250400543213;-81.43625;20150408T000000Z;2.0;DSNY_053;0.310;0.021;0.45;0.04;0.69;0.07;0.46;0.05;0.78;0.11;0.58;0.10;-999;-999;-999;-999;-999;-999;-999;-999;-999;-999;-999;-999;128;-999
GBOV_RM7_345;DisneyWildernessPreserve;Courtney Meier;cmeier@battelleecology.org;support-copernicus-gbov@acri-st.fr;NEON;15;Woody Savannas;28.1250400543213;-81.43625;20150421T000000Z;2.0;DSNY_053;0.294;0.024;0.38;0.04;0.77;0.10;0.37;0.06;0.57;0.11;0.66;0.17;-999;-999;-999;-999;-999;-999;-999;-999;-999;-999;-999;-999;128;-999
GBOV_RM7_345;DisneyWildernessPreserve;Courtney Meier;cmeier@battelleecology.org;support-copernicus-gbov@acri-st.fr;NEON;15;Woody Savannas;28.1250400543213;-81.43625;20150506T000000Z;2.0;DSNY_053;0.34;0.04;0.64;0.10;0.54;0.11;0.41;0.10;0.80;0.23;0.51;0.19;-999;-999;-999;-999;-999;-999;-999;-999;-999;-999;-999;-999;128;-999
GBOV_RM7_345;DisneyWildernessPreserve;Courtney Meier;cmeier@battelleecology.org;support-copernicus-gbov@acri-st.fr;NEON;15;Woody Savannas;28.1250400543213;-81.43625;20150521T000000Z;2.0;DSNY_053;0.436;0.028;0.61;0.05;0.71;0.07;0.57;0.06;0.98;0.14;0.58;0.10;-999;-999;-999;-999;-999;-999;-999;-999;-999;-999;-999;-999;128;-999
GBOV_RM7_345;DisneyWildernessPreserve;Courtney Meier;cmeier@battelleecology.org;support-copernicus-gbov@acri-st.fr;NEON;15;Woody Savannas;28.1250400543213;-81.43625;20150603T000000Z;2.0;DSNY_053;-999;-999;-999;-999;-999;-999;-999;-999;-999;-999;-999;-999;1.304;0.034;1.36;0.04;0.96;0.04;0.931;0.031;0.968;0.033;0.96;0.05;-999;0
GBOV_RM7_345;DisneyWildernessPreserve;Courtney Meier;cmeier@battelleecology.org;support-copernicus-gbov@acri-st.fr;NEON;15;Woody Savannas;28.1250400543213;-81.43625;20150617T000000Z;2.0;DSNY_053;-999;-999;-999;-999;-999;-999;-999;-999;-999;-999;-999;-999;0.77;0.04;0.86;0.05;0.90;0.07;0.50;0.05;0.55;0.06;0.91;0.14;-999;64
GBOV_RM7_345;DisneyWildernessPreserve;Courtney Meier;cmeier@battelleecology.org;support-copernicus-gbov@acri-st.fr;NEON;15;Woody Savannas;28.1250400543213;-81.43625;20150630T000000Z;2.0;DSNY_053;0.067;0.009;0.084;0.013;0.80;0.16;0.105;0.023;0.16;0.05;0.64;0.25;-999;-999;-999;-999;-999;-999;-999;-999;-999;-999;-999;-999;128;-999
GBOV_RM7_345;DisneyWildernessPreserve;Courtney Meier;cmeier@battelleecology.org;support-copernicus-gbov@acri-st.fr;NEON;15;Woody Savannas;28.1250400543213;-81.43625;20150716T000000Z;2.0;DSNY_053;0.49;0.04;0.72;0.06;0.68;0.08;0.64;0.09;1.11;0.18;0.57;0.12;-999;-999;-999;-999;-999;-999;-999;-999;-999;-999;-999;-999;128;-999
GBOV_RM7_345;DisneyWildernessPreserve;Courtney Meier;cmeier@battelleecology.org;support-copernicus-gbov@acri-st.fr;NEON;15;Woody Savannas;28.1250400543213;-81.43625;20150729T000000Z;2.0;DSNY_053;-999;-999;-999;-999;-999;-999;-999;-999;-999;-999;-999;-999;1.35;0.05;1.49;0.06;0.91;0.05;0.97;0.06;1.05;0.07;0.93;0.08;-999;0
GBOV_RM7_345;DisneyWildernessPreserve;Courtney Meier;cmeier@battelleecology.org;support-copernicus-gbov@acri-st.fr;NEON;15;Woody Savannas;28.1250400543213;-81.43625;20150814T000000Z;2.0;DSNY_053;-999;-999;-999;-999;-999;-999;-999;-999;-999;-999;-999;-999;1.53;0.04;1.59;0.04;0.961;0.035;1.21;0.06;1.25;0.06;0.96;0.07;-999;0
GBOV_RM7_345;DisneyWildernessPreserve;Courtney Meier;cmeier@battelleecology.org;support-copernicus-gbov@acri-st.fr;NEON;15;Woody Savannas;28.1250400543213;-81.43625;20150826T000000Z;2.0;DSNY_053;-999;-999;-999;-999;-999;-999;-999;-999;-999;-999;-999;-999;1.13;0.04;1.25;0.05;0.91;0.05;0.75;0.05;0.81;0.05;0.92;0.08;-999;16
GBOV_RM7_345;DisneyWildernessPreserve;Courtney Meier;cmeier@battelleecology.org;support-copernicus-gbov@acri-st.fr;NEON;15;Woody Savannas;28.1250400543213;-81.43625;20150908T000000Z;2.0;DSNY_053;0.48;0.04;0.78;0.07;0.62;0.07;0.68;0.08;1.23;0.16;0.56;0.10;-999;-999;-999;-999;-999;-999;-999;-999;-999;-999;-999;-999;128;-999
GBOV_RM7_345;DisneyWildernessPreserve;Courtney Meier;cmeier@battelleecology.org;support-copernicus-gbov@acri-st.fr;NEON;15;Woody Savannas;28.1250400543213;-81.43625;20150921T000000Z;2.0;DSNY_053;-999;-999;-999;-999;-999;-999;-999;-999;-999;-999;-999;-999;0.882;0.031;0.97;0.04;0.91;0.05;0.656;0.031;0.72;0.04;0.91;0.07;-999;0
GBOV_RM7_345;DisneyWildernessPreserve;Courtney Meier;cmeier@battelleecology.org;support-copernicus-gbov@acri-st.fr;NEON;15;Woody Savannas;28.1250400543213;-81.43625;20151006T000000Z;2.0;DSNY_053;-999;-999;-999;-999;-999;-999;-999;-999;-999;-999;-999;-999;0.854;0.034;0.94;0.04;0.91;0.05;0.58;0.04;0.63;0.04;0.92;0.09;-999;16
GBOV_RM7_345;DisneyWildernessPreserve;Courtney Meier;cmeier@battelleecology.org;support-copernicus-gbov@acri-st.fr;NEON;15;Woody Savannas;28.1250400543213;-81.43625;20151021T000000Z;2.0;DSNY_053;-999;-999;-999;-999;-999;-999;-999;-999;-999;-999;-999;-999;0.91;0.04;1.03;0.05;0.88;0.06;0.69;0.04;0.77;0.04;0.89;0.07;-999;16
GBOV_RM7_345;DisneyWildernessPreserve;Courtney Meier;cmeier@battelleecology.org;support-copernicus-gbov@acri-st.fr;NEON;15;Woody Savannas;28.1250400543213;-81.43625;20160311T000000Z;2.0;DSNY_053;-999;-999;-999;-999;-999;-999;-999;-999;-999;-999;-999;-999;0.116;0.011;0.124;0.012;0.94;0.13;0.078;0.012;0.083;0.014;0.94;0.21;-999;0
GBOV_RM7_345;DisneyWildernessPreserve;Courtney Meier;cmeier@battelleecology.org;support-copernicus-gbov@acri-st.fr;NEON;15;Woody Savannas;28.1250400543213;-81.43625;20160322T000000Z;2.0;DSNY_053;-999;-999;-999;-999;-999;-999;-999;-999;-999;-999;-999;-999;0.125;0.010;0.134;0.011;0.93;0.11;0.130;0.016;0.137;0.017;0.95;0.16;-999;1
GBOV_RM7_345;DisneyWildernessPreserve;Courtney Meier;cmeier@battelleecology.org;support-copernicus-gbov@acri-st.fr;NEON;15;Woody Savannas;28.1250400543213;-81.43625;20160407T000000Z;2.0;DSNY_053;-999;-999;-999;-999;-999;-999;-999;-999;-999;-999;-999;-999;1.19;0.04;1.30;0.06;0.92;0.05;0.89;0.05;0.93;0.05;0.95;0.07;-999;16
GBOV_RM7_345;DisneyWildernessPreserve;Courtney Meier;cmeier@battelleecology.org;support-copernicus-gbov@acri-st.fr;NEON;15;Woody Savannas;28.1250400543213;-81.43625;20160418T000000Z;2.0;DSNY_053;-999;-999;-999;-999;-999;-999;-999;-999;-999;-999;-999;-999;1.42;0.04;1.52;0.04;0.933;0.035;1.13;0.04;1.19;0.04;0.95;0.05;-999;16
GBOV_RM7_345;DisneyWildernessPreserve;Courtney Meier;cmeier@battelleecology.org;support-copernicus-gbov@acri-st.fr;NEON;15;Woody Savannas;28.1250400543213;-81.43625;20160502T000000Z;2.0;DSNY_053;-999;-999;-999;-999;-999;-999;-999;-999;-999;-999;-999;-999;1.94;0.06;2.26;0.07;0.86;0.04;1.64;0.08;1.89;0.10;0.87;0.06;-999;0
GBOV_RM7_345;DisneyWildernessPreserve;Courtney Meier;cmeier@battelleecology.org;support-copernicus-gbov@acri-st.fr;NEON;15;Woody Savannas;28.1250400543213;-81.43625;20160516T000000Z;2.0;DSNY_053;-999;-999;-999;-999;-999;-999;-999;-999;-999;-999;-999;-999;1.36;0.06;1.63;0.08;0.83;0.05;1.24;0.07;1.45;0.11;0.85;0.08;-999;0
GBOV_RM7_345;DisneyWildernessPreserve;Courtney Meier;cmeier@battelleecology.org;support-copernicus-gbov@acri-st.fr;NEON;15;Woody Savannas;28.1250400543213;-81.43625;20160601T000000Z;2.0;DSNY_053;-999;-999;-999;-999;-999;-999;-999;-999;-999;-999;-999;-999;1.49;0.05;1.70;0.05;0.87;0.04;1.22;0.07;1.40;0.08;0.87;0.07;-999;0
GBOV_RM7_345;DisneyWildernessPreserve;Courtney Meier;cmeier@battelleecology.org;support-copernicus-gbov@acri-st.fr;NEON;15;Woody Savannas;28.1250400543213;-81.43625;20160614T000000Z;2.0;DSNY_053;-999;-999;-999;-999;-999;-999;-999;-999;-999;-999;-999;-999;2.59;0.09;3.09;0.12;0.84;0.04;1.95;0.12;2.27;0.14;0.86;0.08;-999;0
GBOV_RM7_345;DisneyWildernessPreserve;Courtney Meier;cmeier@battelleecology.org;support-copernicus-gbov@acri-st.fr;NEON;15;Woody Savannas;28.1250400543213;-81.43625;20160629T000000Z;2.0;DSNY_053;-999;-999;-999;-999;-999;-999;-999;-999;-999;-999;-999;-999;1.89;0.06;2.07;0.06;0.91;0.04;1.45;0.06;1.56;0.06;0.92;0.05;-999;0
GBOV_RM7_345;DisneyWildernessPreserve;Courtney Meier;cmeier@battelleecology.org;support-copernicus-gbov@acri-st.fr;NEON;15;Woody Savannas;28.1250400543213;-81.43625;20160714T000000Z;2.0;DSNY_053;-999;-999;-999;-999;-999;-999;-999;-999;-999;-999;-999;-999;2.38;0.07;2.66;0.08;0.90;0.04;1.70;0.09;1.91;0.09;0.89;0.06;-999;0
GBOV_RM7_345;DisneyWildernessPreserve;Courtney Meier;cmeier@battelleecology.org;support-copernicus-gbov@acri-st.fr;NEON;15;Woody Savannas;28.1250400543213;-81.43625;20160728T000000Z;2.0;DSNY_053;-999;-999;-999;-999;-999;-999;-999;-999;-999;-999;-999;-999;1.86;0.05;2.02;0.06;0.92;0.04;1.39;0.06;1.52;0.08;0.91;0.06;-999;0
GBOV_RM7_345;DisneyWildernessPreserve;Courtney Meier;cmeier@battelleecology.org;support-copernicus-gbov@acri-st.fr;NEON;15;Woody Savannas;28.1250400543213;-81.43625;20160808T000000Z;2.0;DSNY_053;-999;-999;-999;-999;-999;-999;-999;-999;-999;-999;-999;-999;1.96;0.09;2.30;0.10;0.85;0.05;1.57;0.14;1.90;0.19;0.83;0.11;-999;0
GBOV_RM7_345;DisneyWildernessPreserve;Courtney Meier;cmeier@battelleecology.org;support-copernicus-gbov@acri-st.fr;NEON;15;Woody Savannas;28.1250400543213;-81.43625;20160822T000000Z;2.0;DSNY_053;-999;-999;-999;-999;-999;-999;-999;-999;-999;-999;-999;-999;1.43;0.05;1.60;0.06;0.89;0.05;1.09;0.06;1.23;0.07;0.88;0.07;-999;16
GBOV_RM7_345;DisneyWildernessPreserve;Courtney Meier;cmeier@battelleecology.org;support-copernicus-gbov@acri-st.fr;NEON;15;Woody Savannas;28.1250400543213;-81.43625;20160907T000000Z;2.0;DSNY_053;-999;-999;-999;-999;-999;-999;-999;-999;-999;-999;-999;-999;1.20;0.06;1.43;0.07;0.84;0.06;0.83;0.07;0.96;0.08;0.86;0.10;-999;0
GBOV_RM7_345;DisneyWildernessPreserve;Courtney Meier;cmeier@battelleecology.org;support-copernicus-gbov@acri-st.fr;NEON;15;Woody Savannas;28.1250400543213;-81.43625;20160920T000000Z;2.0;DSNY_053;-999;-999;-999;-999;-999;-999;-999;-999;-999;-999;-999;-999;1.38;0.06;1.63;0.08;0.85;0.06;0.83;0.07;0.94;0.08;0.88;0.10;-999;0
GBOV_RM7_345;DisneyWildernessPreserve;Courtney Meier;cmeier@battelleecology.org;support-copernicus-gbov@acri-st.fr;NEON;15;Woody Savannas;28.1250400543213;-81.43625;20161004T000000Z;2.0;DSNY_053;-999;-999;-999;-999;-999;-999;-999;-999;-999;-999;-999;-999;1.24;0.06;1.47;0.08;0.84;0.06;0.81;0.09;0.98;0.12;0.83;0.14;-999;16
GBOV_RM7_345;DisneyWildernessPreserve;Courtney Meier;cmeier@battelleecology.org;support-copernicus-gbov@acri-st.fr;NEON;15;Woody Savannas;28.1250400543213;-81.43625;20161021T000000Z;2.0;DSNY_053;-999;-999;-999;-999;-999;-999;-999;-999;-999;-999;-999;-999;1.18;0.05;1.37;0.06;0.86;0.05;0.84;0.06;0.99;0.10;0.85;0.11;-999;0
GBOV_RM7_345;DisneyWildernessPreserve;Courtney Meier;cmeier@battelleecology.org;support-copernicus-gbov@acri-st.fr;NEON;15;Woody Savannas;28.1250400543213;-81.43625;20161103T000000Z;2.0;DSNY_053;-999;-999;-999;-999;-999;-999;-999;-999;-999;-999;-999;-999;0.76;0.04;0.87;0.05;0.88;0.07;0.52;0.05;0.58;0.06;0.90;0.13;-999;0
GBOV_RM7_345;DisneyWildernessPreserve;Courtney Meier;cmeier@battelleecology.org;support-copernicus-gbov@acri-st.fr;NEON;15;Woody Savannas;28.1250400543213;-81.43625;20161114T000000Z;2.0;DSNY_053;-999;-999;-999;-999;-999;-999;-999;-999;-999;-999;-999;-999;1.10;0.04;1.17;0.04;0.94;0.05;0.77;0.04;0.81;0.05;0.96;0.08;-999;0
GBOV_RM7_345;DisneyWildernessPreserve;Courtney Meier;cmeier@battelleecology.org;support-copernicus-gbov@acri-st.fr;NEON;15;Woody Savannas;28.1250400543213;-81.43625;20170315T000000Z;2.0;DSNY_053;0.41;0.04;0.58;0.07;0.70;0.11;0.61;0.12;1.04;0.23;0.58;0.17;0.336;0.024;0.357;0.026;0.94;0.09;0.33;0.04;0.35;0.04;0.94;0.15;128;-999
GBOV_RM7_345;DisneyWildernessPreserve;Courtney Meier;cmeier@battelleecology.org;support-copernicus-gbov@acri-st.fr;NEON;15;Woody Savannas;28.1250400543213;-81.43625;20170329T000000Z;2.0;DSNY_053;0.281;0.032;0.49;0.09;0.57;0.12;0.43;0.07;0.77;0.18;0.56;0.16;0.201;0.029;0.225;0.033;0.89;0.18;0.17;0.05;0.19;0.05;0.90;0.35;128;-999
GBOV_RM7_345;DisneyWildernessPreserve;Courtney Meier;cmeier@battelleecology.org;support-copernicus-gbov@acri-st.fr;NEON;15;Woody Savannas;28.1250400543213;-81.43625;20170411T000000Z;2.0;DSNY_053;0.271;0.020;0.371;0.034;0.73;0.09;0.46;0.06;0.73;0.11;0.63;0.12;0.303;0.029;0.328;0.031;0.92;0.12;0.23;0.04;0.25;0.04;0.93;0.22;128;-999
GBOV_RM7_345;DisneyWildernessPreserve;Courtney Meier;cmeier@battelleecology.org;support-copernicus-gbov@acri-st.fr;NEON;15;Woody Savannas;28.1250400543213;-81.43625;20170510T000000Z;2.0;DSNY_053;-999;-999;-999;-999;-999;-999;-999;-999;-999;-999;-999;-999;0.087;0.007;0.090;0.007;0.97;0.11;0.063;0.010;0.065;0.010;0.97;0.21;-999;0
GBOV_RM7_345;DisneyWildernessPreserve;Courtney Meier;cmeier@battelleecology.org;support-copernicus-gbov@acri-st.fr;NEON;15;Woody Savannas;28.1250400543213;-81.43625;20170523T000000Z;2.0;DSNY_053;-999;-999;-999;-999;-999;-999;-999;-999;-999;-999;-999;-999;0.0359;0.0033;0.0370;0.0035;0.97;0.13;0.029;0.006;0.030;0.006;0.98;0.27;-999;0
GBOV_RM7_345;DisneyWildernessPreserve;Courtney Meier;cmeier@battelleecology.org;support-copernicus-gbov@acri-st.fr;NEON;15;Woody Savannas;28.1250400543213;-81.43625;20170620T000000Z;2.0;DSNY_053;-999;-999;-999;-999;-999;-999;-999;-999;-999;-999;-999;-999;0.284;0.018;0.316;0.023;0.90;0.09;0.241;0.024;0.265;0.029;0.91;0.13;-999;0
GBOV_RM7_345;DisneyWildernessPreserve;Courtney Meier;cmeier@battelleecology.org;support-copernicus-gbov@acri-st.fr;NEON;15;Woody Savannas;28.1250400543213;-81.43625;20170706T000000Z;2.0;DSNY_053;-999;-999;-999;-999;-999;-999;-999;-999;-999;-999;-999;-999;0.522;0.020;0.552;0.022;0.94;0.05;0.378;0.026;0.409;0.030;0.92;0.09;-999;0
GBOV_RM7_345;DisneyWildernessPreserve;Courtney Meier;cmeier@battelleecology.org;support-copernicus-gbov@acri-st.fr;NEON;15;Woody Savannas;28.1250400543213;-81.43625;20170718T000000Z;2.0;DSNY_053;-999;-999;-999;-999;-999;-999;-999;-999;-999;-999;-999;-999;0.579;0.035;0.65;0.04;0.89;0.08;0.48;0.06;0.57;0.08;0.85;0.15;-999;0
GBOV_RM7_345;DisneyWildernessPreserve;Courtney Meier;cmeier@battelleecology.org;support-copernicus-gbov@acri-st.fr;NEON;15;Woody Savannas;28.1250400543213;-81.43625;20170801T000000Z;2.0;DSNY_053;-999;-999;-999;-999;-999;-999;-999;-999;-999;-999;-999;-999;0.90;0.05;1.05;0.06;0.86;0.07;0.67;0.07;0.78;0.08;0.85;0.12;-999;0
GBOV_RM7_345;DisneyWildernessPreserve;Courtney Meier;cmeier@battelleecology.org;support-copernicus-gbov@acri-st.fr;NEON;15;Woody Savannas;28.1250400543213;-81.43625;20170816T000000Z;2.0;DSNY_053;-999;-999;-999;-999;-999;-999;-999;-999;-999;-999;-999;-999;0.903;0.034;1.01;0.04;0.90;0.05;0.68;0.04;0.75;0.05;0.91;0.08;-999;0
GBOV_RM7_345;DisneyWildernessPreserve;Courtney Meier;cmeier@battelleecology.org;support-copernicus-gbov@acri-st.fr;NEON;15;Woody Savannas;28.1250400543213;-81.43625;20170828T000000Z;2.0;DSNY_053;-999;-999;-999;-999;-999;-999;-999;-999;-999;-999;-999;-999;0.88;0.04;1.00;0.04;0.89;0.05;0.69;0.04;0.75;0.04;0.92;0.07;-999;0
GBOV_RM7_345;DisneyWildernessPreserve;Courtney Meier;cmeier@battelleecology.org;support-copernicus-gbov@acri-st.fr;NEON;15;Woody Savannas;28.1250400543213;-81.43625;20170919T000000Z;2.0;DSNY_053;-999;-999;-999;-999;-999;-999;-999;-999;-999;-999;-999;-999;0.473;0.021;0.508;0.023;0.93;0.06;0.356;0.020;0.375;0.022;0.95;0.08;-999;0
GBOV_RM7_345;DisneyWildernessPreserve;Courtney Meier;cmeier@battelleecology.org;support-copernicus-gbov@acri-st.fr;NEON;15;Woody Savannas;28.1250400543213;-81.43625;20170925T000000Z;2.0;DSNY_053;-999;-999;-999;-999;-999;-999;-999;-999;-999;-999;-999;-999;0.629;0.022;0.670;0.024;0.94;0.05;0.495;0.028;0.521;0.032;0.95;0.08;-999;0
GBOV_RM7_345;DisneyWildernessPreserve;Courtney Meier;cmeier@battelleecology.org;support-copernicus-gbov@acri-st.fr;NEON;15;Woody Savannas;28.1250400543213;-81.43625;20171010T000000Z;2.0;DSNY_053;-999;-999;-999;-999;-999;-999;-999;-999;-999;-999;-999;-999;0.445;0.019;0.483;0.021;0.92;0.06;0.358;0.022;0.384;0.026;0.93;0.08;-999;0
GBOV_RM7_345;DisneyWildernessPreserve;Courtney Meier;cmeier@battelleecology.org;support-copernicus-gbov@acri-st.fr;NEON;15;Woody Savannas;28.1250400543213;-81.43625;20171024T000000Z;2.0;DSNY_053;-999;-999;-999;-999;-999;-999;-999;-999;-999;-999;-999;-999;0.332;0.016;0.350;0.017;0.95;0.06;0.257;0.018;0.266;0.018;0.96;0.09;-999;0
GBOV_RM7_345;DisneyWildernessPreserve;Courtney Meier;cmeier@battelleecology.org;support-copernicus-gbov@acri-st.fr;NEON;15;Woody Savannas;28.1250400543213;-81.43625;20171206T000000Z;2.0;DSNY_053;-999;-999;-999;-999;-999;-999;-999;-999;-999;-999;-999;-999;0.178;0.011;0.186;0.012;0.96;0.08;0.129;0.011;0.133;0.011;0.97;0.12;-999;32
GBOV_RM7_345;DisneyWildernessPreserve;Courtney Meier;cmeier@battelleecology.org;support-copernicus-gbov@acri-st.fr;NEON;15;Woody Savannas;28.1250400543213;-81.43625;20180104T000000Z;2.0;DSNY_053;-999;-999;-999;-999;-999;-999;-999;-999;-999;-999;-999;-999;0.099;0.005;0.102;0.006;0.97;0.08;0.084;0.006;0.085;0.006;0.98;0.10;-999;0
GBOV_RM7_345;DisneyWildernessPreserve;Courtney Meier;cmeier@battelleecology.org;support-copernicus-gbov@acri-st.fr;NEON;15;Woody Savannas;28.1250400543213;-81.43625;20180130T000000Z;2.0;DSNY_053;-999;-999;-999;-999;-999;-999;-999;-999;-999;-999;-999;-999;0.091;0.005;0.093;0.005;0.98;0.08;0.096;0.009;0.097;0.009;0.99;0.13;-999;0
GBOV_RM7_345;DisneyWildernessPreserve;Courtney Meier;cmeier@battelleecology.org;support-copernicus-gbov@acri-st.fr;NEON;15;Woody Savannas;28.1250400543213;-81.43625;20180227T000000Z;2.0;DSNY_053;-999;-999;-999;-999;-999;-999;-999;-999;-999;-999;-999;-999;0.116;0.005;0.119;0.005;0.98;0.06;0.116;0.007;0.117;0.007;0.99;0.09;-999;0
GBOV_RM7_345;DisneyWildernessPreserve;Courtney Meier;cmeier@battelleecology.org;support-copernicus-gbov@acri-st.fr;NEON;15;Woody Savannas;28.1250400543213;-81.43625;20180319T000000Z;2.0;DSNY_053;-999;-999;-999;-999;-999;-999;-999;-999;-999;-999;-999;-999;0.0344;0.0022;0.0348;0.0022;0.99;0.09;0.0353;0.0035;0.0357;0.0035;0.99;0.14;-999;0
GBOV_RM7_345;DisneyWildernessPreserve;Courtney Meier;cmeier@battelleecology.org;support-copernicus-gbov@acri-st.fr;NEON;15;Woody Savannas;28.1250400543213;-81.43625;20180328T000000Z;2.0;DSNY_053;-999;-999;-999;-999;-999;-999;-999;-999;-999;-999;-999;-999;0.0505;0.0026;0.0512;0.0026;0.99;0.07;0.054;0.005;0.055;0.006;0.98;0.13;-999;0
GBOV_RM7_345;DisneyWildernessPreserve;Courtney Meier;cmeier@battelleecology.org;support-copernicus-gbov@acri-st.fr;NEON;15;Woody Savannas;28.1250400543213;-81.43625;20180411T000000Z;2.0;DSNY_053;-999;-999;-999;-999;-999;-999;-999;-999;-999;-999;-999;-999;0.141;0.006;0.145;0.006;0.97;0.06;0.099;0.008;0.103;0.009;0.96;0.11;-999;0
GBOV_RM7_345;DisneyWildernessPreserve;Courtney Meier;cmeier@battelleecology.org;support-copernicus-gbov@acri-st.fr;NEON;15;Woody Savannas;28.1250400543213;-81.43625;20180425T000000Z;2.0;DSNY_053;-999;-999;-999;-999;-999;-999;-999;-999;-999;-999;-999;-999;0.143;0.009;0.149;0.010;0.96;0.09;0.105;0.011;0.108;0.012;0.97;0.15;-999;0
GBOV_RM7_345;DisneyWildernessPreserve;Courtney Meier;cmeier@battelleecology.org;support-copernicus-gbov@acri-st.fr;NEON;15;Woody Savannas;28.1250400543213;-81.43625;20180509T000000Z;2.0;DSNY_053;-999;-999;-999;-999;-999;-999;-999;-999;-999;-999;-999;-999;0.098;0.008;0.102;0.008;0.96;0.11;0.109;0.014;0.113;0.015;0.96;0.17;-999;0
GBOV_RM7_345;DisneyWildernessPreserve;Courtney Meier;cmeier@battelleecology.org;support-copernicus-gbov@acri-st.fr;NEON;15;Woody Savannas;28.1250400543213;-81.43625;20180523T000000Z;2.0;DSNY_053;-999;-999;-999;-999;-999;-999;-999;-999;-999;-999;-999;-999;0.127;0.011;0.136;0.012;0.93;0.11;0.084;0.015;0.089;0.017;0.95;0.25;-999;0
GBOV_RM7_345;DisneyWildernessPreserve;Courtney Meier;cmeier@battelleecology.org;support-copernicus-gbov@acri-st.fr;NEON;15;Woody Savannas;28.1250400543213;-81.43625;20180606T000000Z;2.0;DSNY_053;-999;-999;-999;-999;-999;-999;-999;-999;-999;-999;-999;-999;0.288;0.018;0.316;0.021;0.91;0.08;0.278;0.030;0.32;0.04;0.87;0.15;-999;0
GBOV_RM7_345;DisneyWildernessPreserve;Courtney Meier;cmeier@battelleecology.org;support-copernicus-gbov@acri-st.fr;NEON;15;Woody Savannas;28.1250400543213;-81.43625;20180620T000000Z;2.0;DSNY_053;-999;-999;-999;-999;-999;-999;-999;-999;-999;-999;-999;-999;0.226;0.020;0.249;0.023;0.91;0.12;0.202;0.035;0.22;0.04;0.91;0.23;-999;0
GBOV_RM7_345;DisneyWildernessPreserve;Courtney Meier;cmeier@battelleecology.org;support-copernicus-gbov@acri-st.fr;NEON;15;Woody Savannas;28.1250400543213;-81.43625;20180703T000000Z;2.0;DSNY_053;-999;-999;-999;-999;-999;-999;-999;-999;-999;-999;-999;-999;0.420;0.027;0.462;0.031;0.91;0.08;0.31;0.04;0.35;0.05;0.89;0.17;-999;0
GBOV_RM7_345;DisneyWildernessPreserve;Courtney Meier;cmeier@battelleecology.org;support-copernicus-gbov@acri-st.fr;NEON;15;Woody Savannas;28.1250400543213;-81.43625;20180718T000000Z;2.0;DSNY_053;-999;-999;-999;-999;-999;-999;-999;-999;-999;-999;-999;-999;0.263;0.021;0.287;0.024;0.92;0.11;0.233;0.035;0.26;0.04;0.90;0.20;-999;0
GBOV_RM7_345;DisneyWildernessPreserve;Courtney Meier;cmeier@battelleecology.org;support-copernicus-gbov@acri-st.fr;NEON;15;Woody Savannas;28.1250400543213;-81.43625;20180731T000000Z;2.0;DSNY_053;-999;-999;-999;-999;-999;-999;-999;-999;-999;-999;-999;-999;0.209;0.017;0.227;0.019;0.92;0.11;0.177;0.030;0.195;0.034;0.91;0.22;-999;0
GBOV_RM7_345;DisneyWildernessPreserve;Courtney Meier;cmeier@battelleecology.org;support-copernicus-gbov@acri-st.fr;NEON;15;Woody Savannas;28.1250400543213;-81.43625;20180815T000000Z;2.0;DSNY_053;-999;-999;-999;-999;-999;-999;-999;-999;-999;-999;-999;-999;0.261;0.016;0.279;0.018;0.94;0.09;0.247;0.023;0.262;0.026;0.94;0.13;-999;0
GBOV_RM7_345;DisneyWildernessPreserve;Courtney Meier;cmeier@battelleecology.org;support-copernicus-gbov@acri-st.fr;NEON;15;Woody Savannas;28.1250400543213;-81.43625;20180829T000000Z;2.0;DSNY_053;-999;-999;-999;-999;-999;-999;-999;-999;-999;-999;-999;-999;0.348;0.021;0.376;0.023;0.93;0.08;0.313;0.032;0.337;0.035;0.93;0.13;-999;0
GBOV_RM7_345;DisneyWildernessPreserve;Courtney Meier;cmeier@battelleecology.org;support-copernicus-gbov@acri-st.fr;NEON;15;Woody Savannas;28.1250400543213;-81.43625;20180914T000000Z;2.0;DSNY_053;-999;-999;-999;-999;-999;-999;-999;-999;-999;-999;-999;-999;0.280;0.019;0.304;0.022;0.92;0.09;0.247;0.029;0.266;0.032;0.93;0.16;-999;0
GBOV_RM7_345;DisneyWildernessPreserve;Courtney Meier;cmeier@battelleecology.org;support-copernicus-gbov@acri-st.fr;NEON;15;Woody Savannas;28.1250400543213;-81.43625;20180925T000000Z;2.0;DSNY_053;-999;-999;-999;-999;-999;-999;-999;-999;-999;-999;-999;-999;0.292;0.019;0.316;0.022;0.92;0.09;0.269;0.034;0.29;0.04;0.92;0.16;-999;0
GBOV_RM7_345;DisneyWildernessPreserve;Courtney Meier;cmeier@battelleecology.org;support-copernicus-gbov@acri-st.fr;NEON;15;Woody Savannas;28.1250400543213;-81.43625;20181009T000000Z;2.0;DSNY_053;-999;-999;-999;-999;-999;-999;-999;-999;-999;-999;-999;-999;0.316;0.019;0.342;0.022;0.93;0.08;0.27;0.04;0.30;0.04;0.92;0.18;-999;0
GBOV_RM7_345;DisneyWildernessPreserve;Courtney Meier;cmeier@battelleecology.org;support-copernicus-gbov@acri-st.fr;NEON;15;Woody Savannas;28.1250400543213;-81.43625;20181029T000000Z;2.0;DSNY_053;-999;-999;-999;-999;-999;-999;-999;-999;-999;-999;-999;-999;0.233;0.010;0.241;0.010;0.97;0.06;0.203;0.017;0.211;0.017;0.96;0.11;-999;0
GBOV_RM7_345;DisneyWildernessPreserve;Courtney Meier;cmeier@battelleecology.org;support-copernicus-gbov@acri-st.fr;NEON;15;Woody Savannas;28.1250400543213;-81.43625;20181106T000000Z;2.0;DSNY_053;-999;-999;-999;-999;-999;-999;-999;-999;-999;-999;-999;-999;0.176;0.010;0.183;0.011;0.96;0.08;0.129;0.017;0.135;0.019;0.95;0.18;-999;0
GBOV_RM7_345;DisneyWildernessPreserve;Courtney Meier;cmeier@battelleecology.org;support-copernicus-gbov@acri-st.fr;NEON;15;Woody Savannas;28.1250400543213;-81.43625;20181205T145600Z;2.0;DSNY_053;-999;-999;-999;-999;-999;-999;-999;-999;-999;-999;-999;-999;0.147;0.010;0.153;0.011;0.96;0.09;0.132;0.019;0.139;0.022;0.94;0.20;-999;0
GBOV_RM7_345;DisneyWildernessPreserve;Courtney Meier;cmeier@battelleecology.org;support-copernicus-gbov@acri-st.fr;NEON;15;Woody Savannas;28.1250400543213;-81.43625;20190103T135500Z;2.0;DSNY_053;-999;-999;-999;-999;-999;-999;-999;-999;-999;-999;-999;-999;0.073;0.005;0.075;0.006;0.97;0.10;0.067;0.010;0.069;0.011;0.97;0.21;-999;0
GBOV_RM7_345;DisneyWildernessPreserve;Courtney Meier;cmeier@battelleecology.org;support-copernicus-gbov@acri-st.fr;NEON;15;Woody Savannas;28.1250400543213;-81.43625;20190130T134300Z;2.0;DSNY_053;-999;-999;-999;-999;-999;-999;-999;-999;-999;-999;-999;-999;0.053;0.004;0.054;0.005;0.97;0.11;0.049;0.006;0.050;0.006;0.97;0.17;-999;0
GBOV_RM7_345;DisneyWildernessPreserve;Courtney Meier;cmeier@battelleecology.org;support-copernicus-gbov@acri-st.fr;NEON;15;Woody Savannas;28.1250400543213;-81.43625;20190226T113300Z;2.0;DSNY_053;-999;-999;-999;-999;-999;-999;-999;-999;-999;-999;-999;-999;0.136;0.007;0.141;0.007;0.97;0.07;0.100;0.006;0.103;0.007;0.98;0.09;-999;0
GBOV_RM7_345;DisneyWildernessPreserve;Courtney Meier;cmeier@battelleecology.org;support-copernicus-gbov@acri-st.fr;NEON;15;Woody Savannas;28.1250400543213;-81.43625;20190312T161400Z;2.0;DSNY_053;-999;-999;-999;-999;-999;-999;-999;-999;-999;-999;-999;-999;0.145;0.007;0.149;0.008;0.97;0.07;0.111;0.012;0.114;0.013;0.97;0.16;-999;0
GBOV_RM7_345;DisneyWildernessPreserve;Courtney Meier;cmeier@battelleecology.org;support-copernicus-gbov@acri-st.fr;NEON;15;Woody Savannas;28.1250400543213;-81.43625;20190327T121100Z;2.0;DSNY_053;-999;-999;-999;-999;-999;-999;-999;-999;-999;-999;-999;-999;0.170;0.011;0.178;0.012;0.96;0.09;0.146;0.015;0.152;0.017;0.96;0.14;-999;0
GBOV_RM7_345;DisneyWildernessPreserve;Courtney Meier;cmeier@battelleecology.org;support-copernicus-gbov@acri-st.fr;NEON;15;Woody Savannas;28.1250400543213;-81.43625;20190410T132800Z;2.0;DSNY_053;-999;-999;-999;-999;-999;-999;-999;-999;-999;-999;-999;-999;0.130;0.009;0.137;0.011;0.95;0.10;0.138;0.012;0.144;0.014;0.96;0.12;-999;0
GBOV_RM7_345;DisneyWildernessPreserve;Courtney Meier;cmeier@battelleecology.org;support-copernicus-gbov@acri-st.fr;NEON;15;Woody Savannas;28.1250400543213;-81.43625;20190424T132700Z;2.0;DSNY_053;-999;-999;-999;-999;-999;-999;-999;-999;-999;-999;-999;-999;0.328;0.014;0.347;0.015;0.94;0.06;0.322;0.024;0.339;0.025;0.95;0.10;-999;0
GBOV_RM7_345;DisneyWildernessPreserve;Courtney Meier;cmeier@battelleecology.org;support-copernicus-gbov@acri-st.fr;NEON;15;Woody Savannas;28.1250400543213;-81.43625;20190506T140100Z;2.0;DSNY_053;-999;-999;-999;-999;-999;-999;-999;-999;-999;-999;-999;-999;0.628;0.024;0.687;0.028;0.91;0.05;0.540;0.032;0.58;0.04;0.94;0.08;-999;0
GBOV_RM7_345;DisneyWildernessPreserve;Courtney Meier;cmeier@battelleecology.org;support-copernicus-gbov@acri-st.fr;NEON;15;Woody Savannas;28.1250400543213;-81.43625;20190522T125400Z;2.0;DSNY_053;-999;-999;-999;-999;-999;-999;-999;-999;-999;-999;-999;-999;0.865;0.030;0.938;0.034;0.92;0.05;0.86;0.05;0.94;0.06;0.92;0.09;-999;0
GBOV_RM7_345;DisneyWildernessPreserve;Courtney Meier;cmeier@battelleecology.org;support-copernicus-gbov@acri-st.fr;NEON;15;Woody Savannas;28.1250400543213;-81.43625;20190605T131900Z;2.0;DSNY_053;-999;-999;-999;-999;-999;-999;-999;-999;-999;-999;-999;-999;0.892;0.033;1.00;0.04;0.89;0.05;0.91;0.06;1.02;0.07;0.90;0.08;-999;0
GBOV_RM7_345;DisneyWildernessPreserve;Courtney Meier;cmeier@battelleecology.org;support-copernicus-gbov@acri-st.fr;NEON;15;Woody Savannas;28.1250400543213;-81.43625;20190617T165800Z;2.0;DSNY_053;-999;-999;-999;-999;-999;-999;-999;-999;-999;-999;-999;-999;1.85;0.07;2.24;0.09;0.83;0.05;1.60;0.10;1.90;0.11;0.84;0.07;-999;0
GBOV_RM7_345;DisneyWildernessPreserve;Courtney Meier;cmeier@battelleecology.org;support-copernicus-gbov@acri-st.fr;NEON;15;Woody Savannas;28.1250400543213;-81.43625;20190702T123600Z;2.0;DSNY_053;-999;-999;-999;-999;-999;-999;-999;-999;-999;-999;-999;-999;1.48;0.07;1.76;0.09;0.84;0.06;1.28;0.09;1.44;0.09;0.89;0.08;-999;0
GBOV_RM7_345;DisneyWildernessPreserve;Courtney Meier;cmeier@battelleecology.org;support-copernicus-gbov@acri-st.fr;NEON;15;Woody Savannas;28.1250400543213;-81.43625;20190717T182100Z;2.0;DSNY_053;-999;-999;-999;-999;-999;-999;-999;-999;-999;-999;-999;-999;2.06;0.08;2.43;0.10;0.85;0.05;1.58;0.09;1.83;0.12;0.86;0.08;-999;0
GBOV_RM7_345;DisneyWildernessPreserve;Courtney Meier;cmeier@battelleecology.org;support-copernicus-gbov@acri-st.fr;NEON;15;Woody Savannas;28.1250400543213;-81.43625;20190730T125300Z;2.0;DSNY_053;-999;-999;-999;-999;-999;-999;-999;-999;-999;-999;-999;-999;1.18;0.04;1.29;0.05;0.92;0.04;1.03;0.06;1.11;0.07;0.93;0.08;-999;0
GBOV_RM7_345;DisneyWildernessPreserve;Courtney Meier;cmeier@battelleecology.org;support-copernicus-gbov@acri-st.fr;NEON;15;Woody Savannas;28.1250400543213;-81.43625;20190813T153700Z;2.0;DSNY_053;-999;-999;-999;-999;-999;-999;-999;-999;-999;-999;-999;-999;1.48;0.06;1.68;0.07;0.88;0.05;1.12;0.06;1.28;0.07;0.88;0.07;-999;0
GBOV_RM7_345;DisneyWildernessPreserve;Courtney Meier;cmeier@battelleecology.org;support-copernicus-gbov@acri-st.fr;NEON;15;Woody Savannas;28.1250400543213;-81.43625;20190828T111500Z;2.0;DSNY_053;-999;-999;-999;-999;-999;-999;-999;-999;-999;-999;-999;-999;0.910;0.033;0.99;0.04;0.92;0.05;0.672;0.030;0.719;0.033;0.93;0.06;-999;0
GBOV_RM7_345;DisneyWildernessPreserve;Courtney Meier;cmeier@battelleecology.org;support-copernicus-gbov@acri-st.fr;NEON;15;Woody Savannas;28.1250400543213;-81.43625;20190909T135900Z;2.0;DSNY_053;-999;-999;-999;-999;-999;-999;-999;-999;-999;-999;-999;-999;1.02;0.04;1.11;0.04;0.92;0.05;0.80;0.04;0.87;0.05;0.92;0.07;-999;0
GBOV_RM7_345;DisneyWildernessPreserve;Courtney Meier;cmeier@battelleecology.org;support-copernicus-gbov@acri-st.fr;NEON;15;Woody Savannas;28.1250400543213;-81.43625;20190924T131700Z;2.0;DSNY_053;-999;-999;-999;-999;-999;-999;-999;-999;-999;-999;-999;-999;0.511;0.017;0.532;0.019;0.96;0.05;0.419;0.020;0.433;0.021;0.97;0.07;-999;0
GBOV_RM7_345;DisneyWildernessPreserve;Courtney Meier;cmeier@battelleecology.org;support-copernicus-gbov@acri-st.fr;NEON;15;Woody Savannas;28.1250400543213;-81.43625;20191008T131000Z;2.0;DSNY_053;-999;-999;-999;-999;-999;-999;-999;-999;-999;-999;-999;-999;0.434;0.019;0.455;0.021;0.95;0.06;0.333;0.031;0.352;0.034;0.95;0.13;-999;0
GBOV_RM7_345;DisneyWildernessPreserve;Courtney Meier;cmeier@battelleecology.org;support-copernicus-gbov@acri-st.fr;NEON;15;Woody Savannas;28.1250400543213;-81.43625;20191022T130300Z;2.0;DSNY_053;-999;-999;-999;-999;-999;-999;-999;-999;-999;-999;-999;-999;0.320;0.017;0.335;0.017;0.96;0.07;0.238;0.023;0.250;0.025;0.95;0.13;-999;0
GBOV_RM7_345;DisneyWildernessPreserve;Courtney Meier;cmeier@battelleecology.org;support-copernicus-gbov@acri-st.fr;NEON;15;Woody Savannas;28.1250400543213;-81.43625;20191105T131200Z;2.0;DSNY_053;-999;-999;-999;-999;-999;-999;-999;-999;-999;-999;-999;-999;0.265;0.012;0.275;0.013;0.96;0.06;0.196;0.019;0.205;0.021;0.96;0.13;-999;0
GBOV_RM7_345;DisneyWildernessPreserve;Courtney Meier;cmeier@battelleecology.org;support-copernicus-gbov@acri-st.fr;NEON;15;Woody Savannas;28.1250400543213;-81.43625;20191203T134500Z;2.0;DSNY_053;-999;-999;-999;-999;-999;-999;-999;-999;-999;-999;-999;-999;0.141;0.007;0.144;0.008;0.98;0.07;0.118;0.009;0.119;0.009;0.98;0.11;-999;0
