GBOV_ID;Site;GROUND_DATA_PI;GROUND_DATA_PIs_Email;GBOV_Email;Network;Elevation;IGBP_class;Lat_IS;Lon_IS;TIME_IS;Version;PLOT_ID;LAIe_Miller_up;LAIe_Miller_up_err;LAI_Miller_up;LAI_Miller_up_err;clumping_Miller_up;clumping_Miller_up_err;LAIe_Warren_up;LAIe_Warren_up_err;LAI_Warren_up;LAI_Warren_up_err;clumping_Warren_up;clumping_Warren_up_err;LAIe_Miller_down;LAIe_Miller_down_err;LAI_Miller_down;LAI_Miller_down_err;clumping_Miller_down;clumping_Miller_down_err;LAIe_Warren_down;LAIe_Warren_down_err;LAI_Warren_down;LAI_Warren_down_err;clumping_Warren_down;clumping_Warren_down_err;up_flag;down_flag
GBOV_RM7_1449;DeadLake;Courtney Meier;cmeier@battelleecology.org;support-copernicus-gbov@acri-st.fr;NEON;22;Evergreen Broadleaf;32.54172;-87.80389;20160309T072400Z;2.0;DELA_053;0.488;0.017;0.567;0.025;0.86;0.05;0.439;0.023;0.52;0.04;0.85;0.08;0.135;0.007;0.138;0.007;0.98;0.07;0.113;0.013;0.116;0.013;0.98;0.16;0;0
GBOV_RM7_1449;DeadLake;Courtney Meier;cmeier@battelleecology.org;support-copernicus-gbov@acri-st.fr;NEON;22;Evergreen Broadleaf;32.54172;-87.80389;20160325T064300Z;2.0;DELA_053;0.758;0.023;1.05;0.05;0.72;0.04;0.75;0.04;1.24;0.12;0.60;0.07;0.548;0.021;0.565;0.023;0.97;0.05;0.446;0.034;0.46;0.04;0.97;0.11;0;0
GBOV_RM7_1449;DeadLake;Courtney Meier;cmeier@battelleecology.org;support-copernicus-gbov@acri-st.fr;NEON;22;Evergreen Broadleaf;32.54172;-87.80389;20160406T063000Z;2.0;DELA_053;1.75;0.07;2.59;0.11;0.68;0.04;1.65;0.12;2.58;0.17;0.64;0.06;1.35;0.04;1.44;0.05;0.94;0.04;1.02;0.04;1.06;0.04;0.96;0.06;0;0
GBOV_RM7_1449;DeadLake;Courtney Meier;cmeier@battelleecology.org;support-copernicus-gbov@acri-st.fr;NEON;22;Evergreen Broadleaf;32.54172;-87.80389;20160420T061500Z;2.0;DELA_053;3.03;0.10;4.31;0.12;0.703;0.030;2.64;0.16;3.92;0.19;0.67;0.05;2.17;0.07;2.35;0.07;0.92;0.04;1.62;0.07;1.74;0.08;0.93;0.06;0;0
GBOV_RM7_1449;DeadLake;Courtney Meier;cmeier@battelleecology.org;support-copernicus-gbov@acri-st.fr;NEON;22;Evergreen Broadleaf;32.54172;-87.80389;20160504T060500Z;2.0;DELA_053;3.51;0.10;4.83;0.13;0.727;0.029;2.85;0.16;3.92;0.20;0.73;0.05;1.46;0.04;1.51;0.04;0.97;0.04;1.03;0.05;1.08;0.05;0.96;0.07;0;64
GBOV_RM7_1449;DeadLake;Courtney Meier;cmeier@battelleecology.org;support-copernicus-gbov@acri-st.fr;NEON;22;Evergreen Broadleaf;32.54172;-87.80389;20160517T050300Z;2.0;DELA_053;3.70;0.11;5.09;0.14;0.727;0.030;3.18;0.16;4.39;0.21;0.72;0.05;1.41;0.04;1.47;0.04;0.96;0.04;0.98;0.04;1.02;0.05;0.96;0.06;0;64
GBOV_RM7_1449;DeadLake;Courtney Meier;cmeier@battelleecology.org;support-copernicus-gbov@acri-st.fr;NEON;22;Evergreen Broadleaf;32.54172;-87.80389;20160531T045000Z;2.0;DELA_053;3.99;0.11;5.38;0.15;0.742;0.029;3.10;0.18;4.33;0.23;0.71;0.06;1.27;0.06;1.56;0.09;0.81;0.06;0.92;0.10;1.23;0.17;0.75;0.13;1;1
GBOV_RM7_1449;DeadLake;Courtney Meier;cmeier@battelleecology.org;support-copernicus-gbov@acri-st.fr;NEON;22;Evergreen Broadleaf;32.54172;-87.80389;20160614T050000Z;2.0;DELA_053;3.74;0.10;5.08;0.13;0.737;0.028;3.15;0.16;4.32;0.16;0.73;0.05;1.56;0.05;1.63;0.05;0.96;0.04;1.16;0.06;1.22;0.06;0.95;0.07;0;64
GBOV_RM7_1449;DeadLake;Courtney Meier;cmeier@battelleecology.org;support-copernicus-gbov@acri-st.fr;NEON;22;Evergreen Broadleaf;32.54172;-87.80389;20160629T045100Z;2.0;DELA_053;3.53;0.10;4.91;0.14;0.718;0.029;3.11;0.15;4.41;0.17;0.71;0.04;0.775;0.029;0.808;0.030;0.96;0.05;0.55;0.05;0.58;0.05;0.95;0.11;0;64
GBOV_RM7_1449;DeadLake;Courtney Meier;cmeier@battelleecology.org;support-copernicus-gbov@acri-st.fr;NEON;22;Evergreen Broadleaf;32.54172;-87.80389;20160713T055700Z;2.0;DELA_053;3.53;0.11;4.70;0.13;0.752;0.031;3.00;0.14;4.03;0.17;0.74;0.05;1.158;0.032;1.190;0.032;0.97;0.04;0.84;0.04;0.87;0.04;0.98;0.06;0;64
GBOV_RM7_1449;DeadLake;Courtney Meier;cmeier@battelleecology.org;support-copernicus-gbov@acri-st.fr;NEON;22;Evergreen Broadleaf;32.54172;-87.80389;20160728T060900Z;2.0;DELA_053;3.63;0.10;4.87;0.13;0.744;0.029;2.88;0.17;4.02;0.19;0.72;0.05;1.241;0.035;1.28;0.04;0.97;0.04;0.86;0.04;0.88;0.04;0.98;0.07;0;64
GBOV_RM7_1449;DeadLake;Courtney Meier;cmeier@battelleecology.org;support-copernicus-gbov@acri-st.fr;NEON;22;Evergreen Broadleaf;32.54172;-87.80389;20160810T061600Z;2.0;DELA_053;4.34;0.12;5.83;0.15;0.745;0.029;4.01;0.21;5.38;0.23;0.75;0.05;0.795;0.033;0.88;0.04;0.91;0.05;0.53;0.04;0.60;0.06;0.89;0.11;1;1
GBOV_RM7_1449;DeadLake;Courtney Meier;cmeier@battelleecology.org;support-copernicus-gbov@acri-st.fr;NEON;22;Evergreen Broadleaf;32.54172;-87.80389;20160824T062300Z;2.0;DELA_053;3.83;0.10;5.06;0.14;0.757;0.029;3.01;0.15;4.10;0.19;0.74;0.05;0.712;0.034;0.81;0.04;0.88;0.06;0.46;0.05;0.53;0.06;0.87;0.13;1;1
GBOV_RM7_1449;DeadLake;Courtney Meier;cmeier@battelleecology.org;support-copernicus-gbov@acri-st.fr;NEON;22;Evergreen Broadleaf;32.54172;-87.80389;20160907T063500Z;2.0;DELA_053;3.60;0.10;4.72;0.13;0.764;0.030;2.86;0.16;3.78;0.17;0.76;0.06;0.668;0.026;0.722;0.029;0.93;0.05;0.51;0.04;0.55;0.05;0.92;0.11;1;1
GBOV_RM7_1449;DeadLake;Courtney Meier;cmeier@battelleecology.org;support-copernicus-gbov@acri-st.fr;NEON;22;Evergreen Broadleaf;32.54172;-87.80389;20160921T064300Z;2.0;DELA_053;3.60;0.10;4.78;0.13;0.752;0.030;2.79;0.14;3.91;0.17;0.71;0.05;0.410;0.020;0.452;0.023;0.91;0.07;0.276;0.028;0.33;0.05;0.85;0.16;1;1
GBOV_RM7_1449;DeadLake;Courtney Meier;cmeier@battelleecology.org;support-copernicus-gbov@acri-st.fr;NEON;22;Evergreen Broadleaf;32.54172;-87.80389;20161006T065300Z;2.0;DELA_053;2.87;0.08;3.76;0.10;0.764;0.029;2.34;0.11;3.15;0.18;0.74;0.05;0.397;0.015;0.421;0.017;0.94;0.05;0.321;0.026;0.353;0.030;0.91;0.11;1;1
GBOV_RM7_1449;DeadLake;Courtney Meier;cmeier@battelleecology.org;support-copernicus-gbov@acri-st.fr;NEON;22;Evergreen Broadleaf;32.54172;-87.80389;20161020T065500Z;2.0;DELA_053;2.94;0.08;3.94;0.12;0.747;0.031;2.74;0.13;3.73;0.18;0.74;0.05;0.160;0.008;0.168;0.009;0.95;0.07;0.115;0.008;0.119;0.009;0.97;0.10;1;1
GBOV_RM7_1449;DeadLake;Courtney Meier;cmeier@battelleecology.org;support-copernicus-gbov@acri-st.fr;NEON;22;Evergreen Broadleaf;32.54172;-87.80389;20161103T065500Z;2.0;DELA_053;2.51;0.07;3.51;0.12;0.715;0.032;2.23;0.14;3.41;0.21;0.65;0.06;0.032;0.004;0.034;0.005;0.93;0.17;0.0127;0.0031;0.0132;0.0033;0.96;0.33;1;1
GBOV_RM7_1449;DeadLake;Courtney Meier;cmeier@battelleecology.org;support-copernicus-gbov@acri-st.fr;NEON;22;Evergreen Broadleaf;32.54172;-87.80389;20161118T075400Z;2.0;DELA_053;2.09;0.06;2.86;0.09;0.731;0.032;1.85;0.09;2.74;0.14;0.67;0.05;0.120;0.013;0.138;0.017;0.87;0.15;0.099;0.018;0.113;0.024;0.88;0.24;1;1
GBOV_RM7_1449;DeadLake;Courtney Meier;cmeier@battelleecology.org;support-copernicus-gbov@acri-st.fr;NEON;22;Evergreen Broadleaf;32.54172;-87.80389;20170315T060900Z;2.0;DELA_053;0.493;0.016;0.577;0.023;0.85;0.04;0.490;0.028;0.65;0.06;0.75;0.08;0.179;0.008;0.187;0.009;0.96;0.06;0.115;0.013;0.127;0.022;0.91;0.19;1;1
GBOV_RM7_1449;DeadLake;Courtney Meier;cmeier@battelleecology.org;support-copernicus-gbov@acri-st.fr;NEON;22;Evergreen Broadleaf;32.54172;-87.80389;20170331T065200Z;2.0;DELA_053;1.37;0.04;1.80;0.06;0.759;0.035;1.11;0.05;1.56;0.10;0.71;0.06;0.686;0.027;0.750;0.031;0.91;0.05;0.531;0.033;0.58;0.04;0.92;0.08;0;0
GBOV_RM7_1449;DeadLake;Courtney Meier;cmeier@battelleecology.org;support-copernicus-gbov@acri-st.fr;NEON;22;Evergreen Broadleaf;32.54172;-87.80389;20170411T055600Z;2.0;DELA_053;2.85;0.09;4.09;0.13;0.696;0.031;2.32;0.15;3.58;0.17;0.65;0.05;1.15;0.05;1.33;0.06;0.86;0.05;0.97;0.08;1.31;0.12;0.75;0.09;1;1
GBOV_RM7_1449;DeadLake;Courtney Meier;cmeier@battelleecology.org;support-copernicus-gbov@acri-st.fr;NEON;22;Evergreen Broadleaf;32.54172;-87.80389;20170425T063000Z;2.0;DELA_053;3.24;0.09;4.31;0.12;0.751;0.030;2.60;0.15;3.59;0.17;0.72;0.05;1.77;0.06;1.95;0.06;0.91;0.04;1.32;0.08;1.45;0.09;0.91;0.08;0;0
GBOV_RM7_1449;DeadLake;Courtney Meier;cmeier@battelleecology.org;support-copernicus-gbov@acri-st.fr;NEON;22;Evergreen Broadleaf;32.54172;-87.80389;20170512T051100Z;2.0;DELA_053;3.65;0.10;5.00;0.13;0.729;0.028;3.18;0.14;4.48;0.20;0.71;0.04;1.11;0.06;1.36;0.07;0.82;0.06;0.74;0.09;0.95;0.13;0.77;0.14;1;1
GBOV_RM7_1449;DeadLake;Courtney Meier;cmeier@battelleecology.org;support-copernicus-gbov@acri-st.fr;NEON;22;Evergreen Broadleaf;32.54172;-87.80389;20170523T052100Z;2.0;DELA_053;4.15;0.13;5.71;0.15;0.727;0.029;3.58;0.26;5.27;0.24;0.68;0.06;1.31;0.07;1.58;0.08;0.82;0.06;1.08;0.11;1.50;0.18;0.72;0.12;1;1
GBOV_RM7_1449;DeadLake;Courtney Meier;cmeier@battelleecology.org;support-copernicus-gbov@acri-st.fr;NEON;22;Evergreen Broadleaf;32.54172;-87.80389;20170606T050700Z;2.0;DELA_053;2.31;0.09;3.23;0.13;0.72;0.04;2.10;0.16;3.10;0.22;0.68;0.07;1.31;0.06;1.58;0.07;0.83;0.05;1.02;0.09;1.39;0.15;0.73;0.10;33;1
GBOV_RM7_1449;DeadLake;Courtney Meier;cmeier@battelleecology.org;support-copernicus-gbov@acri-st.fr;NEON;22;Evergreen Broadleaf;32.54172;-87.80389;20170706T061400Z;2.0;DELA_053;3.70;0.10;4.89;0.13;0.756;0.029;2.93;0.14;3.93;0.16;0.74;0.05;1.82;0.06;1.96;0.06;0.93;0.04;1.40;0.06;1.47;0.07;0.95;0.06;0;0
GBOV_RM7_1449;DeadLake;Courtney Meier;cmeier@battelleecology.org;support-copernicus-gbov@acri-st.fr;NEON;22;Evergreen Broadleaf;32.54172;-87.80389;20170719T062200Z;2.0;DELA_053;3.76;0.11;5.00;0.13;0.751;0.029;3.02;0.17;4.15;0.19;0.73;0.05;1.26;0.04;1.38;0.05;0.92;0.04;1.00;0.06;1.08;0.07;0.93;0.08;0;0
GBOV_RM7_1449;DeadLake;Courtney Meier;cmeier@battelleecology.org;support-copernicus-gbov@acri-st.fr;NEON;22;Evergreen Broadleaf;32.54172;-87.80389;20170801T062200Z;2.0;DELA_053;3.50;0.10;4.69;0.13;0.748;0.029;2.97;0.14;3.96;0.18;0.75;0.05;1.41;0.04;1.55;0.05;0.91;0.04;1.07;0.06;1.17;0.07;0.91;0.07;0;0
GBOV_RM7_1449;DeadLake;Courtney Meier;cmeier@battelleecology.org;support-copernicus-gbov@acri-st.fr;NEON;22;Evergreen Broadleaf;32.54172;-87.80389;20170816T062400Z;2.0;DELA_053;3.56;0.10;4.74;0.13;0.751;0.029;3.29;0.16;4.50;0.19;0.73;0.05;1.21;0.04;1.32;0.05;0.92;0.05;0.99;0.06;1.08;0.07;0.92;0.08;0;0
GBOV_RM7_1449;DeadLake;Courtney Meier;cmeier@battelleecology.org;support-copernicus-gbov@acri-st.fr;NEON;22;Evergreen Broadleaf;32.54172;-87.80389;20170831T053800Z;2.0;DELA_053;3.36;0.10;4.48;0.13;0.749;0.030;3.12;0.17;4.24;0.20;0.74;0.05;1.56;0.05;1.67;0.05;0.93;0.04;1.16;0.06;1.24;0.06;0.94;0.07;0;0
GBOV_RM7_1449;DeadLake;Courtney Meier;cmeier@battelleecology.org;support-copernicus-gbov@acri-st.fr;NEON;22;Evergreen Broadleaf;32.54172;-87.80389;20170913T070100Z;2.0;DELA_053;3.22;0.09;4.29;0.12;0.749;0.030;2.87;0.15;3.89;0.16;0.74;0.05;0.859;0.029;0.919;0.031;0.93;0.05;0.65;0.04;0.70;0.05;0.93;0.09;0;0
GBOV_RM7_1449;DeadLake;Courtney Meier;cmeier@battelleecology.org;support-copernicus-gbov@acri-st.fr;NEON;22;Evergreen Broadleaf;32.54172;-87.80389;20170925T071000Z;2.0;DELA_053;3.16;0.09;4.24;0.12;0.744;0.030;2.78;0.14;3.84;0.20;0.72;0.05;0.689;0.023;0.729;0.025;0.94;0.04;0.565;0.029;0.61;0.04;0.93;0.07;0;0
GBOV_RM7_1449;DeadLake;Courtney Meier;cmeier@battelleecology.org;support-copernicus-gbov@acri-st.fr;NEON;22;Evergreen Broadleaf;32.54172;-87.80389;20171010T070000Z;2.0;DELA_053;2.87;0.08;3.78;0.11;0.759;0.030;2.53;0.14;3.61;0.16;0.70;0.05;0.451;0.020;0.475;0.021;0.95;0.06;0.326;0.027;0.345;0.029;0.94;0.11;0;0
GBOV_RM7_1449;DeadLake;Courtney Meier;cmeier@battelleecology.org;support-copernicus-gbov@acri-st.fr;NEON;22;Evergreen Broadleaf;32.54172;-87.80389;20171024T060000Z;2.0;DELA_053;2.97;0.08;3.88;0.11;0.767;0.030;2.44;0.11;3.35;0.15;0.73;0.05;0.356;0.017;0.381;0.018;0.93;0.06;0.208;0.022;0.219;0.023;0.95;0.14;1;1
GBOV_RM7_1449;DeadLake;Courtney Meier;cmeier@battelleecology.org;support-copernicus-gbov@acri-st.fr;NEON;22;Evergreen Broadleaf;32.54172;-87.80389;20180314T060700Z;2.0;DELA_053;0.543;0.016;0.609;0.019;0.89;0.04;0.517;0.029;0.64;0.05;0.81;0.08;0.241;0.010;0.253;0.011;0.95;0.06;0.190;0.016;0.209;0.025;0.91;0.13;0;0
GBOV_RM7_1449;DeadLake;Courtney Meier;cmeier@battelleecology.org;support-copernicus-gbov@acri-st.fr;NEON;22;Evergreen Broadleaf;32.54172;-87.80389;20180327T060500Z;2.0;DELA_053;0.820;0.026;0.976;0.033;0.84;0.04;0.96;0.05;1.25;0.08;0.77;0.06;0.432;0.019;0.463;0.021;0.93;0.06;0.359;0.023;0.386;0.028;0.93;0.09;0;0
GBOV_RM7_1449;DeadLake;Courtney Meier;cmeier@battelleecology.org;support-copernicus-gbov@acri-st.fr;NEON;22;Evergreen Broadleaf;32.54172;-87.80389;20180411T053500Z;2.0;DELA_053;2.22;0.07;2.96;0.09;0.751;0.034;1.81;0.11;2.63;0.15;0.69;0.06;1.46;0.06;1.71;0.07;0.85;0.05;1.17;0.08;1.35;0.11;0.86;0.09;0;0
GBOV_RM7_1449;DeadLake;Courtney Meier;cmeier@battelleecology.org;support-copernicus-gbov@acri-st.fr;NEON;22;Evergreen Broadleaf;32.54172;-87.80389;20180425T051600Z;2.0;DELA_053;3.45;0.10;4.72;0.14;0.731;0.030;2.94;0.17;4.03;0.19;0.73;0.05;2.47;0.09;2.93;0.11;0.85;0.04;1.98;0.12;2.27;0.14;0.87;0.07;0;0
GBOV_RM7_1449;DeadLake;Courtney Meier;cmeier@battelleecology.org;support-copernicus-gbov@acri-st.fr;NEON;22;Evergreen Broadleaf;32.54172;-87.80389;20180510T051400Z;2.0;DELA_053;3.84;0.12;5.27;0.15;0.729;0.030;3.02;0.20;4.20;0.24;0.72;0.06;1.70;0.08;2.29;0.13;0.74;0.06;1.31;0.15;1.88;0.25;0.69;0.12;1;1
GBOV_RM7_1449;DeadLake;Courtney Meier;cmeier@battelleecology.org;support-copernicus-gbov@acri-st.fr;NEON;22;Evergreen Broadleaf;32.54172;-87.80389;20180523T045500Z;2.0;DELA_053;4.33;0.12;5.99;0.16;0.723;0.028;3.49;0.26;4.97;0.21;0.70;0.06;2.09;0.08;2.39;0.09;0.87;0.05;1.58;0.10;1.83;0.12;0.86;0.08;0;0
GBOV_RM7_1449;DeadLake;Courtney Meier;cmeier@battelleecology.org;support-copernicus-gbov@acri-st.fr;NEON;22;Evergreen Broadleaf;32.54172;-87.80389;20180605T045300Z;2.0;DELA_053;4.41;0.13;6.14;0.16;0.719;0.028;3.50;0.25;5.04;0.22;0.69;0.06;1.97;0.07;2.19;0.07;0.90;0.04;1.53;0.09;1.70;0.11;0.90;0.08;0;0
GBOV_RM7_1449;DeadLake;Courtney Meier;cmeier@battelleecology.org;support-copernicus-gbov@acri-st.fr;NEON;22;Evergreen Broadleaf;32.54172;-87.80389;20180619T044500Z;2.0;DELA_053;4.29;0.12;6.01;0.16;0.714;0.027;3.68;0.18;5.10;0.21;0.72;0.05;1.72;0.07;1.94;0.07;0.89;0.05;1.34;0.10;1.52;0.11;0.88;0.09;0;0
GBOV_RM7_1449;DeadLake;Courtney Meier;cmeier@battelleecology.org;support-copernicus-gbov@acri-st.fr;NEON;22;Evergreen Broadleaf;32.54172;-87.80389;20180703T045300Z;2.0;DELA_053;3.93;0.11;5.46;0.15;0.720;0.028;3.34;0.21;4.93;0.22;0.68;0.05;1.74;0.06;1.99;0.08;0.88;0.05;1.42;0.09;1.58;0.10;0.90;0.08;0;0
GBOV_RM7_1449;DeadLake;Courtney Meier;cmeier@battelleecology.org;support-copernicus-gbov@acri-st.fr;NEON;22;Evergreen Broadleaf;32.54172;-87.80389;20180718T050500Z;2.0;DELA_053;4.15;0.12;5.75;0.15;0.722;0.028;3.40;0.19;4.76;0.23;0.71;0.05;1.55;0.06;1.74;0.07;0.89;0.05;1.20;0.09;1.33;0.10;0.90;0.09;0;0
GBOV_RM7_1449;DeadLake;Courtney Meier;cmeier@battelleecology.org;support-copernicus-gbov@acri-st.fr;NEON;22;Evergreen Broadleaf;32.54172;-87.80389;20180801T053100Z;2.0;DELA_053;4.01;0.11;5.38;0.14;0.745;0.028;3.64;0.22;5.00;0.20;0.73;0.05;1.27;0.05;1.42;0.05;0.90;0.05;1.04;0.08;1.17;0.10;0.89;0.10;0;0
GBOV_RM7_1449;DeadLake;Courtney Meier;cmeier@battelleecology.org;support-copernicus-gbov@acri-st.fr;NEON;22;Evergreen Broadleaf;32.54172;-87.80389;20180814T052600Z;2.0;DELA_053;3.89;0.11;5.40;0.15;0.720;0.029;3.35;0.22;4.87;0.26;0.69;0.06;1.15;0.05;1.29;0.06;0.89;0.06;0.90;0.08;1.01;0.09;0.90;0.11;0;0
GBOV_RM7_1449;DeadLake;Courtney Meier;cmeier@battelleecology.org;support-copernicus-gbov@acri-st.fr;NEON;22;Evergreen Broadleaf;32.54172;-87.80389;20180828T052700Z;2.0;DELA_053;3.59;0.10;5.04;0.14;0.713;0.028;2.90;0.17;4.30;0.22;0.67;0.05;1.35;0.05;1.50;0.06;0.90;0.05;1.05;0.08;1.16;0.09;0.90;0.10;0;0
GBOV_RM7_1449;DeadLake;Courtney Meier;cmeier@battelleecology.org;support-copernicus-gbov@acri-st.fr;NEON;22;Evergreen Broadleaf;32.54172;-87.80389;20180912T053400Z;2.0;DELA_053;3.53;0.10;4.81;0.13;0.734;0.029;2.89;0.14;3.99;0.20;0.72;0.05;0.810;0.031;0.873;0.034;0.93;0.05;0.66;0.05;0.70;0.05;0.94;0.10;0;0
GBOV_RM7_1449;DeadLake;Courtney Meier;cmeier@battelleecology.org;support-copernicus-gbov@acri-st.fr;NEON;22;Evergreen Broadleaf;32.54172;-87.80389;20180925T055400Z;2.0;DELA_053;3.23;0.10;4.42;0.13;0.731;0.031;2.90;0.16;4.11;0.22;0.71;0.05;0.630;0.026;0.677;0.028;0.93;0.06;0.49;0.04;0.53;0.05;0.93;0.12;0;0
GBOV_RM7_1449;DeadLake;Courtney Meier;cmeier@battelleecology.org;support-copernicus-gbov@acri-st.fr;NEON;22;Evergreen Broadleaf;32.54172;-87.80389;20181009T060300Z;2.0;DELA_053;3.21;0.09;4.36;0.12;0.736;0.030;2.62;0.14;3.70;0.18;0.71;0.05;0.542;0.026;0.582;0.029;0.93;0.06;0.44;0.04;0.47;0.04;0.93;0.12;0;0
GBOV_RM7_1449;DeadLake;Courtney Meier;cmeier@battelleecology.org;support-copernicus-gbov@acri-st.fr;NEON;22;Evergreen Broadleaf;32.54172;-87.80389;20181023T061000Z;2.0;DELA_053;3.01;0.08;4.09;0.12;0.735;0.029;2.67;0.12;3.69;0.18;0.72;0.05;0.367;0.016;0.386;0.017;0.95;0.06;0.281;0.021;0.295;0.024;0.95;0.11;0;0
GBOV_RM7_1449;DeadLake;Courtney Meier;cmeier@battelleecology.org;support-copernicus-gbov@acri-st.fr;NEON;22;Evergreen Broadleaf;32.54172;-87.80389;20190326T063200Z;2.0;DELA_053;0.938;0.031;1.15;0.04;0.82;0.04;1.05;0.06;1.37;0.08;0.77;0.06;0.104;0.007;0.107;0.007;0.97;0.09;0.086;0.011;0.088;0.011;0.98;0.17;0;0
GBOV_RM7_1449;DeadLake;Courtney Meier;cmeier@battelleecology.org;support-copernicus-gbov@acri-st.fr;NEON;22;Evergreen Broadleaf;32.54172;-87.80389;20190409T060700Z;2.0;DELA_053;2.28;0.08;3.03;0.11;0.75;0.04;2.15;0.15;3.06;0.18;0.70;0.06;0.79;0.04;0.92;0.06;0.86;0.07;0.68;0.08;0.81;0.10;0.84;0.14;0;0
GBOV_RM7_1449;DeadLake;Courtney Meier;cmeier@battelleecology.org;support-copernicus-gbov@acri-st.fr;NEON;22;Evergreen Broadleaf;32.54172;-87.80389;20190425T064300Z;2.0;DELA_053;3.96;0.12;5.53;0.15;0.717;0.029;3.45;0.19;4.90;0.20;0.70;0.05;1.25;0.08;1.58;0.11;0.79;0.07;0.97;0.12;1.30;0.18;0.75;0.14;0;0
GBOV_RM7_1449;DeadLake;Courtney Meier;cmeier@battelleecology.org;support-copernicus-gbov@acri-st.fr;NEON;22;Evergreen Broadleaf;32.54172;-87.80389;20190508T052000Z;2.0;DELA_053;4.27;0.12;5.87;0.16;0.728;0.028;3.41;0.17;4.69;0.21;0.73;0.05;2.16;0.09;2.64;0.12;0.82;0.05;1.60;0.12;1.97;0.17;0.81;0.10;0;0
GBOV_RM7_1449;DeadLake;Courtney Meier;cmeier@battelleecology.org;support-copernicus-gbov@acri-st.fr;NEON;22;Evergreen Broadleaf;32.54172;-87.80389;20190522T051000Z;2.0;DELA_053;4.58;0.13;6.27;0.16;0.730;0.028;3.59;0.16;4.93;0.21;0.73;0.05;1.82;0.07;2.12;0.08;0.86;0.05;1.48;0.10;1.69;0.14;0.88;0.09;0;0
GBOV_RM7_1449;DeadLake;Courtney Meier;cmeier@battelleecology.org;support-copernicus-gbov@acri-st.fr;NEON;22;Evergreen Broadleaf;32.54172;-87.80389;20190605T052300Z;2.0;DELA_053;4.68;0.13;6.43;0.17;0.728;0.028;3.97;0.20;5.43;0.23;0.73;0.05;1.19;0.06;1.37;0.07;0.87;0.06;0.97;0.07;1.08;0.09;0.90;0.10;0;0
GBOV_RM7_1449;DeadLake;Courtney Meier;cmeier@battelleecology.org;support-copernicus-gbov@acri-st.fr;NEON;22;Evergreen Broadleaf;32.54172;-87.80389;20190618T051300Z;2.0;DELA_053;4.38;0.12;6.03;0.16;0.727;0.028;3.79;0.19;5.22;0.22;0.73;0.05;1.34;0.06;1.54;0.07;0.87;0.05;1.07;0.08;1.22;0.10;0.87;0.10;0;0
GBOV_RM7_1449;DeadLake;Courtney Meier;cmeier@battelleecology.org;support-copernicus-gbov@acri-st.fr;NEON;22;Evergreen Broadleaf;32.54172;-87.80389;20190702T050000Z;2.0;DELA_053;4.49;0.13;6.14;0.16;0.732;0.028;3.49;0.25;4.86;0.25;0.72;0.06;1.44;0.06;1.63;0.07;0.88;0.05;1.16;0.08;1.31;0.11;0.88;0.10;0;0
GBOV_RM7_1449;DeadLake;Courtney Meier;cmeier@battelleecology.org;support-copernicus-gbov@acri-st.fr;NEON;22;Evergreen Broadleaf;32.54172;-87.80389;20190717T051800Z;2.0;DELA_053;4.21;0.12;5.83;0.15;0.723;0.028;3.51;0.19;4.77;0.22;0.73;0.05;1.50;0.06;1.69;0.07;0.88;0.05;1.18;0.08;1.33;0.10;0.89;0.09;0;0
GBOV_RM7_1449;DeadLake;Courtney Meier;cmeier@battelleecology.org;support-copernicus-gbov@acri-st.fr;NEON;22;Evergreen Broadleaf;32.54172;-87.80389;20190731T042800Z;2.0;DELA_053;4.11;0.11;5.68;0.15;0.723;0.027;3.38;0.18;4.73;0.21;0.72;0.05;1.00;0.05;1.16;0.06;0.87;0.06;0.78;0.07;0.93;0.10;0.85;0.12;0;0
GBOV_RM7_1449;DeadLake;Courtney Meier;cmeier@battelleecology.org;support-copernicus-gbov@acri-st.fr;NEON;22;Evergreen Broadleaf;32.54172;-87.80389;20190815T053500Z;2.0;DELA_053;4.12;0.11;5.60;0.15;0.737;0.028;3.37;0.15;4.58;0.20;0.74;0.05;1.03;0.05;1.16;0.05;0.89;0.06;0.88;0.06;0.98;0.09;0.89;0.10;0;0
GBOV_RM7_1449;DeadLake;Courtney Meier;cmeier@battelleecology.org;support-copernicus-gbov@acri-st.fr;NEON;22;Evergreen Broadleaf;32.54172;-87.80389;20190829T054000Z;2.0;DELA_053;3.81;0.11;5.18;0.14;0.735;0.029;3.15;0.17;4.31;0.17;0.73;0.05;0.97;0.04;1.06;0.04;0.92;0.05;0.77;0.05;0.83;0.06;0.93;0.09;0;0
GBOV_RM7_1449;DeadLake;Courtney Meier;cmeier@battelleecology.org;support-copernicus-gbov@acri-st.fr;NEON;22;Evergreen Broadleaf;32.54172;-87.80389;20190911T054400Z;2.0;DELA_053;3.57;0.10;5.03;0.14;0.710;0.029;2.93;0.16;4.29;0.20;0.68;0.05;0.805;0.034;0.88;0.04;0.92;0.06;0.69;0.04;0.73;0.04;0.94;0.08;0;0
GBOV_RM7_1449;DeadLake;Courtney Meier;cmeier@battelleecology.org;support-copernicus-gbov@acri-st.fr;NEON;22;Evergreen Broadleaf;32.54172;-87.80389;20190926T054200Z;2.0;DELA_053;3.22;0.09;4.42;0.13;0.727;0.030;2.77;0.14;3.85;0.18;0.72;0.05;0.361;0.018;0.382;0.020;0.95;0.07;0.314;0.026;0.327;0.029;0.96;0.12;0;0
GBOV_RM7_1449;DeadLake;Courtney Meier;cmeier@battelleecology.org;support-copernicus-gbov@acri-st.fr;NEON;22;Evergreen Broadleaf;32.54172;-87.80389;20191009T055300Z;2.0;DELA_053;2.83;0.08;3.88;0.12;0.730;0.031;2.55;0.13;3.39;0.18;0.75;0.05;0.211;0.014;0.221;0.015;0.95;0.09;0.173;0.021;0.179;0.023;0.96;0.17;0;0
GBOV_RM7_1449;DeadLake;Courtney Meier;cmeier@battelleecology.org;support-copernicus-gbov@acri-st.fr;NEON;22;Evergreen Broadleaf;32.54172;-87.80389;20191023T060000Z;2.0;DELA_053;2.66;0.08;3.67;0.12;0.725;0.031;2.32;0.12;3.15;0.17;0.74;0.05;0.212;0.013;0.222;0.014;0.95;0.09;0.177;0.021;0.185;0.022;0.96;0.16;0;0
