GBOV_ID;Site;GROUND_DATA_PI;GROUND_DATA_PIs_Email;GBOV_Email;Network;Elevation;IGBP_class;Lat_IS;Lon_IS;TIME_IS;Version;PLOT_ID;LAIe_Miller_up;LAIe_Miller_up_err;LAI_Miller_up;LAI_Miller_up_err;clumping_Miller_up;clumping_Miller_up_err;LAIe_Warren_up;LAIe_Warren_up_err;LAI_Warren_up;LAI_Warren_up_err;clumping_Warren_up;clumping_Warren_up_err;LAIe_Miller_down;LAIe_Miller_down_err;LAI_Miller_down;LAI_Miller_down_err;clumping_Miller_down;clumping_Miller_down_err;LAIe_Warren_down;LAIe_Warren_down_err;LAI_Warren_down;LAI_Warren_down_err;clumping_Warren_down;clumping_Warren_down_err;up_flag;down_flag
GBOV_RM7_796;BartlettExperimentalForest;Courtney Meier;cmeier@battelleecology.org;support-copernicus-gbov@acri-st.fr;NEON;232;Mixed Forest;44.063901;-71.287308;20140508T000000Z;2.0;BART_034;1.78;0.07;3.14;0.12;0.568;0.031;1.65;0.10;2.76;0.17;0.60;0.05;0.069;0.007;0.074;0.008;0.93;0.14;0.085;0.013;0.093;0.019;0.91;0.23;0;0
GBOV_RM7_796;BartlettExperimentalForest;Courtney Meier;cmeier@battelleecology.org;support-copernicus-gbov@acri-st.fr;NEON;232;Mixed Forest;44.063901;-71.287308;20140521T000000Z;2.0;BART_034;3.24;0.10;4.81;0.14;0.674;0.029;3.14;0.14;4.75;0.20;0.66;0.04;0.410;0.026;0.48;0.04;0.86;0.09;0.332;0.025;0.361;0.033;0.92;0.11;0;0
GBOV_RM7_796;BartlettExperimentalForest;Courtney Meier;cmeier@battelleecology.org;support-copernicus-gbov@acri-st.fr;NEON;232;Mixed Forest;44.063901;-71.287308;20140604T000000Z;2.0;BART_034;4.11;0.15;6.19;0.18;0.664;0.031;4.23;0.23;5.96;0.27;0.71;0.05;0.361;0.035;0.53;0.06;0.68;0.10;0.30;0.05;0.40;0.08;0.74;0.19;0;0
GBOV_RM7_796;BartlettExperimentalForest;Courtney Meier;cmeier@battelleecology.org;support-copernicus-gbov@acri-st.fr;NEON;232;Mixed Forest;44.063901;-71.287308;20140619T000000Z;2.0;BART_034;4.17;0.14;6.39;0.17;0.653;0.028;4.03;0.18;5.70;0.19;0.71;0.04;0.64;0.04;0.83;0.07;0.77;0.08;0.49;0.05;0.61;0.08;0.80;0.13;0;0
GBOV_RM7_796;BartlettExperimentalForest;Courtney Meier;cmeier@battelleecology.org;support-copernicus-gbov@acri-st.fr;NEON;232;Mixed Forest;44.063901;-71.287308;20140702T000000Z;2.0;BART_034;4.23;0.15;6.42;0.18;0.659;0.029;4.02;0.23;5.88;0.25;0.68;0.05;0.54;0.04;0.72;0.07;0.75;0.09;0.45;0.05;0.59;0.10;0.76;0.16;0;0
GBOV_RM7_796;BartlettExperimentalForest;Courtney Meier;cmeier@battelleecology.org;support-copernicus-gbov@acri-st.fr;NEON;232;Mixed Forest;44.063901;-71.287308;20140716T000000Z;2.0;BART_034;4.45;0.15;6.64;0.18;0.669;0.029;4.39;0.21;6.25;0.24;0.70;0.04;0.33;0.04;0.49;0.06;0.68;0.11;0.25;0.04;0.32;0.07;0.79;0.21;0;0
GBOV_RM7_796;BartlettExperimentalForest;Courtney Meier;cmeier@battelleecology.org;support-copernicus-gbov@acri-st.fr;NEON;232;Mixed Forest;44.063901;-71.287308;20140812T000000Z;2.0;BART_034;4.20;0.15;6.32;0.18;0.663;0.030;4.02;0.21;5.70;0.22;0.71;0.05;0.316;0.022;0.384;0.030;0.82;0.09;0.286;0.031;0.37;0.06;0.77;0.15;0;0
GBOV_RM7_796;BartlettExperimentalForest;Courtney Meier;cmeier@battelleecology.org;support-copernicus-gbov@acri-st.fr;NEON;232;Mixed Forest;44.063901;-71.287308;20140826T000000Z;2.0;BART_034;4.16;0.14;6.18;0.16;0.674;0.028;4.09;0.20;5.61;0.21;0.73;0.04;0.720;0.026;0.779;0.031;0.92;0.05;0.582;0.031;0.63;0.04;0.93;0.08;0;0
GBOV_RM7_796;BartlettExperimentalForest;Courtney Meier;cmeier@battelleecology.org;support-copernicus-gbov@acri-st.fr;NEON;232;Mixed Forest;44.063901;-71.287308;20140910T000000Z;2.0;BART_034;4.14;0.14;6.25;0.17;0.663;0.029;4.41;0.21;6.03;0.22;0.73;0.04;0.370;0.031;0.44;0.04;0.83;0.11;0.28;0.04;0.31;0.04;0.91;0.17;0;0
GBOV_RM7_796;BartlettExperimentalForest;Courtney Meier;cmeier@battelleecology.org;support-copernicus-gbov@acri-st.fr;NEON;232;Mixed Forest;44.063901;-71.287308;20140924T000000Z;2.0;BART_034;3.49;0.12;5.27;0.17;0.662;0.032;3.33;0.19;4.86;0.26;0.68;0.05;0.520;0.022;0.560;0.025;0.93;0.06;0.463;0.026;0.495;0.030;0.94;0.08;64;0
GBOV_RM7_796;BartlettExperimentalForest;Courtney Meier;cmeier@battelleecology.org;support-copernicus-gbov@acri-st.fr;NEON;232;Mixed Forest;44.063901;-71.287308;20141009T000000Z;2.0;BART_034;3.28;0.12;5.02;0.16;0.654;0.031;3.21;0.15;4.62;0.20;0.70;0.04;0.272;0.020;0.318;0.025;0.86;0.09;0.260;0.032;0.30;0.04;0.88;0.16;0;0
GBOV_RM7_796;BartlettExperimentalForest;Courtney Meier;cmeier@battelleecology.org;support-copernicus-gbov@acri-st.fr;NEON;232;Mixed Forest;44.063901;-71.287308;20150519T000000Z;2.0;BART_034;3.54;0.11;5.05;0.14;0.701;0.030;3.84;0.18;5.41;0.21;0.71;0.04;0.134;0.014;0.161;0.019;0.83;0.13;0.151;0.027;0.20;0.06;0.75;0.26;0;0
GBOV_RM7_796;BartlettExperimentalForest;Courtney Meier;cmeier@battelleecology.org;support-copernicus-gbov@acri-st.fr;NEON;232;Mixed Forest;44.063901;-71.287308;20150602T000000Z;2.0;BART_034;4.03;0.14;5.85;0.17;0.689;0.031;4.18;0.20;5.73;0.24;0.73;0.05;0.265;0.031;0.35;0.05;0.75;0.13;0.24;0.05;0.34;0.11;0.71;0.26;0;0
GBOV_RM7_796;BartlettExperimentalForest;Courtney Meier;cmeier@battelleecology.org;support-copernicus-gbov@acri-st.fr;NEON;232;Mixed Forest;44.063901;-71.287308;20150616T000000Z;2.0;BART_034;4.18;0.15;6.28;0.18;0.666;0.031;4.29;0.24;6.06;0.19;0.71;0.04;0.36;0.04;0.50;0.07;0.71;0.13;0.34;0.06;0.50;0.11;0.68;0.18;1;9
GBOV_RM7_796;BartlettExperimentalForest;Courtney Meier;cmeier@battelleecology.org;support-copernicus-gbov@acri-st.fr;NEON;232;Mixed Forest;44.063901;-71.287308;20150628T000000Z;2.0;BART_034;4.09;0.14;5.97;0.17;0.686;0.030;4.19;0.19;5.91;0.22;0.71;0.04;0.281;0.030;0.35;0.05;0.79;0.13;0.27;0.05;0.32;0.07;0.84;0.23;0;0
GBOV_RM7_796;BartlettExperimentalForest;Courtney Meier;cmeier@battelleecology.org;support-copernicus-gbov@acri-st.fr;NEON;232;Mixed Forest;44.063901;-71.287308;20150714T000000Z;2.0;BART_034;4.20;0.15;6.40;0.18;0.657;0.029;3.90;0.19;5.61;0.23;0.69;0.04;0.347;0.028;0.42;0.04;0.83;0.10;0.303;0.034;0.34;0.04;0.89;0.15;8;0
GBOV_RM7_796;BartlettExperimentalForest;Courtney Meier;cmeier@battelleecology.org;support-copernicus-gbov@acri-st.fr;NEON;232;Mixed Forest;44.063901;-71.287308;20150729T000000Z;2.0;BART_034;3.81;0.17;5.86;0.21;0.65;0.04;3.3;0.4;5.1;0.4;0.65;0.10;0.254;0.019;0.296;0.024;0.86;0.09;0.241;0.024;0.273;0.031;0.88;0.13;8;0
GBOV_RM7_796;BartlettExperimentalForest;Courtney Meier;cmeier@battelleecology.org;support-copernicus-gbov@acri-st.fr;NEON;232;Mixed Forest;44.063901;-71.287308;20150811T000000Z;2.0;BART_034;4.21;0.15;6.35;0.17;0.662;0.030;4.42;0.21;6.06;0.22;0.73;0.04;0.489;0.025;0.572;0.034;0.85;0.07;0.383;0.034;0.44;0.05;0.88;0.13;0;0
GBOV_RM7_796;BartlettExperimentalForest;Courtney Meier;cmeier@battelleecology.org;support-copernicus-gbov@acri-st.fr;NEON;232;Mixed Forest;44.063901;-71.287308;20150827T000000Z;2.0;BART_034;4.13;0.16;6.32;0.18;0.654;0.031;3.77;0.24;5.46;0.23;0.69;0.05;0.431;0.020;0.460;0.023;0.94;0.06;0.380;0.032;0.44;0.06;0.86;0.14;8;0
GBOV_RM7_796;BartlettExperimentalForest;Courtney Meier;cmeier@battelleecology.org;support-copernicus-gbov@acri-st.fr;NEON;232;Mixed Forest;44.063901;-71.287308;20150909T000000Z;2.0;BART_034;4.16;0.15;6.12;0.17;0.680;0.031;4.16;0.22;5.76;0.23;0.72;0.05;0.396;0.023;0.449;0.029;0.88;0.08;0.319;0.028;0.351;0.035;0.91;0.12;8;0
GBOV_RM7_796;BartlettExperimentalForest;Courtney Meier;cmeier@battelleecology.org;support-copernicus-gbov@acri-st.fr;NEON;232;Mixed Forest;44.063901;-71.287308;20150922T000000Z;2.0;BART_034;3.88;0.14;5.91;0.18;0.657;0.031;3.79;0.26;5.60;0.26;0.68;0.06;0.344;0.018;0.378;0.022;0.91;0.07;0.315;0.032;0.37;0.05;0.85;0.15;8;0
GBOV_RM7_796;BartlettExperimentalForest;Courtney Meier;cmeier@battelleecology.org;support-copernicus-gbov@acri-st.fr;NEON;232;Mixed Forest;44.063901;-71.287308;20151005T000000Z;2.0;BART_034;4.04;0.15;5.99;0.17;0.675;0.031;3.86;0.20;5.37;0.19;0.72;0.05;0.279;0.023;0.323;0.028;0.86;0.10;0.28;0.04;0.35;0.06;0.81;0.17;0;0
GBOV_RM7_796;BartlettExperimentalForest;Courtney Meier;cmeier@battelleecology.org;support-copernicus-gbov@acri-st.fr;NEON;232;Mixed Forest;44.063901;-71.287308;20151019T000000Z;2.0;BART_034;3.22;0.12;5.09;0.17;0.633;0.032;2.95;0.15;4.36;0.17;0.68;0.04;0.216;0.019;0.256;0.029;0.84;0.12;0.216;0.032;0.26;0.05;0.83;0.21;8;0
GBOV_RM7_796;BartlettExperimentalForest;Courtney Meier;cmeier@battelleecology.org;support-copernicus-gbov@acri-st.fr;NEON;232;Mixed Forest;44.063901;-71.287308;20160517T000000Z;2.0;BART_034;1.79;0.07;3.15;0.13;0.567;0.033;1.97;0.12;3.30;0.18;0.60;0.05;0.343;0.017;0.362;0.019;0.95;0.07;0.304;0.022;0.316;0.025;0.96;0.10;0;0
GBOV_RM7_796;BartlettExperimentalForest;Courtney Meier;cmeier@battelleecology.org;support-copernicus-gbov@acri-st.fr;NEON;232;Mixed Forest;44.063901;-71.287308;20160601T000000Z;2.0;BART_034;3.93;0.15;5.91;0.17;0.665;0.032;3.50;0.19;5.10;0.24;0.69;0.05;0.536;0.027;0.587;0.034;0.91;0.07;0.45;0.04;0.49;0.05;0.92;0.12;0;32
GBOV_RM7_796;BartlettExperimentalForest;Courtney Meier;cmeier@battelleecology.org;support-copernicus-gbov@acri-st.fr;NEON;232;Mixed Forest;44.063901;-71.287308;20160614T000000Z;2.0;BART_034;4.09;0.15;6.12;0.18;0.668;0.031;3.90;0.26;5.92;0.29;0.66;0.05;0.287;0.023;0.36;0.04;0.80;0.10;0.30;0.04;0.38;0.08;0.78;0.19;0;0
GBOV_RM7_796;BartlettExperimentalForest;Courtney Meier;cmeier@battelleecology.org;support-copernicus-gbov@acri-st.fr;NEON;232;Mixed Forest;44.063901;-71.287308;20160628T000000Z;2.0;BART_034;4.18;0.15;6.26;0.18;0.667;0.031;3.92;0.20;5.36;0.24;0.73;0.05;0.690;0.027;0.739;0.035;0.93;0.06;0.501;0.032;0.53;0.04;0.95;0.10;0;32
GBOV_RM7_796;BartlettExperimentalForest;Courtney Meier;cmeier@battelleecology.org;support-copernicus-gbov@acri-st.fr;NEON;232;Mixed Forest;44.063901;-71.287308;20160712T000000Z;2.0;BART_034;4.10;0.14;6.22;0.18;0.659;0.030;3.66;0.23;5.44;0.28;0.67;0.05;0.57;0.04;0.69;0.06;0.82;0.09;0.49;0.05;0.56;0.08;0.87;0.15;0;0
GBOV_RM7_796;BartlettExperimentalForest;Courtney Meier;cmeier@battelleecology.org;support-copernicus-gbov@acri-st.fr;NEON;232;Mixed Forest;44.063901;-71.287308;20160726T000000Z;2.0;BART_034;4.14;0.15;6.24;0.17;0.663;0.030;3.94;0.21;5.60;0.21;0.70;0.05;0.66;0.04;0.77;0.05;0.85;0.07;0.51;0.04;0.58;0.07;0.87;0.13;0;8
GBOV_RM7_796;BartlettExperimentalForest;Courtney Meier;cmeier@battelleecology.org;support-copernicus-gbov@acri-st.fr;NEON;232;Mixed Forest;44.063901;-71.287308;20160809T000000Z;2.0;BART_034;4.13;0.15;6.18;0.17;0.668;0.030;3.78;0.21;5.49;0.20;0.69;0.05;0.691;0.022;0.733;0.028;0.94;0.05;0.496;0.030;0.52;0.04;0.96;0.09;0;8
GBOV_RM7_796;BartlettExperimentalForest;Courtney Meier;cmeier@battelleecology.org;support-copernicus-gbov@acri-st.fr;NEON;232;Mixed Forest;44.063901;-71.287308;20160823T000000Z;2.0;BART_034;4.09;0.14;6.16;0.17;0.664;0.029;3.65;0.19;5.38;0.23;0.68;0.05;0.713;0.028;0.77;0.04;0.92;0.06;0.520;0.034;0.55;0.04;0.95;0.10;0;8
GBOV_RM7_796;BartlettExperimentalForest;Courtney Meier;cmeier@battelleecology.org;support-copernicus-gbov@acri-st.fr;NEON;232;Mixed Forest;44.063901;-71.287308;20160907T000000Z;2.0;BART_034;4.02;0.14;5.93;0.17;0.678;0.030;3.75;0.19;5.18;0.23;0.72;0.05;0.46;0.04;0.59;0.05;0.78;0.09;0.41;0.07;0.51;0.09;0.81;0.20;0;0
GBOV_RM7_796;BartlettExperimentalForest;Courtney Meier;cmeier@battelleecology.org;support-copernicus-gbov@acri-st.fr;NEON;232;Mixed Forest;44.063901;-71.287308;20160919T000000Z;2.0;BART_034;4.10;0.14;6.13;0.18;0.670;0.030;3.95;0.23;5.76;0.28;0.69;0.05;0.394;0.025;0.47;0.04;0.84;0.08;0.32;0.04;0.39;0.07;0.82;0.18;0;0
GBOV_RM7_796;BartlettExperimentalForest;Courtney Meier;cmeier@battelleecology.org;support-copernicus-gbov@acri-st.fr;NEON;232;Mixed Forest;44.063901;-71.287308;20161004T000000Z;2.0;BART_034;3.99;0.14;5.96;0.15;0.670;0.028;3.80;0.19;5.80;0.19;0.66;0.04;0.237;0.021;0.298;0.035;0.80;0.12;0.185;0.026;0.24;0.06;0.77;0.22;0;0
GBOV_RM7_796;BartlettExperimentalForest;Courtney Meier;cmeier@battelleecology.org;support-copernicus-gbov@acri-st.fr;NEON;232;Mixed Forest;44.063901;-71.287308;20161018T000000Z;2.0;BART_034;3.28;0.12;5.20;0.15;0.630;0.029;3.43;0.17;5.30;0.18;0.65;0.04;0.129;0.014;0.145;0.018;0.89;0.15;0.123;0.020;0.133;0.024;0.92;0.22;8;0
GBOV_RM7_796;BartlettExperimentalForest;Courtney Meier;cmeier@battelleecology.org;support-copernicus-gbov@acri-st.fr;NEON;232;Mixed Forest;44.063901;-71.287308;20170502T000000Z;2.0;BART_034;1.92;0.08;3.20;0.12;0.600;0.033;2.21;0.13;3.49;0.17;0.63;0.05;0.099;0.010;0.107;0.012;0.92;0.14;0.108;0.020;0.119;0.023;0.91;0.24;0;0
GBOV_RM7_796;BartlettExperimentalForest;Courtney Meier;cmeier@battelleecology.org;support-copernicus-gbov@acri-st.fr;NEON;232;Mixed Forest;44.063901;-71.287308;20170516T000000Z;2.0;BART_034;2.53;0.08;3.82;0.12;0.661;0.029;2.50;0.10;3.52;0.14;0.71;0.04;0.100;0.010;0.112;0.013;0.90;0.14;0.108;0.014;0.119;0.018;0.91;0.18;0;0
GBOV_RM7_796;BartlettExperimentalForest;Courtney Meier;cmeier@battelleecology.org;support-copernicus-gbov@acri-st.fr;NEON;232;Mixed Forest;44.063901;-71.287308;20170601T000000Z;2.0;BART_034;3.91;0.14;5.78;0.17;0.677;0.030;3.47;0.16;4.95;0.19;0.70;0.04;0.75;0.04;0.90;0.06;0.84;0.07;0.57;0.05;0.65;0.08;0.87;0.14;0;0
GBOV_RM7_796;BartlettExperimentalForest;Courtney Meier;cmeier@battelleecology.org;support-copernicus-gbov@acri-st.fr;NEON;232;Mixed Forest;44.063901;-71.287308;20170614T000000Z;2.0;BART_034;3.82;0.14;5.69;0.16;0.670;0.031;3.45;0.21;5.04;0.21;0.68;0.05;0.489;0.034;0.61;0.05;0.80;0.09;0.39;0.05;0.46;0.07;0.86;0.17;0;0
GBOV_RM7_796;BartlettExperimentalForest;Courtney Meier;cmeier@battelleecology.org;support-copernicus-gbov@acri-st.fr;NEON;232;Mixed Forest;44.063901;-71.287308;20170627T000000Z;2.0;BART_034;3.76;0.13;5.67;0.16;0.663;0.029;3.55;0.23;5.31;0.27;0.67;0.06;0.64;0.05;0.84;0.08;0.77;0.09;0.48;0.06;0.59;0.11;0.81;0.18;0;0
GBOV_RM7_796;BartlettExperimentalForest;Courtney Meier;cmeier@battelleecology.org;support-copernicus-gbov@acri-st.fr;NEON;232;Mixed Forest;44.063901;-71.287308;20170711T000000Z;2.0;BART_034;3.82;0.13;5.71;0.17;0.669;0.031;3.81;0.20;5.49;0.22;0.69;0.05;0.265;0.025;0.33;0.04;0.81;0.12;0.24;0.05;0.31;0.07;0.78;0.24;32;0
GBOV_RM7_796;BartlettExperimentalForest;Courtney Meier;cmeier@battelleecology.org;support-copernicus-gbov@acri-st.fr;NEON;232;Mixed Forest;44.063901;-71.287308;20170726T000000Z;2.0;BART_034;4.03;0.15;6.10;0.17;0.661;0.031;3.60;0.20;5.18;0.24;0.69;0.05;0.554;0.029;0.65;0.04;0.86;0.07;0.50;0.05;0.60;0.07;0.83;0.12;0;16
GBOV_RM7_796;BartlettExperimentalForest;Courtney Meier;cmeier@battelleecology.org;support-copernicus-gbov@acri-st.fr;NEON;232;Mixed Forest;44.063901;-71.287308;20170809T000000Z;2.0;BART_034;3.63;0.12;5.53;0.16;0.657;0.029;3.29;0.20;4.88;0.25;0.67;0.05;0.68;0.04;0.81;0.05;0.84;0.07;0.55;0.06;0.69;0.11;0.79;0.16;0;0
GBOV_RM7_796;BartlettExperimentalForest;Courtney Meier;cmeier@battelleecology.org;support-copernicus-gbov@acri-st.fr;NEON;232;Mixed Forest;44.063901;-71.287308;20170822T000000Z;2.0;BART_034;4.19;0.14;6.06;0.16;0.692;0.030;3.69;0.18;5.13;0.23;0.72;0.05;0.306;0.025;0.386;0.035;0.79;0.10;0.28;0.04;0.34;0.06;0.82;0.20;0;0
GBOV_RM7_796;BartlettExperimentalForest;Courtney Meier;cmeier@battelleecology.org;support-copernicus-gbov@acri-st.fr;NEON;232;Mixed Forest;44.063901;-71.287308;20170906T000000Z;2.0;BART_034;4.03;0.15;6.09;0.19;0.662;0.032;3.97;0.26;5.74;0.31;0.69;0.06;0.211;0.026;0.27;0.04;0.77;0.14;0.19;0.04;0.26;0.07;0.74;0.25;0;0
GBOV_RM7_796;BartlettExperimentalForest;Courtney Meier;cmeier@battelleecology.org;support-copernicus-gbov@acri-st.fr;NEON;232;Mixed Forest;44.063901;-71.287308;20170919T000000Z;2.0;BART_034;3.34;0.12;5.27;0.17;0.634;0.031;3.32;0.25;5.37;0.30;0.62;0.06;0.265;0.019;0.319;0.027;0.83;0.09;0.248;0.034;0.29;0.05;0.86;0.18;0;0
GBOV_RM7_796;BartlettExperimentalForest;Courtney Meier;cmeier@battelleecology.org;support-copernicus-gbov@acri-st.fr;NEON;232;Mixed Forest;44.063901;-71.287308;20171002T000000Z;2.0;BART_034;3.83;0.13;5.70;0.16;0.672;0.030;3.35;0.16;4.82;0.21;0.70;0.05;0.224;0.023;0.28;0.04;0.79;0.13;0.22;0.04;0.28;0.07;0.77;0.26;0;0
GBOV_RM7_796;BartlettExperimentalForest;Courtney Meier;cmeier@battelleecology.org;support-copernicus-gbov@acri-st.fr;NEON;232;Mixed Forest;44.063901;-71.287308;20171017T000000Z;2.0;BART_034;2.98;0.10;4.58;0.14;0.651;0.030;2.63;0.11;3.97;0.17;0.66;0.04;0.209;0.013;0.243;0.023;0.86;0.10;0.245;0.032;0.31;0.07;0.79;0.21;0;0
GBOV_RM7_796;BartlettExperimentalForest;Courtney Meier;cmeier@battelleecology.org;support-copernicus-gbov@acri-st.fr;NEON;232;Mixed Forest;44.063901;-71.287308;20180501T000000Z;2.0;BART_034;1.91;0.08;3.29;0.12;0.582;0.032;2.11;0.12;3.46;0.20;0.61;0.05;0.088;0.010;0.098;0.012;0.90;0.15;0.100;0.022;0.114;0.027;0.88;0.28;0;0
GBOV_RM7_796;BartlettExperimentalForest;Courtney Meier;cmeier@battelleecology.org;support-copernicus-gbov@acri-st.fr;NEON;232;Mixed Forest;44.063901;-71.287308;20180530T000000Z;2.0;BART_034;3.81;0.13;5.59;0.17;0.682;0.031;3.41;0.18;5.02;0.28;0.68;0.05;0.502;0.030;0.62;0.05;0.81;0.08;0.414;0.034;0.47;0.05;0.88;0.11;0;0
GBOV_RM7_796;BartlettExperimentalForest;Courtney Meier;cmeier@battelleecology.org;support-copernicus-gbov@acri-st.fr;NEON;232;Mixed Forest;44.063901;-71.287308;20180612T072400Z;2.0;BART_034;4.10;0.14;6.00;0.18;0.683;0.031;3.62;0.21;5.11;0.25;0.71;0.05;0.66;0.04;0.79;0.07;0.83;0.09;0.503;0.030;0.55;0.04;0.92;0.09;0;0
GBOV_RM7_796;BartlettExperimentalForest;Courtney Meier;cmeier@battelleecology.org;support-copernicus-gbov@acri-st.fr;NEON;232;Mixed Forest;44.063901;-71.287308;20180626T053700Z;2.0;BART_034;4.27;0.14;6.14;0.17;0.695;0.030;3.83;0.19;5.28;0.24;0.72;0.05;0.76;0.05;0.97;0.08;0.78;0.08;0.55;0.05;0.67;0.09;0.83;0.14;0;0
GBOV_RM7_796;BartlettExperimentalForest;Courtney Meier;cmeier@battelleecology.org;support-copernicus-gbov@acri-st.fr;NEON;232;Mixed Forest;44.063901;-71.287308;20180710T000000Z;2.0;BART_034;4.45;0.15;6.32;0.17;0.704;0.030;4.01;0.22;5.70;0.26;0.70;0.05;0.29;0.04;0.39;0.06;0.75;0.15;0.25;0.05;0.34;0.09;0.75;0.25;0;0
GBOV_RM7_796;BartlettExperimentalForest;Courtney Meier;cmeier@battelleecology.org;support-copernicus-gbov@acri-st.fr;NEON;232;Mixed Forest;44.063901;-71.287308;20180724T000000Z;2.0;BART_034;3.95;0.13;5.89;0.16;0.671;0.028;4.04;0.22;5.80;0.22;0.70;0.05;0.35;0.04;0.49;0.05;0.73;0.11;0.28;0.06;0.37;0.09;0.74;0.23;0;0
GBOV_RM7_796;BartlettExperimentalForest;Courtney Meier;cmeier@battelleecology.org;support-copernicus-gbov@acri-st.fr;NEON;232;Mixed Forest;44.063901;-71.287308;20180808T000000Z;2.0;BART_034;4.39;0.15;6.34;0.17;0.693;0.030;4.12;0.23;5.70;0.27;0.72;0.05;0.254;0.024;0.32;0.04;0.79;0.12;0.28;0.05;0.37;0.10;0.77;0.24;0;64
GBOV_RM7_796;BartlettExperimentalForest;Courtney Meier;cmeier@battelleecology.org;support-copernicus-gbov@acri-st.fr;NEON;232;Mixed Forest;44.063901;-71.287308;20180821T000000Z;2.0;BART_034;4.40;0.15;6.41;0.19;0.686;0.031;3.72;0.25;5.57;0.31;0.67;0.06;0.230;0.026;0.31;0.04;0.75;0.13;0.22;0.04;0.30;0.09;0.73;0.26;0;0
GBOV_RM7_796;BartlettExperimentalForest;Courtney Meier;cmeier@battelleecology.org;support-copernicus-gbov@acri-st.fr;NEON;232;Mixed Forest;44.063901;-71.287308;20180905T000000Z;2.0;BART_034;4.15;0.14;6.08;0.16;0.682;0.029;3.73;0.20;5.35;0.27;0.70;0.05;0.343;0.027;0.42;0.04;0.82;0.10;0.30;0.04;0.36;0.07;0.82;0.20;64;0
GBOV_RM7_796;BartlettExperimentalForest;Courtney Meier;cmeier@battelleecology.org;support-copernicus-gbov@acri-st.fr;NEON;232;Mixed Forest;44.063901;-71.287308;20180918T000000Z;2.0;BART_034;4.24;0.14;6.14;0.18;0.690;0.030;4.11;0.23;5.70;0.28;0.72;0.05;0.412;0.023;0.476;0.030;0.87;0.07;0.36;0.04;0.44;0.06;0.83;0.15;64;0
GBOV_RM7_796;BartlettExperimentalForest;Courtney Meier;cmeier@battelleecology.org;support-copernicus-gbov@acri-st.fr;NEON;232;Mixed Forest;44.063901;-71.287308;20181001T000000Z;2.0;BART_034;4.11;0.14;5.89;0.17;0.698;0.031;4.22;0.21;5.61;0.26;0.75;0.05;0.413;0.029;0.53;0.05;0.78;0.09;0.34;0.05;0.42;0.09;0.81;0.20;0;0
GBOV_RM7_796;BartlettExperimentalForest;Courtney Meier;cmeier@battelleecology.org;support-copernicus-gbov@acri-st.fr;NEON;232;Mixed Forest;44.063901;-71.287308;20181016T000000Z;2.0;BART_034;2.81;0.10;4.47;0.15;0.629;0.031;2.51;0.12;3.94;0.17;0.64;0.04;0.130;0.028;0.22;0.06;0.58;0.20;0.10;0.04;0.17;0.09;0.6;0.4;64;0
GBOV_RM7_796;BartlettExperimentalForest;Courtney Meier;cmeier@battelleecology.org;support-copernicus-gbov@acri-st.fr;NEON;232;Mixed Forest;44.063901;-71.287308;20190429T182900Z;2.0;BART_034;1.94;0.08;3.26;0.12;0.596;0.032;2.06;0.10;3.23;0.19;0.64;0.05;0.073;0.011;0.082;0.013;0.88;0.19;0.049;0.013;0.053;0.015;0.9;0.4;0;0
GBOV_RM7_796;BartlettExperimentalForest;Courtney Meier;cmeier@battelleecology.org;support-copernicus-gbov@acri-st.fr;NEON;232;Mixed Forest;44.063901;-71.287308;20190513T143800Z;2.0;BART_034;2.09;0.08;3.45;0.13;0.604;0.033;2.26;0.11;3.51;0.18;0.65;0.05;0.171;0.013;0.181;0.015;0.95;0.11;0.144;0.013;0.148;0.014;0.97;0.13;0;0
GBOV_RM7_796;BartlettExperimentalForest;Courtney Meier;cmeier@battelleecology.org;support-copernicus-gbov@acri-st.fr;NEON;232;Mixed Forest;44.063901;-71.287308;20190529T055900Z;2.0;BART_034;3.18;0.11;4.54;0.13;0.701;0.031;3.57;0.16;5.00;0.20;0.71;0.04;0.295;0.022;0.345;0.030;0.85;0.10;0.28;0.04;0.35;0.08;0.80;0.20;0;0
GBOV_RM7_796;BartlettExperimentalForest;Courtney Meier;cmeier@battelleecology.org;support-copernicus-gbov@acri-st.fr;NEON;232;Mixed Forest;44.063901;-71.287308;20190610T170400Z;2.0;BART_034;4.20;0.14;6.12;0.17;0.685;0.030;4.03;0.27;5.63;0.29;0.71;0.06;0.313;0.026;0.383;0.035;0.82;0.10;0.286;0.035;0.37;0.07;0.76;0.17;0;8
GBOV_RM7_796;BartlettExperimentalForest;Courtney Meier;cmeier@battelleecology.org;support-copernicus-gbov@acri-st.fr;NEON;232;Mixed Forest;44.063901;-71.287308;20190624T184400Z;2.0;BART_034;4.04;0.13;5.91;0.16;0.684;0.029;3.59;0.21;5.11;0.22;0.70;0.05;0.65;0.05;0.85;0.09;0.76;0.10;0.55;0.06;0.66;0.11;0.83;0.16;0;0
GBOV_RM7_796;BartlettExperimentalForest;Courtney Meier;cmeier@battelleecology.org;support-copernicus-gbov@acri-st.fr;NEON;232;Mixed Forest;44.063901;-71.287308;20190708T195000Z;2.0;BART_034;3.80;0.13;5.56;0.16;0.685;0.031;3.46;0.20;4.97;0.24;0.70;0.05;0.50;0.04;0.68;0.07;0.73;0.09;0.42;0.06;0.55;0.11;0.76;0.18;0;0
GBOV_RM7_796;BartlettExperimentalForest;Courtney Meier;cmeier@battelleecology.org;support-copernicus-gbov@acri-st.fr;NEON;232;Mixed Forest;44.063901;-71.287308;20190722T134500Z;2.0;BART_034;4.50;0.15;6.53;0.18;0.689;0.030;4.61;0.32;6.24;0.27;0.74;0.06;0.209;0.021;0.269;0.031;0.78;0.12;0.24;0.04;0.30;0.07;0.79;0.23;0;0
GBOV_RM7_796;BartlettExperimentalForest;Courtney Meier;cmeier@battelleecology.org;support-copernicus-gbov@acri-st.fr;NEON;232;Mixed Forest;44.063901;-71.287308;20190805T163200Z;2.0;BART_034;4.29;0.15;6.27;0.17;0.685;0.030;3.76;0.21;5.19;0.24;0.72;0.05;0.67;0.06;0.92;0.09;0.73;0.10;0.52;0.08;0.69;0.13;0.76;0.19;0;10
GBOV_RM7_796;BartlettExperimentalForest;Courtney Meier;cmeier@battelleecology.org;support-copernicus-gbov@acri-st.fr;NEON;232;Mixed Forest;44.063901;-71.287308;20190819T170800Z;2.0;BART_034;4.27;0.14;6.27;0.17;0.681;0.029;3.87;0.20;5.36;0.24;0.72;0.05;0.273;0.027;0.37;0.04;0.73;0.11;0.25;0.04;0.33;0.06;0.76;0.17;0;0
GBOV_RM7_796;BartlettExperimentalForest;Courtney Meier;cmeier@battelleecology.org;support-copernicus-gbov@acri-st.fr;NEON;232;Mixed Forest;44.063901;-71.287308;20190903T174300Z;2.0;BART_034;4.28;0.13;6.15;0.17;0.697;0.029;3.66;0.22;5.24;0.25;0.70;0.05;0.49;0.04;0.65;0.07;0.75;0.10;0.44;0.07;0.64;0.19;0.68;0.23;0;2
GBOV_RM7_796;BartlettExperimentalForest;Courtney Meier;cmeier@battelleecology.org;support-copernicus-gbov@acri-st.fr;NEON;232;Mixed Forest;44.063901;-71.287308;20190916T164900Z;2.0;BART_034;4.17;0.14;6.11;0.18;0.683;0.030;4.28;0.30;6.00;0.31;0.71;0.06;0.454;0.032;0.56;0.05;0.80;0.09;0.39;0.04;0.51;0.08;0.77;0.15;0;0
GBOV_RM7_796;BartlettExperimentalForest;Courtney Meier;cmeier@battelleecology.org;support-copernicus-gbov@acri-st.fr;NEON;232;Mixed Forest;44.063901;-71.287308;20190930T152100Z;2.0;BART_034;4.29;0.13;6.15;0.17;0.696;0.029;4.12;0.23;5.71;0.25;0.72;0.05;0.218;0.024;0.280;0.033;0.78;0.13;0.186;0.032;0.24;0.05;0.76;0.21;0;0
GBOV_RM7_796;BartlettExperimentalForest;Courtney Meier;cmeier@battelleecology.org;support-copernicus-gbov@acri-st.fr;NEON;232;Mixed Forest;44.063901;-71.287308;20191014T165000Z;2.0;BART_034;3.68;0.12;5.41;0.15;0.680;0.029;3.47;0.17;5.00;0.24;0.69;0.05;0.101;0.016;0.130;0.022;0.78;0.18;0.069;0.019;0.11;0.05;0.7;0.4;0;0
