GBOV_ID;Site;GROUND_DATA_PI;GROUND_DATA_PIs_Email;GBOV_Email;Network;Elevation;IGBP_class;Lat_IS;Lon_IS;TIME_IS;Version;PLOT_ID;LAIe_Miller_up;LAIe_Miller_up_err;LAI_Miller_up;LAI_Miller_up_err;clumping_Miller_up;clumping_Miller_up_err;LAIe_Warren_up;LAIe_Warren_up_err;LAI_Warren_up;LAI_Warren_up_err;clumping_Warren_up;clumping_Warren_up_err;LAIe_Miller_down;LAIe_Miller_down_err;LAI_Miller_down;LAI_Miller_down_err;clumping_Miller_down;clumping_Miller_down_err;LAIe_Warren_down;LAIe_Warren_down_err;LAI_Warren_down;LAI_Warren_down_err;clumping_Warren_down;clumping_Warren_down_err;up_flag;down_flag
GBOV_RM7_1578;LajasExperimentalStation;Courtney Meier;cmeier@battelleecology.org;support-copernicus-gbov@acri-st.fr;NEON;24;Grassland;18.02125;-67.0769;20160415T130400Z;2.0;LAJA_065;-999;-999;-999;-999;-999;-999;-999;-999;-999;-999;-999;-999;0.0376;0.0030;0.0381;0.0030;0.99;0.11;0.031;0.005;0.031;0.005;0.98;0.23;-999;0
GBOV_RM7_1578;LajasExperimentalStation;Courtney Meier;cmeier@battelleecology.org;support-copernicus-gbov@acri-st.fr;NEON;24;Grassland;18.02125;-67.0769;20160429T101600Z;2.0;LAJA_065;-999;-999;-999;-999;-999;-999;-999;-999;-999;-999;-999;-999;0.314;0.012;0.320;0.013;0.98;0.05;0.271;0.016;0.276;0.017;0.98;0.08;-999;4
GBOV_RM7_1578;LajasExperimentalStation;Courtney Meier;cmeier@battelleecology.org;support-copernicus-gbov@acri-st.fr;NEON;24;Grassland;18.02125;-67.0769;20160513T114000Z;2.0;LAJA_065;-999;-999;-999;-999;-999;-999;-999;-999;-999;-999;-999;-999;2.17;0.07;2.36;0.09;0.92;0.05;1.79;0.09;1.96;0.13;0.91;0.08;-999;4
GBOV_RM7_1578;LajasExperimentalStation;Courtney Meier;cmeier@battelleecology.org;support-copernicus-gbov@acri-st.fr;NEON;24;Grassland;18.02125;-67.0769;20160527T103400Z;2.0;LAJA_065;-999;-999;-999;-999;-999;-999;-999;-999;-999;-999;-999;-999;2.09;0.07;2.24;0.07;0.93;0.04;1.65;0.06;1.73;0.07;0.96;0.05;-999;0
GBOV_RM7_1578;LajasExperimentalStation;Courtney Meier;cmeier@battelleecology.org;support-copernicus-gbov@acri-st.fr;NEON;24;Grassland;18.02125;-67.0769;20160610T082000Z;2.0;LAJA_065;-999;-999;-999;-999;-999;-999;-999;-999;-999;-999;-999;-999;1.03;0.04;1.10;0.05;0.94;0.05;0.77;0.05;0.81;0.06;0.95;0.10;-999;0
GBOV_RM7_1578;LajasExperimentalStation;Courtney Meier;cmeier@battelleecology.org;support-copernicus-gbov@acri-st.fr;NEON;24;Grassland;18.02125;-67.0769;20160624T094000Z;2.0;LAJA_065;-999;-999;-999;-999;-999;-999;-999;-999;-999;-999;-999;-999;2.76;0.07;2.94;0.08;0.941;0.035;1.82;0.06;1.91;0.07;0.95;0.05;-999;0
GBOV_RM7_1578;LajasExperimentalStation;Courtney Meier;cmeier@battelleecology.org;support-copernicus-gbov@acri-st.fr;NEON;24;Grassland;18.02125;-67.0769;20160708T092400Z;2.0;LAJA_065;-999;-999;-999;-999;-999;-999;-999;-999;-999;-999;-999;-999;3.97;0.09;4.09;0.09;0.971;0.030;2.38;0.07;2.43;0.07;0.98;0.04;-999;0
GBOV_RM7_1578;LajasExperimentalStation;Courtney Meier;cmeier@battelleecology.org;support-copernicus-gbov@acri-st.fr;NEON;24;Grassland;18.02125;-67.0769;20160722T084500Z;2.0;LAJA_065;-999;-999;-999;-999;-999;-999;-999;-999;-999;-999;-999;-999;2.16;0.07;2.37;0.08;0.91;0.04;1.41;0.05;1.51;0.06;0.94;0.05;-999;0
GBOV_RM7_1578;LajasExperimentalStation;Courtney Meier;cmeier@battelleecology.org;support-copernicus-gbov@acri-st.fr;NEON;24;Grassland;18.02125;-67.0769;20160805T091700Z;2.0;LAJA_065;-999;-999;-999;-999;-999;-999;-999;-999;-999;-999;-999;-999;1.88;0.06;2.08;0.07;0.90;0.04;1.46;0.05;1.55;0.06;0.94;0.05;-999;0
GBOV_RM7_1578;LajasExperimentalStation;Courtney Meier;cmeier@battelleecology.org;support-copernicus-gbov@acri-st.fr;NEON;24;Grassland;18.02125;-67.0769;20160818T170700Z;2.0;LAJA_065;-999;-999;-999;-999;-999;-999;-999;-999;-999;-999;-999;-999;2.65;0.08;2.81;0.09;0.94;0.04;1.99;0.09;2.14;0.12;0.93;0.07;-999;4
GBOV_RM7_1578;LajasExperimentalStation;Courtney Meier;cmeier@battelleecology.org;support-copernicus-gbov@acri-st.fr;NEON;24;Grassland;18.02125;-67.0769;20160902T124200Z;2.0;LAJA_065;-999;-999;-999;-999;-999;-999;-999;-999;-999;-999;-999;-999;5.02;0.12;5.27;0.12;0.952;0.031;3.01;0.07;3.09;0.07;0.977;0.032;-999;0
GBOV_RM7_1578;LajasExperimentalStation;Courtney Meier;cmeier@battelleecology.org;support-copernicus-gbov@acri-st.fr;NEON;24;Grassland;18.02125;-67.0769;20160916T082900Z;2.0;LAJA_065;-999;-999;-999;-999;-999;-999;-999;-999;-999;-999;-999;-999;0.992;0.031;1.058;0.034;0.94;0.04;0.756;0.034;0.80;0.04;0.95;0.06;-999;0
GBOV_RM7_1578;LajasExperimentalStation;Courtney Meier;cmeier@battelleecology.org;support-copernicus-gbov@acri-st.fr;NEON;24;Grassland;18.02125;-67.0769;20160930T092300Z;2.0;LAJA_065;-999;-999;-999;-999;-999;-999;-999;-999;-999;-999;-999;-999;3.48;0.11;3.79;0.11;0.92;0.04;2.41;0.10;2.56;0.11;0.94;0.05;-999;0
GBOV_RM7_1578;LajasExperimentalStation;Courtney Meier;cmeier@battelleecology.org;support-copernicus-gbov@acri-st.fr;NEON;24;Grassland;18.02125;-67.0769;20161014T075700Z;2.0;LAJA_065;-999;-999;-999;-999;-999;-999;-999;-999;-999;-999;-999;-999;1.51;0.04;1.59;0.04;0.94;0.04;1.03;0.05;1.08;0.05;0.96;0.07;-999;0
GBOV_RM7_1578;LajasExperimentalStation;Courtney Meier;cmeier@battelleecology.org;support-copernicus-gbov@acri-st.fr;NEON;24;Grassland;18.02125;-67.0769;20161028T084400Z;2.0;LAJA_065;-999;-999;-999;-999;-999;-999;-999;-999;-999;-999;-999;-999;2.01;0.06;2.16;0.07;0.93;0.04;1.48;0.07;1.55;0.07;0.95;0.06;-999;0
GBOV_RM7_1578;LajasExperimentalStation;Courtney Meier;cmeier@battelleecology.org;support-copernicus-gbov@acri-st.fr;NEON;24;Grassland;18.02125;-67.0769;20161111T083200Z;2.0;LAJA_065;-999;-999;-999;-999;-999;-999;-999;-999;-999;-999;-999;-999;3.52;0.08;3.70;0.08;0.951;0.031;2.31;0.08;2.40;0.08;0.96;0.05;-999;0
GBOV_RM7_1578;LajasExperimentalStation;Courtney Meier;cmeier@battelleecology.org;support-copernicus-gbov@acri-st.fr;NEON;24;Grassland;18.02125;-67.0769;20161123T075600Z;2.0;LAJA_065;-999;-999;-999;-999;-999;-999;-999;-999;-999;-999;-999;-999;1.27;0.04;1.38;0.04;0.92;0.04;1.00;0.04;1.06;0.05;0.94;0.06;-999;0
GBOV_RM7_1578;LajasExperimentalStation;Courtney Meier;cmeier@battelleecology.org;support-copernicus-gbov@acri-st.fr;NEON;24;Grassland;18.02125;-67.0769;20161208T082400Z;2.0;LAJA_065;-999;-999;-999;-999;-999;-999;-999;-999;-999;-999;-999;-999;2.73;0.08;2.90;0.07;0.941;0.035;1.74;0.06;1.82;0.06;0.96;0.05;-999;0
GBOV_RM7_1578;LajasExperimentalStation;Courtney Meier;cmeier@battelleecology.org;support-copernicus-gbov@acri-st.fr;NEON;24;Grassland;18.02125;-67.0769;20170112T085400Z;2.0;LAJA_065;-999;-999;-999;-999;-999;-999;-999;-999;-999;-999;-999;-999;0.962;0.030;1.008;0.032;0.95;0.04;0.764;0.033;0.79;0.04;0.97;0.06;-999;0
GBOV_RM7_1578;LajasExperimentalStation;Courtney Meier;cmeier@battelleecology.org;support-copernicus-gbov@acri-st.fr;NEON;24;Grassland;18.02125;-67.0769;20170127T085500Z;2.0;LAJA_065;-999;-999;-999;-999;-999;-999;-999;-999;-999;-999;-999;-999;1.39;0.04;1.45;0.04;0.96;0.04;0.927;0.030;0.951;0.031;0.97;0.04;-999;0
GBOV_RM7_1578;LajasExperimentalStation;Courtney Meier;cmeier@battelleecology.org;support-copernicus-gbov@acri-st.fr;NEON;24;Grassland;18.02125;-67.0769;20170210T080200Z;2.0;LAJA_065;-999;-999;-999;-999;-999;-999;-999;-999;-999;-999;-999;-999;0.86;0.04;0.92;0.04;0.94;0.06;0.59;0.04;0.62;0.04;0.96;0.09;-999;0
GBOV_RM7_1578;LajasExperimentalStation;Courtney Meier;cmeier@battelleecology.org;support-copernicus-gbov@acri-st.fr;NEON;24;Grassland;18.02125;-67.0769;20170224T081100Z;2.0;LAJA_065;-999;-999;-999;-999;-999;-999;-999;-999;-999;-999;-999;-999;0.339;0.013;0.349;0.014;0.97;0.05;0.299;0.018;0.306;0.019;0.97;0.09;-999;0
GBOV_RM7_1578;LajasExperimentalStation;Courtney Meier;cmeier@battelleecology.org;support-copernicus-gbov@acri-st.fr;NEON;24;Grassland;18.02125;-67.0769;20170307T082600Z;2.0;LAJA_065;-999;-999;-999;-999;-999;-999;-999;-999;-999;-999;-999;-999;0.949;0.029;0.997;0.030;0.95;0.04;0.68;0.04;0.70;0.04;0.96;0.08;-999;0
GBOV_RM7_1578;LajasExperimentalStation;Courtney Meier;cmeier@battelleecology.org;support-copernicus-gbov@acri-st.fr;NEON;24;Grassland;18.02125;-67.0769;20170324T074900Z;2.0;LAJA_065;-999;-999;-999;-999;-999;-999;-999;-999;-999;-999;-999;-999;1.40;0.05;1.52;0.06;0.92;0.05;1.00;0.07;1.06;0.07;0.94;0.09;-999;0
GBOV_RM7_1578;LajasExperimentalStation;Courtney Meier;cmeier@battelleecology.org;support-copernicus-gbov@acri-st.fr;NEON;24;Grassland;18.02125;-67.0769;20170407T082000Z;2.0;LAJA_065;-999;-999;-999;-999;-999;-999;-999;-999;-999;-999;-999;-999;0.716;0.029;0.761;0.032;0.94;0.05;0.591;0.035;0.62;0.04;0.96;0.08;-999;0
GBOV_RM7_1578;LajasExperimentalStation;Courtney Meier;cmeier@battelleecology.org;support-copernicus-gbov@acri-st.fr;NEON;24;Grassland;18.02125;-67.0769;20170419T084400Z;2.0;LAJA_065;-999;-999;-999;-999;-999;-999;-999;-999;-999;-999;-999;-999;2.74;0.07;2.87;0.07;0.954;0.034;1.79;0.05;1.83;0.05;0.98;0.04;-999;0
GBOV_RM7_1578;LajasExperimentalStation;Courtney Meier;cmeier@battelleecology.org;support-copernicus-gbov@acri-st.fr;NEON;24;Grassland;18.02125;-67.0769;20170503T164500Z;2.0;LAJA_065;-999;-999;-999;-999;-999;-999;-999;-999;-999;-999;-999;-999;2.86;0.08;3.02;0.08;0.946;0.035;1.78;0.08;1.85;0.08;0.97;0.06;-999;0
GBOV_RM7_1578;LajasExperimentalStation;Courtney Meier;cmeier@battelleecology.org;support-copernicus-gbov@acri-st.fr;NEON;24;Grassland;18.02125;-67.0769;20170518T161500Z;2.0;LAJA_065;-999;-999;-999;-999;-999;-999;-999;-999;-999;-999;-999;-999;3.57;0.08;3.71;0.09;0.962;0.032;2.22;0.06;2.28;0.07;0.97;0.04;-999;0
GBOV_RM7_1578;LajasExperimentalStation;Courtney Meier;cmeier@battelleecology.org;support-copernicus-gbov@acri-st.fr;NEON;24;Grassland;18.02125;-67.0769;20170601T162500Z;2.0;LAJA_065;-999;-999;-999;-999;-999;-999;-999;-999;-999;-999;-999;-999;1.79;0.06;1.91;0.06;0.94;0.04;1.23;0.05;1.28;0.05;0.96;0.06;-999;0
GBOV_RM7_1578;LajasExperimentalStation;Courtney Meier;cmeier@battelleecology.org;support-copernicus-gbov@acri-st.fr;NEON;24;Grassland;18.02125;-67.0769;20170615T162500Z;2.0;LAJA_065;-999;-999;-999;-999;-999;-999;-999;-999;-999;-999;-999;-999;1.008;0.032;1.08;0.04;0.93;0.04;0.82;0.05;0.86;0.05;0.95;0.07;-999;0
GBOV_RM7_1578;LajasExperimentalStation;Courtney Meier;cmeier@battelleecology.org;support-copernicus-gbov@acri-st.fr;NEON;24;Grassland;18.02125;-67.0769;20170629T171400Z;2.0;LAJA_065;-999;-999;-999;-999;-999;-999;-999;-999;-999;-999;-999;-999;0.790;0.035;0.84;0.04;0.94;0.06;0.58;0.04;0.61;0.04;0.95;0.10;-999;0
GBOV_RM7_1578;LajasExperimentalStation;Courtney Meier;cmeier@battelleecology.org;support-copernicus-gbov@acri-st.fr;NEON;24;Grassland;18.02125;-67.0769;20170713T155900Z;2.0;LAJA_065;-999;-999;-999;-999;-999;-999;-999;-999;-999;-999;-999;-999;0.352;0.016;0.365;0.017;0.97;0.06;0.320;0.024;0.333;0.025;0.96;0.10;-999;0
GBOV_RM7_1578;LajasExperimentalStation;Courtney Meier;cmeier@battelleecology.org;support-copernicus-gbov@acri-st.fr;NEON;24;Grassland;18.02125;-67.0769;20170727T161100Z;2.0;LAJA_065;-999;-999;-999;-999;-999;-999;-999;-999;-999;-999;-999;-999;0.509;0.034;0.55;0.04;0.92;0.09;0.42;0.05;0.44;0.05;0.94;0.15;-999;0
GBOV_RM7_1578;LajasExperimentalStation;Courtney Meier;cmeier@battelleecology.org;support-copernicus-gbov@acri-st.fr;NEON;24;Grassland;18.02125;-67.0769;20170810T171100Z;2.0;LAJA_065;-999;-999;-999;-999;-999;-999;-999;-999;-999;-999;-999;-999;0.295;0.017;0.306;0.018;0.96;0.08;0.271;0.025;0.282;0.026;0.96;0.13;-999;0
GBOV_RM7_1578;LajasExperimentalStation;Courtney Meier;cmeier@battelleecology.org;support-copernicus-gbov@acri-st.fr;NEON;24;Grassland;18.02125;-67.0769;20170824T161200Z;2.0;LAJA_065;-999;-999;-999;-999;-999;-999;-999;-999;-999;-999;-999;-999;1.258;0.035;1.32;0.04;0.96;0.04;1.00;0.04;1.04;0.04;0.96;0.05;-999;0
GBOV_RM7_1578;LajasExperimentalStation;Courtney Meier;cmeier@battelleecology.org;support-copernicus-gbov@acri-st.fr;NEON;24;Grassland;18.02125;-67.0769;20171019T152500Z;2.0;LAJA_065;-999;-999;-999;-999;-999;-999;-999;-999;-999;-999;-999;-999;1.27;0.05;1.38;0.06;0.92;0.05;1.01;0.07;1.06;0.07;0.95;0.09;-999;0
GBOV_RM7_1578;LajasExperimentalStation;Courtney Meier;cmeier@battelleecology.org;support-copernicus-gbov@acri-st.fr;NEON;24;Grassland;18.02125;-67.0769;20171102T154400Z;2.0;LAJA_065;-999;-999;-999;-999;-999;-999;-999;-999;-999;-999;-999;-999;1.67;0.05;1.73;0.05;0.96;0.04;1.48;0.06;1.53;0.06;0.97;0.05;-999;0
GBOV_RM7_1578;LajasExperimentalStation;Courtney Meier;cmeier@battelleecology.org;support-copernicus-gbov@acri-st.fr;NEON;24;Grassland;18.02125;-67.0769;20171116T162100Z;2.0;LAJA_065;-999;-999;-999;-999;-999;-999;-999;-999;-999;-999;-999;-999;0.655;0.018;0.671;0.019;0.98;0.04;0.680;0.028;0.699;0.029;0.97;0.06;-999;0
GBOV_RM7_1578;LajasExperimentalStation;Courtney Meier;cmeier@battelleecology.org;support-copernicus-gbov@acri-st.fr;NEON;24;Grassland;18.02125;-67.0769;20171130T160000Z;2.0;LAJA_065;-999;-999;-999;-999;-999;-999;-999;-999;-999;-999;-999;-999;1.288;0.035;1.33;0.04;0.97;0.04;0.999;0.031;1.019;0.031;0.98;0.04;-999;0
GBOV_RM7_1578;LajasExperimentalStation;Courtney Meier;cmeier@battelleecology.org;support-copernicus-gbov@acri-st.fr;NEON;24;Grassland;18.02125;-67.0769;20171214T161300Z;2.0;LAJA_065;-999;-999;-999;-999;-999;-999;-999;-999;-999;-999;-999;-999;0.777;0.021;0.802;0.022;0.97;0.04;0.634;0.025;0.649;0.026;0.98;0.05;-999;0
GBOV_RM7_1578;LajasExperimentalStation;Courtney Meier;cmeier@battelleecology.org;support-copernicus-gbov@acri-st.fr;NEON;24;Grassland;18.02125;-67.0769;20171228T144900Z;2.0;LAJA_065;-999;-999;-999;-999;-999;-999;-999;-999;-999;-999;-999;-999;1.294;0.035;1.34;0.04;0.97;0.04;0.94;0.04;0.96;0.04;0.98;0.06;-999;0
GBOV_RM7_1578;LajasExperimentalStation;Courtney Meier;cmeier@battelleecology.org;support-copernicus-gbov@acri-st.fr;NEON;24;Grassland;18.02125;-67.0769;20180111T161600Z;2.0;LAJA_065;-999;-999;-999;-999;-999;-999;-999;-999;-999;-999;-999;-999;0.609;0.019;0.629;0.020;0.97;0.04;0.477;0.023;0.488;0.025;0.98;0.07;-999;0
GBOV_RM7_1578;LajasExperimentalStation;Courtney Meier;cmeier@battelleecology.org;support-copernicus-gbov@acri-st.fr;NEON;24;Grassland;18.02125;-67.0769;20180125T155400Z;2.0;LAJA_065;-999;-999;-999;-999;-999;-999;-999;-999;-999;-999;-999;-999;0.652;0.024;0.690;0.026;0.94;0.05;0.486;0.033;0.51;0.04;0.96;0.09;-999;0
GBOV_RM7_1578;LajasExperimentalStation;Courtney Meier;cmeier@battelleecology.org;support-copernicus-gbov@acri-st.fr;NEON;24;Grassland;18.02125;-67.0769;20180208T165300Z;2.0;LAJA_065;-999;-999;-999;-999;-999;-999;-999;-999;-999;-999;-999;-999;1.086;0.027;1.130;0.029;0.961;0.034;0.872;0.034;0.903;0.035;0.96;0.05;-999;0
GBOV_RM7_1578;LajasExperimentalStation;Courtney Meier;cmeier@battelleecology.org;support-copernicus-gbov@acri-st.fr;NEON;24;Grassland;18.02125;-67.0769;20180222T163500Z;2.0;LAJA_065;-999;-999;-999;-999;-999;-999;-999;-999;-999;-999;-999;-999;0.852;0.025;0.881;0.027;0.97;0.04;0.683;0.031;0.703;0.035;0.97;0.07;-999;0
GBOV_RM7_1578;LajasExperimentalStation;Courtney Meier;cmeier@battelleecology.org;support-copernicus-gbov@acri-st.fr;NEON;24;Grassland;18.02125;-67.0769;20180308T170500Z;2.0;LAJA_065;-999;-999;-999;-999;-999;-999;-999;-999;-999;-999;-999;-999;0.668;0.034;0.75;0.05;0.89;0.07;0.49;0.04;0.52;0.05;0.94;0.11;-999;0
GBOV_RM7_1578;LajasExperimentalStation;Courtney Meier;cmeier@battelleecology.org;support-copernicus-gbov@acri-st.fr;NEON;24;Grassland;18.02125;-67.0769;20180322T163000Z;2.0;LAJA_065;-999;-999;-999;-999;-999;-999;-999;-999;-999;-999;-999;-999;0.856;0.032;0.90;0.04;0.95;0.05;0.64;0.04;0.67;0.05;0.95;0.09;-999;0
GBOV_RM7_1578;LajasExperimentalStation;Courtney Meier;cmeier@battelleecology.org;support-copernicus-gbov@acri-st.fr;NEON;24;Grassland;18.02125;-67.0769;20180405T165200Z;2.0;LAJA_065;-999;-999;-999;-999;-999;-999;-999;-999;-999;-999;-999;-999;1.29;0.04;1.38;0.04;0.94;0.04;0.933;0.035;0.97;0.04;0.96;0.05;-999;0
GBOV_RM7_1578;LajasExperimentalStation;Courtney Meier;cmeier@battelleecology.org;support-copernicus-gbov@acri-st.fr;NEON;24;Grassland;18.02125;-67.0769;20180419T155400Z;2.0;LAJA_065;-999;-999;-999;-999;-999;-999;-999;-999;-999;-999;-999;-999;1.029;0.029;1.080;0.030;0.95;0.04;0.80;0.04;0.85;0.04;0.95;0.06;-999;0
GBOV_RM7_1578;LajasExperimentalStation;Courtney Meier;cmeier@battelleecology.org;support-copernicus-gbov@acri-st.fr;NEON;24;Grassland;18.02125;-67.0769;20180503T154200Z;2.0;LAJA_065;-999;-999;-999;-999;-999;-999;-999;-999;-999;-999;-999;-999;1.58;0.05;1.67;0.05;0.95;0.04;1.16;0.06;1.23;0.07;0.95;0.07;-999;0
GBOV_RM7_1578;LajasExperimentalStation;Courtney Meier;cmeier@battelleecology.org;support-copernicus-gbov@acri-st.fr;NEON;24;Grassland;18.02125;-67.0769;20180517T155800Z;2.0;LAJA_065;-999;-999;-999;-999;-999;-999;-999;-999;-999;-999;-999;-999;0.633;0.031;0.67;0.04;0.94;0.07;0.55;0.05;0.58;0.06;0.94;0.12;-999;0
GBOV_RM7_1578;LajasExperimentalStation;Courtney Meier;cmeier@battelleecology.org;support-copernicus-gbov@acri-st.fr;NEON;24;Grassland;18.02125;-67.0769;20180604T070800Z;2.0;LAJA_065;-999;-999;-999;-999;-999;-999;-999;-999;-999;-999;-999;-999;0.239;0.014;0.250;0.016;0.96;0.08;0.228;0.025;0.240;0.029;0.95;0.15;-999;0
GBOV_RM7_1578;LajasExperimentalStation;Courtney Meier;cmeier@battelleecology.org;support-copernicus-gbov@acri-st.fr;NEON;24;Grassland;18.02125;-67.0769;20180614T155600Z;2.0;LAJA_065;-999;-999;-999;-999;-999;-999;-999;-999;-999;-999;-999;-999;0.081;0.005;0.083;0.006;0.98;0.09;0.075;0.007;0.076;0.007;0.98;0.13;-999;0
GBOV_RM7_1578;LajasExperimentalStation;Courtney Meier;cmeier@battelleecology.org;support-copernicus-gbov@acri-st.fr;NEON;24;Grassland;18.02125;-67.0769;20180628T153500Z;2.0;LAJA_065;-999;-999;-999;-999;-999;-999;-999;-999;-999;-999;-999;-999;1.11;0.04;1.17;0.04;0.95;0.05;0.96;0.06;1.02;0.06;0.94;0.08;-999;0
GBOV_RM7_1578;LajasExperimentalStation;Courtney Meier;cmeier@battelleecology.org;support-copernicus-gbov@acri-st.fr;NEON;24;Grassland;18.02125;-67.0769;20180712T145700Z;2.0;LAJA_065;-999;-999;-999;-999;-999;-999;-999;-999;-999;-999;-999;-999;0.983;0.030;1.023;0.032;0.96;0.04;0.87;0.05;0.91;0.05;0.96;0.07;-999;0
GBOV_RM7_1578;LajasExperimentalStation;Courtney Meier;cmeier@battelleecology.org;support-copernicus-gbov@acri-st.fr;NEON;24;Grassland;18.02125;-67.0769;20180726T140400Z;2.0;LAJA_065;-999;-999;-999;-999;-999;-999;-999;-999;-999;-999;-999;-999;0.0561;0.0034;0.0571;0.0035;0.98;0.09;0.061;0.007;0.062;0.007;0.98;0.15;-999;0
GBOV_RM7_1578;LajasExperimentalStation;Courtney Meier;cmeier@battelleecology.org;support-copernicus-gbov@acri-st.fr;NEON;24;Grassland;18.02125;-67.0769;20180809T155200Z;2.0;LAJA_065;-999;-999;-999;-999;-999;-999;-999;-999;-999;-999;-999;-999;0.097;0.006;0.099;0.006;0.98;0.09;0.096;0.008;0.098;0.008;0.98;0.12;-999;0
GBOV_RM7_1578;LajasExperimentalStation;Courtney Meier;cmeier@battelleecology.org;support-copernicus-gbov@acri-st.fr;NEON;24;Grassland;18.02125;-67.0769;20180823T154900Z;2.0;LAJA_065;-999;-999;-999;-999;-999;-999;-999;-999;-999;-999;-999;-999;2.61;0.08;2.84;0.08;0.92;0.04;2.00;0.10;2.15;0.09;0.93;0.06;-999;0
GBOV_RM7_1578;LajasExperimentalStation;Courtney Meier;cmeier@battelleecology.org;support-copernicus-gbov@acri-st.fr;NEON;24;Grassland;18.02125;-67.0769;20180905T151600Z;2.0;LAJA_065;-999;-999;-999;-999;-999;-999;-999;-999;-999;-999;-999;-999;0.378;0.017;0.401;0.019;0.94;0.06;0.324;0.027;0.345;0.030;0.94;0.11;-999;0
GBOV_RM7_1578;LajasExperimentalStation;Courtney Meier;cmeier@battelleecology.org;support-copernicus-gbov@acri-st.fr;NEON;24;Grassland;18.02125;-67.0769;20180920T112200Z;2.0;LAJA_065;-999;-999;-999;-999;-999;-999;-999;-999;-999;-999;-999;-999;3.18;0.10;3.41;0.10;0.93;0.04;2.49;0.12;2.63;0.11;0.95;0.06;-999;0
GBOV_RM7_1578;LajasExperimentalStation;Courtney Meier;cmeier@battelleecology.org;support-copernicus-gbov@acri-st.fr;NEON;24;Grassland;18.02125;-67.0769;20181004T160000Z;2.0;LAJA_065;-999;-999;-999;-999;-999;-999;-999;-999;-999;-999;-999;-999;1.03;0.04;1.10;0.05;0.93;0.05;0.89;0.06;0.96;0.07;0.93;0.09;-999;0
GBOV_RM7_1578;LajasExperimentalStation;Courtney Meier;cmeier@battelleecology.org;support-copernicus-gbov@acri-st.fr;NEON;24;Grassland;18.02125;-67.0769;20181018T165500Z;2.0;LAJA_065;-999;-999;-999;-999;-999;-999;-999;-999;-999;-999;-999;-999;0.88;0.04;0.98;0.05;0.89;0.06;0.75;0.06;0.83;0.06;0.90;0.10;-999;0
GBOV_RM7_1578;LajasExperimentalStation;Courtney Meier;cmeier@battelleecology.org;support-copernicus-gbov@acri-st.fr;NEON;24;Grassland;18.02125;-67.0769;20181101T171100Z;2.0;LAJA_065;-999;-999;-999;-999;-999;-999;-999;-999;-999;-999;-999;-999;2.63;0.08;2.78;0.08;0.95;0.04;1.82;0.07;1.91;0.09;0.96;0.06;-999;0
GBOV_RM7_1578;LajasExperimentalStation;Courtney Meier;cmeier@battelleecology.org;support-copernicus-gbov@acri-st.fr;NEON;24;Grassland;18.02125;-67.0769;20181116T134200Z;2.0;LAJA_065;-999;-999;-999;-999;-999;-999;-999;-999;-999;-999;-999;-999;1.36;0.04;1.42;0.04;0.96;0.04;1.21;0.05;1.25;0.06;0.96;0.06;-999;0
GBOV_RM7_1578;LajasExperimentalStation;Courtney Meier;cmeier@battelleecology.org;support-copernicus-gbov@acri-st.fr;NEON;24;Grassland;18.02125;-67.0769;20181130T071400Z;2.0;LAJA_065;-999;-999;-999;-999;-999;-999;-999;-999;-999;-999;-999;-999;1.69;0.04;1.73;0.04;0.980;0.030;1.035;0.029;1.057;0.030;0.98;0.04;-999;0
GBOV_RM7_1578;LajasExperimentalStation;Courtney Meier;cmeier@battelleecology.org;support-copernicus-gbov@acri-st.fr;NEON;24;Grassland;18.02125;-67.0769;20181214T073900Z;2.0;LAJA_065;-999;-999;-999;-999;-999;-999;-999;-999;-999;-999;-999;-999;0.466;0.016;0.478;0.017;0.98;0.05;0.434;0.024;0.442;0.024;0.98;0.08;-999;0
GBOV_RM7_1578;LajasExperimentalStation;Courtney Meier;cmeier@battelleecology.org;support-copernicus-gbov@acri-st.fr;NEON;24;Grassland;18.02125;-67.0769;20181228T072000Z;2.0;LAJA_065;-999;-999;-999;-999;-999;-999;-999;-999;-999;-999;-999;-999;0.756;0.028;0.780;0.029;0.97;0.05;0.67;0.05;0.70;0.05;0.96;0.09;-999;0
GBOV_RM7_1578;LajasExperimentalStation;Courtney Meier;cmeier@battelleecology.org;support-copernicus-gbov@acri-st.fr;NEON;24;Grassland;18.02125;-67.0769;20190110T072900Z;2.0;LAJA_065;-999;-999;-999;-999;-999;-999;-999;-999;-999;-999;-999;-999;0.394;0.013;0.402;0.014;0.98;0.05;0.326;0.018;0.332;0.018;0.98;0.08;-999;0
GBOV_RM7_1578;LajasExperimentalStation;Courtney Meier;cmeier@battelleecology.org;support-copernicus-gbov@acri-st.fr;NEON;24;Grassland;18.02125;-67.0769;20190124T071300Z;2.0;LAJA_065;-999;-999;-999;-999;-999;-999;-999;-999;-999;-999;-999;-999;1.90;0.05;1.97;0.05;0.97;0.04;1.14;0.05;1.17;0.05;0.97;0.06;-999;0
GBOV_RM7_1578;LajasExperimentalStation;Courtney Meier;cmeier@battelleecology.org;support-copernicus-gbov@acri-st.fr;NEON;24;Grassland;18.02125;-67.0769;20190207T071200Z;2.0;LAJA_065;-999;-999;-999;-999;-999;-999;-999;-999;-999;-999;-999;-999;2.91;0.07;2.97;0.07;0.982;0.032;1.79;0.06;1.84;0.06;0.97;0.05;-999;0
GBOV_RM7_1578;LajasExperimentalStation;Courtney Meier;cmeier@battelleecology.org;support-copernicus-gbov@acri-st.fr;NEON;24;Grassland;18.02125;-67.0769;20190221T071900Z;2.0;LAJA_065;-999;-999;-999;-999;-999;-999;-999;-999;-999;-999;-999;-999;1.87;0.05;1.92;0.05;0.970;0.034;1.23;0.05;1.28;0.05;0.96;0.06;-999;0
GBOV_RM7_1578;LajasExperimentalStation;Courtney Meier;cmeier@battelleecology.org;support-copernicus-gbov@acri-st.fr;NEON;24;Grassland;18.02125;-67.0769;20190307T065900Z;2.0;LAJA_065;-999;-999;-999;-999;-999;-999;-999;-999;-999;-999;-999;-999;2.49;0.07;2.60;0.07;0.96;0.04;1.50;0.07;1.55;0.07;0.97;0.06;-999;0
GBOV_RM7_1578;LajasExperimentalStation;Courtney Meier;cmeier@battelleecology.org;support-copernicus-gbov@acri-st.fr;NEON;24;Grassland;18.02125;-67.0769;20190321T065700Z;2.0;LAJA_065;-999;-999;-999;-999;-999;-999;-999;-999;-999;-999;-999;-999;0.837;0.029;0.886;0.032;0.94;0.05;0.68;0.04;0.71;0.04;0.95;0.08;-999;0
GBOV_RM7_1578;LajasExperimentalStation;Courtney Meier;cmeier@battelleecology.org;support-copernicus-gbov@acri-st.fr;NEON;24;Grassland;18.02125;-67.0769;20190404T064000Z;2.0;LAJA_065;-999;-999;-999;-999;-999;-999;-999;-999;-999;-999;-999;-999;1.33;0.05;1.44;0.06;0.93;0.05;1.01;0.06;1.07;0.07;0.94;0.08;-999;0
GBOV_RM7_1578;LajasExperimentalStation;Courtney Meier;cmeier@battelleecology.org;support-copernicus-gbov@acri-st.fr;NEON;24;Grassland;18.02125;-67.0769;20190418T114400Z;2.0;LAJA_065;-999;-999;-999;-999;-999;-999;-999;-999;-999;-999;-999;-999;0.213;0.015;0.226;0.018;0.94;0.10;0.181;0.018;0.187;0.019;0.96;0.14;-999;0
GBOV_RM7_1578;LajasExperimentalStation;Courtney Meier;cmeier@battelleecology.org;support-copernicus-gbov@acri-st.fr;NEON;24;Grassland;18.02125;-67.0769;20190502T060900Z;2.0;LAJA_065;-999;-999;-999;-999;-999;-999;-999;-999;-999;-999;-999;-999;0.609;0.034;0.65;0.04;0.93;0.07;0.46;0.05;0.49;0.06;0.93;0.15;-999;0
GBOV_RM7_1578;LajasExperimentalStation;Courtney Meier;cmeier@battelleecology.org;support-copernicus-gbov@acri-st.fr;NEON;24;Grassland;18.02125;-67.0769;20190516T060300Z;2.0;LAJA_065;-999;-999;-999;-999;-999;-999;-999;-999;-999;-999;-999;-999;0.569;0.029;0.597;0.031;0.95;0.07;0.422;0.034;0.44;0.04;0.96;0.11;-999;0
GBOV_RM7_1578;LajasExperimentalStation;Courtney Meier;cmeier@battelleecology.org;support-copernicus-gbov@acri-st.fr;NEON;24;Grassland;18.02125;-67.0769;20190530T060000Z;2.0;LAJA_065;-999;-999;-999;-999;-999;-999;-999;-999;-999;-999;-999;-999;1.342;0.035;1.39;0.04;0.97;0.04;1.09;0.04;1.12;0.04;0.97;0.05;-999;0
GBOV_RM7_1578;LajasExperimentalStation;Courtney Meier;cmeier@battelleecology.org;support-copernicus-gbov@acri-st.fr;NEON;24;Grassland;18.02125;-67.0769;20190613T055500Z;2.0;LAJA_065;-999;-999;-999;-999;-999;-999;-999;-999;-999;-999;-999;-999;0.374;0.018;0.385;0.019;0.97;0.07;0.315;0.026;0.323;0.027;0.98;0.12;-999;0
GBOV_RM7_1578;LajasExperimentalStation;Courtney Meier;cmeier@battelleecology.org;support-copernicus-gbov@acri-st.fr;NEON;24;Grassland;18.02125;-67.0769;20190626T142100Z;2.0;LAJA_065;-999;-999;-999;-999;-999;-999;-999;-999;-999;-999;-999;-999;0.082;0.008;0.085;0.009;0.97;0.14;0.082;0.016;0.085;0.017;0.97;0.27;-999;0
GBOV_RM7_1578;LajasExperimentalStation;Courtney Meier;cmeier@battelleecology.org;support-copernicus-gbov@acri-st.fr;NEON;24;Grassland;18.02125;-67.0769;20190711T061800Z;2.0;LAJA_065;-999;-999;-999;-999;-999;-999;-999;-999;-999;-999;-999;-999;0.134;0.007;0.138;0.007;0.97;0.07;0.118;0.009;0.122;0.010;0.97;0.11;-999;0
GBOV_RM7_1578;LajasExperimentalStation;Courtney Meier;cmeier@battelleecology.org;support-copernicus-gbov@acri-st.fr;NEON;24;Grassland;18.02125;-67.0769;20190725T062200Z;2.0;LAJA_065;-999;-999;-999;-999;-999;-999;-999;-999;-999;-999;-999;-999;0.485;0.020;0.508;0.022;0.95;0.06;0.400;0.028;0.416;0.030;0.96;0.10;-999;0
GBOV_RM7_1578;LajasExperimentalStation;Courtney Meier;cmeier@battelleecology.org;support-copernicus-gbov@acri-st.fr;NEON;24;Grassland;18.02125;-67.0769;20190807T153900Z;2.0;LAJA_065;-999;-999;-999;-999;-999;-999;-999;-999;-999;-999;-999;-999;0.422;0.013;0.431;0.014;0.98;0.04;0.404;0.023;0.414;0.025;0.97;0.08;-999;0
GBOV_RM7_1578;LajasExperimentalStation;Courtney Meier;cmeier@battelleecology.org;support-copernicus-gbov@acri-st.fr;NEON;24;Grassland;18.02125;-67.0769;20190822T163400Z;2.0;LAJA_065;-999;-999;-999;-999;-999;-999;-999;-999;-999;-999;-999;-999;0.381;0.013;0.388;0.014;0.98;0.05;0.371;0.022;0.377;0.022;0.98;0.08;-999;0
GBOV_RM7_1578;LajasExperimentalStation;Courtney Meier;cmeier@battelleecology.org;support-copernicus-gbov@acri-st.fr;NEON;24;Grassland;18.02125;-67.0769;20190905T150400Z;2.0;LAJA_065;-999;-999;-999;-999;-999;-999;-999;-999;-999;-999;-999;-999;0.386;0.017;0.397;0.017;0.97;0.06;0.371;0.028;0.381;0.029;0.97;0.11;-999;0
GBOV_RM7_1578;LajasExperimentalStation;Courtney Meier;cmeier@battelleecology.org;support-copernicus-gbov@acri-st.fr;NEON;24;Grassland;18.02125;-67.0769;20190919T073100Z;2.0;LAJA_065;-999;-999;-999;-999;-999;-999;-999;-999;-999;-999;-999;-999;1.17;0.05;1.25;0.05;0.94;0.05;1.06;0.08;1.13;0.08;0.94;0.09;-999;0
GBOV_RM7_1578;LajasExperimentalStation;Courtney Meier;cmeier@battelleecology.org;support-copernicus-gbov@acri-st.fr;NEON;24;Grassland;18.02125;-67.0769;20191003T163200Z;2.0;LAJA_065;-999;-999;-999;-999;-999;-999;-999;-999;-999;-999;-999;-999;2.05;0.06;2.17;0.06;0.94;0.04;1.56;0.06;1.62;0.06;0.96;0.05;-999;0
GBOV_RM7_1578;LajasExperimentalStation;Courtney Meier;cmeier@battelleecology.org;support-copernicus-gbov@acri-st.fr;NEON;24;Grassland;18.02125;-67.0769;20191017T151200Z;2.0;LAJA_065;-999;-999;-999;-999;-999;-999;-999;-999;-999;-999;-999;-999;1.46;0.07;1.63;0.07;0.89;0.06;1.24;0.11;1.36;0.11;0.91;0.11;-999;0
GBOV_RM7_1578;LajasExperimentalStation;Courtney Meier;cmeier@battelleecology.org;support-copernicus-gbov@acri-st.fr;NEON;24;Grassland;18.02125;-67.0769;20191030T114200Z;2.0;LAJA_065;-999;-999;-999;-999;-999;-999;-999;-999;-999;-999;-999;-999;0.547;0.024;0.584;0.027;0.94;0.06;0.469;0.032;0.495;0.033;0.95;0.09;-999;0
GBOV_RM7_1578;LajasExperimentalStation;Courtney Meier;cmeier@battelleecology.org;support-copernicus-gbov@acri-st.fr;NEON;24;Grassland;18.02125;-67.0769;20191114T070100Z;2.0;LAJA_065;-999;-999;-999;-999;-999;-999;-999;-999;-999;-999;-999;-999;0.95;0.04;1.00;0.05;0.94;0.06;0.84;0.07;0.88;0.07;0.95;0.11;-999;0
