GBOV_ID;Site;GROUND_DATA_PI;GROUND_DATA_PIs_Email;GBOV_Email;Network;Elevation;IGBP_class;Lat_IS;Lon_IS;TIME_IS;Version;PLOT_ID;LAIe_Miller_up;LAIe_Miller_up_err;LAI_Miller_up;LAI_Miller_up_err;clumping_Miller_up;clumping_Miller_up_err;LAIe_Warren_up;LAIe_Warren_up_err;LAI_Warren_up;LAI_Warren_up_err;clumping_Warren_up;clumping_Warren_up_err;LAIe_Miller_down;LAIe_Miller_down_err;LAI_Miller_down;LAI_Miller_down_err;clumping_Miller_down;clumping_Miller_down_err;LAIe_Warren_down;LAIe_Warren_down_err;LAI_Warren_down;LAI_Warren_down_err;clumping_Warren_down;clumping_Warren_down_err;up_flag;down_flag
GBOV_RM7_732;OakRidge;Courtney Meier;cmeier@battelleecology.org;support-copernicus-gbov@acri-st.fr;NEON;334;Mixed Forest;35.9641189575195;-84.282600402832;20140604T000000Z;2.0;ORNL_057;4.02;0.11;5.55;0.16;0.725;0.030;3.13;0.14;4.19;0.18;0.75;0.05;0.88;0.06;1.20;0.09;0.73;0.07;0.75;0.10;0.98;0.13;0.77;0.14;2;2
GBOV_RM7_732;OakRidge;Courtney Meier;cmeier@battelleecology.org;support-copernicus-gbov@acri-st.fr;NEON;334;Mixed Forest;35.9641189575195;-84.282600402832;20140617T000000Z;2.0;ORNL_057;3.75;0.11;5.11;0.14;0.734;0.031;2.85;0.14;3.77;0.22;0.76;0.06;1.02;0.06;1.31;0.10;0.78;0.08;0.77;0.07;0.94;0.11;0.82;0.12;2;18
GBOV_RM7_732;OakRidge;Courtney Meier;cmeier@battelleecology.org;support-copernicus-gbov@acri-st.fr;NEON;334;Mixed Forest;35.9641189575195;-84.282600402832;20140701T000000Z;2.0;ORNL_057;3.98;0.12;5.41;0.15;0.736;0.029;3.20;0.14;4.22;0.23;0.76;0.05;1.01;0.06;1.24;0.09;0.82;0.08;0.72;0.08;0.84;0.11;0.86;0.15;0;8
GBOV_RM7_732;OakRidge;Courtney Meier;cmeier@battelleecology.org;support-copernicus-gbov@acri-st.fr;NEON;334;Mixed Forest;35.9641189575195;-84.282600402832;20140729T000000Z;2.0;ORNL_057;3.66;0.10;5.00;0.14;0.732;0.029;2.74;0.13;3.77;0.17;0.73;0.05;1.18;0.06;1.39;0.07;0.85;0.06;0.86;0.07;0.98;0.10;0.88;0.11;2;2
GBOV_RM7_732;OakRidge;Courtney Meier;cmeier@battelleecology.org;support-copernicus-gbov@acri-st.fr;NEON;334;Mixed Forest;35.9641189575195;-84.282600402832;20140812T000000Z;2.0;ORNL_057;3.36;0.09;4.45;0.12;0.755;0.028;2.87;0.11;3.72;0.14;0.77;0.04;1.17;0.06;1.40;0.07;0.84;0.06;0.82;0.08;1.01;0.13;0.81;0.13;2;2
GBOV_RM7_732;OakRidge;Courtney Meier;cmeier@battelleecology.org;support-copernicus-gbov@acri-st.fr;NEON;334;Mixed Forest;35.9641189575195;-84.282600402832;20140826T000000Z;2.0;ORNL_057;3.24;0.09;4.59;0.13;0.705;0.027;2.60;0.11;3.62;0.14;0.72;0.04;0.94;0.05;1.11;0.06;0.85;0.06;0.73;0.08;0.85;0.10;0.85;0.13;2;2
GBOV_RM7_732;OakRidge;Courtney Meier;cmeier@battelleecology.org;support-copernicus-gbov@acri-st.fr;NEON;334;Mixed Forest;35.9641189575195;-84.282600402832;20140909T000000Z;2.0;ORNL_057;3.52;0.09;4.67;0.12;0.754;0.028;2.85;0.13;3.81;0.17;0.75;0.05;0.85;0.05;1.02;0.06;0.84;0.07;0.69;0.07;0.79;0.08;0.88;0.13;2;2
GBOV_RM7_732;OakRidge;Courtney Meier;cmeier@battelleecology.org;support-copernicus-gbov@acri-st.fr;NEON;334;Mixed Forest;35.9641189575195;-84.282600402832;20140922T000000Z;2.0;ORNL_057;3.12;0.09;4.21;0.12;0.742;0.029;2.52;0.11;3.31;0.15;0.76;0.05;0.80;0.04;0.91;0.05;0.88;0.07;0.62;0.06;0.71;0.08;0.87;0.13;0;0
GBOV_RM7_732;OakRidge;Courtney Meier;cmeier@battelleecology.org;support-copernicus-gbov@acri-st.fr;NEON;334;Mixed Forest;35.9641189575195;-84.282600402832;20141007T000000Z;2.0;ORNL_057;3.12;0.09;4.09;0.11;0.763;0.029;2.85;0.13;3.66;0.15;0.78;0.05;0.502;0.028;0.552;0.032;0.91;0.07;0.41;0.04;0.45;0.05;0.92;0.13;0;0
