GBOV_ID;Site;GROUND_DATA_PI;GROUND_DATA_PIs_Email;GBOV_Email;Network;Elevation;IGBP_class;Lat_IS;Lon_IS;TIME_IS;Version;PLOT_ID;LAIe_Miller_up;LAIe_Miller_up_err;LAI_Miller_up;LAI_Miller_up_err;clumping_Miller_up;clumping_Miller_up_err;LAIe_Warren_up;LAIe_Warren_up_err;LAI_Warren_up;LAI_Warren_up_err;clumping_Warren_up;clumping_Warren_up_err;LAIe_Miller_down;LAIe_Miller_down_err;LAI_Miller_down;LAI_Miller_down_err;clumping_Miller_down;clumping_Miller_down_err;LAIe_Warren_down;LAIe_Warren_down_err;LAI_Warren_down;LAI_Warren_down_err;clumping_Warren_down;clumping_Warren_down_err;up_flag;down_flag
GBOV_RM7_399;OakRidge;Courtney Meier;cmeier@battelleecology.org;support-copernicus-gbov@acri-st.fr;NEON;334;Mixed Forest;35.9641189575195;-84.282600402832;20150330T000000Z;2.0;ORNL_054;0.550;0.018;0.67;0.05;0.82;0.06;0.76;0.04;1.11;0.15;0.68;0.10;0.0134;0.0016;0.0138;0.0018;0.97;0.17;0.020;0.004;0.021;0.004;0.98;0.26;0;0
GBOV_RM7_399;OakRidge;Courtney Meier;cmeier@battelleecology.org;support-copernicus-gbov@acri-st.fr;NEON;334;Mixed Forest;35.9641189575195;-84.282600402832;20150417T000000Z;2.0;ORNL_054;1.80;0.06;2.29;0.08;0.79;0.04;1.80;0.09;2.50;0.13;0.72;0.05;0.062;0.004;0.066;0.005;0.94;0.09;0.049;0.005;0.052;0.007;0.94;0.17;0;0
GBOV_RM7_399;OakRidge;Courtney Meier;cmeier@battelleecology.org;support-copernicus-gbov@acri-st.fr;NEON;334;Mixed Forest;35.9641189575195;-84.282600402832;20150428T000000Z;2.0;ORNL_054;3.34;0.09;4.52;0.12;0.738;0.029;2.68;0.12;3.65;0.15;0.73;0.04;0.799;0.019;0.807;0.019;0.990;0.033;0.572;0.021;0.578;0.022;0.99;0.05;0;8
GBOV_RM7_399;OakRidge;Courtney Meier;cmeier@battelleecology.org;support-copernicus-gbov@acri-st.fr;NEON;334;Mixed Forest;35.9641189575195;-84.282600402832;20150512T000000Z;2.0;ORNL_054;3.90;0.11;5.63;0.15;0.693;0.028;3.49;0.16;5.40;0.20;0.65;0.04;0.540;0.017;0.550;0.017;0.98;0.04;0.417;0.018;0.425;0.018;0.98;0.06;0;8
GBOV_RM7_399;OakRidge;Courtney Meier;cmeier@battelleecology.org;support-copernicus-gbov@acri-st.fr;NEON;334;Mixed Forest;35.9641189575195;-84.282600402832;20150527T000000Z;2.0;ORNL_054;4.47;0.13;6.11;0.16;0.732;0.028;4.14;0.21;5.74;0.19;0.72;0.04;0.403;0.015;0.424;0.017;0.95;0.05;0.328;0.018;0.343;0.020;0.96;0.08;0;0
GBOV_RM7_399;OakRidge;Courtney Meier;cmeier@battelleecology.org;support-copernicus-gbov@acri-st.fr;NEON;334;Mixed Forest;35.9641189575195;-84.282600402832;20150610T000000Z;2.0;ORNL_054;3.93;0.11;5.19;0.14;0.758;0.029;3.16;0.16;4.25;0.18;0.74;0.05;0.593;0.019;0.611;0.019;0.97;0.04;0.461;0.022;0.472;0.023;0.98;0.07;0;0
GBOV_RM7_399;OakRidge;Courtney Meier;cmeier@battelleecology.org;support-copernicus-gbov@acri-st.fr;NEON;334;Mixed Forest;35.9641189575195;-84.282600402832;20150624T000000Z;2.0;ORNL_054;3.38;0.10;4.56;0.13;0.741;0.031;2.63;0.13;3.65;0.17;0.72;0.05;0.341;0.016;0.366;0.018;0.93;0.06;0.288;0.021;0.307;0.023;0.94;0.10;64;0
GBOV_RM7_399;OakRidge;Courtney Meier;cmeier@battelleecology.org;support-copernicus-gbov@acri-st.fr;NEON;334;Mixed Forest;35.9641189575195;-84.282600402832;20150708T000000Z;2.0;ORNL_054;4.25;0.11;5.72;0.15;0.743;0.028;3.26;0.17;4.44;0.16;0.73;0.05;0.340;0.016;0.373;0.019;0.91;0.06;0.289;0.029;0.33;0.05;0.87;0.15;0;0
GBOV_RM7_399;OakRidge;Courtney Meier;cmeier@battelleecology.org;support-copernicus-gbov@acri-st.fr;NEON;334;Mixed Forest;35.9641189575195;-84.282600402832;20150722T000000Z;2.0;ORNL_054;4.16;0.12;5.56;0.15;0.748;0.030;3.48;0.17;4.87;0.20;0.72;0.04;0.504;0.015;0.518;0.016;0.97;0.04;0.403;0.018;0.413;0.019;0.98;0.06;0;0
GBOV_RM7_399;OakRidge;Courtney Meier;cmeier@battelleecology.org;support-copernicus-gbov@acri-st.fr;NEON;334;Mixed Forest;35.9641189575195;-84.282600402832;20150805T000000Z;2.0;ORNL_054;4.01;0.12;5.47;0.16;0.733;0.030;3.48;0.17;4.82;0.20;0.72;0.05;0.396;0.020;0.424;0.021;0.93;0.07;0.329;0.029;0.347;0.030;0.95;0.12;0;0
GBOV_RM7_399;OakRidge;Courtney Meier;cmeier@battelleecology.org;support-copernicus-gbov@acri-st.fr;NEON;334;Mixed Forest;35.9641189575195;-84.282600402832;20150818T000000Z;2.0;ORNL_054;4.23;0.11;5.63;0.15;0.751;0.028;3.74;0.14;5.08;0.23;0.74;0.04;0.307;0.017;0.333;0.019;0.92;0.07;0.272;0.028;0.300;0.035;0.91;0.14;0;0
GBOV_RM7_399;OakRidge;Courtney Meier;cmeier@battelleecology.org;support-copernicus-gbov@acri-st.fr;NEON;334;Mixed Forest;35.9641189575195;-84.282600402832;20150901T000000Z;2.0;ORNL_054;4.20;0.11;5.68;0.14;0.740;0.028;3.28;0.18;4.42;0.15;0.74;0.05;0.444;0.014;0.453;0.014;0.98;0.04;0.344;0.017;0.349;0.017;0.98;0.07;0;0
GBOV_RM7_399;OakRidge;Courtney Meier;cmeier@battelleecology.org;support-copernicus-gbov@acri-st.fr;NEON;334;Mixed Forest;35.9641189575195;-84.282600402832;20150914T000000Z;2.0;ORNL_054;4.02;0.11;5.47;0.15;0.735;0.029;3.27;0.17;4.81;0.21;0.68;0.05;0.278;0.012;0.296;0.014;0.94;0.06;0.236;0.015;0.251;0.019;0.94;0.09;0;0
GBOV_RM7_399;OakRidge;Courtney Meier;cmeier@battelleecology.org;support-copernicus-gbov@acri-st.fr;NEON;334;Mixed Forest;35.9641189575195;-84.282600402832;20150930T000000Z;2.0;ORNL_054;3.74;0.11;5.13;0.15;0.728;0.030;3.27;0.17;4.58;0.20;0.71;0.05;0.338;0.011;0.354;0.012;0.95;0.05;0.267;0.014;0.277;0.017;0.96;0.08;0;32
GBOV_RM7_399;OakRidge;Courtney Meier;cmeier@battelleecology.org;support-copernicus-gbov@acri-st.fr;NEON;334;Mixed Forest;35.9641189575195;-84.282600402832;20151012T000000Z;2.0;ORNL_054;3.45;0.10;4.74;0.13;0.727;0.029;2.94;0.15;4.10;0.16;0.72;0.05;0.220;0.012;0.236;0.013;0.93;0.07;0.192;0.021;0.207;0.024;0.93;0.15;0;0
GBOV_RM7_399;OakRidge;Courtney Meier;cmeier@battelleecology.org;support-copernicus-gbov@acri-st.fr;NEON;334;Mixed Forest;35.9641189575195;-84.282600402832;20151030T000000Z;2.0;ORNL_054;2.53;0.07;3.44;0.09;0.736;0.028;2.14;0.10;2.90;0.13;0.74;0.05;0.086;0.007;0.092;0.008;0.93;0.10;0.079;0.009;0.082;0.009;0.97;0.15;0;0
GBOV_RM7_399;OakRidge;Courtney Meier;cmeier@battelleecology.org;support-copernicus-gbov@acri-st.fr;NEON;334;Mixed Forest;35.9641189575195;-84.282600402832;20160328T000000Z;2.0;ORNL_054;0.535;0.016;0.665;0.032;0.80;0.05;0.575;0.029;0.77;0.07;0.74;0.08;0.0382;0.0033;0.040;0.004;0.95;0.12;0.033;0.004;0.034;0.004;0.97;0.15;0;0
GBOV_RM7_399;OakRidge;Courtney Meier;cmeier@battelleecology.org;support-copernicus-gbov@acri-st.fr;NEON;334;Mixed Forest;35.9641189575195;-84.282600402832;20160411T000000Z;2.0;ORNL_054;0.826;0.023;0.971;0.030;0.851;0.035;0.766;0.034;1.00;0.07;0.77;0.07;0.0546;0.0031;0.0559;0.0035;0.98;0.08;0.068;0.005;0.069;0.005;0.99;0.10;0;0
GBOV_RM7_399;OakRidge;Courtney Meier;cmeier@battelleecology.org;support-copernicus-gbov@acri-st.fr;NEON;334;Mixed Forest;35.9641189575195;-84.282600402832;20160426T000000Z;2.0;ORNL_054;3.78;0.11;5.21;0.15;0.726;0.030;3.08;0.16;4.42;0.21;0.70;0.05;0.306;0.013;0.328;0.015;0.93;0.06;0.307;0.021;0.34;0.04;0.89;0.13;0;0
GBOV_RM7_399;OakRidge;Courtney Meier;cmeier@battelleecology.org;support-copernicus-gbov@acri-st.fr;NEON;334;Mixed Forest;35.9641189575195;-84.282600402832;20160510T000000Z;2.0;ORNL_054;4.24;0.12;5.75;0.15;0.738;0.028;3.36;0.15;4.53;0.16;0.74;0.04;0.477;0.024;0.523;0.028;0.91;0.07;0.371;0.033;0.39;0.04;0.94;0.12;0;0
GBOV_RM7_399;OakRidge;Courtney Meier;cmeier@battelleecology.org;support-copernicus-gbov@acri-st.fr;NEON;334;Mixed Forest;35.9641189575195;-84.282600402832;20160524T000000Z;2.0;ORNL_054;4.74;0.13;6.37;0.16;0.744;0.028;3.52;0.17;4.85;0.18;0.72;0.04;0.349;0.019;0.385;0.021;0.91;0.07;0.36;0.04;0.39;0.04;0.91;0.13;0;0
GBOV_RM7_399;OakRidge;Courtney Meier;cmeier@battelleecology.org;support-copernicus-gbov@acri-st.fr;NEON;334;Mixed Forest;35.9641189575195;-84.282600402832;20160623T000000Z;2.0;ORNL_054;4.71;0.13;6.26;0.15;0.752;0.027;3.50;0.16;4.69;0.18;0.75;0.04;0.391;0.022;0.423;0.023;0.92;0.07;0.34;0.04;0.37;0.04;0.93;0.14;0;0
GBOV_RM7_399;OakRidge;Courtney Meier;cmeier@battelleecology.org;support-copernicus-gbov@acri-st.fr;NEON;334;Mixed Forest;35.9641189575195;-84.282600402832;20160707T000000Z;2.0;ORNL_054;4.65;0.12;6.14;0.16;0.758;0.028;3.57;0.23;4.91;0.20;0.73;0.05;0.346;0.017;0.375;0.018;0.92;0.06;0.301;0.023;0.317;0.025;0.95;0.10;0;0
GBOV_RM7_399;OakRidge;Courtney Meier;cmeier@battelleecology.org;support-copernicus-gbov@acri-st.fr;NEON;334;Mixed Forest;35.9641189575195;-84.282600402832;20160720T000000Z;2.0;ORNL_054;4.62;0.13;6.25;0.16;0.740;0.028;3.79;0.16;5.03;0.20;0.75;0.04;0.439;0.020;0.468;0.021;0.94;0.06;0.374;0.029;0.399;0.032;0.94;0.10;0;0
GBOV_RM7_399;OakRidge;Courtney Meier;cmeier@battelleecology.org;support-copernicus-gbov@acri-st.fr;NEON;334;Mixed Forest;35.9641189575195;-84.282600402832;20160801T000000Z;2.0;ORNL_054;4.44;0.12;5.92;0.15;0.750;0.027;3.52;0.16;4.81;0.18;0.73;0.04;0.355;0.019;0.381;0.020;0.93;0.07;0.306;0.035;0.34;0.04;0.91;0.15;0;0
GBOV_RM7_399;OakRidge;Courtney Meier;cmeier@battelleecology.org;support-copernicus-gbov@acri-st.fr;NEON;334;Mixed Forest;35.9641189575195;-84.282600402832;20160817T000000Z;2.0;ORNL_054;4.57;0.13;6.11;0.16;0.749;0.028;3.64;0.20;5.11;0.19;0.71;0.05;0.353;0.016;0.377;0.018;0.94;0.06;0.308;0.022;0.323;0.026;0.95;0.10;0;0
GBOV_RM7_399;OakRidge;Courtney Meier;cmeier@battelleecology.org;support-copernicus-gbov@acri-st.fr;NEON;334;Mixed Forest;35.9641189575195;-84.282600402832;20160831T000000Z;2.0;ORNL_054;4.40;0.12;5.85;0.15;0.752;0.028;3.33;0.18;4.49;0.16;0.74;0.05;0.447;0.019;0.472;0.020;0.95;0.06;0.380;0.025;0.402;0.026;0.95;0.09;0;0
GBOV_RM7_399;OakRidge;Courtney Meier;cmeier@battelleecology.org;support-copernicus-gbov@acri-st.fr;NEON;334;Mixed Forest;35.9641189575195;-84.282600402832;20160915T000000Z;2.0;ORNL_054;4.09;0.12;5.52;0.15;0.740;0.029;3.46;0.13;4.71;0.17;0.74;0.04;0.444;0.017;0.467;0.018;0.95;0.05;0.372;0.020;0.386;0.021;0.96;0.08;0;0
GBOV_RM7_399;OakRidge;Courtney Meier;cmeier@battelleecology.org;support-copernicus-gbov@acri-st.fr;NEON;334;Mixed Forest;35.9641189575195;-84.282600402832;20160930T000000Z;2.0;ORNL_054;4.00;0.11;5.45;0.14;0.735;0.028;3.51;0.14;4.73;0.18;0.74;0.04;0.220;0.011;0.236;0.012;0.93;0.07;0.214;0.019;0.236;0.026;0.91;0.13;0;0
GBOV_RM7_399;OakRidge;Courtney Meier;cmeier@battelleecology.org;support-copernicus-gbov@acri-st.fr;NEON;334;Mixed Forest;35.9641189575195;-84.282600402832;20161013T000000Z;2.0;ORNL_054;3.68;0.11;4.98;0.14;0.738;0.029;3.27;0.13;4.25;0.17;0.77;0.04;0.124;0.008;0.134;0.009;0.93;0.09;0.116;0.015;0.125;0.019;0.93;0.18;0;0
GBOV_RM7_399;OakRidge;Courtney Meier;cmeier@battelleecology.org;support-copernicus-gbov@acri-st.fr;NEON;334;Mixed Forest;35.9641189575195;-84.282600402832;20161027T000000Z;2.0;ORNL_054;3.35;0.09;4.55;0.12;0.735;0.029;2.86;0.15;4.06;0.18;0.71;0.05;0.105;0.007;0.112;0.008;0.94;0.10;0.103;0.013;0.109;0.015;0.95;0.18;0;0
GBOV_RM7_399;OakRidge;Courtney Meier;cmeier@battelleecology.org;support-copernicus-gbov@acri-st.fr;NEON;334;Mixed Forest;35.9641189575195;-84.282600402832;20161107T000000Z;2.0;ORNL_054;2.33;0.07;3.23;0.10;0.721;0.031;2.28;0.12;3.03;0.15;0.75;0.05;0.076;0.006;0.081;0.007;0.94;0.11;0.063;0.010;0.065;0.010;0.97;0.21;0;0
GBOV_RM7_399;OakRidge;Courtney Meier;cmeier@battelleecology.org;support-copernicus-gbov@acri-st.fr;NEON;334;Mixed Forest;35.9641189575195;-84.282600402832;20170329T000000Z;2.0;ORNL_054;0.493;0.016;0.591;0.026;0.83;0.05;0.521;0.025;0.69;0.07;0.75;0.09;0.045;0.004;0.047;0.005;0.96;0.13;0.054;0.009;0.055;0.010;0.97;0.25;0;16
GBOV_RM7_399;OakRidge;Courtney Meier;cmeier@battelleecology.org;support-copernicus-gbov@acri-st.fr;NEON;334;Mixed Forest;35.9641189575195;-84.282600402832;20170411T000000Z;2.0;ORNL_054;0.570;0.020;0.692;0.034;0.82;0.05;0.60;0.04;0.81;0.10;0.74;0.10;0.0363;0.0026;0.0374;0.0028;0.97;0.10;0.0456;0.0030;0.0460;0.0030;0.99;0.09;0;0
GBOV_RM7_399;OakRidge;Courtney Meier;cmeier@battelleecology.org;support-copernicus-gbov@acri-st.fr;NEON;334;Mixed Forest;35.9641189575195;-84.282600402832;20170426T000000Z;2.0;ORNL_054;3.62;0.11;4.92;0.15;0.737;0.032;3.15;0.15;4.44;0.24;0.71;0.05;0.340;0.022;0.386;0.028;0.88;0.09;0.293;0.030;0.314;0.032;0.93;0.14;0;0
GBOV_RM7_399;OakRidge;Courtney Meier;cmeier@battelleecology.org;support-copernicus-gbov@acri-st.fr;NEON;334;Mixed Forest;35.9641189575195;-84.282600402832;20170510T000000Z;2.0;ORNL_054;4.13;0.12;5.56;0.15;0.743;0.029;3.52;0.12;4.63;0.18;0.76;0.04;0.654;0.025;0.682;0.026;0.96;0.05;0.482;0.025;0.496;0.027;0.97;0.07;0;0
GBOV_RM7_399;OakRidge;Courtney Meier;cmeier@battelleecology.org;support-copernicus-gbov@acri-st.fr;NEON;334;Mixed Forest;35.9641189575195;-84.282600402832;20170522T000000Z;2.0;ORNL_054;4.37;0.12;5.74;0.15;0.761;0.030;3.94;0.15;5.33;0.22;0.74;0.04;0.315;0.018;0.345;0.020;0.91;0.07;0.263;0.032;0.28;0.04;0.93;0.17;0;0
GBOV_RM7_399;OakRidge;Courtney Meier;cmeier@battelleecology.org;support-copernicus-gbov@acri-st.fr;NEON;334;Mixed Forest;35.9641189575195;-84.282600402832;20170608T000000Z;2.0;ORNL_054;4.40;0.12;5.97;0.16;0.737;0.028;3.51;0.17;4.79;0.18;0.73;0.04;0.516;0.024;0.547;0.025;0.94;0.06;0.423;0.035;0.44;0.04;0.95;0.11;0;0
GBOV_RM7_399;OakRidge;Courtney Meier;cmeier@battelleecology.org;support-copernicus-gbov@acri-st.fr;NEON;334;Mixed Forest;35.9641189575195;-84.282600402832;20170621T000000Z;2.0;ORNL_054;4.65;0.12;6.16;0.16;0.754;0.028;4.02;0.20;5.33;0.24;0.75;0.05;0.274;0.015;0.302;0.017;0.91;0.07;0.224;0.026;0.248;0.033;0.90;0.16;0;0
GBOV_RM7_399;OakRidge;Courtney Meier;cmeier@battelleecology.org;support-copernicus-gbov@acri-st.fr;NEON;334;Mixed Forest;35.9641189575195;-84.282600402832;20170703T000000Z;2.0;ORNL_054;4.02;0.11;5.45;0.14;0.737;0.028;3.26;0.14;4.54;0.21;0.72;0.05;0.407;0.019;0.467;0.032;0.87;0.07;0.327;0.028;0.351;0.030;0.93;0.11;0;0
GBOV_RM7_399;OakRidge;Courtney Meier;cmeier@battelleecology.org;support-copernicus-gbov@acri-st.fr;NEON;334;Mixed Forest;35.9641189575195;-84.282600402832;20170718T000000Z;2.0;ORNL_054;4.15;0.12;5.61;0.16;0.739;0.030;3.55;0.18;4.99;0.25;0.71;0.05;0.339;0.017;0.371;0.019;0.92;0.07;0.291;0.029;0.34;0.05;0.85;0.15;0;0
GBOV_RM7_399;OakRidge;Courtney Meier;cmeier@battelleecology.org;support-copernicus-gbov@acri-st.fr;NEON;334;Mixed Forest;35.9641189575195;-84.282600402832;20170803T000000Z;2.0;ORNL_054;4.24;0.12;5.62;0.16;0.753;0.030;3.44;0.18;4.69;0.24;0.73;0.05;0.269;0.016;0.298;0.018;0.90;0.08;0.250;0.023;0.283;0.035;0.88;0.14;0;0
GBOV_RM7_399;OakRidge;Courtney Meier;cmeier@battelleecology.org;support-copernicus-gbov@acri-st.fr;NEON;334;Mixed Forest;35.9641189575195;-84.282600402832;20170815T000000Z;2.0;ORNL_054;4.37;0.12;6.03;0.16;0.725;0.028;3.63;0.21;5.20;0.20;0.70;0.05;0.262;0.015;0.296;0.019;0.89;0.08;0.232;0.023;0.28;0.05;0.82;0.18;0;0
GBOV_RM7_399;OakRidge;Courtney Meier;cmeier@battelleecology.org;support-copernicus-gbov@acri-st.fr;NEON;334;Mixed Forest;35.9641189575195;-84.282600402832;20170831T000000Z;2.0;ORNL_054;4.40;0.12;5.87;0.15;0.751;0.029;3.85;0.20;5.31;0.24;0.73;0.05;0.160;0.014;0.187;0.018;0.86;0.11;0.133;0.024;0.16;0.04;0.82;0.24;0;0
GBOV_RM7_399;OakRidge;Courtney Meier;cmeier@battelleecology.org;support-copernicus-gbov@acri-st.fr;NEON;334;Mixed Forest;35.9641189575195;-84.282600402832;20170913T000000Z;2.0;ORNL_054;4.31;0.12;5.78;0.16;0.746;0.028;3.57;0.18;4.87;0.21;0.73;0.05;0.178;0.016;0.212;0.026;0.84;0.13;0.149;0.028;0.21;0.07;0.73;0.30;0;0
GBOV_RM7_399;OakRidge;Courtney Meier;cmeier@battelleecology.org;support-copernicus-gbov@acri-st.fr;NEON;334;Mixed Forest;35.9641189575195;-84.282600402832;20170927T000000Z;2.0;ORNL_054;3.73;0.11;5.09;0.14;0.731;0.029;2.91;0.15;4.05;0.22;0.72;0.05;0.371;0.028;0.49;0.06;0.76;0.11;0.310;0.029;0.37;0.06;0.84;0.17;0;0
GBOV_RM7_399;OakRidge;Courtney Meier;cmeier@battelleecology.org;support-copernicus-gbov@acri-st.fr;NEON;334;Mixed Forest;35.9641189575195;-84.282600402832;20171012T000000Z;2.0;ORNL_054;3.86;0.11;5.29;0.15;0.729;0.030;3.54;0.16;4.87;0.23;0.73;0.05;0.214;0.013;0.237;0.019;0.91;0.09;0.180;0.020;0.191;0.024;0.94;0.16;0;0
GBOV_RM7_399;OakRidge;Courtney Meier;cmeier@battelleecology.org;support-copernicus-gbov@acri-st.fr;NEON;334;Mixed Forest;35.9641189575195;-84.282600402832;20171026T000000Z;2.0;ORNL_054;3.38;0.10;4.72;0.13;0.715;0.029;2.81;0.16;3.86;0.21;0.73;0.06;0.274;0.013;0.291;0.016;0.94;0.07;0.261;0.028;0.31;0.06;0.83;0.19;0;0
GBOV_RM7_399;OakRidge;Courtney Meier;cmeier@battelleecology.org;support-copernicus-gbov@acri-st.fr;NEON;334;Mixed Forest;35.9641189575195;-84.282600402832;20180403T000000Z;2.0;ORNL_054;0.608;0.020;0.81;0.05;0.75;0.05;0.77;0.05;1.29;0.16;0.60;0.08;0.0162;0.0021;0.0172;0.0025;0.94;0.18;0.0197;0.0018;0.0199;0.0019;0.99;0.13;0;0
GBOV_RM7_399;OakRidge;Courtney Meier;cmeier@battelleecology.org;support-copernicus-gbov@acri-st.fr;NEON;334;Mixed Forest;35.9641189575195;-84.282600402832;20180417T000000Z;2.0;ORNL_054;0.867;0.024;1.03;0.04;0.84;0.04;0.80;0.04;1.09;0.13;0.74;0.09;0.058;0.006;0.063;0.007;0.93;0.14;0.067;0.008;0.069;0.009;0.97;0.17;0;0
GBOV_RM7_399;OakRidge;Courtney Meier;cmeier@battelleecology.org;support-copernicus-gbov@acri-st.fr;NEON;334;Mixed Forest;35.9641189575195;-84.282600402832;20180501T000000Z;2.0;ORNL_054;3.37;0.10;4.72;0.14;0.714;0.031;2.67;0.13;3.80;0.21;0.70;0.05;0.619;0.025;0.679;0.031;0.91;0.06;0.500;0.034;0.58;0.07;0.86;0.11;0;0
GBOV_RM7_399;OakRidge;Courtney Meier;cmeier@battelleecology.org;support-copernicus-gbov@acri-st.fr;NEON;334;Mixed Forest;35.9641189575195;-84.282600402832;20180515T000000Z;2.0;ORNL_054;4.74;0.13;6.52;0.17;0.727;0.028;4.08;0.19;5.58;0.25;0.73;0.05;0.509;0.021;0.556;0.023;0.92;0.05;0.401;0.029;0.423;0.031;0.95;0.10;0;0
GBOV_RM7_399;OakRidge;Courtney Meier;cmeier@battelleecology.org;support-copernicus-gbov@acri-st.fr;NEON;334;Mixed Forest;35.9641189575195;-84.282600402832;20180613T000000Z;2.0;ORNL_054;4.89;0.14;6.51;0.18;0.751;0.030;4.03;0.21;5.36;0.25;0.75;0.05;0.462;0.020;0.505;0.022;0.92;0.06;0.390;0.030;0.422;0.035;0.92;0.11;0;0
GBOV_RM7_399;OakRidge;Courtney Meier;cmeier@battelleecology.org;support-copernicus-gbov@acri-st.fr;NEON;334;Mixed Forest;35.9641189575195;-84.282600402832;20180627T100100Z;2.0;ORNL_054;4.63;0.13;6.18;0.16;0.749;0.029;4.14;0.18;5.43;0.18;0.76;0.04;0.335;0.018;0.385;0.023;0.87;0.07;0.293;0.030;0.34;0.05;0.86;0.15;0;0
GBOV_RM7_399;OakRidge;Courtney Meier;cmeier@battelleecology.org;support-copernicus-gbov@acri-st.fr;NEON;334;Mixed Forest;35.9641189575195;-84.282600402832;20180712T065300Z;2.0;ORNL_054;4.55;0.13;6.17;0.16;0.737;0.028;3.79;0.17;5.01;0.18;0.76;0.04;0.359;0.018;0.404;0.022;0.89;0.07;0.298;0.030;0.35;0.05;0.85;0.14;0;0
GBOV_RM7_399;OakRidge;Courtney Meier;cmeier@battelleecology.org;support-copernicus-gbov@acri-st.fr;NEON;334;Mixed Forest;35.9641189575195;-84.282600402832;20180724T080800Z;2.0;ORNL_054;4.70;0.13;6.29;0.16;0.747;0.028;3.93;0.19;5.06;0.19;0.78;0.05;0.417;0.028;0.52;0.06;0.81;0.10;0.321;0.035;0.39;0.06;0.82;0.16;0;2
GBOV_RM7_399;OakRidge;Courtney Meier;cmeier@battelleecology.org;support-copernicus-gbov@acri-st.fr;NEON;334;Mixed Forest;35.9641189575195;-84.282600402832;20180807T080900Z;2.0;ORNL_054;4.84;0.13;6.59;0.17;0.735;0.028;4.18;0.19;5.69;0.22;0.73;0.04;0.624;0.029;0.71;0.04;0.88;0.06;0.454;0.031;0.482;0.035;0.94;0.09;0;0
GBOV_RM7_399;OakRidge;Courtney Meier;cmeier@battelleecology.org;support-copernicus-gbov@acri-st.fr;NEON;334;Mixed Forest;35.9641189575195;-84.282600402832;20180823T000000Z;2.0;ORNL_054;4.57;0.13;6.24;0.16;0.733;0.028;3.46;0.18;4.78;0.17;0.72;0.05;0.773;0.025;0.809;0.027;0.96;0.04;0.594;0.032;0.615;0.034;0.97;0.08;0;0
GBOV_RM7_399;OakRidge;Courtney Meier;cmeier@battelleecology.org;support-copernicus-gbov@acri-st.fr;NEON;334;Mixed Forest;35.9641189575195;-84.282600402832;20180904T000000Z;2.0;ORNL_054;4.52;0.13;6.13;0.16;0.737;0.029;3.81;0.17;5.13;0.22;0.74;0.05;0.785;0.034;0.89;0.06;0.88;0.07;0.57;0.04;0.65;0.09;0.88;0.14;0;0
GBOV_RM7_399;OakRidge;Courtney Meier;cmeier@battelleecology.org;support-copernicus-gbov@acri-st.fr;NEON;334;Mixed Forest;35.9641189575195;-84.282600402832;20180921T000000Z;2.0;ORNL_054;4.32;0.12;5.89;0.15;0.734;0.028;3.51;0.17;4.81;0.20;0.73;0.05;0.401;0.020;0.433;0.023;0.93;0.07;0.320;0.028;0.35;0.04;0.92;0.13;0;0
GBOV_RM7_399;OakRidge;Courtney Meier;cmeier@battelleecology.org;support-copernicus-gbov@acri-st.fr;NEON;334;Mixed Forest;35.9641189575195;-84.282600402832;20181005T000000Z;2.0;ORNL_054;4.44;0.12;6.00;0.16;0.740;0.028;3.89;0.16;5.27;0.24;0.74;0.04;0.651;0.018;0.669;0.019;0.97;0.04;0.473;0.019;0.489;0.023;0.97;0.06;0;0
GBOV_RM7_399;OakRidge;Courtney Meier;cmeier@battelleecology.org;support-copernicus-gbov@acri-st.fr;NEON;334;Mixed Forest;35.9641189575195;-84.282600402832;20181016T000000Z;2.0;ORNL_054;4.36;0.13;6.13;0.17;0.710;0.029;3.91;0.24;5.60;0.27;0.70;0.05;0.335;0.015;0.352;0.016;0.95;0.06;0.277;0.026;0.293;0.029;0.95;0.13;0;2
GBOV_RM7_399;OakRidge;Courtney Meier;cmeier@battelleecology.org;support-copernicus-gbov@acri-st.fr;NEON;334;Mixed Forest;35.9641189575195;-84.282600402832;20181101T000000Z;2.0;ORNL_054;3.97;0.12;5.59;0.15;0.710;0.028;3.59;0.17;5.18;0.23;0.69;0.04;0.141;0.006;0.147;0.007;0.96;0.06;0.120;0.006;0.121;0.006;0.99;0.07;0;0
GBOV_RM7_399;OakRidge;Courtney Meier;cmeier@battelleecology.org;support-copernicus-gbov@acri-st.fr;NEON;334;Mixed Forest;35.9641189575195;-84.282600402832;20190319T070100Z;2.0;ORNL_054;0.533;0.016;0.68;0.04;0.78;0.05;0.560;0.026;0.80;0.10;0.70;0.09;0.066;0.004;0.068;0.004;0.98;0.09;0.090;0.007;0.091;0.007;0.99;0.11;0;0
GBOV_RM7_399;OakRidge;Courtney Meier;cmeier@battelleecology.org;support-copernicus-gbov@acri-st.fr;NEON;334;Mixed Forest;35.9641189575195;-84.282600402832;20190402T070400Z;2.0;ORNL_054;0.542;0.017;0.74;0.06;0.73;0.06;0.675;0.034;1.00;0.12;0.68;0.09;0.0136;0.0025;0.0148;0.0031;0.92;0.26;0.0123;0.0022;0.0124;0.0023;0.99;0.26;0;0
GBOV_RM7_399;OakRidge;Courtney Meier;cmeier@battelleecology.org;support-copernicus-gbov@acri-st.fr;NEON;334;Mixed Forest;35.9641189575195;-84.282600402832;20190416T063100Z;2.0;ORNL_054;1.84;0.06;2.41;0.09;0.76;0.04;1.65;0.08;2.40;0.16;0.69;0.06;0.225;0.010;0.242;0.013;0.93;0.06;0.208;0.010;0.211;0.010;0.98;0.06;0;0
GBOV_RM7_399;OakRidge;Courtney Meier;cmeier@battelleecology.org;support-copernicus-gbov@acri-st.fr;NEON;334;Mixed Forest;35.9641189575195;-84.282600402832;20190430T055800Z;2.0;ORNL_054;4.15;0.11;5.56;0.15;0.745;0.029;3.31;0.13;4.36;0.16;0.76;0.04;0.606;0.022;0.651;0.027;0.93;0.05;0.451;0.024;0.466;0.025;0.97;0.07;0;0
GBOV_RM7_399;OakRidge;Courtney Meier;cmeier@battelleecology.org;support-copernicus-gbov@acri-st.fr;NEON;334;Mixed Forest;35.9641189575195;-84.282600402832;20190515T062300Z;2.0;ORNL_054;4.25;0.12;5.73;0.15;0.742;0.028;3.25;0.14;4.35;0.16;0.75;0.04;0.626;0.020;0.664;0.022;0.94;0.04;0.491;0.026;0.510;0.028;0.96;0.07;0;0
GBOV_RM7_399;OakRidge;Courtney Meier;cmeier@battelleecology.org;support-copernicus-gbov@acri-st.fr;NEON;334;Mixed Forest;35.9641189575195;-84.282600402832;20190530T054400Z;2.0;ORNL_054;4.55;0.14;6.14;0.17;0.742;0.030;3.89;0.21;5.27;0.21;0.74;0.05;0.530;0.024;0.574;0.027;0.92;0.06;0.46;0.04;0.55;0.07;0.84;0.13;0;0
GBOV_RM7_399;OakRidge;Courtney Meier;cmeier@battelleecology.org;support-copernicus-gbov@acri-st.fr;NEON;334;Mixed Forest;35.9641189575195;-84.282600402832;20190612T055800Z;2.0;ORNL_054;4.74;0.13;6.33;0.17;0.748;0.029;3.92;0.16;5.28;0.21;0.74;0.04;0.332;0.016;0.366;0.020;0.91;0.06;0.284;0.026;0.32;0.04;0.89;0.14;0;0
GBOV_RM7_399;OakRidge;Courtney Meier;cmeier@battelleecology.org;support-copernicus-gbov@acri-st.fr;NEON;334;Mixed Forest;35.9641189575195;-84.282600402832;20190626T053800Z;2.0;ORNL_054;4.46;0.12;5.91;0.16;0.754;0.029;3.53;0.15;4.69;0.19;0.75;0.04;0.462;0.025;0.54;0.04;0.86;0.07;0.353;0.027;0.39;0.04;0.91;0.11;0;0
GBOV_RM7_399;OakRidge;Courtney Meier;cmeier@battelleecology.org;support-copernicus-gbov@acri-st.fr;NEON;334;Mixed Forest;35.9641189575195;-84.282600402832;20190710T055700Z;2.0;ORNL_054;4.69;0.13;6.24;0.17;0.752;0.029;3.94;0.16;5.19;0.21;0.76;0.04;0.366;0.016;0.394;0.019;0.93;0.06;0.313;0.025;0.333;0.029;0.94;0.11;0;0
GBOV_RM7_399;OakRidge;Courtney Meier;cmeier@battelleecology.org;support-copernicus-gbov@acri-st.fr;NEON;334;Mixed Forest;35.9641189575195;-84.282600402832;20190724T054300Z;2.0;ORNL_054;4.52;0.12;5.99;0.15;0.755;0.028;3.24;0.17;4.45;0.18;0.73;0.05;0.446;0.016;0.485;0.021;0.92;0.05;0.366;0.022;0.390;0.026;0.94;0.08;0;0
GBOV_RM7_399;OakRidge;Courtney Meier;cmeier@battelleecology.org;support-copernicus-gbov@acri-st.fr;NEON;334;Mixed Forest;35.9641189575195;-84.282600402832;20190807T061200Z;2.0;ORNL_054;4.47;0.12;5.92;0.16;0.755;0.029;3.73;0.19;5.11;0.23;0.73;0.05;0.289;0.014;0.320;0.017;0.90;0.07;0.253;0.023;0.270;0.026;0.94;0.12;0;0
GBOV_RM7_399;OakRidge;Courtney Meier;cmeier@battelleecology.org;support-copernicus-gbov@acri-st.fr;NEON;334;Mixed Forest;35.9641189575195;-84.282600402832;20190821T060100Z;2.0;ORNL_054;4.47;0.12;5.88;0.15;0.759;0.028;3.57;0.13;4.71;0.18;0.76;0.04;0.385;0.018;0.418;0.021;0.92;0.06;0.303;0.027;0.318;0.030;0.95;0.12;0;0
GBOV_RM7_399;OakRidge;Courtney Meier;cmeier@battelleecology.org;support-copernicus-gbov@acri-st.fr;NEON;334;Mixed Forest;35.9641189575195;-84.282600402832;20190905T063500Z;2.0;ORNL_054;4.22;0.12;5.59;0.15;0.755;0.030;3.46;0.13;4.45;0.17;0.78;0.04;0.577;0.022;0.606;0.023;0.95;0.05;0.483;0.032;0.51;0.04;0.94;0.10;0;0
GBOV_RM7_399;OakRidge;Courtney Meier;cmeier@battelleecology.org;support-copernicus-gbov@acri-st.fr;NEON;334;Mixed Forest;35.9641189575195;-84.282600402832;20190917T065600Z;2.0;ORNL_054;4.21;0.12;5.59;0.14;0.753;0.028;3.21;0.17;4.31;0.20;0.74;0.05;0.279;0.013;0.295;0.014;0.94;0.06;0.249;0.018;0.260;0.021;0.96;0.10;0;0
GBOV_RM7_399;OakRidge;Courtney Meier;cmeier@battelleecology.org;support-copernicus-gbov@acri-st.fr;NEON;334;Mixed Forest;35.9641189575195;-84.282600402832;20191001T063700Z;2.0;ORNL_054;4.08;0.11;5.41;0.14;0.755;0.028;3.45;0.12;4.50;0.16;0.77;0.04;0.504;0.015;0.523;0.017;0.96;0.04;0.387;0.022;0.405;0.030;0.96;0.09;0;0
GBOV_RM7_399;OakRidge;Courtney Meier;cmeier@battelleecology.org;support-copernicus-gbov@acri-st.fr;NEON;334;Mixed Forest;35.9641189575195;-84.282600402832;20191017T071100Z;2.0;ORNL_054;3.83;0.10;5.02;0.13;0.763;0.029;3.05;0.13;4.07;0.17;0.75;0.04;0.587;0.016;0.606;0.017;0.97;0.04;0.465;0.021;0.484;0.028;0.96;0.07;0;0
GBOV_RM7_399;OakRidge;Courtney Meier;cmeier@battelleecology.org;support-copernicus-gbov@acri-st.fr;NEON;334;Mixed Forest;35.9641189575195;-84.282600402832;20191029T071700Z;2.0;ORNL_054;3.43;0.10;4.67;0.13;0.734;0.029;2.86;0.13;3.88;0.17;0.74;0.05;0.269;0.009;0.279;0.010;0.96;0.05;0.233;0.014;0.244;0.017;0.96;0.09;0;0
