GBOV_ID;Site;GROUND_DATA_PI;GROUND_DATA_PIs_Email;GBOV_Email;Network;Elevation;IGBP_class;Lat_IS;Lon_IS;TIME_IS;Version;PLOT_ID;LAIe_Miller_up;LAIe_Miller_up_err;LAI_Miller_up;LAI_Miller_up_err;clumping_Miller_up;clumping_Miller_up_err;LAIe_Warren_up;LAIe_Warren_up_err;LAI_Warren_up;LAI_Warren_up_err;clumping_Warren_up;clumping_Warren_up_err;LAIe_Miller_down;LAIe_Miller_down_err;LAI_Miller_down;LAI_Miller_down_err;clumping_Miller_down;clumping_Miller_down_err;LAIe_Warren_down;LAIe_Warren_down_err;LAI_Warren_down;LAI_Warren_down_err;clumping_Warren_down;clumping_Warren_down_err;up_flag;down_flag
GBOV_RM7_223;OrdwaySwisherBiologicalStation;Courtney Meier;cmeier@battelleecology.org;support-copernicus-gbov@acri-st.fr;NEON;45;Woody Savannas;29.67615;-82.00847;20130417T000000Z;2.0;OSBS_038;0.539;0.021;0.77;0.04;0.70;0.04;0.544;0.032;0.78;0.07;0.70;0.07;0.031;0.004;0.032;0.004;0.97;0.16;0.039;0.007;0.039;0.007;0.98;0.26;0;0
GBOV_RM7_223;OrdwaySwisherBiologicalStation;Courtney Meier;cmeier@battelleecology.org;support-copernicus-gbov@acri-st.fr;NEON;45;Woody Savannas;29.67615;-82.00847;20130521T000000Z;2.0;OSBS_038;0.643;0.030;0.97;0.06;0.66;0.05;0.604;0.035;0.97;0.09;0.62;0.07;0.48;0.04;0.65;0.06;0.74;0.09;0.49;0.07;0.68;0.12;0.71;0.16;0;0
GBOV_RM7_223;OrdwaySwisherBiologicalStation;Courtney Meier;cmeier@battelleecology.org;support-copernicus-gbov@acri-st.fr;NEON;45;Woody Savannas;29.67615;-82.00847;20130625T000000Z;2.0;OSBS_038;0.670;0.027;0.99;0.04;0.68;0.04;0.67;0.04;1.08;0.09;0.62;0.07;0.410;0.028;0.51;0.04;0.81;0.08;0.38;0.05;0.48;0.06;0.80;0.14;0;0
GBOV_RM7_223;OrdwaySwisherBiologicalStation;Courtney Meier;cmeier@battelleecology.org;support-copernicus-gbov@acri-st.fr;NEON;45;Woody Savannas;29.67615;-82.00847;20130809T000000Z;2.0;OSBS_038;0.807;0.031;1.19;0.05;0.68;0.04;0.64;0.05;0.92;0.10;0.69;0.09;-999;-999;-999;-999;-999;-999;-999;-999;-999;-999;-999;-999;0;-999
GBOV_RM7_223;OrdwaySwisherBiologicalStation;Courtney Meier;cmeier@battelleecology.org;support-copernicus-gbov@acri-st.fr;NEON;45;Woody Savannas;29.67615;-82.00847;20130820T000000Z;2.0;OSBS_038;0.832;0.032;1.23;0.05;0.67;0.04;0.65;0.05;0.95;0.08;0.69;0.08;-999;-999;-999;-999;-999;-999;-999;-999;-999;-999;-999;-999;0;-999
GBOV_RM7_223;OrdwaySwisherBiologicalStation;Courtney Meier;cmeier@battelleecology.org;support-copernicus-gbov@acri-st.fr;NEON;45;Woody Savannas;29.67615;-82.00847;20130911T000000Z;2.0;OSBS_038;0.833;0.032;1.25;0.05;0.67;0.04;0.66;0.05;0.99;0.10;0.67;0.08;-999;-999;-999;-999;-999;-999;-999;-999;-999;-999;-999;-999;0;-999
GBOV_RM7_223;OrdwaySwisherBiologicalStation;Courtney Meier;cmeier@battelleecology.org;support-copernicus-gbov@acri-st.fr;NEON;45;Woody Savannas;29.67615;-82.00847;20130919T000000Z;2.0;OSBS_038;0.937;0.033;1.45;0.07;0.65;0.04;0.99;0.06;1.81;0.17;0.55;0.06;-999;-999;-999;-999;-999;-999;-999;-999;-999;-999;-999;-999;0;-999
GBOV_RM7_223;OrdwaySwisherBiologicalStation;Courtney Meier;cmeier@battelleecology.org;support-copernicus-gbov@acri-st.fr;NEON;45;Woody Savannas;29.67615;-82.00847;20131003T000000Z;2.0;OSBS_038;0.806;0.031;1.19;0.05;0.68;0.04;0.71;0.05;1.12;0.10;0.63;0.07;-999;-999;-999;-999;-999;-999;-999;-999;-999;-999;-999;-999;0;-999
GBOV_RM7_223;OrdwaySwisherBiologicalStation;Courtney Meier;cmeier@battelleecology.org;support-copernicus-gbov@acri-st.fr;NEON;45;Woody Savannas;29.67615;-82.00847;20131015T000000Z;2.0;OSBS_038;0.823;0.032;1.25;0.05;0.66;0.04;0.79;0.05;1.36;0.12;0.58;0.06;-999;-999;-999;-999;-999;-999;-999;-999;-999;-999;-999;-999;0;-999
GBOV_RM7_223;OrdwaySwisherBiologicalStation;Courtney Meier;cmeier@battelleecology.org;support-copernicus-gbov@acri-st.fr;NEON;45;Woody Savannas;29.67615;-82.00847;20131028T000000Z;2.0;OSBS_038;0.815;0.032;1.26;0.06;0.64;0.04;0.67;0.05;1.08;0.11;0.62;0.08;-999;-999;-999;-999;-999;-999;-999;-999;-999;-999;-999;-999;0;-999
GBOV_RM7_223;OrdwaySwisherBiologicalStation;Courtney Meier;cmeier@battelleecology.org;support-copernicus-gbov@acri-st.fr;NEON;45;Woody Savannas;29.67615;-82.00847;20131112T000000Z;2.0;OSBS_038;0.793;0.031;1.15;0.05;0.69;0.04;0.66;0.04;1.03;0.10;0.64;0.07;-999;-999;-999;-999;-999;-999;-999;-999;-999;-999;-999;-999;0;-999
GBOV_RM7_223;OrdwaySwisherBiologicalStation;Courtney Meier;cmeier@battelleecology.org;support-copernicus-gbov@acri-st.fr;NEON;45;Woody Savannas;29.67615;-82.00847;20140212T000000Z;2.0;OSBS_038;0.540;0.028;1.01;0.06;0.54;0.04;0.60;0.05;1.25;0.13;0.48;0.07;0.502;0.033;0.64;0.05;0.78;0.08;0.43;0.05;0.53;0.07;0.82;0.14;0;0
GBOV_RM7_223;OrdwaySwisherBiologicalStation;Courtney Meier;cmeier@battelleecology.org;support-copernicus-gbov@acri-st.fr;NEON;45;Woody Savannas;29.67615;-82.00847;20140918T000000Z;2.0;OSBS_038;0.798;0.030;1.19;0.05;0.67;0.04;0.69;0.05;1.12;0.10;0.62;0.07;0.188;0.017;0.206;0.018;0.91;0.11;0.175;0.024;0.191;0.025;0.92;0.17;0;0
GBOV_RM7_223;OrdwaySwisherBiologicalStation;Courtney Meier;cmeier@battelleecology.org;support-copernicus-gbov@acri-st.fr;NEON;45;Woody Savannas;29.67615;-82.00847;20141002T000000Z;2.0;OSBS_038;0.87;0.04;1.41;0.07;0.62;0.04;0.65;0.05;1.10;0.12;0.59;0.08;0.446;0.021;0.483;0.024;0.92;0.06;0.360;0.027;0.385;0.029;0.94;0.10;0;0
GBOV_RM7_223;OrdwaySwisherBiologicalStation;Courtney Meier;cmeier@battelleecology.org;support-copernicus-gbov@acri-st.fr;NEON;45;Woody Savannas;29.67615;-82.00847;20150309T000000Z;2.0;OSBS_038;0.703;0.028;1.07;0.05;0.66;0.04;0.60;0.04;0.92;0.08;0.66;0.07;0.0280;0.0012;0.0282;0.0012;0.99;0.06;0.0371;0.0027;0.0376;0.0030;0.99;0.11;0;0
GBOV_RM7_223;OrdwaySwisherBiologicalStation;Courtney Meier;cmeier@battelleecology.org;support-copernicus-gbov@acri-st.fr;NEON;45;Woody Savannas;29.67615;-82.00847;20150323T000000Z;2.0;OSBS_038;0.711;0.027;1.01;0.04;0.71;0.04;0.69;0.04;1.05;0.09;0.66;0.07;0.069;0.004;0.072;0.005;0.95;0.09;0.062;0.005;0.064;0.006;0.97;0.12;0;0
GBOV_RM7_223;OrdwaySwisherBiologicalStation;Courtney Meier;cmeier@battelleecology.org;support-copernicus-gbov@acri-st.fr;NEON;45;Woody Savannas;29.67615;-82.00847;20150410T000000Z;2.0;OSBS_038;0.805;0.032;1.21;0.05;0.66;0.04;0.61;0.04;0.87;0.09;0.70;0.09;0.366;0.024;0.430;0.030;0.85;0.08;0.37;0.04;0.46;0.06;0.81;0.14;0;0
GBOV_RM7_223;OrdwaySwisherBiologicalStation;Courtney Meier;cmeier@battelleecology.org;support-copernicus-gbov@acri-st.fr;NEON;45;Woody Savannas;29.67615;-82.00847;20150422T000000Z;2.0;OSBS_038;0.811;0.031;1.24;0.05;0.65;0.04;0.643;0.034;0.90;0.06;0.72;0.06;0.324;0.024;0.383;0.030;0.85;0.09;0.323;0.034;0.38;0.04;0.86;0.13;0;16
GBOV_RM7_223;OrdwaySwisherBiologicalStation;Courtney Meier;cmeier@battelleecology.org;support-copernicus-gbov@acri-st.fr;NEON;45;Woody Savannas;29.67615;-82.00847;20150505T000000Z;2.0;OSBS_038;0.730;0.029;1.06;0.05;0.69;0.04;0.69;0.04;1.01;0.06;0.68;0.06;0.298;0.020;0.359;0.026;0.83;0.08;0.304;0.032;0.38;0.04;0.81;0.13;0;0
GBOV_RM7_223;OrdwaySwisherBiologicalStation;Courtney Meier;cmeier@battelleecology.org;support-copernicus-gbov@acri-st.fr;NEON;45;Woody Savannas;29.67615;-82.00847;20150520T000000Z;2.0;OSBS_038;0.847;0.029;1.28;0.06;0.66;0.04;0.78;0.04;1.30;0.11;0.60;0.06;0.365;0.026;0.448;0.034;0.82;0.08;0.35;0.05;0.45;0.07;0.79;0.16;0;0
GBOV_RM7_223;OrdwaySwisherBiologicalStation;Courtney Meier;cmeier@battelleecology.org;support-copernicus-gbov@acri-st.fr;NEON;45;Woody Savannas;29.67615;-82.00847;20150602T000000Z;2.0;OSBS_038;0.817;0.030;1.20;0.05;0.68;0.04;0.631;0.034;0.91;0.08;0.69;0.07;0.401;0.030;0.49;0.04;0.82;0.09;0.37;0.04;0.45;0.06;0.81;0.14;0;0
GBOV_RM7_223;OrdwaySwisherBiologicalStation;Courtney Meier;cmeier@battelleecology.org;support-copernicus-gbov@acri-st.fr;NEON;45;Woody Savannas;29.67615;-82.00847;20150616T000000Z;2.0;OSBS_038;0.781;0.034;1.21;0.06;0.65;0.04;0.69;0.04;0.99;0.08;0.69;0.07;0.58;0.04;0.68;0.05;0.85;0.08;0.44;0.05;0.51;0.06;0.86;0.14;0;16
GBOV_RM7_223;OrdwaySwisherBiologicalStation;Courtney Meier;cmeier@battelleecology.org;support-copernicus-gbov@acri-st.fr;NEON;45;Woody Savannas;29.67615;-82.00847;20150701T000000Z;2.0;OSBS_038;0.797;0.030;1.19;0.05;0.67;0.04;0.63;0.04;0.94;0.09;0.67;0.07;0.338;0.029;0.41;0.04;0.82;0.10;0.32;0.05;0.40;0.07;0.80;0.19;0;16
GBOV_RM7_223;OrdwaySwisherBiologicalStation;Courtney Meier;cmeier@battelleecology.org;support-copernicus-gbov@acri-st.fr;NEON;45;Woody Savannas;29.67615;-82.00847;20150716T000000Z;2.0;OSBS_038;0.848;0.032;1.28;0.06;0.66;0.04;0.68;0.05;1.07;0.11;0.64;0.08;0.316;0.026;0.39;0.04;0.80;0.10;0.29;0.04;0.36;0.05;0.82;0.15;0;0
GBOV_RM7_223;OrdwaySwisherBiologicalStation;Courtney Meier;cmeier@battelleecology.org;support-copernicus-gbov@acri-st.fr;NEON;45;Woody Savannas;29.67615;-82.00847;20150729T000000Z;2.0;OSBS_038;0.814;0.029;1.22;0.05;0.66;0.04;0.77;0.05;1.24;0.11;0.62;0.07;0.422;0.027;0.500;0.033;0.84;0.08;0.34;0.05;0.41;0.07;0.81;0.17;0;0
GBOV_RM7_223;OrdwaySwisherBiologicalStation;Courtney Meier;cmeier@battelleecology.org;support-copernicus-gbov@acri-st.fr;NEON;45;Woody Savannas;29.67615;-82.00847;20150811T000000Z;2.0;OSBS_038;1.11;0.04;1.66;0.06;0.672;0.034;0.86;0.05;1.26;0.09;0.68;0.06;0.334;0.023;0.389;0.028;0.86;0.09;0.299;0.034;0.34;0.04;0.88;0.15;10;0
GBOV_RM7_223;OrdwaySwisherBiologicalStation;Courtney Meier;cmeier@battelleecology.org;support-copernicus-gbov@acri-st.fr;NEON;45;Woody Savannas;29.67615;-82.00847;20150826T000000Z;2.0;OSBS_038;0.928;0.035;1.43;0.06;0.65;0.04;0.72;0.04;1.12;0.11;0.64;0.07;0.659;0.025;0.692;0.027;0.95;0.05;0.51;0.04;0.54;0.04;0.95;0.11;0;0
GBOV_RM7_223;OrdwaySwisherBiologicalStation;Courtney Meier;cmeier@battelleecology.org;support-copernicus-gbov@acri-st.fr;NEON;45;Woody Savannas;29.67615;-82.00847;20150909T000000Z;2.0;OSBS_038;0.96;0.04;1.49;0.06;0.64;0.04;0.73;0.04;1.14;0.09;0.64;0.06;0.886;0.027;0.915;0.029;0.97;0.04;0.67;0.04;0.70;0.04;0.96;0.08;0;0
GBOV_RM7_223;OrdwaySwisherBiologicalStation;Courtney Meier;cmeier@battelleecology.org;support-copernicus-gbov@acri-st.fr;NEON;45;Woody Savannas;29.67615;-82.00847;20150922T000000Z;2.0;OSBS_038;0.99;0.04;1.54;0.06;0.645;0.035;0.78;0.05;1.28;0.10;0.61;0.06;0.214;0.014;0.230;0.015;0.93;0.09;0.192;0.026;0.205;0.028;0.94;0.18;0;0
GBOV_RM7_223;OrdwaySwisherBiologicalStation;Courtney Meier;cmeier@battelleecology.org;support-copernicus-gbov@acri-st.fr;NEON;45;Woody Savannas;29.67615;-82.00847;20151007T000000Z;2.0;OSBS_038;0.982;0.035;1.56;0.07;0.631;0.035;0.79;0.05;1.28;0.16;0.62;0.09;0.457;0.020;0.471;0.021;0.97;0.06;0.353;0.030;0.365;0.032;0.97;0.12;0;0
GBOV_RM7_223;OrdwaySwisherBiologicalStation;Courtney Meier;cmeier@battelleecology.org;support-copernicus-gbov@acri-st.fr;NEON;45;Woody Savannas;29.67615;-82.00847;20151021T000000Z;2.0;OSBS_038;1.02;0.04;1.53;0.06;0.66;0.04;0.80;0.04;1.15;0.09;0.69;0.07;0.173;0.010;0.183;0.011;0.94;0.08;0.144;0.015;0.155;0.018;0.93;0.14;8;0
GBOV_RM7_223;OrdwaySwisherBiologicalStation;Courtney Meier;cmeier@battelleecology.org;support-copernicus-gbov@acri-st.fr;NEON;45;Woody Savannas;29.67615;-82.00847;20160308T000000Z;2.0;OSBS_038;0.740;0.030;1.12;0.05;0.66;0.04;0.521;0.027;0.72;0.07;0.72;0.08;0.0335;0.0017;0.0338;0.0018;0.99;0.07;0.0426;0.0033;0.0429;0.0033;0.99;0.11;0;16
GBOV_RM7_223;OrdwaySwisherBiologicalStation;Courtney Meier;cmeier@battelleecology.org;support-copernicus-gbov@acri-st.fr;NEON;45;Woody Savannas;29.67615;-82.00847;20160323T000000Z;2.0;OSBS_038;0.671;0.028;0.98;0.05;0.69;0.04;0.572;0.034;0.81;0.07;0.71;0.07;0.0443;0.0020;0.0447;0.0021;0.99;0.06;0.054;0.004;0.055;0.004;0.99;0.10;0;16
GBOV_RM7_223;OrdwaySwisherBiologicalStation;Courtney Meier;cmeier@battelleecology.org;support-copernicus-gbov@acri-st.fr;NEON;45;Woody Savannas;29.67615;-82.00847;20160404T000000Z;2.0;OSBS_038;0.783;0.032;1.15;0.05;0.68;0.04;0.57;0.04;0.82;0.08;0.70;0.08;-999;-999;-999;-999;-999;-999;-999;-999;-999;-999;-999;-999;0;-999
GBOV_RM7_223;OrdwaySwisherBiologicalStation;Courtney Meier;cmeier@battelleecology.org;support-copernicus-gbov@acri-st.fr;NEON;45;Woody Savannas;29.67615;-82.00847;20160420T000000Z;2.0;OSBS_038;0.776;0.031;1.13;0.05;0.69;0.04;0.71;0.05;1.05;0.08;0.67;0.07;-999;-999;-999;-999;-999;-999;-999;-999;-999;-999;-999;-999;0;-999
GBOV_RM7_223;OrdwaySwisherBiologicalStation;Courtney Meier;cmeier@battelleecology.org;support-copernicus-gbov@acri-st.fr;NEON;45;Woody Savannas;29.67615;-82.00847;20160504T000000Z;2.0;OSBS_038;0.788;0.030;1.23;0.06;0.64;0.04;0.72;0.05;1.22;0.11;0.59;0.07;0.274;0.024;0.341;0.032;0.81;0.10;0.27;0.04;0.33;0.05;0.81;0.16;0;0
GBOV_RM7_223;OrdwaySwisherBiologicalStation;Courtney Meier;cmeier@battelleecology.org;support-copernicus-gbov@acri-st.fr;NEON;45;Woody Savannas;29.67615;-82.00847;20160517T000000Z;2.0;OSBS_038;0.754;0.029;1.06;0.04;0.71;0.04;0.68;0.05;1.10;0.11;0.62;0.07;0.301;0.024;0.38;0.04;0.80;0.10;0.296;0.034;0.40;0.07;0.74;0.15;0;0
GBOV_RM7_223;OrdwaySwisherBiologicalStation;Courtney Meier;cmeier@battelleecology.org;support-copernicus-gbov@acri-st.fr;NEON;45;Woody Savannas;29.67615;-82.00847;20160602T000000Z;2.0;OSBS_038;0.812;0.030;1.21;0.06;0.67;0.04;0.66;0.04;0.97;0.09;0.68;0.07;0.334;0.024;0.396;0.031;0.84;0.09;0.300;0.034;0.38;0.05;0.79;0.14;0;0
GBOV_RM7_223;OrdwaySwisherBiologicalStation;Courtney Meier;cmeier@battelleecology.org;support-copernicus-gbov@acri-st.fr;NEON;45;Woody Savannas;29.67615;-82.00847;20160630T000000Z;2.0;OSBS_038;0.804;0.034;1.16;0.05;0.69;0.04;0.65;0.04;0.92;0.07;0.70;0.07;0.411;0.027;0.48;0.04;0.85;0.08;0.42;0.04;0.48;0.05;0.87;0.13;0;0
GBOV_RM7_223;OrdwaySwisherBiologicalStation;Courtney Meier;cmeier@battelleecology.org;support-copernicus-gbov@acri-st.fr;NEON;45;Woody Savannas;29.67615;-82.00847;20160713T000000Z;2.0;OSBS_038;0.817;0.029;1.21;0.05;0.67;0.04;0.65;0.04;1.00;0.10;0.65;0.08;0.359;0.022;0.423;0.028;0.85;0.08;0.298;0.033;0.36;0.05;0.83;0.15;0;0
GBOV_RM7_223;OrdwaySwisherBiologicalStation;Courtney Meier;cmeier@battelleecology.org;support-copernicus-gbov@acri-st.fr;NEON;45;Woody Savannas;29.67615;-82.00847;20160726T000000Z;2.0;OSBS_038;0.848;0.033;1.23;0.06;0.69;0.04;0.70;0.04;1.00;0.09;0.70;0.07;0.453;0.022;0.506;0.026;0.90;0.06;0.41;0.04;0.46;0.05;0.88;0.12;0;0
GBOV_RM7_223;OrdwaySwisherBiologicalStation;Courtney Meier;cmeier@battelleecology.org;support-copernicus-gbov@acri-st.fr;NEON;45;Woody Savannas;29.67615;-82.00847;20160810T000000Z;2.0;OSBS_038;0.808;0.032;1.15;0.05;0.70;0.04;0.64;0.04;0.91;0.08;0.70;0.07;0.341;0.021;0.409;0.027;0.83;0.08;0.33;0.04;0.41;0.07;0.80;0.17;0;0
GBOV_RM7_223;OrdwaySwisherBiologicalStation;Courtney Meier;cmeier@battelleecology.org;support-copernicus-gbov@acri-st.fr;NEON;45;Woody Savannas;29.67615;-82.00847;20160908T000000Z;2.0;OSBS_038;0.901;0.033;1.37;0.06;0.66;0.04;0.68;0.05;1.07;0.13;0.63;0.09;0.228;0.019;0.260;0.023;0.88;0.11;0.201;0.031;0.23;0.04;0.89;0.20;0;0
GBOV_RM7_223;OrdwaySwisherBiologicalStation;Courtney Meier;cmeier@battelleecology.org;support-copernicus-gbov@acri-st.fr;NEON;45;Woody Savannas;29.67615;-82.00847;20160920T000000Z;2.0;OSBS_038;0.808;0.030;1.15;0.05;0.70;0.04;0.65;0.04;0.90;0.07;0.72;0.07;0.333;0.019;0.364;0.021;0.92;0.07;0.310;0.032;0.35;0.04;0.89;0.14;0;8
GBOV_RM7_223;OrdwaySwisherBiologicalStation;Courtney Meier;cmeier@battelleecology.org;support-copernicus-gbov@acri-st.fr;NEON;45;Woody Savannas;29.67615;-82.00847;20161004T000000Z;2.0;OSBS_038;0.803;0.030;1.14;0.05;0.71;0.04;0.84;0.05;1.26;0.09;0.66;0.06;0.136;0.010;0.147;0.012;0.93;0.10;0.112;0.014;0.118;0.015;0.94;0.17;0;0
GBOV_RM7_223;OrdwaySwisherBiologicalStation;Courtney Meier;cmeier@battelleecology.org;support-copernicus-gbov@acri-st.fr;NEON;45;Woody Savannas;29.67615;-82.00847;20161019T000000Z;2.0;OSBS_038;0.871;0.031;1.37;0.06;0.64;0.04;0.64;0.04;1.00;0.10;0.63;0.08;0.345;0.011;0.353;0.011;0.98;0.04;0.265;0.014;0.271;0.014;0.98;0.07;0;0
GBOV_RM7_223;OrdwaySwisherBiologicalStation;Courtney Meier;cmeier@battelleecology.org;support-copernicus-gbov@acri-st.fr;NEON;45;Woody Savannas;29.67615;-82.00847;20161101T000000Z;2.0;OSBS_038;0.850;0.032;1.27;0.06;0.67;0.04;0.61;0.04;0.89;0.08;0.68;0.08;0.180;0.013;0.194;0.014;0.93;0.09;0.134;0.016;0.141;0.018;0.95;0.17;0;16
GBOV_RM7_223;OrdwaySwisherBiologicalStation;Courtney Meier;cmeier@battelleecology.org;support-copernicus-gbov@acri-st.fr;NEON;45;Woody Savannas;29.67615;-82.00847;20170314T000000Z;2.0;OSBS_038;0.632;0.023;0.828;0.032;0.76;0.04;0.65;0.04;0.94;0.09;0.69;0.08;0.038;0.004;0.040;0.004;0.97;0.14;0.035;0.004;0.036;0.004;0.99;0.15;0;0
GBOV_RM7_223;OrdwaySwisherBiologicalStation;Courtney Meier;cmeier@battelleecology.org;support-copernicus-gbov@acri-st.fr;NEON;45;Woody Savannas;29.67615;-82.00847;20170328T000000Z;2.0;OSBS_038;0.847;0.033;1.26;0.06;0.67;0.04;0.63;0.04;0.88;0.07;0.71;0.07;0.083;0.007;0.087;0.007;0.95;0.11;0.095;0.016;0.13;0.04;0.75;0.27;0;8
GBOV_RM7_223;OrdwaySwisherBiologicalStation;Courtney Meier;cmeier@battelleecology.org;support-copernicus-gbov@acri-st.fr;NEON;45;Woody Savannas;29.67615;-82.00847;20170411T000000Z;2.0;OSBS_038;0.557;0.035;0.90;0.06;0.62;0.06;0.54;0.04;0.85;0.08;0.63;0.08;0.072;0.009;0.085;0.013;0.85;0.17;0.067;0.011;0.071;0.013;0.93;0.23;0;8
GBOV_RM7_223;OrdwaySwisherBiologicalStation;Courtney Meier;cmeier@battelleecology.org;support-copernicus-gbov@acri-st.fr;NEON;45;Woody Savannas;29.67615;-82.00847;20170424T000000Z;2.0;OSBS_038;0.725;0.027;1.02;0.05;0.71;0.04;0.66;0.04;0.97;0.09;0.68;0.07;0.185;0.022;0.230;0.029;0.81;0.14;0.171;0.027;0.21;0.04;0.82;0.20;0;0
GBOV_RM7_223;OrdwaySwisherBiologicalStation;Courtney Meier;cmeier@battelleecology.org;support-copernicus-gbov@acri-st.fr;NEON;45;Woody Savannas;29.67615;-82.00847;20170509T000000Z;2.0;OSBS_038;0.811;0.029;1.19;0.05;0.68;0.04;0.66;0.04;1.00;0.09;0.66;0.07;0.225;0.017;0.263;0.022;0.86;0.10;0.208;0.025;0.25;0.04;0.83;0.16;0;16
GBOV_RM7_223;OrdwaySwisherBiologicalStation;Courtney Meier;cmeier@battelleecology.org;support-copernicus-gbov@acri-st.fr;NEON;45;Woody Savannas;29.67615;-82.00847;20170523T000000Z;2.0;OSBS_038;1.30;0.08;2.61;0.25;0.50;0.06;0.95;0.10;1.9;0.4;0.49;0.11;0.225;0.012;0.266;0.015;0.84;0.07;0.214;0.020;0.248;0.023;0.86;0.11;0;0
GBOV_RM7_223;OrdwaySwisherBiologicalStation;Courtney Meier;cmeier@battelleecology.org;support-copernicus-gbov@acri-st.fr;NEON;45;Woody Savannas;29.67615;-82.00847;20170608T000000Z;2.0;OSBS_038;0.668;0.026;0.89;0.04;0.75;0.04;0.67;0.04;1.01;0.09;0.66;0.07;0.242;0.014;0.267;0.016;0.91;0.08;0.256;0.026;0.286;0.030;0.90;0.13;0;0
GBOV_RM7_223;OrdwaySwisherBiologicalStation;Courtney Meier;cmeier@battelleecology.org;support-copernicus-gbov@acri-st.fr;NEON;45;Woody Savannas;29.67615;-82.00847;20170705T000000Z;2.0;OSBS_038;0.754;0.032;1.05;0.06;0.72;0.05;0.69;0.05;1.01;0.10;0.68;0.08;0.619;0.031;0.69;0.04;0.90;0.07;0.54;0.04;0.62;0.05;0.88;0.10;0;0
GBOV_RM7_223;OrdwaySwisherBiologicalStation;Courtney Meier;cmeier@battelleecology.org;support-copernicus-gbov@acri-st.fr;NEON;45;Woody Savannas;29.67615;-82.00847;20170718T000000Z;2.0;OSBS_038;0.850;0.031;1.24;0.05;0.68;0.04;0.66;0.04;0.99;0.08;0.66;0.07;0.398;0.025;0.446;0.031;0.89;0.08;0.37;0.04;0.43;0.06;0.86;0.16;0;16
GBOV_RM7_223;OrdwaySwisherBiologicalStation;Courtney Meier;cmeier@battelleecology.org;support-copernicus-gbov@acri-st.fr;NEON;45;Woody Savannas;29.67615;-82.00847;20170801T000000Z;2.0;OSBS_038;0.838;0.032;1.20;0.05;0.70;0.04;0.65;0.04;0.92;0.07;0.71;0.07;0.428;0.022;0.469;0.025;0.91;0.07;0.41;0.04;0.46;0.05;0.89;0.13;0;0
GBOV_RM7_223;OrdwaySwisherBiologicalStation;Courtney Meier;cmeier@battelleecology.org;support-copernicus-gbov@acri-st.fr;NEON;45;Woody Savannas;29.67615;-82.00847;20170815T000000Z;2.0;OSBS_038;0.964;0.034;1.46;0.06;0.661;0.035;0.79;0.04;1.15;0.08;0.69;0.06;0.174;0.013;0.198;0.016;0.88;0.10;0.176;0.025;0.22;0.05;0.81;0.22;0;0
GBOV_RM7_223;OrdwaySwisherBiologicalStation;Courtney Meier;cmeier@battelleecology.org;support-copernicus-gbov@acri-st.fr;NEON;45;Woody Savannas;29.67615;-82.00847;20170829T000000Z;2.0;OSBS_038;0.912;0.035;1.29;0.05;0.71;0.04;0.81;0.05;1.16;0.09;0.70;0.07;0.346;0.019;0.373;0.021;0.93;0.07;0.343;0.034;0.40;0.05;0.86;0.14;0;8
GBOV_RM7_223;OrdwaySwisherBiologicalStation;Courtney Meier;cmeier@battelleecology.org;support-copernicus-gbov@acri-st.fr;NEON;45;Woody Savannas;29.67615;-82.00847;20170926T000000Z;2.0;OSBS_038;0.879;0.031;1.28;0.05;0.69;0.04;0.73;0.04;1.07;0.09;0.68;0.07;0.259;0.013;0.275;0.014;0.94;0.07;0.237;0.021;0.252;0.024;0.94;0.12;0;0
GBOV_RM7_223;OrdwaySwisherBiologicalStation;Courtney Meier;cmeier@battelleecology.org;support-copernicus-gbov@acri-st.fr;NEON;45;Woody Savannas;29.67615;-82.00847;20171011T000000Z;2.0;OSBS_038;0.885;0.031;1.31;0.05;0.68;0.04;0.647;0.034;0.88;0.07;0.73;0.07;0.242;0.015;0.258;0.016;0.94;0.08;0.195;0.020;0.212;0.028;0.92;0.15;0;0
GBOV_RM7_223;OrdwaySwisherBiologicalStation;Courtney Meier;cmeier@battelleecology.org;support-copernicus-gbov@acri-st.fr;NEON;45;Woody Savannas;29.67615;-82.00847;20171026T000000Z;2.0;OSBS_038;0.844;0.030;1.26;0.05;0.67;0.04;0.68;0.04;0.95;0.07;0.71;0.07;0.176;0.010;0.185;0.010;0.95;0.07;0.141;0.014;0.149;0.015;0.95;0.13;0;16
GBOV_RM7_223;OrdwaySwisherBiologicalStation;Courtney Meier;cmeier@battelleecology.org;support-copernicus-gbov@acri-st.fr;NEON;45;Woody Savannas;29.67615;-82.00847;20171204T000000Z;2.0;OSBS_038;0.798;0.030;1.16;0.05;0.69;0.04;0.61;0.04;0.85;0.07;0.72;0.07;0.0250;0.0022;0.0256;0.0024;0.98;0.13;0.030;0.007;0.031;0.008;0.95;0.33;0;16
GBOV_RM7_223;OrdwaySwisherBiologicalStation;Courtney Meier;cmeier@battelleecology.org;support-copernicus-gbov@acri-st.fr;NEON;45;Woody Savannas;29.67615;-82.00847;20180102T000000Z;2.0;OSBS_038;0.658;0.025;0.89;0.04;0.74;0.04;0.66;0.04;0.94;0.08;0.71;0.08;0.0132;0.0018;0.0135;0.0019;0.98;0.19;0.0149;0.0026;0.0151;0.0026;0.99;0.24;0;0
GBOV_RM7_223;OrdwaySwisherBiologicalStation;Courtney Meier;cmeier@battelleecology.org;support-copernicus-gbov@acri-st.fr;NEON;45;Woody Savannas;29.67615;-82.00847;20180201T000000Z;2.0;OSBS_038;0.760;0.030;1.15;0.05;0.66;0.04;0.587;0.031;0.92;0.09;0.64;0.07;0.0072;0.0007;0.0073;0.0007;1.00;0.13;0.0092;0.0016;0.0093;0.0016;0.99;0.25;0;0
GBOV_RM7_223;OrdwaySwisherBiologicalStation;Courtney Meier;cmeier@battelleecology.org;support-copernicus-gbov@acri-st.fr;NEON;45;Woody Savannas;29.67615;-82.00847;20180227T000000Z;2.0;OSBS_038;0.636;0.024;0.89;0.04;0.71;0.04;0.59;0.04;0.80;0.07;0.73;0.08;0.073;0.009;0.075;0.009;0.97;0.17;0.081;0.017;0.084;0.017;0.97;0.29;0;0
GBOV_RM7_223;OrdwaySwisherBiologicalStation;Courtney Meier;cmeier@battelleecology.org;support-copernicus-gbov@acri-st.fr;NEON;45;Woody Savannas;29.67615;-82.00847;20180312T000000Z;2.0;OSBS_038;0.605;0.027;0.89;0.05;0.68;0.05;0.464;0.031;0.65;0.07;0.71;0.09;0.132;0.007;0.134;0.008;0.98;0.08;0.133;0.014;0.136;0.014;0.98;0.14;0;0
GBOV_RM7_223;OrdwaySwisherBiologicalStation;Courtney Meier;cmeier@battelleecology.org;support-copernicus-gbov@acri-st.fr;NEON;45;Woody Savannas;29.67615;-82.00847;20180326T000000Z;2.0;OSBS_038;0.509;0.021;0.683;0.034;0.75;0.05;0.507;0.030;0.67;0.06;0.76;0.08;0.0176;0.0011;0.0178;0.0011;0.99;0.09;0.0193;0.0022;0.0194;0.0022;0.99;0.16;4;0
GBOV_RM7_223;OrdwaySwisherBiologicalStation;Courtney Meier;cmeier@battelleecology.org;support-copernicus-gbov@acri-st.fr;NEON;45;Woody Savannas;29.67615;-82.00847;20180412T000000Z;2.0;OSBS_038;0.587;0.025;0.82;0.04;0.71;0.05;0.456;0.029;0.60;0.05;0.76;0.08;0.405;0.027;0.50;0.04;0.82;0.08;0.37;0.04;0.45;0.05;0.83;0.13;0;0
GBOV_RM7_223;OrdwaySwisherBiologicalStation;Courtney Meier;cmeier@battelleecology.org;support-copernicus-gbov@acri-st.fr;NEON;45;Woody Savannas;29.67615;-82.00847;20180425T000000Z;2.0;OSBS_038;0.647;0.026;0.94;0.05;0.69;0.04;0.498;0.030;0.71;0.08;0.70;0.09;0.47;0.04;0.69;0.07;0.68;0.10;0.46;0.06;0.64;0.09;0.71;0.14;0;0
GBOV_RM7_223;OrdwaySwisherBiologicalStation;Courtney Meier;cmeier@battelleecology.org;support-copernicus-gbov@acri-st.fr;NEON;45;Woody Savannas;29.67615;-82.00847;20180507T000000Z;2.0;OSBS_038;0.644;0.025;0.91;0.04;0.71;0.04;0.500;0.031;0.71;0.07;0.70;0.08;0.64;0.04;0.82;0.06;0.79;0.08;0.50;0.05;0.61;0.07;0.82;0.12;0;0
GBOV_RM7_223;OrdwaySwisherBiologicalStation;Courtney Meier;cmeier@battelleecology.org;support-copernicus-gbov@acri-st.fr;NEON;45;Woody Savannas;29.67615;-82.00847;20180522T000000Z;2.0;OSBS_038;0.656;0.025;0.89;0.04;0.74;0.04;0.61;0.04;0.85;0.07;0.71;0.08;0.373;0.032;0.50;0.05;0.74;0.09;0.40;0.05;0.55;0.07;0.73;0.13;0;0
GBOV_RM7_223;OrdwaySwisherBiologicalStation;Courtney Meier;cmeier@battelleecology.org;support-copernicus-gbov@acri-st.fr;NEON;45;Woody Savannas;29.67615;-82.00847;20180608T000000Z;2.0;OSBS_038;0.641;0.023;0.855;0.035;0.75;0.04;0.636;0.033;0.89;0.07;0.72;0.07;0.372;0.034;0.51;0.05;0.73;0.10;0.33;0.06;0.48;0.09;0.69;0.17;0;0
GBOV_RM7_223;OrdwaySwisherBiologicalStation;Courtney Meier;cmeier@battelleecology.org;support-copernicus-gbov@acri-st.fr;NEON;45;Woody Savannas;29.67615;-82.00847;20180620T000000Z;2.0;OSBS_038;0.702;0.025;0.98;0.04;0.71;0.04;0.583;0.032;0.90;0.09;0.65;0.07;0.61;0.04;0.80;0.06;0.76;0.08;0.62;0.07;0.84;0.10;0.74;0.12;0;0
GBOV_RM7_223;OrdwaySwisherBiologicalStation;Courtney Meier;cmeier@battelleecology.org;support-copernicus-gbov@acri-st.fr;NEON;45;Woody Savannas;29.67615;-82.00847;20180705T000000Z;2.0;OSBS_038;0.769;0.029;1.12;0.05;0.68;0.04;0.64;0.04;0.95;0.10;0.67;0.08;0.67;0.04;0.86;0.06;0.78;0.07;0.66;0.07;0.84;0.08;0.79;0.11;0;0
GBOV_RM7_223;OrdwaySwisherBiologicalStation;Courtney Meier;cmeier@battelleecology.org;support-copernicus-gbov@acri-st.fr;NEON;45;Woody Savannas;29.67615;-82.00847;20180717T000000Z;2.0;OSBS_038;0.793;0.029;1.16;0.05;0.68;0.04;0.66;0.04;1.02;0.10;0.65;0.07;0.448;0.034;0.58;0.05;0.78;0.08;0.43;0.05;0.57;0.07;0.76;0.13;0;0
GBOV_RM7_223;OrdwaySwisherBiologicalStation;Courtney Meier;cmeier@battelleecology.org;support-copernicus-gbov@acri-st.fr;NEON;45;Woody Savannas;29.67615;-82.00847;20180801T000000Z;2.0;OSBS_038;0.840;0.031;1.30;0.05;0.65;0.04;0.625;0.034;0.93;0.08;0.67;0.07;0.454;0.035;0.59;0.05;0.77;0.09;0.42;0.06;0.54;0.09;0.78;0.17;0;0
GBOV_RM7_223;OrdwaySwisherBiologicalStation;Courtney Meier;cmeier@battelleecology.org;support-copernicus-gbov@acri-st.fr;NEON;45;Woody Savannas;29.67615;-82.00847;20180813T000000Z;2.0;OSBS_038;0.786;0.027;1.10;0.04;0.71;0.04;0.72;0.04;1.12;0.11;0.64;0.07;0.430;0.029;0.52;0.04;0.83;0.08;0.41;0.05;0.50;0.06;0.82;0.13;0;0
GBOV_RM7_223;OrdwaySwisherBiologicalStation;Courtney Meier;cmeier@battelleecology.org;support-copernicus-gbov@acri-st.fr;NEON;45;Woody Savannas;29.67615;-82.00847;20180829T000000Z;2.0;OSBS_038;0.780;0.029;1.14;0.05;0.68;0.04;0.71;0.05;1.09;0.09;0.65;0.07;0.351;0.024;0.413;0.029;0.85;0.08;0.33;0.04;0.40;0.04;0.84;0.14;0;0
GBOV_RM7_223;OrdwaySwisherBiologicalStation;Courtney Meier;cmeier@battelleecology.org;support-copernicus-gbov@acri-st.fr;NEON;45;Woody Savannas;29.67615;-82.00847;20180912T000000Z;2.0;OSBS_038;0.875;0.032;1.33;0.06;0.66;0.04;0.643;0.034;0.91;0.07;0.70;0.07;0.477;0.026;0.531;0.030;0.90;0.07;0.44;0.04;0.49;0.05;0.90;0.12;0;0
GBOV_RM7_223;OrdwaySwisherBiologicalStation;Courtney Meier;cmeier@battelleecology.org;support-copernicus-gbov@acri-st.fr;NEON;45;Woody Savannas;29.67615;-82.00847;20180927T000000Z;2.0;OSBS_038;0.877;0.033;1.36;0.06;0.64;0.04;0.69;0.04;1.09;0.09;0.63;0.06;0.328;0.021;0.362;0.024;0.91;0.08;0.29;0.04;0.32;0.04;0.89;0.16;0;0
GBOV_RM7_223;OrdwaySwisherBiologicalStation;Courtney Meier;cmeier@battelleecology.org;support-copernicus-gbov@acri-st.fr;NEON;45;Woody Savannas;29.67615;-82.00847;20181024T000000Z;2.0;OSBS_038;0.783;0.032;1.17;0.05;0.67;0.04;0.65;0.04;0.93;0.08;0.70;0.07;0.143;0.011;0.155;0.012;0.92;0.10;0.103;0.015;0.109;0.016;0.95;0.19;0;0
GBOV_RM7_223;OrdwaySwisherBiologicalStation;Courtney Meier;cmeier@battelleecology.org;support-copernicus-gbov@acri-st.fr;NEON;45;Woody Savannas;29.67615;-82.00847;20181107T000000Z;2.0;OSBS_038;0.788;0.030;1.18;0.05;0.67;0.04;0.617;0.033;0.94;0.08;0.65;0.07;0.206;0.015;0.219;0.016;0.94;0.10;0.172;0.023;0.183;0.025;0.94;0.18;0;0
GBOV_RM7_223;OrdwaySwisherBiologicalStation;Courtney Meier;cmeier@battelleecology.org;support-copernicus-gbov@acri-st.fr;NEON;45;Woody Savannas;29.67615;-82.00847;20181204T082600Z;2.0;OSBS_038;0.786;0.029;1.14;0.05;0.69;0.04;0.591;0.032;0.89;0.09;0.67;0.08;0.266;0.015;0.278;0.016;0.96;0.08;0.188;0.022;0.197;0.025;0.96;0.16;0;0
GBOV_RM7_223;OrdwaySwisherBiologicalStation;Courtney Meier;cmeier@battelleecology.org;support-copernicus-gbov@acri-st.fr;NEON;45;Woody Savannas;29.67615;-82.00847;20181231T180900Z;2.0;OSBS_038;0.814;0.031;1.23;0.05;0.66;0.04;0.576;0.035;0.81;0.08;0.71;0.08;0.082;0.006;0.085;0.006;0.97;0.10;0.071;0.011;0.074;0.012;0.96;0.22;0;0
GBOV_RM7_223;OrdwaySwisherBiologicalStation;Courtney Meier;cmeier@battelleecology.org;support-copernicus-gbov@acri-st.fr;NEON;45;Woody Savannas;29.67615;-82.00847;20190128T190400Z;2.0;OSBS_038;0.786;0.031;1.21;0.06;0.65;0.04;0.570;0.032;0.85;0.07;0.67;0.07;0.316;0.009;0.318;0.009;0.99;0.04;0.229;0.011;0.231;0.011;0.99;0.07;0;0
GBOV_RM7_223;OrdwaySwisherBiologicalStation;Courtney Meier;cmeier@battelleecology.org;support-copernicus-gbov@acri-st.fr;NEON;45;Woody Savannas;29.67615;-82.00847;20190226T081700Z;2.0;OSBS_038;0.682;0.025;0.95;0.04;0.72;0.04;0.64;0.04;0.93;0.08;0.69;0.07;0.0235;0.0035;0.025;0.004;0.96;0.21;0.0196;0.0035;0.020;0.004;0.98;0.25;0;0
GBOV_RM7_223;OrdwaySwisherBiologicalStation;Courtney Meier;cmeier@battelleecology.org;support-copernicus-gbov@acri-st.fr;NEON;45;Woody Savannas;29.67615;-82.00847;20190313T075300Z;2.0;OSBS_038;0.741;0.029;1.08;0.05;0.69;0.04;0.585;0.032;0.82;0.07;0.71;0.07;0.040;0.004;0.041;0.005;0.96;0.15;0.029;0.004;0.029;0.004;0.99;0.19;0;0
GBOV_RM7_223;OrdwaySwisherBiologicalStation;Courtney Meier;cmeier@battelleecology.org;support-copernicus-gbov@acri-st.fr;NEON;45;Woody Savannas;29.67615;-82.00847;20190325T194200Z;2.0;OSBS_038;0.791;0.029;1.15;0.05;0.69;0.04;0.623;0.035;0.90;0.09;0.69;0.08;0.110;0.009;0.116;0.011;0.94;0.12;0.113;0.015;0.123;0.018;0.92;0.18;0;0
GBOV_RM7_223;OrdwaySwisherBiologicalStation;Courtney Meier;cmeier@battelleecology.org;support-copernicus-gbov@acri-st.fr;NEON;45;Woody Savannas;29.67615;-82.00847;20190408T200400Z;2.0;OSBS_038;0.724;0.027;1.03;0.04;0.71;0.04;0.611;0.032;0.88;0.07;0.69;0.06;0.735;0.023;0.772;0.026;0.95;0.04;0.569;0.033;0.60;0.04;0.94;0.08;0;0
GBOV_RM7_223;OrdwaySwisherBiologicalStation;Courtney Meier;cmeier@battelleecology.org;support-copernicus-gbov@acri-st.fr;NEON;45;Woody Savannas;29.67615;-82.00847;20190423T194100Z;2.0;OSBS_038;0.813;0.030;1.21;0.05;0.67;0.04;0.647;0.034;0.94;0.08;0.69;0.07;0.303;0.022;0.365;0.030;0.83;0.09;0.33;0.04;0.45;0.08;0.74;0.15;0;0
GBOV_RM7_223;OrdwaySwisherBiologicalStation;Courtney Meier;cmeier@battelleecology.org;support-copernicus-gbov@acri-st.fr;NEON;45;Woody Savannas;29.67615;-82.00847;20190509T073200Z;2.0;OSBS_038;0.799;0.031;1.20;0.06;0.67;0.04;0.588;0.031;0.87;0.08;0.67;0.07;0.300;0.022;0.371;0.029;0.81;0.09;0.28;0.04;0.36;0.05;0.78;0.16;0;0
GBOV_RM7_223;OrdwaySwisherBiologicalStation;Courtney Meier;cmeier@battelleecology.org;support-copernicus-gbov@acri-st.fr;NEON;45;Woody Savannas;29.67615;-82.00847;20190521T070300Z;2.0;OSBS_038;0.771;0.029;1.13;0.05;0.68;0.04;0.641;0.035;0.93;0.08;0.69;0.07;0.358;0.024;0.429;0.031;0.83;0.08;0.36;0.04;0.44;0.05;0.81;0.13;0;0
GBOV_RM7_223;OrdwaySwisherBiologicalStation;Courtney Meier;cmeier@battelleecology.org;support-copernicus-gbov@acri-st.fr;NEON;45;Woody Savannas;29.67615;-82.00847;20190606T065100Z;2.0;OSBS_038;0.781;0.031;1.13;0.05;0.69;0.04;0.666;0.035;1.06;0.11;0.63;0.08;0.431;0.026;0.504;0.032;0.86;0.07;0.40;0.04;0.47;0.04;0.86;0.10;0;0
GBOV_RM7_223;OrdwaySwisherBiologicalStation;Courtney Meier;cmeier@battelleecology.org;support-copernicus-gbov@acri-st.fr;NEON;45;Woody Savannas;29.67615;-82.00847;20190619T065900Z;2.0;OSBS_038;0.697;0.028;0.96;0.04;0.72;0.04;0.65;0.04;0.93;0.07;0.71;0.07;0.342;0.020;0.400;0.026;0.86;0.07;0.327;0.033;0.39;0.04;0.84;0.12;0;0
GBOV_RM7_223;OrdwaySwisherBiologicalStation;Courtney Meier;cmeier@battelleecology.org;support-copernicus-gbov@acri-st.fr;NEON;45;Woody Savannas;29.67615;-82.00847;20190703T065700Z;2.0;OSBS_038;0.790;0.030;1.17;0.06;0.68;0.04;0.69;0.04;1.09;0.10;0.64;0.07;0.373;0.023;0.435;0.028;0.86;0.08;0.355;0.034;0.41;0.04;0.87;0.12;0;0
GBOV_RM7_223;OrdwaySwisherBiologicalStation;Courtney Meier;cmeier@battelleecology.org;support-copernicus-gbov@acri-st.fr;NEON;45;Woody Savannas;29.67615;-82.00847;20190716T065400Z;2.0;OSBS_038;0.802;0.030;1.15;0.05;0.70;0.04;0.663;0.035;0.93;0.07;0.71;0.07;0.402;0.026;0.466;0.033;0.86;0.08;0.36;0.04;0.42;0.05;0.85;0.13;0;0
GBOV_RM7_223;OrdwaySwisherBiologicalStation;Courtney Meier;cmeier@battelleecology.org;support-copernicus-gbov@acri-st.fr;NEON;45;Woody Savannas;29.67615;-82.00847;20190731T070900Z;2.0;OSBS_038;0.852;0.031;1.23;0.05;0.69;0.04;0.73;0.04;1.10;0.10;0.66;0.07;0.515;0.031;0.59;0.04;0.87;0.07;0.44;0.05;0.50;0.06;0.87;0.16;0;0
GBOV_RM7_223;OrdwaySwisherBiologicalStation;Courtney Meier;cmeier@battelleecology.org;support-copernicus-gbov@acri-st.fr;NEON;45;Woody Savannas;29.67615;-82.00847;20190815T071300Z;2.0;OSBS_038;0.869;0.032;1.26;0.05;0.69;0.04;0.67;0.04;0.94;0.07;0.71;0.06;0.297;0.019;0.328;0.023;0.90;0.09;0.268;0.030;0.30;0.04;0.90;0.16;0;0
GBOV_RM7_223;OrdwaySwisherBiologicalStation;Courtney Meier;cmeier@battelleecology.org;support-copernicus-gbov@acri-st.fr;NEON;45;Woody Savannas;29.67615;-82.00847;20190829T072200Z;2.0;OSBS_038;0.922;0.033;1.41;0.06;0.65;0.04;0.78;0.04;1.23;0.11;0.64;0.07;0.543;0.035;0.64;0.05;0.84;0.09;0.42;0.06;0.51;0.09;0.83;0.18;0;0
GBOV_RM7_223;OrdwaySwisherBiologicalStation;Courtney Meier;cmeier@battelleecology.org;support-copernicus-gbov@acri-st.fr;NEON;45;Woody Savannas;29.67615;-82.00847;20190911T071800Z;2.0;OSBS_038;0.95;0.04;1.49;0.06;0.64;0.04;0.73;0.04;1.13;0.09;0.64;0.06;0.310;0.026;0.350;0.034;0.89;0.11;0.230;0.027;0.252;0.033;0.92;0.16;0;0
GBOV_RM7_223;OrdwaySwisherBiologicalStation;Courtney Meier;cmeier@battelleecology.org;support-copernicus-gbov@acri-st.fr;NEON;45;Woody Savannas;29.67615;-82.00847;20190926T073000Z;2.0;OSBS_038;0.893;0.034;1.33;0.06;0.67;0.04;0.72;0.04;1.03;0.08;0.70;0.07;0.186;0.026;0.215;0.034;0.87;0.18;0.13;0.04;0.14;0.05;0.9;0.4;0;2
GBOV_RM7_223;OrdwaySwisherBiologicalStation;Courtney Meier;cmeier@battelleecology.org;support-copernicus-gbov@acri-st.fr;NEON;45;Woody Savannas;29.67615;-82.00847;20191010T074100Z;2.0;OSBS_038;0.818;0.031;1.22;0.06;0.67;0.04;0.61;0.04;0.98;0.11;0.63;0.08;0.299;0.022;0.330;0.027;0.91;0.10;0.233;0.033;0.26;0.04;0.91;0.19;0;0
GBOV_RM7_223;OrdwaySwisherBiologicalStation;Courtney Meier;cmeier@battelleecology.org;support-copernicus-gbov@acri-st.fr;NEON;45;Woody Savannas;29.67615;-82.00847;20191024T075200Z;2.0;OSBS_038;0.782;0.029;1.13;0.05;0.69;0.04;0.62;0.04;0.89;0.07;0.70;0.07;0.072;0.007;0.076;0.008;0.94;0.14;0.057;0.011;0.061;0.013;0.93;0.26;0;0
GBOV_RM7_223;OrdwaySwisherBiologicalStation;Courtney Meier;cmeier@battelleecology.org;support-copernicus-gbov@acri-st.fr;NEON;45;Woody Savannas;29.67615;-82.00847;20191105T084500Z;2.0;OSBS_038;0.816;0.031;1.24;0.05;0.66;0.04;0.606;0.032;0.88;0.08;0.69;0.07;0.035;0.005;0.036;0.005;0.96;0.18;0.028;0.006;0.029;0.006;0.96;0.29;0;0
GBOV_RM7_223;OrdwaySwisherBiologicalStation;Courtney Meier;cmeier@battelleecology.org;support-copernicus-gbov@acri-st.fr;NEON;45;Woody Savannas;29.67615;-82.00847;20191120T080300Z;2.0;OSBS_038;0.792;0.030;1.20;0.05;0.66;0.04;0.606;0.034;0.89;0.07;0.68;0.07;0.127;0.009;0.132;0.010;0.96;0.10;0.082;0.010;0.084;0.010;0.98;0.16;0;0
