GBOV_ID;Site;GROUND_DATA_PI;GROUND_DATA_PIs_Email;GBOV_Email;Network;Elevation;IGBP_class;Lat_IS;Lon_IS;TIME_IS;Version;PLOT_ID;LAIe_Miller_up;LAIe_Miller_up_err;LAI_Miller_up;LAI_Miller_up_err;clumping_Miller_up;clumping_Miller_up_err;LAIe_Warren_up;LAIe_Warren_up_err;LAI_Warren_up;LAI_Warren_up_err;clumping_Warren_up;clumping_Warren_up_err;LAIe_Miller_down;LAIe_Miller_down_err;LAI_Miller_down;LAI_Miller_down_err;clumping_Miller_down;clumping_Miller_down_err;LAIe_Warren_down;LAIe_Warren_down_err;LAI_Warren_down;LAI_Warren_down_err;clumping_Warren_down;clumping_Warren_down_err;up_flag;down_flag
GBOV_RM7_402;OakRidge;Courtney Meier;cmeier@battelleecology.org;support-copernicus-gbov@acri-st.fr;NEON;334;Mixed Forest;35.9641189575195;-84.282600402832;20150330T000000Z;2.0;ORNL_045;0.535;0.019;0.71;0.04;0.76;0.05;0.80;0.04;1.37;0.16;0.59;0.08;0.0070;0.0008;0.0071;0.0008;0.99;0.16;0.0127;0.0014;0.0128;0.0014;1.00;0.16;0;0
GBOV_RM7_402;OakRidge;Courtney Meier;cmeier@battelleecology.org;support-copernicus-gbov@acri-st.fr;NEON;334;Mixed Forest;35.9641189575195;-84.282600402832;20150417T000000Z;2.0;ORNL_045;1.37;0.05;1.70;0.06;0.80;0.04;1.44;0.07;1.94;0.11;0.74;0.06;0.036;0.005;0.040;0.006;0.89;0.18;0.039;0.008;0.042;0.010;0.92;0.30;0;0
GBOV_RM7_402;OakRidge;Courtney Meier;cmeier@battelleecology.org;support-copernicus-gbov@acri-st.fr;NEON;334;Mixed Forest;35.9641189575195;-84.282600402832;20150428T000000Z;2.0;ORNL_045;2.77;0.07;3.43;0.09;0.807;0.030;2.18;0.09;2.86;0.11;0.76;0.04;0.730;0.016;0.738;0.017;0.989;0.031;0.544;0.016;0.550;0.017;0.99;0.04;0;0
GBOV_RM7_402;OakRidge;Courtney Meier;cmeier@battelleecology.org;support-copernicus-gbov@acri-st.fr;NEON;334;Mixed Forest;35.9641189575195;-84.282600402832;20150512T000000Z;2.0;ORNL_045;3.48;0.09;4.47;0.12;0.778;0.030;3.03;0.13;4.07;0.16;0.74;0.04;0.434;0.014;0.445;0.015;0.98;0.04;0.337;0.014;0.342;0.014;0.99;0.06;0;0
GBOV_RM7_402;OakRidge;Courtney Meier;cmeier@battelleecology.org;support-copernicus-gbov@acri-st.fr;NEON;334;Mixed Forest;35.9641189575195;-84.282600402832;20150527T000000Z;2.0;ORNL_045;3.92;0.10;4.99;0.12;0.786;0.028;3.53;0.14;4.55;0.16;0.78;0.04;0.254;0.013;0.279;0.016;0.91;0.07;0.196;0.016;0.208;0.020;0.94;0.12;0;0
GBOV_RM7_402;OakRidge;Courtney Meier;cmeier@battelleecology.org;support-copernicus-gbov@acri-st.fr;NEON;334;Mixed Forest;35.9641189575195;-84.282600402832;20150610T000000Z;2.0;ORNL_045;3.71;0.09;4.66;0.11;0.797;0.027;2.91;0.11;3.75;0.16;0.78;0.04;0.499;0.016;0.521;0.018;0.96;0.05;0.377;0.020;0.388;0.023;0.97;0.08;0;0
GBOV_RM7_402;OakRidge;Courtney Meier;cmeier@battelleecology.org;support-copernicus-gbov@acri-st.fr;NEON;334;Mixed Forest;35.9641189575195;-84.282600402832;20150624T000000Z;2.0;ORNL_045;2.99;0.07;3.74;0.10;0.799;0.029;2.36;0.10;3.06;0.13;0.77;0.05;0.231;0.009;0.243;0.010;0.95;0.05;0.218;0.013;0.232;0.019;0.94;0.09;0;0
GBOV_RM7_402;OakRidge;Courtney Meier;cmeier@battelleecology.org;support-copernicus-gbov@acri-st.fr;NEON;334;Mixed Forest;35.9641189575195;-84.282600402832;20150708T000000Z;2.0;ORNL_045;3.73;0.09;4.69;0.12;0.796;0.028;3.10;0.13;4.02;0.15;0.77;0.04;0.164;0.011;0.183;0.014;0.90;0.09;0.156;0.015;0.173;0.020;0.90;0.14;0;0
GBOV_RM7_402;OakRidge;Courtney Meier;cmeier@battelleecology.org;support-copernicus-gbov@acri-st.fr;NEON;334;Mixed Forest;35.9641189575195;-84.282600402832;20150722T000000Z;2.0;ORNL_045;3.13;0.09;4.13;0.12;0.757;0.031;2.78;0.13;3.86;0.18;0.72;0.05;0.425;0.011;0.435;0.012;0.98;0.04;0.341;0.013;0.349;0.014;0.98;0.06;0;0
GBOV_RM7_402;OakRidge;Courtney Meier;cmeier@battelleecology.org;support-copernicus-gbov@acri-st.fr;NEON;334;Mixed Forest;35.9641189575195;-84.282600402832;20150805T000000Z;2.0;ORNL_045;3.51;0.09;4.44;0.11;0.790;0.028;2.85;0.12;3.87;0.16;0.74;0.04;0.086;0.007;0.097;0.010;0.89;0.12;0.085;0.011;0.092;0.014;0.93;0.18;0;0
GBOV_RM7_402;OakRidge;Courtney Meier;cmeier@battelleecology.org;support-copernicus-gbov@acri-st.fr;NEON;334;Mixed Forest;35.9641189575195;-84.282600402832;20150818T000000Z;2.0;ORNL_045;3.76;0.09;4.65;0.12;0.808;0.028;3.28;0.16;4.30;0.18;0.76;0.05;0.109;0.010;0.126;0.013;0.87;0.12;0.099;0.014;0.114;0.023;0.87;0.21;0;0
GBOV_RM7_402;OakRidge;Courtney Meier;cmeier@battelleecology.org;support-copernicus-gbov@acri-st.fr;NEON;334;Mixed Forest;35.9641189575195;-84.282600402832;20150901T000000Z;2.0;ORNL_045;3.63;0.09;4.54;0.11;0.800;0.029;2.96;0.14;3.77;0.17;0.79;0.05;0.330;0.012;0.343;0.015;0.96;0.05;0.268;0.014;0.276;0.017;0.97;0.08;0;0
GBOV_RM7_402;OakRidge;Courtney Meier;cmeier@battelleecology.org;support-copernicus-gbov@acri-st.fr;NEON;334;Mixed Forest;35.9641189575195;-84.282600402832;20150914T000000Z;2.0;ORNL_045;3.68;0.09;4.53;0.11;0.812;0.029;3.11;0.11;4.09;0.18;0.76;0.04;0.171;0.009;0.181;0.010;0.94;0.07;0.159;0.012;0.165;0.014;0.96;0.11;0;0
GBOV_RM7_402;OakRidge;Courtney Meier;cmeier@battelleecology.org;support-copernicus-gbov@acri-st.fr;NEON;334;Mixed Forest;35.9641189575195;-84.282600402832;20150930T000000Z;2.0;ORNL_045;3.29;0.08;4.07;0.11;0.809;0.029;2.97;0.14;3.87;0.16;0.77;0.05;0.219;0.010;0.233;0.012;0.94;0.07;0.183;0.010;0.198;0.019;0.93;0.10;0;0
GBOV_RM7_402;OakRidge;Courtney Meier;cmeier@battelleecology.org;support-copernicus-gbov@acri-st.fr;NEON;334;Mixed Forest;35.9641189575195;-84.282600402832;20151012T000000Z;2.0;ORNL_045;2.91;0.08;3.73;0.10;0.780;0.030;2.76;0.12;3.69;0.13;0.75;0.04;0.124;0.007;0.131;0.008;0.95;0.08;0.125;0.014;0.130;0.016;0.96;0.16;0;0
GBOV_RM7_402;OakRidge;Courtney Meier;cmeier@battelleecology.org;support-copernicus-gbov@acri-st.fr;NEON;334;Mixed Forest;35.9641189575195;-84.282600402832;20151030T000000Z;2.0;ORNL_045;2.16;0.06;2.77;0.09;0.779;0.033;1.86;0.09;2.45;0.12;0.76;0.05;0.129;0.006;0.132;0.007;0.97;0.07;0.116;0.007;0.118;0.008;0.98;0.09;0;0
GBOV_RM7_402;OakRidge;Courtney Meier;cmeier@battelleecology.org;support-copernicus-gbov@acri-st.fr;NEON;334;Mixed Forest;35.9641189575195;-84.282600402832;20160328T000000Z;2.0;ORNL_045;0.429;0.014;0.543;0.028;0.79;0.05;0.525;0.027;0.72;0.07;0.73;0.08;0.027;0.004;0.028;0.004;0.97;0.19;0.030;0.004;0.030;0.004;0.98;0.20;0;0
GBOV_RM7_402;OakRidge;Courtney Meier;cmeier@battelleecology.org;support-copernicus-gbov@acri-st.fr;NEON;334;Mixed Forest;35.9641189575195;-84.282600402832;20160411T000000Z;2.0;ORNL_045;0.658;0.020;0.792;0.030;0.83;0.04;0.581;0.031;0.71;0.05;0.82;0.08;0.0384;0.0017;0.0386;0.0017;0.99;0.06;0.061;0.005;0.061;0.005;0.99;0.12;0;0
GBOV_RM7_402;OakRidge;Courtney Meier;cmeier@battelleecology.org;support-copernicus-gbov@acri-st.fr;NEON;334;Mixed Forest;35.9641189575195;-84.282600402832;20160426T000000Z;2.0;ORNL_045;3.33;0.09;4.13;0.11;0.806;0.030;2.81;0.11;3.75;0.19;0.75;0.05;0.312;0.013;0.338;0.018;0.92;0.06;0.291;0.024;0.32;0.04;0.90;0.13;0;0
GBOV_RM7_402;OakRidge;Courtney Meier;cmeier@battelleecology.org;support-copernicus-gbov@acri-st.fr;NEON;334;Mixed Forest;35.9641189575195;-84.282600402832;20160510T000000Z;2.0;ORNL_045;3.99;0.10;5.16;0.13;0.773;0.028;3.25;0.12;4.28;0.17;0.76;0.04;0.592;0.021;0.650;0.030;0.91;0.05;0.443;0.022;0.479;0.032;0.93;0.08;0;0
GBOV_RM7_402;OakRidge;Courtney Meier;cmeier@battelleecology.org;support-copernicus-gbov@acri-st.fr;NEON;334;Mixed Forest;35.9641189575195;-84.282600402832;20160524T000000Z;2.0;ORNL_045;4.33;0.11;5.63;0.14;0.769;0.028;3.42;0.14;4.48;0.15;0.76;0.04;0.263;0.017;0.317;0.027;0.83;0.09;0.246;0.021;0.282;0.034;0.87;0.13;0;0
GBOV_RM7_402;OakRidge;Courtney Meier;cmeier@battelleecology.org;support-copernicus-gbov@acri-st.fr;NEON;334;Mixed Forest;35.9641189575195;-84.282600402832;20160623T000000Z;2.0;ORNL_045;4.12;0.10;5.22;0.13;0.788;0.027;3.22;0.12;4.21;0.15;0.77;0.04;0.304;0.014;0.342;0.020;0.89;0.07;0.281;0.020;0.308;0.028;0.91;0.11;0;0
GBOV_RM7_402;OakRidge;Courtney Meier;cmeier@battelleecology.org;support-copernicus-gbov@acri-st.fr;NEON;334;Mixed Forest;35.9641189575195;-84.282600402832;20160707T000000Z;2.0;ORNL_045;4.21;0.10;5.38;0.14;0.782;0.028;3.60;0.15;4.73;0.19;0.76;0.04;0.205;0.015;0.244;0.021;0.84;0.09;0.207;0.022;0.227;0.027;0.91;0.14;0;0
GBOV_RM7_402;OakRidge;Courtney Meier;cmeier@battelleecology.org;support-copernicus-gbov@acri-st.fr;NEON;334;Mixed Forest;35.9641189575195;-84.282600402832;20160720T000000Z;2.0;ORNL_045;4.19;0.11;5.32;0.13;0.787;0.028;3.38;0.13;4.46;0.14;0.76;0.04;0.359;0.016;0.393;0.021;0.91;0.06;0.306;0.023;0.337;0.034;0.91;0.12;0;0
GBOV_RM7_402;OakRidge;Courtney Meier;cmeier@battelleecology.org;support-copernicus-gbov@acri-st.fr;NEON;334;Mixed Forest;35.9641189575195;-84.282600402832;20160801T000000Z;2.0;ORNL_045;4.05;0.11;5.11;0.14;0.792;0.030;3.33;0.13;4.30;0.17;0.77;0.04;0.369;0.015;0.402;0.020;0.92;0.06;0.310;0.018;0.336;0.026;0.92;0.09;0;0
GBOV_RM7_402;OakRidge;Courtney Meier;cmeier@battelleecology.org;support-copernicus-gbov@acri-st.fr;NEON;334;Mixed Forest;35.9641189575195;-84.282600402832;20160817T000000Z;2.0;ORNL_045;4.00;0.10;4.98;0.13;0.803;0.029;3.35;0.11;4.27;0.16;0.79;0.04;0.286;0.014;0.314;0.020;0.91;0.07;0.258;0.016;0.268;0.018;0.96;0.09;0;0
GBOV_RM7_402;OakRidge;Courtney Meier;cmeier@battelleecology.org;support-copernicus-gbov@acri-st.fr;NEON;334;Mixed Forest;35.9641189575195;-84.282600402832;20160831T000000Z;2.0;ORNL_045;4.08;0.10;5.05;0.12;0.807;0.027;3.14;0.13;4.00;0.14;0.78;0.04;0.336;0.013;0.357;0.016;0.94;0.05;0.294;0.020;0.314;0.030;0.94;0.11;0;0
GBOV_RM7_402;OakRidge;Courtney Meier;cmeier@battelleecology.org;support-copernicus-gbov@acri-st.fr;NEON;334;Mixed Forest;35.9641189575195;-84.282600402832;20160915T000000Z;2.0;ORNL_045;3.66;0.09;4.49;0.11;0.815;0.030;3.05;0.12;3.92;0.17;0.78;0.05;0.342;0.012;0.355;0.013;0.96;0.05;0.298;0.020;0.314;0.026;0.95;0.10;0;0
GBOV_RM7_402;OakRidge;Courtney Meier;cmeier@battelleecology.org;support-copernicus-gbov@acri-st.fr;NEON;334;Mixed Forest;35.9641189575195;-84.282600402832;20160930T000000Z;2.0;ORNL_045;3.65;0.09;4.50;0.12;0.811;0.029;3.13;0.11;4.09;0.13;0.76;0.04;0.135;0.007;0.143;0.008;0.94;0.07;0.150;0.015;0.161;0.020;0.93;0.15;0;0
GBOV_RM7_402;OakRidge;Courtney Meier;cmeier@battelleecology.org;support-copernicus-gbov@acri-st.fr;NEON;334;Mixed Forest;35.9641189575195;-84.282600402832;20161013T000000Z;2.0;ORNL_045;3.38;0.08;4.20;0.10;0.806;0.028;2.70;0.09;3.44;0.12;0.78;0.04;0.088;0.006;0.094;0.008;0.93;0.10;0.104;0.013;0.112;0.016;0.93;0.17;0;0
GBOV_RM7_402;OakRidge;Courtney Meier;cmeier@battelleecology.org;support-copernicus-gbov@acri-st.fr;NEON;334;Mixed Forest;35.9641189575195;-84.282600402832;20161027T000000Z;2.0;ORNL_045;3.01;0.08;3.85;0.10;0.780;0.029;2.76;0.12;3.82;0.15;0.72;0.04;0.074;0.005;0.078;0.006;0.95;0.10;0.080;0.009;0.083;0.011;0.96;0.16;0;0
GBOV_RM7_402;OakRidge;Courtney Meier;cmeier@battelleecology.org;support-copernicus-gbov@acri-st.fr;NEON;334;Mixed Forest;35.9641189575195;-84.282600402832;20161107T000000Z;2.0;ORNL_045;1.98;0.05;2.58;0.08;0.768;0.031;1.76;0.07;2.42;0.11;0.73;0.04;0.0319;0.0034;0.034;0.004;0.94;0.15;0.037;0.008;0.039;0.010;0.94;0.30;0;0
GBOV_RM7_402;OakRidge;Courtney Meier;cmeier@battelleecology.org;support-copernicus-gbov@acri-st.fr;NEON;334;Mixed Forest;35.9641189575195;-84.282600402832;20170329T000000Z;2.0;ORNL_045;0.456;0.014;0.551;0.023;0.83;0.04;0.452;0.024;0.63;0.06;0.72;0.08;0.0300;0.0030;0.0311;0.0032;0.97;0.14;0.048;0.007;0.050;0.007;0.96;0.19;0;0
GBOV_RM7_402;OakRidge;Courtney Meier;cmeier@battelleecology.org;support-copernicus-gbov@acri-st.fr;NEON;334;Mixed Forest;35.9641189575195;-84.282600402832;20170411T000000Z;2.0;ORNL_045;0.475;0.016;0.593;0.028;0.80;0.05;0.483;0.028;0.68;0.08;0.71;0.10;0.052;0.007;0.056;0.008;0.92;0.18;0.061;0.005;0.062;0.005;0.98;0.11;0;0
GBOV_RM7_402;OakRidge;Courtney Meier;cmeier@battelleecology.org;support-copernicus-gbov@acri-st.fr;NEON;334;Mixed Forest;35.9641189575195;-84.282600402832;20170426T000000Z;2.0;ORNL_045;2.96;0.08;3.67;0.10;0.806;0.030;2.40;0.11;3.12;0.14;0.77;0.05;-999;-999;-999;-999;-999;-999;-999;-999;-999;-999;-999;-999;0;-999
GBOV_RM7_402;OakRidge;Courtney Meier;cmeier@battelleecology.org;support-copernicus-gbov@acri-st.fr;NEON;334;Mixed Forest;35.9641189575195;-84.282600402832;20170510T000000Z;2.0;ORNL_045;3.60;0.09;4.56;0.11;0.788;0.028;2.84;0.13;3.71;0.15;0.77;0.05;0.529;0.019;0.576;0.025;0.92;0.05;0.396;0.018;0.412;0.021;0.96;0.07;0;0
GBOV_RM7_402;OakRidge;Courtney Meier;cmeier@battelleecology.org;support-copernicus-gbov@acri-st.fr;NEON;334;Mixed Forest;35.9641189575195;-84.282600402832;20170522T000000Z;2.0;ORNL_045;3.83;0.10;4.90;0.12;0.782;0.028;3.36;0.15;4.50;0.16;0.75;0.04;0.231;0.015;0.272;0.022;0.85;0.09;0.185;0.018;0.199;0.021;0.93;0.13;0;0
GBOV_RM7_402;OakRidge;Courtney Meier;cmeier@battelleecology.org;support-copernicus-gbov@acri-st.fr;NEON;334;Mixed Forest;35.9641189575195;-84.282600402832;20170608T000000Z;2.0;ORNL_045;3.78;0.10;4.91;0.13;0.769;0.029;3.10;0.11;4.16;0.17;0.75;0.04;0.595;0.021;0.641;0.027;0.93;0.05;0.460;0.027;0.489;0.034;0.94;0.09;0;0
GBOV_RM7_402;OakRidge;Courtney Meier;cmeier@battelleecology.org;support-copernicus-gbov@acri-st.fr;NEON;334;Mixed Forest;35.9641189575195;-84.282600402832;20170621T000000Z;2.0;ORNL_045;4.01;0.10;5.10;0.13;0.786;0.028;3.38;0.12;4.40;0.17;0.77;0.04;0.254;0.015;0.292;0.022;0.87;0.08;0.208;0.019;0.228;0.028;0.91;0.14;0;0
GBOV_RM7_402;OakRidge;Courtney Meier;cmeier@battelleecology.org;support-copernicus-gbov@acri-st.fr;NEON;334;Mixed Forest;35.9641189575195;-84.282600402832;20170703T000000Z;2.0;ORNL_045;3.61;0.09;4.61;0.12;0.783;0.029;3.03;0.13;3.91;0.17;0.77;0.05;0.337;0.022;0.397;0.033;0.85;0.09;0.266;0.024;0.31;0.04;0.87;0.14;0;0
GBOV_RM7_402;OakRidge;Courtney Meier;cmeier@battelleecology.org;support-copernicus-gbov@acri-st.fr;NEON;334;Mixed Forest;35.9641189575195;-84.282600402832;20170718T000000Z;2.0;ORNL_045;3.76;0.09;4.76;0.12;0.790;0.028;3.01;0.15;4.03;0.17;0.75;0.05;0.326;0.018;0.362;0.023;0.90;0.07;0.269;0.025;0.291;0.031;0.92;0.13;0;0
GBOV_RM7_402;OakRidge;Courtney Meier;cmeier@battelleecology.org;support-copernicus-gbov@acri-st.fr;NEON;334;Mixed Forest;35.9641189575195;-84.282600402832;20170803T000000Z;2.0;ORNL_045;3.79;0.10;4.74;0.12;0.800;0.029;2.89;0.14;3.78;0.15;0.77;0.05;0.217;0.015;0.266;0.024;0.82;0.09;0.200;0.025;0.24;0.04;0.85;0.19;0;0
GBOV_RM7_402;OakRidge;Courtney Meier;cmeier@battelleecology.org;support-copernicus-gbov@acri-st.fr;NEON;334;Mixed Forest;35.9641189575195;-84.282600402832;20170815T000000Z;2.0;ORNL_045;3.98;0.10;5.01;0.12;0.793;0.028;3.48;0.14;4.54;0.17;0.77;0.04;0.165;0.017;0.206;0.025;0.80;0.13;0.140;0.020;0.168;0.030;0.83;0.19;0;0
GBOV_RM7_402;OakRidge;Courtney Meier;cmeier@battelleecology.org;support-copernicus-gbov@acri-st.fr;NEON;334;Mixed Forest;35.9641189575195;-84.282600402832;20170831T000000Z;2.0;ORNL_045;3.92;0.10;4.94;0.12;0.794;0.028;3.45;0.14;4.45;0.15;0.78;0.04;0.114;0.012;0.141;0.017;0.81;0.13;0.083;0.015;0.100;0.023;0.83;0.24;0;0
GBOV_RM7_402;OakRidge;Courtney Meier;cmeier@battelleecology.org;support-copernicus-gbov@acri-st.fr;NEON;334;Mixed Forest;35.9641189575195;-84.282600402832;20170913T000000Z;2.0;ORNL_045;3.73;0.09;4.69;0.11;0.797;0.028;3.22;0.12;4.13;0.16;0.78;0.04;0.138;0.010;0.155;0.013;0.89;0.10;0.107;0.011;0.113;0.013;0.95;0.14;0;0
GBOV_RM7_402;OakRidge;Courtney Meier;cmeier@battelleecology.org;support-copernicus-gbov@acri-st.fr;NEON;334;Mixed Forest;35.9641189575195;-84.282600402832;20170927T000000Z;2.0;ORNL_045;3.30;0.09;4.21;0.11;0.783;0.028;2.60;0.10;3.46;0.14;0.75;0.04;0.215;0.012;0.239;0.015;0.90;0.07;0.196;0.018;0.217;0.027;0.90;0.14;0;0
GBOV_RM7_402;OakRidge;Courtney Meier;cmeier@battelleecology.org;support-copernicus-gbov@acri-st.fr;NEON;334;Mixed Forest;35.9641189575195;-84.282600402832;20171012T000000Z;2.0;ORNL_045;3.29;0.08;4.08;0.10;0.805;0.028;2.84;0.12;3.65;0.13;0.78;0.04;0.156;0.011;0.174;0.014;0.90;0.10;0.129;0.017;0.137;0.019;0.95;0.18;0;0
GBOV_RM7_402;OakRidge;Courtney Meier;cmeier@battelleecology.org;support-copernicus-gbov@acri-st.fr;NEON;334;Mixed Forest;35.9641189575195;-84.282600402832;20171026T000000Z;2.0;ORNL_045;2.69;0.07;3.51;0.10;0.765;0.029;2.12;0.09;2.95;0.14;0.72;0.05;0.172;0.011;0.191;0.014;0.90;0.09;0.151;0.013;0.166;0.020;0.91;0.14;0;0
GBOV_RM7_402;OakRidge;Courtney Meier;cmeier@battelleecology.org;support-copernicus-gbov@acri-st.fr;NEON;334;Mixed Forest;35.9641189575195;-84.282600402832;20180403T000000Z;2.0;ORNL_045;0.469;0.014;0.563;0.025;0.83;0.04;0.520;0.028;0.69;0.08;0.76;0.09;0.0120;0.0020;0.0124;0.0021;0.97;0.24;0.0136;0.0024;0.0137;0.0025;0.99;0.25;0;0
GBOV_RM7_402;OakRidge;Courtney Meier;cmeier@battelleecology.org;support-copernicus-gbov@acri-st.fr;NEON;334;Mixed Forest;35.9641189575195;-84.282600402832;20180417T000000Z;2.0;ORNL_045;0.703;0.020;0.857;0.032;0.82;0.04;0.672;0.029;0.86;0.07;0.78;0.07;0.054;0.006;0.058;0.008;0.94;0.16;0.066;0.009;0.070;0.013;0.94;0.21;0;0
GBOV_RM7_402;OakRidge;Courtney Meier;cmeier@battelleecology.org;support-copernicus-gbov@acri-st.fr;NEON;334;Mixed Forest;35.9641189575195;-84.282600402832;20180501T000000Z;2.0;ORNL_045;2.66;0.07;3.38;0.10;0.788;0.031;2.13;0.08;2.78;0.12;0.77;0.04;0.364;0.019;0.406;0.026;0.90;0.07;0.323;0.028;0.35;0.04;0.92;0.14;0;0
GBOV_RM7_402;OakRidge;Courtney Meier;cmeier@battelleecology.org;support-copernicus-gbov@acri-st.fr;NEON;334;Mixed Forest;35.9641189575195;-84.282600402832;20180515T000000Z;2.0;ORNL_045;4.46;0.11;5.77;0.15;0.772;0.028;3.72;0.15;4.86;0.19;0.77;0.04;0.310;0.020;0.367;0.031;0.84;0.09;0.275;0.029;0.31;0.04;0.88;0.15;0;0
GBOV_RM7_402;OakRidge;Courtney Meier;cmeier@battelleecology.org;support-copernicus-gbov@acri-st.fr;NEON;334;Mixed Forest;35.9641189575195;-84.282600402832;20180613T000000Z;2.0;ORNL_045;4.32;0.12;5.67;0.15;0.762;0.029;3.64;0.16;4.81;0.17;0.76;0.04;0.193;0.017;0.227;0.024;0.85;0.12;0.179;0.023;0.200;0.033;0.90;0.19;0;0
GBOV_RM7_402;OakRidge;Courtney Meier;cmeier@battelleecology.org;support-copernicus-gbov@acri-st.fr;NEON;334;Mixed Forest;35.9641189575195;-84.282600402832;20180627T100100Z;2.0;ORNL_045;4.46;0.11;5.70;0.15;0.783;0.028;4.13;0.16;5.32;0.18;0.78;0.04;0.204;0.017;0.261;0.030;0.78;0.11;0.213;0.031;0.29;0.06;0.72;0.19;0;0
GBOV_RM7_402;OakRidge;Courtney Meier;cmeier@battelleecology.org;support-copernicus-gbov@acri-st.fr;NEON;334;Mixed Forest;35.9641189575195;-84.282600402832;20180712T065400Z;2.0;ORNL_045;4.30;0.11;5.59;0.15;0.769;0.028;3.46;0.18;4.64;0.20;0.74;0.05;0.291;0.023;0.36;0.04;0.81;0.10;0.236;0.028;0.27;0.04;0.87;0.17;0;0
GBOV_RM7_402;OakRidge;Courtney Meier;cmeier@battelleecology.org;support-copernicus-gbov@acri-st.fr;NEON;334;Mixed Forest;35.9641189575195;-84.282600402832;20180724T080700Z;2.0;ORNL_045;4.15;0.11;5.34;0.13;0.778;0.028;3.60;0.13;4.78;0.17;0.75;0.04;0.379;0.026;0.47;0.04;0.81;0.09;0.319;0.034;0.44;0.08;0.73;0.15;0;0
GBOV_RM7_402;OakRidge;Courtney Meier;cmeier@battelleecology.org;support-copernicus-gbov@acri-st.fr;NEON;334;Mixed Forest;35.9641189575195;-84.282600402832;20180807T080900Z;2.0;ORNL_045;4.47;0.11;5.68;0.14;0.786;0.028;3.72;0.13;4.78;0.16;0.78;0.04;0.505;0.020;0.553;0.027;0.91;0.06;0.399;0.025;0.416;0.029;0.96;0.09;0;0
GBOV_RM7_402;OakRidge;Courtney Meier;cmeier@battelleecology.org;support-copernicus-gbov@acri-st.fr;NEON;334;Mixed Forest;35.9641189575195;-84.282600402832;20180823T000000Z;2.0;ORNL_045;4.01;0.11;5.21;0.13;0.770;0.028;3.29;0.14;4.39;0.15;0.75;0.04;0.663;0.026;0.721;0.035;0.92;0.06;0.517;0.032;0.56;0.04;0.92;0.09;0;0
GBOV_RM7_402;OakRidge;Courtney Meier;cmeier@battelleecology.org;support-copernicus-gbov@acri-st.fr;NEON;334;Mixed Forest;35.9641189575195;-84.282600402832;20180904T000000Z;2.0;ORNL_045;4.30;0.11;5.43;0.14;0.792;0.028;3.45;0.15;4.44;0.17;0.78;0.05;0.673;0.022;0.717;0.029;0.94;0.05;0.501;0.028;0.53;0.04;0.95;0.09;0;0
GBOV_RM7_402;OakRidge;Courtney Meier;cmeier@battelleecology.org;support-copernicus-gbov@acri-st.fr;NEON;334;Mixed Forest;35.9641189575195;-84.282600402832;20180921T000000Z;2.0;ORNL_045;3.90;0.10;5.00;0.12;0.780;0.028;3.08;0.15;4.05;0.15;0.76;0.05;0.311;0.015;0.341;0.023;0.91;0.08;0.288;0.021;0.318;0.033;0.91;0.11;0;0
GBOV_RM7_402;OakRidge;Courtney Meier;cmeier@battelleecology.org;support-copernicus-gbov@acri-st.fr;NEON;334;Mixed Forest;35.9641189575195;-84.282600402832;20181005T000000Z;2.0;ORNL_045;3.95;0.10;4.92;0.12;0.803;0.028;3.04;0.14;3.96;0.17;0.77;0.05;0.593;0.019;0.622;0.024;0.95;0.05;0.437;0.022;0.453;0.030;0.97;0.08;0;0
GBOV_RM7_402;OakRidge;Courtney Meier;cmeier@battelleecology.org;support-copernicus-gbov@acri-st.fr;NEON;334;Mixed Forest;35.9641189575195;-84.282600402832;20181016T000000Z;2.0;ORNL_045;3.70;0.09;4.68;0.12;0.791;0.028;3.10;0.13;4.21;0.16;0.74;0.04;0.226;0.014;0.252;0.020;0.90;0.09;0.204;0.018;0.229;0.028;0.89;0.14;0;0
GBOV_RM7_402;OakRidge;Courtney Meier;cmeier@battelleecology.org;support-copernicus-gbov@acri-st.fr;NEON;334;Mixed Forest;35.9641189575195;-84.282600402832;20181101T000000Z;2.0;ORNL_045;3.27;0.09;4.18;0.11;0.782;0.030;2.77;0.12;3.93;0.19;0.70;0.05;0.100;0.006;0.107;0.008;0.94;0.09;0.099;0.010;0.103;0.013;0.96;0.15;0;0
GBOV_RM7_402;OakRidge;Courtney Meier;cmeier@battelleecology.org;support-copernicus-gbov@acri-st.fr;NEON;334;Mixed Forest;35.9641189575195;-84.282600402832;20190319T070100Z;2.0;ORNL_045;0.497;0.015;0.587;0.024;0.85;0.04;0.523;0.034;0.65;0.07;0.80;0.10;0.061;0.005;0.063;0.007;0.96;0.13;0.089;0.007;0.090;0.007;0.99;0.11;0;0
GBOV_RM7_402;OakRidge;Courtney Meier;cmeier@battelleecology.org;support-copernicus-gbov@acri-st.fr;NEON;334;Mixed Forest;35.9641189575195;-84.282600402832;20190402T070400Z;2.0;ORNL_045;0.472;0.014;0.600;0.031;0.79;0.05;0.598;0.029;0.82;0.08;0.73;0.08;0.0111;0.0021;0.0118;0.0024;0.95;0.26;0.0111;0.0016;0.0112;0.0017;0.99;0.20;0;0
GBOV_RM7_402;OakRidge;Courtney Meier;cmeier@battelleecology.org;support-copernicus-gbov@acri-st.fr;NEON;334;Mixed Forest;35.9641189575195;-84.282600402832;20190416T063000Z;2.0;ORNL_045;1.43;0.04;1.72;0.06;0.83;0.04;1.31;0.06;1.64;0.08;0.80;0.05;0.154;0.007;0.162;0.008;0.95;0.06;0.185;0.011;0.191;0.013;0.97;0.09;0;0
GBOV_RM7_402;OakRidge;Courtney Meier;cmeier@battelleecology.org;support-copernicus-gbov@acri-st.fr;NEON;334;Mixed Forest;35.9641189575195;-84.282600402832;20190430T055700Z;2.0;ORNL_045;3.75;0.09;4.62;0.12;0.812;0.029;3.12;0.11;3.86;0.14;0.81;0.04;0.494;0.022;0.540;0.029;0.91;0.06;0.373;0.029;0.41;0.05;0.91;0.14;0;0
GBOV_RM7_402;OakRidge;Courtney Meier;cmeier@battelleecology.org;support-copernicus-gbov@acri-st.fr;NEON;334;Mixed Forest;35.9641189575195;-84.282600402832;20190515T062000Z;2.0;ORNL_045;3.88;0.10;4.90;0.13;0.791;0.029;3.00;0.13;3.92;0.17;0.77;0.05;0.600;0.024;0.658;0.034;0.91;0.06;0.449;0.026;0.50;0.06;0.91;0.12;0;0
GBOV_RM7_402;OakRidge;Courtney Meier;cmeier@battelleecology.org;support-copernicus-gbov@acri-st.fr;NEON;334;Mixed Forest;35.9641189575195;-84.282600402832;20190530T054300Z;2.0;ORNL_045;4.20;0.10;5.26;0.13;0.799;0.028;3.38;0.17;4.34;0.15;0.78;0.05;0.514;0.022;0.568;0.034;0.90;0.07;0.408;0.028;0.45;0.04;0.91;0.11;0;0
GBOV_RM7_402;OakRidge;Courtney Meier;cmeier@battelleecology.org;support-copernicus-gbov@acri-st.fr;NEON;334;Mixed Forest;35.9641189575195;-84.282600402832;20190612T055800Z;2.0;ORNL_045;4.23;0.11;5.38;0.14;0.786;0.028;3.72;0.13;4.88;0.17;0.76;0.04;0.295;0.016;0.345;0.025;0.86;0.08;0.259;0.022;0.293;0.035;0.89;0.13;0;0
GBOV_RM7_402;OakRidge;Courtney Meier;cmeier@battelleecology.org;support-copernicus-gbov@acri-st.fr;NEON;334;Mixed Forest;35.9641189575195;-84.282600402832;20190626T053800Z;2.0;ORNL_045;4.07;0.10;5.12;0.13;0.794;0.028;3.35;0.11;4.28;0.15;0.78;0.04;0.354;0.021;0.416;0.033;0.85;0.09;0.283;0.028;0.32;0.04;0.89;0.15;0;0
GBOV_RM7_402;OakRidge;Courtney Meier;cmeier@battelleecology.org;support-copernicus-gbov@acri-st.fr;NEON;334;Mixed Forest;35.9641189575195;-84.282600402832;20190710T055500Z;2.0;ORNL_045;4.09;0.10;5.13;0.13;0.796;0.028;3.25;0.14;4.40;0.16;0.74;0.04;0.311;0.022;0.368;0.032;0.84;0.09;0.247;0.023;0.266;0.027;0.93;0.13;0;0
GBOV_RM7_402;OakRidge;Courtney Meier;cmeier@battelleecology.org;support-copernicus-gbov@acri-st.fr;NEON;334;Mixed Forest;35.9641189575195;-84.282600402832;20190724T054400Z;2.0;ORNL_045;4.03;0.10;5.05;0.13;0.798;0.028;3.13;0.13;4.08;0.15;0.77;0.04;0.364;0.023;0.414;0.032;0.88;0.09;0.279;0.023;0.300;0.029;0.93;0.12;0;0
GBOV_RM7_402;OakRidge;Courtney Meier;cmeier@battelleecology.org;support-copernicus-gbov@acri-st.fr;NEON;334;Mixed Forest;35.9641189575195;-84.282600402832;20190807T061200Z;2.0;ORNL_045;4.07;0.10;5.08;0.13;0.801;0.028;3.59;0.14;4.56;0.16;0.79;0.04;0.314;0.019;0.367;0.029;0.86;0.09;0.281;0.027;0.32;0.04;0.88;0.15;0;0
GBOV_RM7_402;OakRidge;Courtney Meier;cmeier@battelleecology.org;support-copernicus-gbov@acri-st.fr;NEON;334;Mixed Forest;35.9641189575195;-84.282600402832;20190821T060200Z;2.0;ORNL_045;3.84;0.10;4.78;0.12;0.805;0.028;3.18;0.12;4.13;0.15;0.77;0.04;0.427;0.018;0.457;0.023;0.93;0.06;0.314;0.019;0.324;0.022;0.97;0.09;0;0
GBOV_RM7_402;OakRidge;Courtney Meier;cmeier@battelleecology.org;support-copernicus-gbov@acri-st.fr;NEON;334;Mixed Forest;35.9641189575195;-84.282600402832;20190905T184800Z;2.0;ORNL_045;3.78;0.10;4.68;0.12;0.807;0.030;3.10;0.15;3.87;0.16;0.80;0.05;0.496;0.019;0.532;0.025;0.93;0.06;0.372;0.020;0.392;0.028;0.95;0.09;0;0
GBOV_RM7_402;OakRidge;Courtney Meier;cmeier@battelleecology.org;support-copernicus-gbov@acri-st.fr;NEON;334;Mixed Forest;35.9641189575195;-84.282600402832;20190917T065800Z;2.0;ORNL_045;3.80;0.09;4.68;0.11;0.813;0.028;3.04;0.10;3.80;0.13;0.80;0.04;0.265;0.018;0.306;0.027;0.87;0.10;0.249;0.025;0.28;0.04;0.89;0.15;0;0
GBOV_RM7_402;OakRidge;Courtney Meier;cmeier@battelleecology.org;support-copernicus-gbov@acri-st.fr;NEON;334;Mixed Forest;35.9641189575195;-84.282600402832;20191001T063600Z;2.0;ORNL_045;3.62;0.09;4.42;0.11;0.821;0.028;3.09;0.10;3.81;0.13;0.81;0.04;0.469;0.019;0.500;0.025;0.94;0.06;0.368;0.024;0.391;0.035;0.94;0.10;0;0
GBOV_RM7_402;OakRidge;Courtney Meier;cmeier@battelleecology.org;support-copernicus-gbov@acri-st.fr;NEON;334;Mixed Forest;35.9641189575195;-84.282600402832;20191017T071500Z;2.0;ORNL_045;3.18;0.08;3.94;0.10;0.807;0.030;2.66;0.12;3.39;0.15;0.78;0.05;0.464;0.020;0.498;0.026;0.93;0.06;0.370;0.022;0.383;0.027;0.97;0.09;0;0
GBOV_RM7_402;OakRidge;Courtney Meier;cmeier@battelleecology.org;support-copernicus-gbov@acri-st.fr;NEON;334;Mixed Forest;35.9641189575195;-84.282600402832;20191029T071700Z;2.0;ORNL_045;2.75;0.07;3.50;0.09;0.786;0.029;2.27;0.09;3.05;0.14;0.74;0.04;0.225;0.016;0.246;0.021;0.92;0.10;0.201;0.024;0.223;0.033;0.90;0.17;0;0
