GBOV_ID;Site;GROUND_DATA_PI;GROUND_DATA_PIs_Email;GBOV_Email;Network;Elevation;IGBP_class;Lat_IS;Lon_IS;TIME_IS;Version;PLOT_ID;LAIe_Miller_up;LAIe_Miller_up_err;LAI_Miller_up;LAI_Miller_up_err;clumping_Miller_up;clumping_Miller_up_err;LAIe_Warren_up;LAIe_Warren_up_err;LAI_Warren_up;LAI_Warren_up_err;clumping_Warren_up;clumping_Warren_up_err;LAIe_Miller_down;LAIe_Miller_down_err;LAI_Miller_down;LAI_Miller_down_err;clumping_Miller_down;clumping_Miller_down_err;LAIe_Warren_down;LAIe_Warren_down_err;LAI_Warren_down;LAI_Warren_down_err;clumping_Warren_down;clumping_Warren_down_err;up_flag;down_flag
GBOV_RM7_463;SteigerwaldtLandServices;Courtney Meier;cmeier@battelleecology.org;support-copernicus-gbov@acri-st.fr;NEON;481;Mixed Forest;45.5089416503906;-89.5863723754883;20150708T000000Z;2.0;STEI_058;3.35;0.09;4.26;0.12;0.785;0.030;2.98;0.12;3.78;0.16;0.79;0.04;1.26;0.05;1.42;0.05;0.89;0.05;1.00;0.05;1.16;0.07;0.86;0.07;0;0
GBOV_RM7_463;SteigerwaldtLandServices;Courtney Meier;cmeier@battelleecology.org;support-copernicus-gbov@acri-st.fr;NEON;481;Mixed Forest;45.5089416503906;-89.5863723754883;20150724T000000Z;2.0;STEI_058;2.91;0.08;4.13;0.15;0.705;0.033;2.45;0.11;3.46;0.22;0.71;0.06;1.27;0.06;1.41;0.06;0.90;0.05;0.95;0.07;1.04;0.07;0.92;0.09;8;0
GBOV_RM7_463;SteigerwaldtLandServices;Courtney Meier;cmeier@battelleecology.org;support-copernicus-gbov@acri-st.fr;NEON;481;Mixed Forest;45.5089416503906;-89.5863723754883;20150805T000000Z;2.0;STEI_058;3.25;0.08;4.23;0.13;0.767;0.031;2.82;0.13;3.74;0.17;0.75;0.05;1.36;0.06;1.56;0.06;0.87;0.05;1.10;0.08;1.26;0.08;0.87;0.09;0;16
GBOV_RM7_463;SteigerwaldtLandServices;Courtney Meier;cmeier@battelleecology.org;support-copernicus-gbov@acri-st.fr;NEON;481;Mixed Forest;45.5089416503906;-89.5863723754883;20150821T000000Z;2.0;STEI_058;3.29;0.09;4.26;0.12;0.772;0.030;2.92;0.11;3.69;0.16;0.79;0.04;1.20;0.05;1.35;0.07;0.89;0.06;0.93;0.07;1.05;0.10;0.89;0.11;0;16
GBOV_RM7_463;SteigerwaldtLandServices;Courtney Meier;cmeier@battelleecology.org;support-copernicus-gbov@acri-st.fr;NEON;481;Mixed Forest;45.5089416503906;-89.5863723754883;20150903T000000Z;2.0;STEI_058;2.83;0.07;3.72;0.12;0.762;0.031;2.73;0.12;3.73;0.17;0.73;0.05;1.007;0.034;1.09;0.04;0.92;0.05;0.82;0.04;0.87;0.04;0.93;0.07;0;0
GBOV_RM7_463;SteigerwaldtLandServices;Courtney Meier;cmeier@battelleecology.org;support-copernicus-gbov@acri-st.fr;NEON;481;Mixed Forest;45.5089416503906;-89.5863723754883;20150911T000000Z;2.0;STEI_058;2.82;0.08;3.90;0.14;0.724;0.033;2.33;0.12;3.43;0.25;0.68;0.06;1.04;0.06;1.26;0.07;0.82;0.07;0.81;0.08;1.03;0.11;0.79;0.12;0;0
GBOV_RM7_463;SteigerwaldtLandServices;Courtney Meier;cmeier@battelleecology.org;support-copernicus-gbov@acri-st.fr;NEON;481;Mixed Forest;45.5089416503906;-89.5863723754883;20150916T000000Z;2.0;STEI_058;2.64;0.07;3.44;0.11;0.768;0.032;2.17;0.08;2.81;0.15;0.77;0.05;0.666;0.034;0.74;0.04;0.90;0.07;0.53;0.05;0.60;0.07;0.88;0.13;0;0
GBOV_RM7_463;SteigerwaldtLandServices;Courtney Meier;cmeier@battelleecology.org;support-copernicus-gbov@acri-st.fr;NEON;481;Mixed Forest;45.5089416503906;-89.5863723754883;20151001T000000Z;2.0;STEI_058;1.51;0.05;2.24;0.11;0.67;0.04;1.24;0.07;1.78;0.15;0.69;0.07;0.481;0.026;0.522;0.030;0.92;0.07;0.349;0.030;0.368;0.031;0.95;0.11;0;48
GBOV_RM7_463;SteigerwaldtLandServices;Courtney Meier;cmeier@battelleecology.org;support-copernicus-gbov@acri-st.fr;NEON;481;Mixed Forest;45.5089416503906;-89.5863723754883;20151014T000000Z;2.0;STEI_058;0.611;0.029;1.02;0.08;0.60;0.06;0.53;0.04;0.78;0.09;0.68;0.10;0.175;0.015;0.195;0.020;0.90;0.12;0.142;0.023;0.155;0.028;0.92;0.22;0;16
GBOV_RM7_463;SteigerwaldtLandServices;Courtney Meier;cmeier@battelleecology.org;support-copernicus-gbov@acri-st.fr;NEON;481;Mixed Forest;45.5089416503906;-89.5863723754883;20151027T000000Z;2.0;STEI_058;0.494;0.027;0.87;0.08;0.57;0.06;0.58;0.04;0.89;0.11;0.65;0.09;0.099;0.010;0.110;0.013;0.90;0.14;0.084;0.013;0.091;0.016;0.92;0.22;0;16
GBOV_RM7_463;SteigerwaldtLandServices;Courtney Meier;cmeier@battelleecology.org;support-copernicus-gbov@acri-st.fr;NEON;481;Mixed Forest;45.5089416503906;-89.5863723754883;20160518T000000Z;2.0;STEI_058;0.784;0.033;1.25;0.08;0.63;0.05;0.65;0.05;0.89;0.10;0.73;0.10;0.210;0.013;0.225;0.015;0.93;0.08;0.202;0.020;0.218;0.025;0.93;0.14;0;8
GBOV_RM7_463;SteigerwaldtLandServices;Courtney Meier;cmeier@battelleecology.org;support-copernicus-gbov@acri-st.fr;NEON;481;Mixed Forest;45.5089416503906;-89.5863723754883;20160531T000000Z;2.0;STEI_058;2.49;0.07;3.30;0.12;0.754;0.034;2.49;0.11;3.33;0.16;0.75;0.05;-999;-999;-999;-999;-999;-999;-999;-999;-999;-999;-999;-999;0;-999
GBOV_RM7_463;SteigerwaldtLandServices;Courtney Meier;cmeier@battelleecology.org;support-copernicus-gbov@acri-st.fr;NEON;481;Mixed Forest;45.5089416503906;-89.5863723754883;20160616T000000Z;2.0;STEI_058;3.12;0.08;4.04;0.12;0.772;0.031;2.79;0.13;3.67;0.17;0.76;0.05;1.10;0.06;1.39;0.09;0.80;0.07;0.88;0.09;1.12;0.13;0.79;0.13;0;0
GBOV_RM7_463;SteigerwaldtLandServices;Courtney Meier;cmeier@battelleecology.org;support-copernicus-gbov@acri-st.fr;NEON;481;Mixed Forest;45.5089416503906;-89.5863723754883;20160627T000000Z;2.0;STEI_058;3.20;0.09;4.25;0.12;0.752;0.030;2.91;0.12;4.07;0.18;0.72;0.04;1.07;0.06;1.31;0.09;0.81;0.07;0.86;0.08;1.05;0.11;0.82;0.12;0;0
GBOV_RM7_463;SteigerwaldtLandServices;Courtney Meier;cmeier@battelleecology.org;support-copernicus-gbov@acri-st.fr;NEON;481;Mixed Forest;45.5089416503906;-89.5863723754883;20160712T000000Z;2.0;STEI_058;2.73;0.08;3.76;0.13;0.725;0.033;2.30;0.10;3.29;0.18;0.70;0.05;1.74;0.07;1.99;0.08;0.88;0.05;1.38;0.08;1.55;0.10;0.89;0.08;0;0
GBOV_RM7_463;SteigerwaldtLandServices;Courtney Meier;cmeier@battelleecology.org;support-copernicus-gbov@acri-st.fr;NEON;481;Mixed Forest;45.5089416503906;-89.5863723754883;20160726T000000Z;2.0;STEI_058;3.11;0.09;4.16;0.13;0.747;0.032;2.62;0.12;3.64;0.22;0.72;0.05;1.27;0.07;1.66;0.11;0.77;0.06;0.94;0.11;1.20;0.16;0.78;0.14;0;0
GBOV_RM7_463;SteigerwaldtLandServices;Courtney Meier;cmeier@battelleecology.org;support-copernicus-gbov@acri-st.fr;NEON;481;Mixed Forest;45.5089416503906;-89.5863723754883;20160811T153600Z;2.0;STEI_058;3.48;0.09;4.59;0.13;0.759;0.029;3.09;0.14;4.23;0.16;0.73;0.04;1.04;0.05;1.21;0.06;0.86;0.06;0.80;0.06;0.93;0.07;0.87;0.09;0;0
GBOV_RM7_463;SteigerwaldtLandServices;Courtney Meier;cmeier@battelleecology.org;support-copernicus-gbov@acri-st.fr;NEON;481;Mixed Forest;45.5089416503906;-89.5863723754883;20160822T190600Z;2.0;STEI_058;3.16;0.09;4.17;0.12;0.758;0.031;2.56;0.11;3.41;0.17;0.75;0.05;1.48;0.06;1.66;0.06;0.89;0.05;1.10;0.09;1.25;0.10;0.89;0.10;0;0
GBOV_RM7_463;SteigerwaldtLandServices;Courtney Meier;cmeier@battelleecology.org;support-copernicus-gbov@acri-st.fr;NEON;481;Mixed Forest;45.5089416503906;-89.5863723754883;20160906T000000Z;2.0;STEI_058;3.23;0.09;4.24;0.13;0.761;0.030;2.95;0.12;3.91;0.17;0.76;0.05;0.86;0.04;0.97;0.05;0.89;0.06;0.67;0.05;0.75;0.06;0.90;0.10;0;0
GBOV_RM7_463;SteigerwaldtLandServices;Courtney Meier;cmeier@battelleecology.org;support-copernicus-gbov@acri-st.fr;NEON;481;Mixed Forest;45.5089416503906;-89.5863723754883;20160919T000000Z;2.0;STEI_058;2.82;0.08;3.75;0.13;0.751;0.034;2.32;0.11;3.05;0.17;0.76;0.05;0.97;0.04;1.08;0.05;0.90;0.06;0.74;0.06;0.82;0.07;0.90;0.11;0;16
GBOV_RM7_463;SteigerwaldtLandServices;Courtney Meier;cmeier@battelleecology.org;support-copernicus-gbov@acri-st.fr;NEON;481;Mixed Forest;45.5089416503906;-89.5863723754883;20161003T000000Z;2.0;STEI_058;1.83;0.06;2.61;0.13;0.70;0.04;1.50;0.07;2.13;0.15;0.70;0.06;0.266;0.020;0.297;0.028;0.90;0.11;0.193;0.024;0.206;0.029;0.94;0.18;0;16
GBOV_RM7_463;SteigerwaldtLandServices;Courtney Meier;cmeier@battelleecology.org;support-copernicus-gbov@acri-st.fr;NEON;481;Mixed Forest;45.5089416503906;-89.5863723754883;20161018T000000Z;2.0;STEI_058;0.700;0.031;1.12;0.09;0.62;0.06;0.69;0.04;1.01;0.13;0.69;0.10;0.138;0.014;0.161;0.020;0.86;0.14;0.111;0.019;0.122;0.024;0.91;0.24;0;0
GBOV_RM7_463;SteigerwaldtLandServices;Courtney Meier;cmeier@battelleecology.org;support-copernicus-gbov@acri-st.fr;NEON;481;Mixed Forest;45.5089416503906;-89.5863723754883;20170504T000000Z;2.0;STEI_058;0.593;0.027;0.97;0.08;0.61;0.06;0.51;0.04;0.73;0.10;0.70;0.11;0.087;0.008;0.095;0.010;0.92;0.12;0.094;0.008;0.098;0.009;0.96;0.12;0;16
GBOV_RM7_463;SteigerwaldtLandServices;Courtney Meier;cmeier@battelleecology.org;support-copernicus-gbov@acri-st.fr;NEON;481;Mixed Forest;45.5089416503906;-89.5863723754883;20170522T000000Z;2.0;STEI_058;0.837;0.033;1.23;0.07;0.68;0.05;0.89;0.06;1.19;0.11;0.75;0.08;0.331;0.020;0.368;0.024;0.90;0.08;0.292;0.029;0.33;0.04;0.88;0.13;0;0
GBOV_RM7_463;SteigerwaldtLandServices;Courtney Meier;cmeier@battelleecology.org;support-copernicus-gbov@acri-st.fr;NEON;481;Mixed Forest;45.5089416503906;-89.5863723754883;20170615T000000Z;2.0;STEI_058;2.84;0.07;3.73;0.12;0.761;0.031;2.46;0.10;3.37;0.15;0.73;0.05;1.54;0.08;1.91;0.10;0.80;0.06;1.34;0.12;1.68;0.15;0.80;0.10;0;0
GBOV_RM7_463;SteigerwaldtLandServices;Courtney Meier;cmeier@battelleecology.org;support-copernicus-gbov@acri-st.fr;NEON;481;Mixed Forest;45.5089416503906;-89.5863723754883;20170628T000000Z;2.0;STEI_058;3.15;0.08;4.02;0.12;0.783;0.031;2.83;0.13;3.81;0.19;0.74;0.05;1.27;0.07;1.57;0.09;0.81;0.07;1.00;0.12;1.25;0.15;0.80;0.14;0;0
GBOV_RM7_463;SteigerwaldtLandServices;Courtney Meier;cmeier@battelleecology.org;support-copernicus-gbov@acri-st.fr;NEON;481;Mixed Forest;45.5089416503906;-89.5863723754883;20170713T000000Z;2.0;STEI_058;3.28;0.09;4.30;0.14;0.763;0.032;2.97;0.13;4.03;0.19;0.74;0.05;-999;-999;-999;-999;-999;-999;-999;-999;-999;-999;-999;-999;0;-999
GBOV_RM7_463;SteigerwaldtLandServices;Courtney Meier;cmeier@battelleecology.org;support-copernicus-gbov@acri-st.fr;NEON;481;Mixed Forest;45.5089416503906;-89.5863723754883;20170725T000000Z;2.0;STEI_058;3.39;0.09;4.39;0.12;0.773;0.029;2.90;0.15;3.90;0.16;0.74;0.05;1.05;0.06;1.29;0.07;0.81;0.06;0.80;0.09;1.02;0.11;0.79;0.12;0;16
GBOV_RM7_463;SteigerwaldtLandServices;Courtney Meier;cmeier@battelleecology.org;support-copernicus-gbov@acri-st.fr;NEON;481;Mixed Forest;45.5089416503906;-89.5863723754883;20170809T000000Z;2.0;STEI_058;3.22;0.08;4.28;0.13;0.751;0.030;2.78;0.11;3.81;0.19;0.73;0.05;1.06;0.06;1.25;0.07;0.85;0.07;0.82;0.09;0.97;0.11;0.85;0.13;0;0
GBOV_RM7_463;SteigerwaldtLandServices;Courtney Meier;cmeier@battelleecology.org;support-copernicus-gbov@acri-st.fr;NEON;481;Mixed Forest;45.5089416503906;-89.5863723754883;20170918T000000Z;2.0;STEI_058;2.93;0.08;3.84;0.12;0.765;0.031;2.50;0.11;3.37;0.16;0.74;0.05;0.432;0.025;0.493;0.032;0.88;0.08;0.306;0.030;0.35;0.04;0.89;0.13;0;0
GBOV_RM7_463;SteigerwaldtLandServices;Courtney Meier;cmeier@battelleecology.org;support-copernicus-gbov@acri-st.fr;NEON;481;Mixed Forest;45.5089416503906;-89.5863723754883;20171003T000000Z;2.0;STEI_058;1.60;0.05;2.18;0.10;0.73;0.04;1.53;0.08;2.07;0.15;0.74;0.07;0.203;0.017;0.229;0.023;0.89;0.11;0.143;0.024;0.157;0.029;0.91;0.22;0;0
GBOV_RM7_463;SteigerwaldtLandServices;Courtney Meier;cmeier@battelleecology.org;support-copernicus-gbov@acri-st.fr;NEON;481;Mixed Forest;45.5089416503906;-89.5863723754883;20171019T000000Z;2.0;STEI_058;0.70;0.04;1.22;0.11;0.57;0.06;0.61;0.05;0.95;0.14;0.64;0.11;0.098;0.011;0.113;0.015;0.87;0.15;0.066;0.014;0.072;0.016;0.92;0.28;0;0
GBOV_RM7_463;SteigerwaldtLandServices;Courtney Meier;cmeier@battelleecology.org;support-copernicus-gbov@acri-st.fr;NEON;481;Mixed Forest;45.5089416503906;-89.5863723754883;20180502T000000Z;2.0;STEI_058;0.627;0.034;1.05;0.10;0.60;0.06;0.63;0.05;0.90;0.12;0.70;0.11;0.061;0.016;0.083;0.026;0.73;0.29;0.058;0.025;0.071;0.034;0.8;0.5;0;0
GBOV_RM7_463;SteigerwaldtLandServices;Courtney Meier;cmeier@battelleecology.org;support-copernicus-gbov@acri-st.fr;NEON;481;Mixed Forest;45.5089416503906;-89.5863723754883;20180516T000000Z;2.0;STEI_058;0.83;0.04;1.44;0.11;0.58;0.05;0.68;0.06;1.03;0.16;0.66;0.12;0.183;0.019;0.218;0.030;0.84;0.14;0.150;0.026;0.17;0.04;0.87;0.24;0;8
GBOV_RM7_463;SteigerwaldtLandServices;Courtney Meier;cmeier@battelleecology.org;support-copernicus-gbov@acri-st.fr;NEON;481;Mixed Forest;45.5089416503906;-89.5863723754883;20180530T000000Z;2.0;STEI_058;2.99;0.09;4.08;0.15;0.733;0.035;2.85;0.15;3.89;0.18;0.73;0.05;0.71;0.04;0.83;0.06;0.85;0.08;0.57;0.07;0.68;0.10;0.83;0.16;0;0
GBOV_RM7_463;SteigerwaldtLandServices;Courtney Meier;cmeier@battelleecology.org;support-copernicus-gbov@acri-st.fr;NEON;481;Mixed Forest;45.5089416503906;-89.5863723754883;20180612T000000Z;2.0;STEI_058;3.41;0.09;4.48;0.15;0.760;0.033;3.14;0.16;4.48;0.23;0.70;0.05;0.80;0.05;0.95;0.07;0.84;0.08;0.67;0.07;0.81;0.10;0.83;0.14;0;0
GBOV_RM7_463;SteigerwaldtLandServices;Courtney Meier;cmeier@battelleecology.org;support-copernicus-gbov@acri-st.fr;NEON;481;Mixed Forest;45.5089416503906;-89.5863723754883;20180627T000000Z;2.0;STEI_058;3.79;0.10;4.97;0.15;0.761;0.030;3.32;0.16;4.56;0.23;0.73;0.05;1.08;0.07;1.32;0.09;0.82;0.08;0.88;0.11;1.11;0.18;0.79;0.16;0;0
GBOV_RM7_463;SteigerwaldtLandServices;Courtney Meier;cmeier@battelleecology.org;support-copernicus-gbov@acri-st.fr;NEON;481;Mixed Forest;45.5089416503906;-89.5863723754883;20180711T000000Z;2.0;STEI_058;3.64;0.10;4.77;0.14;0.764;0.031;3.02;0.13;4.08;0.18;0.74;0.05;1.29;0.07;1.60;0.09;0.81;0.06;1.03;0.11;1.33;0.17;0.77;0.13;0;0
GBOV_RM7_463;SteigerwaldtLandServices;Courtney Meier;cmeier@battelleecology.org;support-copernicus-gbov@acri-st.fr;NEON;481;Mixed Forest;45.5089416503906;-89.5863723754883;20180727T000000Z;2.0;STEI_058;3.41;0.10;4.49;0.15;0.759;0.033;3.13;0.14;4.29;0.22;0.73;0.05;1.34;0.06;1.53;0.07;0.88;0.06;1.05;0.08;1.20;0.10;0.87;0.09;0;0
GBOV_RM7_463;SteigerwaldtLandServices;Courtney Meier;cmeier@battelleecology.org;support-copernicus-gbov@acri-st.fr;NEON;481;Mixed Forest;45.5089416503906;-89.5863723754883;20180808T000000Z;2.0;STEI_058;3.36;0.09;4.41;0.14;0.762;0.031;2.97;0.14;3.95;0.19;0.75;0.05;0.74;0.04;0.86;0.05;0.85;0.07;0.68;0.07;0.84;0.10;0.81;0.13;0;0
GBOV_RM7_463;SteigerwaldtLandServices;Courtney Meier;cmeier@battelleecology.org;support-copernicus-gbov@acri-st.fr;NEON;481;Mixed Forest;45.5089416503906;-89.5863723754883;20180822T000000Z;2.0;STEI_058;3.41;0.09;4.51;0.14;0.757;0.031;2.97;0.15;4.19;0.19;0.71;0.05;1.26;0.06;1.48;0.08;0.85;0.06;1.04;0.09;1.20;0.11;0.86;0.11;0;0
GBOV_RM7_463;SteigerwaldtLandServices;Courtney Meier;cmeier@battelleecology.org;support-copernicus-gbov@acri-st.fr;NEON;481;Mixed Forest;45.5089416503906;-89.5863723754883;20180905T000000Z;2.0;STEI_058;3.30;0.09;4.27;0.14;0.773;0.033;3.11;0.16;4.15;0.19;0.75;0.05;0.68;0.04;0.78;0.04;0.88;0.07;0.53;0.05;0.62;0.07;0.86;0.13;0;0
GBOV_RM7_463;SteigerwaldtLandServices;Courtney Meier;cmeier@battelleecology.org;support-copernicus-gbov@acri-st.fr;NEON;481;Mixed Forest;45.5089416503906;-89.5863723754883;20180917T162700Z;2.0;STEI_058;3.26;0.09;4.29;0.14;0.760;0.032;2.67;0.13;3.55;0.17;0.75;0.05;0.556;0.034;0.65;0.05;0.85;0.08;0.46;0.05;0.54;0.07;0.84;0.15;0;8
GBOV_RM7_463;SteigerwaldtLandServices;Courtney Meier;cmeier@battelleecology.org;support-copernicus-gbov@acri-st.fr;NEON;481;Mixed Forest;45.5089416503906;-89.5863723754883;20181004T072800Z;2.0;STEI_058;2.46;0.08;3.43;0.13;0.718;0.035;2.09;0.13;3.04;0.19;0.69;0.06;0.303;0.017;0.331;0.022;0.91;0.08;0.233;0.024;0.252;0.028;0.92;0.14;0;0
GBOV_RM7_463;SteigerwaldtLandServices;Courtney Meier;cmeier@battelleecology.org;support-copernicus-gbov@acri-st.fr;NEON;481;Mixed Forest;45.5089416503906;-89.5863723754883;20181017T215200Z;2.0;STEI_058;0.72;0.04;1.29;0.10;0.55;0.05;0.62;0.06;0.98;0.15;0.63;0.11;0.066;0.011;0.078;0.014;0.85;0.21;0.056;0.018;0.067;0.024;0.8;0.4;0;0
GBOV_RM7_463;SteigerwaldtLandServices;Courtney Meier;cmeier@battelleecology.org;support-copernicus-gbov@acri-st.fr;NEON;481;Mixed Forest;45.5089416503906;-89.5863723754883;20190429T145500Z;2.0;STEI_058;0.625;0.029;1.02;0.08;0.61;0.06;0.72;0.05;1.02;0.11;0.71;0.09;0.043;0.009;0.054;0.013;0.78;0.25;0.035;0.013;0.042;0.016;0.8;0.4;0;0
GBOV_RM7_463;SteigerwaldtLandServices;Courtney Meier;cmeier@battelleecology.org;support-copernicus-gbov@acri-st.fr;NEON;481;Mixed Forest;45.5089416503906;-89.5863723754883;20190516T083300Z;2.0;STEI_058;0.660;0.028;1.07;0.08;0.61;0.05;0.68;0.05;1.00;0.15;0.68;0.11;0.069;0.010;0.084;0.015;0.82;0.19;0.075;0.022;0.096;0.034;0.8;0.4;0;0
GBOV_RM7_463;SteigerwaldtLandServices;Courtney Meier;cmeier@battelleecology.org;support-copernicus-gbov@acri-st.fr;NEON;481;Mixed Forest;45.5089416503906;-89.5863723754883;20190529T155700Z;2.0;STEI_058;1.22;0.04;1.89;0.10;0.65;0.04;1.35;0.07;1.93;0.15;0.70;0.06;0.217;0.017;0.244;0.022;0.89;0.10;0.190;0.024;0.23;0.04;0.84;0.18;0;0
GBOV_RM7_463;SteigerwaldtLandServices;Courtney Meier;cmeier@battelleecology.org;support-copernicus-gbov@acri-st.fr;NEON;481;Mixed Forest;45.5089416503906;-89.5863723754883;20190612T144200Z;2.0;STEI_058;2.88;0.08;3.81;0.14;0.755;0.035;2.75;0.13;3.72;0.19;0.74;0.05;0.63;0.04;0.75;0.05;0.84;0.08;0.52;0.06;0.63;0.09;0.83;0.15;0;0
GBOV_RM7_463;SteigerwaldtLandServices;Courtney Meier;cmeier@battelleecology.org;support-copernicus-gbov@acri-st.fr;NEON;481;Mixed Forest;45.5089416503906;-89.5863723754883;20190624T171800Z;2.0;STEI_058;3.20;0.09;4.26;0.15;0.749;0.033;2.94;0.14;3.93;0.20;0.75;0.05;0.78;0.04;0.91;0.05;0.86;0.07;0.66;0.07;0.79;0.10;0.84;0.13;0;0
GBOV_RM7_463;SteigerwaldtLandServices;Courtney Meier;cmeier@battelleecology.org;support-copernicus-gbov@acri-st.fr;NEON;481;Mixed Forest;45.5089416503906;-89.5863723754883;20190708T054600Z;2.0;STEI_058;3.32;0.08;4.31;0.13;0.771;0.030;2.69;0.11;3.65;0.16;0.74;0.04;0.74;0.05;0.91;0.07;0.82;0.08;0.63;0.09;0.83;0.14;0.76;0.17;0;0
GBOV_RM7_463;SteigerwaldtLandServices;Courtney Meier;cmeier@battelleecology.org;support-copernicus-gbov@acri-st.fr;NEON;481;Mixed Forest;45.5089416503906;-89.5863723754883;20190726T074000Z;2.0;STEI_058;3.40;0.09;4.41;0.14;0.770;0.031;2.77;0.12;3.74;0.16;0.74;0.05;0.85;0.04;1.02;0.06;0.84;0.06;0.72;0.08;0.95;0.13;0.76;0.13;0;0
GBOV_RM7_463;SteigerwaldtLandServices;Courtney Meier;cmeier@battelleecology.org;support-copernicus-gbov@acri-st.fr;NEON;481;Mixed Forest;45.5089416503906;-89.5863723754883;20190805T122700Z;2.0;STEI_058;3.35;0.09;4.30;0.13;0.777;0.031;3.25;0.15;4.36;0.16;0.75;0.04;0.75;0.04;0.88;0.05;0.85;0.07;0.59;0.07;0.70;0.08;0.84;0.14;0;0
GBOV_RM7_463;SteigerwaldtLandServices;Courtney Meier;cmeier@battelleecology.org;support-copernicus-gbov@acri-st.fr;NEON;481;Mixed Forest;45.5089416503906;-89.5863723754883;20190820T125200Z;2.0;STEI_058;3.34;0.09;4.28;0.14;0.782;0.032;2.92;0.14;3.89;0.18;0.75;0.05;0.61;0.04;0.74;0.06;0.83;0.08;0.47;0.06;0.56;0.08;0.85;0.16;0;0
GBOV_RM7_463;SteigerwaldtLandServices;Courtney Meier;cmeier@battelleecology.org;support-copernicus-gbov@acri-st.fr;NEON;481;Mixed Forest;45.5089416503906;-89.5863723754883;20190905T123100Z;2.0;STEI_058;3.15;0.09;4.04;0.14;0.780;0.034;2.98;0.15;3.92;0.19;0.76;0.05;0.61;0.04;0.68;0.04;0.89;0.08;0.48;0.06;0.54;0.06;0.89;0.16;0;0
GBOV_RM7_463;SteigerwaldtLandServices;Courtney Meier;cmeier@battelleecology.org;support-copernicus-gbov@acri-st.fr;NEON;481;Mixed Forest;45.5089416503906;-89.5863723754883;20190918T102900Z;2.0;STEI_058;2.95;0.08;3.85;0.14;0.766;0.033;2.59;0.13;3.51;0.19;0.74;0.06;0.388;0.023;0.440;0.032;0.88;0.08;0.300;0.031;0.34;0.04;0.87;0.14;0;8
GBOV_RM7_463;SteigerwaldtLandServices;Courtney Meier;cmeier@battelleecology.org;support-copernicus-gbov@acri-st.fr;NEON;481;Mixed Forest;45.5089416503906;-89.5863723754883;20190930T135100Z;2.0;STEI_058;1.61;0.05;2.23;0.11;0.72;0.04;1.63;0.07;2.24;0.15;0.73;0.06;0.268;0.021;0.300;0.025;0.89;0.10;0.216;0.030;0.24;0.04;0.89;0.19;0;0
GBOV_RM7_463;SteigerwaldtLandServices;Courtney Meier;cmeier@battelleecology.org;support-copernicus-gbov@acri-st.fr;NEON;481;Mixed Forest;45.5089416503906;-89.5863723754883;20191016T120200Z;2.0;STEI_058;0.98;0.04;1.58;0.10;0.62;0.05;0.92;0.07;1.39;0.12;0.66;0.08;0.072;0.008;0.078;0.010;0.92;0.16;0.051;0.009;0.054;0.009;0.96;0.23;0;0
