GBOV_ID;Site;GROUND_DATA_PI;GROUND_DATA_PIs_Email;GBOV_Email;Network;Elevation;IGBP_class;Lat_IS;Lon_IS;TIME_IS;Version;PLOT_ID;LAIe_Miller_up;LAIe_Miller_up_err;LAI_Miller_up;LAI_Miller_up_err;clumping_Miller_up;clumping_Miller_up_err;LAIe_Warren_up;LAIe_Warren_up_err;LAI_Warren_up;LAI_Warren_up_err;clumping_Warren_up;clumping_Warren_up_err;LAIe_Miller_down;LAIe_Miller_down_err;LAI_Miller_down;LAI_Miller_down_err;clumping_Miller_down;clumping_Miller_down_err;LAIe_Warren_down;LAIe_Warren_down_err;LAI_Warren_down;LAI_Warren_down_err;clumping_Warren_down;clumping_Warren_down_err;up_flag;down_flag
GBOV_RM7_783;Woodworth;Courtney Meier;cmeier@battelleecology.org;support-copernicus-gbov@acri-st.fr;NEON;579;Croplands;47.128231048584;-99.2413635253906;20140508T000000Z;2.0;WOOD_058;-999;-999;-999;-999;-999;-999;-999;-999;-999;-999;-999;-999;0.0447;0.0029;0.0454;0.0031;0.98;0.09;0.0279;0.0028;0.0282;0.0029;0.99;0.14;-999;0
GBOV_RM7_783;Woodworth;Courtney Meier;cmeier@battelleecology.org;support-copernicus-gbov@acri-st.fr;NEON;579;Croplands;47.128231048584;-99.2413635253906;20140522T000000Z;2.0;WOOD_058;-999;-999;-999;-999;-999;-999;-999;-999;-999;-999;-999;-999;0.085;0.005;0.087;0.005;0.98;0.08;0.061;0.006;0.063;0.007;0.97;0.15;-999;0
GBOV_RM7_783;Woodworth;Courtney Meier;cmeier@battelleecology.org;support-copernicus-gbov@acri-st.fr;NEON;579;Croplands;47.128231048584;-99.2413635253906;20140619T000000Z;2.0;WOOD_058;-999;-999;-999;-999;-999;-999;-999;-999;-999;-999;-999;-999;1.74;0.06;1.91;0.07;0.91;0.04;1.63;0.09;1.84;0.11;0.88;0.07;-999;0
GBOV_RM7_783;Woodworth;Courtney Meier;cmeier@battelleecology.org;support-copernicus-gbov@acri-st.fr;NEON;579;Croplands;47.128231048584;-99.2413635253906;20140708T000000Z;2.0;WOOD_058;-999;-999;-999;-999;-999;-999;-999;-999;-999;-999;-999;-999;1.77;0.06;1.94;0.07;0.92;0.04;1.38;0.07;1.51;0.09;0.91;0.07;-999;0
GBOV_RM7_783;Woodworth;Courtney Meier;cmeier@battelleecology.org;support-copernicus-gbov@acri-st.fr;NEON;579;Croplands;47.128231048584;-99.2413635253906;20140717T000000Z;2.0;WOOD_058;-999;-999;-999;-999;-999;-999;-999;-999;-999;-999;-999;-999;1.37;0.05;1.48;0.05;0.93;0.04;0.98;0.05;1.04;0.06;0.94;0.07;-999;0
GBOV_RM7_783;Woodworth;Courtney Meier;cmeier@battelleecology.org;support-copernicus-gbov@acri-st.fr;NEON;579;Croplands;47.128231048584;-99.2413635253906;20140731T000000Z;2.0;WOOD_058;-999;-999;-999;-999;-999;-999;-999;-999;-999;-999;-999;-999;1.03;0.04;1.11;0.04;0.93;0.05;0.74;0.05;0.80;0.05;0.93;0.09;-999;0
GBOV_RM7_783;Woodworth;Courtney Meier;cmeier@battelleecology.org;support-copernicus-gbov@acri-st.fr;NEON;579;Croplands;47.128231048584;-99.2413635253906;20140814T000000Z;2.0;WOOD_058;-999;-999;-999;-999;-999;-999;-999;-999;-999;-999;-999;-999;0.569;0.026;0.598;0.028;0.95;0.06;0.391;0.035;0.41;0.04;0.95;0.12;-999;0
GBOV_RM7_783;Woodworth;Courtney Meier;cmeier@battelleecology.org;support-copernicus-gbov@acri-st.fr;NEON;579;Croplands;47.128231048584;-99.2413635253906;20140905T000000Z;2.0;WOOD_058;-999;-999;-999;-999;-999;-999;-999;-999;-999;-999;-999;-999;0.749;0.025;0.775;0.025;0.97;0.04;0.510;0.030;0.527;0.032;0.97;0.08;-999;0
GBOV_RM7_783;Woodworth;Courtney Meier;cmeier@battelleecology.org;support-copernicus-gbov@acri-st.fr;NEON;579;Croplands;47.128231048584;-99.2413635253906;20140911T000000Z;2.0;WOOD_058;-999;-999;-999;-999;-999;-999;-999;-999;-999;-999;-999;-999;0.450;0.015;0.462;0.016;0.97;0.05;0.275;0.019;0.282;0.019;0.97;0.09;-999;0
GBOV_RM7_783;Woodworth;Courtney Meier;cmeier@battelleecology.org;support-copernicus-gbov@acri-st.fr;NEON;579;Croplands;47.128231048584;-99.2413635253906;20140926T000000Z;2.0;WOOD_058;-999;-999;-999;-999;-999;-999;-999;-999;-999;-999;-999;-999;0.329;0.012;0.339;0.013;0.97;0.05;0.224;0.018;0.233;0.020;0.96;0.11;-999;0
GBOV_RM7_783;Woodworth;Courtney Meier;cmeier@battelleecology.org;support-copernicus-gbov@acri-st.fr;NEON;579;Croplands;47.128231048584;-99.2413635253906;20141009T000000Z;2.0;WOOD_058;-999;-999;-999;-999;-999;-999;-999;-999;-999;-999;-999;-999;0.258;0.010;0.264;0.010;0.98;0.05;0.177;0.011;0.181;0.012;0.98;0.09;-999;0
GBOV_RM7_783;Woodworth;Courtney Meier;cmeier@battelleecology.org;support-copernicus-gbov@acri-st.fr;NEON;579;Croplands;47.128231048584;-99.2413635253906;20141022T000000Z;2.0;WOOD_058;-999;-999;-999;-999;-999;-999;-999;-999;-999;-999;-999;-999;0.076;0.005;0.077;0.005;0.98;0.09;0.040;0.006;0.041;0.006;0.98;0.20;-999;0
GBOV_RM7_783;Woodworth;Courtney Meier;cmeier@battelleecology.org;support-copernicus-gbov@acri-st.fr;NEON;579;Croplands;47.128231048584;-99.2413635253906;20150403T000000Z;2.0;WOOD_058;-999;-999;-999;-999;-999;-999;-999;-999;-999;-999;-999;-999;0.0276;0.0013;0.0277;0.0013;1.00;0.07;0.0282;0.0021;0.0284;0.0021;0.99;0.10;-999;0
GBOV_RM7_783;Woodworth;Courtney Meier;cmeier@battelleecology.org;support-copernicus-gbov@acri-st.fr;NEON;579;Croplands;47.128231048584;-99.2413635253906;20150415T000000Z;2.0;WOOD_058;-999;-999;-999;-999;-999;-999;-999;-999;-999;-999;-999;-999;0.0422;0.0015;0.0424;0.0016;1.00;0.05;0.0507;0.0024;0.0511;0.0024;0.99;0.07;-999;0
GBOV_RM7_783;Woodworth;Courtney Meier;cmeier@battelleecology.org;support-copernicus-gbov@acri-st.fr;NEON;579;Croplands;47.128231048584;-99.2413635253906;20150430T000000Z;2.0;WOOD_058;-999;-999;-999;-999;-999;-999;-999;-999;-999;-999;-999;-999;0.0280;0.0014;0.0281;0.0014;0.99;0.07;0.0294;0.0020;0.0295;0.0020;0.99;0.10;-999;0
GBOV_RM7_783;Woodworth;Courtney Meier;cmeier@battelleecology.org;support-copernicus-gbov@acri-st.fr;NEON;579;Croplands;47.128231048584;-99.2413635253906;20150520T000000Z;2.0;WOOD_058;-999;-999;-999;-999;-999;-999;-999;-999;-999;-999;-999;-999;0.091;0.004;0.092;0.004;0.98;0.06;0.092;0.006;0.094;0.006;0.98;0.09;-999;0
GBOV_RM7_783;Woodworth;Courtney Meier;cmeier@battelleecology.org;support-copernicus-gbov@acri-st.fr;NEON;579;Croplands;47.128231048584;-99.2413635253906;20150603T000000Z;2.0;WOOD_058;-999;-999;-999;-999;-999;-999;-999;-999;-999;-999;-999;-999;0.390;0.016;0.409;0.017;0.95;0.06;0.368;0.023;0.390;0.025;0.94;0.09;-999;32
GBOV_RM7_783;Woodworth;Courtney Meier;cmeier@battelleecology.org;support-copernicus-gbov@acri-st.fr;NEON;579;Croplands;47.128231048584;-99.2413635253906;20150617T000000Z;2.0;WOOD_058;-999;-999;-999;-999;-999;-999;-999;-999;-999;-999;-999;-999;0.910;0.030;0.958;0.032;0.95;0.05;0.90;0.05;0.96;0.06;0.94;0.08;-999;0
GBOV_RM7_783;Woodworth;Courtney Meier;cmeier@battelleecology.org;support-copernicus-gbov@acri-st.fr;NEON;579;Croplands;47.128231048584;-99.2413635253906;20150701T000000Z;2.0;WOOD_058;-999;-999;-999;-999;-999;-999;-999;-999;-999;-999;-999;-999;1.90;0.05;2.02;0.05;0.943;0.035;1.67;0.06;1.76;0.06;0.95;0.05;-999;0
GBOV_RM7_783;Woodworth;Courtney Meier;cmeier@battelleecology.org;support-copernicus-gbov@acri-st.fr;NEON;579;Croplands;47.128231048584;-99.2413635253906;20150715T000000Z;2.0;WOOD_058;-999;-999;-999;-999;-999;-999;-999;-999;-999;-999;-999;-999;1.60;0.05;1.73;0.06;0.93;0.04;1.33;0.07;1.41;0.07;0.94;0.06;-999;0
GBOV_RM7_783;Woodworth;Courtney Meier;cmeier@battelleecology.org;support-copernicus-gbov@acri-st.fr;NEON;579;Croplands;47.128231048584;-99.2413635253906;20150729T000000Z;2.0;WOOD_058;-999;-999;-999;-999;-999;-999;-999;-999;-999;-999;-999;-999;0.319;0.013;0.331;0.014;0.96;0.06;0.213;0.018;0.220;0.018;0.97;0.11;-999;0
GBOV_RM7_783;Woodworth;Courtney Meier;cmeier@battelleecology.org;support-copernicus-gbov@acri-st.fr;NEON;579;Croplands;47.128231048584;-99.2413635253906;20150812T000000Z;2.0;WOOD_058;-999;-999;-999;-999;-999;-999;-999;-999;-999;-999;-999;-999;0.096;0.004;0.098;0.005;0.98;0.06;0.078;0.007;0.082;0.009;0.96;0.14;-999;0
GBOV_RM7_783;Woodworth;Courtney Meier;cmeier@battelleecology.org;support-copernicus-gbov@acri-st.fr;NEON;579;Croplands;47.128231048584;-99.2413635253906;20150827T000000Z;2.0;WOOD_058;-999;-999;-999;-999;-999;-999;-999;-999;-999;-999;-999;-999;0.193;0.010;0.202;0.011;0.95;0.07;0.136;0.017;0.141;0.018;0.96;0.17;-999;0
GBOV_RM7_783;Woodworth;Courtney Meier;cmeier@battelleecology.org;support-copernicus-gbov@acri-st.fr;NEON;579;Croplands;47.128231048584;-99.2413635253906;20150910T000000Z;2.0;WOOD_058;-999;-999;-999;-999;-999;-999;-999;-999;-999;-999;-999;-999;0.471;0.017;0.492;0.019;0.96;0.05;0.382;0.021;0.397;0.022;0.96;0.07;-999;0
GBOV_RM7_783;Woodworth;Courtney Meier;cmeier@battelleecology.org;support-copernicus-gbov@acri-st.fr;NEON;579;Croplands;47.128231048584;-99.2413635253906;20150928T000000Z;2.0;WOOD_058;-999;-999;-999;-999;-999;-999;-999;-999;-999;-999;-999;-999;0.172;0.008;0.180;0.009;0.96;0.07;0.140;0.012;0.144;0.012;0.97;0.12;-999;0
GBOV_RM7_783;Woodworth;Courtney Meier;cmeier@battelleecology.org;support-copernicus-gbov@acri-st.fr;NEON;579;Croplands;47.128231048584;-99.2413635253906;20151009T000000Z;2.0;WOOD_058;-999;-999;-999;-999;-999;-999;-999;-999;-999;-999;-999;-999;0.108;0.006;0.112;0.007;0.97;0.08;0.088;0.007;0.090;0.007;0.98;0.11;-999;0
GBOV_RM7_783;Woodworth;Courtney Meier;cmeier@battelleecology.org;support-copernicus-gbov@acri-st.fr;NEON;579;Croplands;47.128231048584;-99.2413635253906;20160411T000000Z;2.0;WOOD_058;-999;-999;-999;-999;-999;-999;-999;-999;-999;-999;-999;-999;0.0261;0.0010;0.0263;0.0010;1.00;0.05;0.0246;0.0017;0.0248;0.0017;0.99;0.10;-999;0
GBOV_RM7_783;Woodworth;Courtney Meier;cmeier@battelleecology.org;support-copernicus-gbov@acri-st.fr;NEON;579;Croplands;47.128231048584;-99.2413635253906;20160427T000000Z;2.0;WOOD_058;-999;-999;-999;-999;-999;-999;-999;-999;-999;-999;-999;-999;0.068;0.004;0.069;0.004;0.98;0.08;0.068;0.007;0.070;0.008;0.98;0.15;-999;0
GBOV_RM7_783;Woodworth;Courtney Meier;cmeier@battelleecology.org;support-copernicus-gbov@acri-st.fr;NEON;579;Croplands;47.128231048584;-99.2413635253906;20160509T000000Z;2.0;WOOD_058;-999;-999;-999;-999;-999;-999;-999;-999;-999;-999;-999;-999;0.267;0.014;0.280;0.015;0.95;0.07;0.317;0.033;0.35;0.04;0.92;0.14;-999;0
GBOV_RM7_783;Woodworth;Courtney Meier;cmeier@battelleecology.org;support-copernicus-gbov@acri-st.fr;NEON;579;Croplands;47.128231048584;-99.2413635253906;20160523T000000Z;2.0;WOOD_058;-999;-999;-999;-999;-999;-999;-999;-999;-999;-999;-999;-999;0.686;0.035;0.77;0.04;0.89;0.07;0.76;0.06;0.85;0.07;0.89;0.11;-999;32
GBOV_RM7_783;Woodworth;Courtney Meier;cmeier@battelleecology.org;support-copernicus-gbov@acri-st.fr;NEON;579;Croplands;47.128231048584;-99.2413635253906;20160606T000000Z;2.0;WOOD_058;-999;-999;-999;-999;-999;-999;-999;-999;-999;-999;-999;-999;1.78;0.07;1.97;0.07;0.90;0.05;1.79;0.13;1.95;0.13;0.92;0.09;-999;32
GBOV_RM7_783;Woodworth;Courtney Meier;cmeier@battelleecology.org;support-copernicus-gbov@acri-st.fr;NEON;579;Croplands;47.128231048584;-99.2413635253906;20160620T000000Z;2.0;WOOD_058;-999;-999;-999;-999;-999;-999;-999;-999;-999;-999;-999;-999;1.85;0.06;2.03;0.06;0.91;0.04;1.67;0.07;1.80;0.07;0.93;0.05;-999;0
GBOV_RM7_783;Woodworth;Courtney Meier;cmeier@battelleecology.org;support-copernicus-gbov@acri-st.fr;NEON;579;Croplands;47.128231048584;-99.2413635253906;20160706T000000Z;2.0;WOOD_058;-999;-999;-999;-999;-999;-999;-999;-999;-999;-999;-999;-999;1.41;0.06;1.53;0.06;0.92;0.05;1.17;0.07;1.27;0.08;0.93;0.08;-999;0
GBOV_RM7_783;Woodworth;Courtney Meier;cmeier@battelleecology.org;support-copernicus-gbov@acri-st.fr;NEON;579;Croplands;47.128231048584;-99.2413635253906;20160718T000000Z;2.0;WOOD_058;-999;-999;-999;-999;-999;-999;-999;-999;-999;-999;-999;-999;1.80;0.06;1.93;0.06;0.93;0.04;1.39;0.07;1.46;0.07;0.95;0.06;-999;0
GBOV_RM7_783;Woodworth;Courtney Meier;cmeier@battelleecology.org;support-copernicus-gbov@acri-st.fr;NEON;579;Croplands;47.128231048584;-99.2413635253906;20160801T000000Z;2.0;WOOD_058;-999;-999;-999;-999;-999;-999;-999;-999;-999;-999;-999;-999;1.81;0.06;1.92;0.06;0.94;0.04;1.34;0.07;1.41;0.07;0.95;0.07;-999;0
GBOV_RM7_783;Woodworth;Courtney Meier;cmeier@battelleecology.org;support-copernicus-gbov@acri-st.fr;NEON;579;Croplands;47.128231048584;-99.2413635253906;20160815T000000Z;2.0;WOOD_058;-999;-999;-999;-999;-999;-999;-999;-999;-999;-999;-999;-999;1.10;0.04;1.17;0.04;0.94;0.05;0.84;0.06;0.92;0.06;0.91;0.09;-999;0
GBOV_RM7_783;Woodworth;Courtney Meier;cmeier@battelleecology.org;support-copernicus-gbov@acri-st.fr;NEON;579;Croplands;47.128231048584;-99.2413635253906;20160829T000000Z;2.0;WOOD_058;-999;-999;-999;-999;-999;-999;-999;-999;-999;-999;-999;-999;0.746;0.028;0.785;0.030;0.95;0.05;0.49;0.04;0.52;0.04;0.94;0.10;-999;0
GBOV_RM7_783;Woodworth;Courtney Meier;cmeier@battelleecology.org;support-copernicus-gbov@acri-st.fr;NEON;579;Croplands;47.128231048584;-99.2413635253906;20160912T000000Z;2.0;WOOD_058;-999;-999;-999;-999;-999;-999;-999;-999;-999;-999;-999;-999;0.512;0.019;0.532;0.020;0.96;0.05;0.326;0.022;0.346;0.025;0.94;0.09;-999;0
GBOV_RM7_783;Woodworth;Courtney Meier;cmeier@battelleecology.org;support-copernicus-gbov@acri-st.fr;NEON;579;Croplands;47.128231048584;-99.2413635253906;20160926T000000Z;2.0;WOOD_058;-999;-999;-999;-999;-999;-999;-999;-999;-999;-999;-999;-999;0.506;0.017;0.530;0.018;0.96;0.05;0.308;0.021;0.326;0.023;0.95;0.09;-999;0
GBOV_RM7_783;Woodworth;Courtney Meier;cmeier@battelleecology.org;support-copernicus-gbov@acri-st.fr;NEON;579;Croplands;47.128231048584;-99.2413635253906;20161011T000000Z;2.0;WOOD_058;-999;-999;-999;-999;-999;-999;-999;-999;-999;-999;-999;-999;0.149;0.008;0.153;0.009;0.97;0.08;0.064;0.009;0.066;0.009;0.98;0.19;-999;0
GBOV_RM7_783;Woodworth;Courtney Meier;cmeier@battelleecology.org;support-copernicus-gbov@acri-st.fr;NEON;579;Croplands;47.128231048584;-99.2413635253906;20170501T000000Z;2.0;WOOD_058;-999;-999;-999;-999;-999;-999;-999;-999;-999;-999;-999;-999;0.0226;0.0011;0.0226;0.0011;1.00;0.07;0.0274;0.0019;0.0275;0.0019;1.00;0.10;-999;0
GBOV_RM7_783;Woodworth;Courtney Meier;cmeier@battelleecology.org;support-copernicus-gbov@acri-st.fr;NEON;579;Croplands;47.128231048584;-99.2413635253906;20170515T000000Z;2.0;WOOD_058;-999;-999;-999;-999;-999;-999;-999;-999;-999;-999;-999;-999;0.0737;0.0026;0.0742;0.0026;0.99;0.05;0.077;0.004;0.078;0.004;0.99;0.08;-999;0
GBOV_RM7_783;Woodworth;Courtney Meier;cmeier@battelleecology.org;support-copernicus-gbov@acri-st.fr;NEON;579;Croplands;47.128231048584;-99.2413635253906;20170531T000000Z;2.0;WOOD_058;-999;-999;-999;-999;-999;-999;-999;-999;-999;-999;-999;-999;0.379;0.014;0.396;0.016;0.96;0.05;0.369;0.027;0.385;0.029;0.96;0.10;-999;0
GBOV_RM7_783;Woodworth;Courtney Meier;cmeier@battelleecology.org;support-copernicus-gbov@acri-st.fr;NEON;579;Croplands;47.128231048584;-99.2413635253906;20170612T000000Z;2.0;WOOD_058;-999;-999;-999;-999;-999;-999;-999;-999;-999;-999;-999;-999;0.514;0.029;0.576;0.035;0.89;0.07;0.48;0.05;0.52;0.06;0.92;0.14;-999;0
GBOV_RM7_783;Woodworth;Courtney Meier;cmeier@battelleecology.org;support-copernicus-gbov@acri-st.fr;NEON;579;Croplands;47.128231048584;-99.2413635253906;20170627T000000Z;2.0;WOOD_058;-999;-999;-999;-999;-999;-999;-999;-999;-999;-999;-999;-999;1.41;0.07;1.69;0.08;0.83;0.06;1.38;0.10;1.64;0.14;0.84;0.10;-999;0
GBOV_RM7_783;Woodworth;Courtney Meier;cmeier@battelleecology.org;support-copernicus-gbov@acri-st.fr;NEON;579;Croplands;47.128231048584;-99.2413635253906;20170710T000000Z;2.0;WOOD_058;-999;-999;-999;-999;-999;-999;-999;-999;-999;-999;-999;-999;1.29;0.06;1.47;0.06;0.88;0.05;1.15;0.08;1.25;0.08;0.92;0.09;-999;0
GBOV_RM7_783;Woodworth;Courtney Meier;cmeier@battelleecology.org;support-copernicus-gbov@acri-st.fr;NEON;579;Croplands;47.128231048584;-99.2413635253906;20170726T000000Z;2.0;WOOD_058;-999;-999;-999;-999;-999;-999;-999;-999;-999;-999;-999;-999;0.98;0.05;1.12;0.06;0.87;0.06;0.82;0.06;0.89;0.06;0.91;0.09;-999;0
GBOV_RM7_783;Woodworth;Courtney Meier;cmeier@battelleecology.org;support-copernicus-gbov@acri-st.fr;NEON;579;Croplands;47.128231048584;-99.2413635253906;20170807T000000Z;2.0;WOOD_058;-999;-999;-999;-999;-999;-999;-999;-999;-999;-999;-999;-999;0.669;0.029;0.723;0.032;0.93;0.06;0.54;0.04;0.58;0.04;0.94;0.10;-999;0
GBOV_RM7_783;Woodworth;Courtney Meier;cmeier@battelleecology.org;support-copernicus-gbov@acri-st.fr;NEON;579;Croplands;47.128231048584;-99.2413635253906;20170824T000000Z;2.0;WOOD_058;-999;-999;-999;-999;-999;-999;-999;-999;-999;-999;-999;-999;0.331;0.015;0.347;0.017;0.95;0.06;0.274;0.018;0.286;0.019;0.96;0.09;-999;2
GBOV_RM7_783;Woodworth;Courtney Meier;cmeier@battelleecology.org;support-copernicus-gbov@acri-st.fr;NEON;579;Croplands;47.128231048584;-99.2413635253906;20170905T000000Z;2.0;WOOD_058;-999;-999;-999;-999;-999;-999;-999;-999;-999;-999;-999;-999;0.124;0.007;0.127;0.007;0.98;0.07;0.105;0.010;0.107;0.010;0.98;0.13;-999;0
GBOV_RM7_783;Woodworth;Courtney Meier;cmeier@battelleecology.org;support-copernicus-gbov@acri-st.fr;NEON;579;Croplands;47.128231048584;-99.2413635253906;20170918T000000Z;2.0;WOOD_058;-999;-999;-999;-999;-999;-999;-999;-999;-999;-999;-999;-999;0.110;0.005;0.114;0.006;0.96;0.07;0.099;0.009;0.101;0.010;0.98;0.13;-999;0
GBOV_RM7_783;Woodworth;Courtney Meier;cmeier@battelleecology.org;support-copernicus-gbov@acri-st.fr;NEON;579;Croplands;47.128231048584;-99.2413635253906;20171002T000000Z;2.0;WOOD_058;-999;-999;-999;-999;-999;-999;-999;-999;-999;-999;-999;-999;0.171;0.012;0.185;0.014;0.92;0.10;0.133;0.017;0.141;0.018;0.94;0.17;-999;0
GBOV_RM7_783;Woodworth;Courtney Meier;cmeier@battelleecology.org;support-copernicus-gbov@acri-st.fr;NEON;579;Croplands;47.128231048584;-99.2413635253906;20171016T000000Z;2.0;WOOD_058;-999;-999;-999;-999;-999;-999;-999;-999;-999;-999;-999;-999;0.200;0.015;0.216;0.017;0.92;0.10;0.167;0.020;0.176;0.021;0.95;0.16;-999;0
GBOV_RM7_783;Woodworth;Courtney Meier;cmeier@battelleecology.org;support-copernicus-gbov@acri-st.fr;NEON;579;Croplands;47.128231048584;-99.2413635253906;20180502T000000Z;2.0;WOOD_058;-999;-999;-999;-999;-999;-999;-999;-999;-999;-999;-999;-999;0.0288;0.0027;0.0294;0.0028;0.98;0.13;0.033;0.005;0.034;0.005;0.97;0.21;-999;0
GBOV_RM7_783;Woodworth;Courtney Meier;cmeier@battelleecology.org;support-copernicus-gbov@acri-st.fr;NEON;579;Croplands;47.128231048584;-99.2413635253906;20180516T000000Z;2.0;WOOD_058;-999;-999;-999;-999;-999;-999;-999;-999;-999;-999;-999;-999;0.235;0.017;0.260;0.021;0.90;0.10;0.246;0.034;0.28;0.04;0.89;0.19;-999;0
GBOV_RM7_783;Woodworth;Courtney Meier;cmeier@battelleecology.org;support-copernicus-gbov@acri-st.fr;NEON;579;Croplands;47.128231048584;-99.2413635253906;20180601T000000Z;2.0;WOOD_058;-999;-999;-999;-999;-999;-999;-999;-999;-999;-999;-999;-999;1.27;0.06;1.50;0.09;0.85;0.06;1.40;0.11;1.66;0.16;0.85;0.10;-999;0
GBOV_RM7_783;Woodworth;Courtney Meier;cmeier@battelleecology.org;support-copernicus-gbov@acri-st.fr;NEON;579;Croplands;47.128231048584;-99.2413635253906;20180612T000000Z;2.0;WOOD_058;-999;-999;-999;-999;-999;-999;-999;-999;-999;-999;-999;-999;1.95;0.07;2.23;0.08;0.88;0.04;1.85;0.09;2.05;0.10;0.90;0.06;-999;0
GBOV_RM7_783;Woodworth;Courtney Meier;cmeier@battelleecology.org;support-copernicus-gbov@acri-st.fr;NEON;579;Croplands;47.128231048584;-99.2413635253906;20180627T000000Z;2.0;WOOD_058;-999;-999;-999;-999;-999;-999;-999;-999;-999;-999;-999;-999;1.72;0.08;1.96;0.09;0.88;0.06;1.44;0.09;1.59;0.10;0.91;0.08;-999;0
GBOV_RM7_783;Woodworth;Courtney Meier;cmeier@battelleecology.org;support-copernicus-gbov@acri-st.fr;NEON;579;Croplands;47.128231048584;-99.2413635253906;20180710T000000Z;2.0;WOOD_058;-999;-999;-999;-999;-999;-999;-999;-999;-999;-999;-999;-999;0.93;0.04;1.03;0.04;0.90;0.05;0.78;0.04;0.85;0.05;0.91;0.07;-999;0
GBOV_RM7_783;Woodworth;Courtney Meier;cmeier@battelleecology.org;support-copernicus-gbov@acri-st.fr;NEON;579;Croplands;47.128231048584;-99.2413635253906;20180726T000000Z;2.0;WOOD_058;-999;-999;-999;-999;-999;-999;-999;-999;-999;-999;-999;-999;0.230;0.010;0.237;0.011;0.97;0.06;0.185;0.015;0.190;0.015;0.97;0.11;-999;0
GBOV_RM7_783;Woodworth;Courtney Meier;cmeier@battelleecology.org;support-copernicus-gbov@acri-st.fr;NEON;579;Croplands;47.128231048584;-99.2413635253906;20180806T000000Z;2.0;WOOD_058;-999;-999;-999;-999;-999;-999;-999;-999;-999;-999;-999;-999;0.452;0.016;0.475;0.018;0.95;0.05;0.339;0.015;0.350;0.017;0.97;0.06;-999;0
GBOV_RM7_783;Woodworth;Courtney Meier;cmeier@battelleecology.org;support-copernicus-gbov@acri-st.fr;NEON;579;Croplands;47.128231048584;-99.2413635253906;20180820T000000Z;2.0;WOOD_058;-999;-999;-999;-999;-999;-999;-999;-999;-999;-999;-999;-999;0.186;0.012;0.200;0.014;0.93;0.09;0.138;0.017;0.148;0.019;0.93;0.16;-999;0
GBOV_RM7_783;Woodworth;Courtney Meier;cmeier@battelleecology.org;support-copernicus-gbov@acri-st.fr;NEON;579;Croplands;47.128231048584;-99.2413635253906;20180906T000000Z;2.0;WOOD_058;-999;-999;-999;-999;-999;-999;-999;-999;-999;-999;-999;-999;0.381;0.018;0.416;0.021;0.92;0.06;0.312;0.035;0.36;0.05;0.86;0.15;-999;0
GBOV_RM7_783;Woodworth;Courtney Meier;cmeier@battelleecology.org;support-copernicus-gbov@acri-st.fr;NEON;579;Croplands;47.128231048584;-99.2413635253906;20180919T000000Z;2.0;WOOD_058;-999;-999;-999;-999;-999;-999;-999;-999;-999;-999;-999;-999;0.333;0.018;0.361;0.021;0.92;0.07;0.230;0.024;0.255;0.031;0.90;0.14;-999;0
GBOV_RM7_783;Woodworth;Courtney Meier;cmeier@battelleecology.org;support-copernicus-gbov@acri-st.fr;NEON;579;Croplands;47.128231048584;-99.2413635253906;20181001T000000Z;2.0;WOOD_058;-999;-999;-999;-999;-999;-999;-999;-999;-999;-999;-999;-999;0.190;0.014;0.206;0.016;0.92;0.10;0.136;0.022;0.152;0.027;0.89;0.22;-999;0
GBOV_RM7_783;Woodworth;Courtney Meier;cmeier@battelleecology.org;support-copernicus-gbov@acri-st.fr;NEON;579;Croplands;47.128231048584;-99.2413635253906;20181015T000000Z;2.0;WOOD_058;-999;-999;-999;-999;-999;-999;-999;-999;-999;-999;-999;-999;0.161;0.010;0.168;0.011;0.96;0.09;0.090;0.012;0.093;0.013;0.96;0.19;-999;0
GBOV_RM7_783;Woodworth;Courtney Meier;cmeier@battelleecology.org;support-copernicus-gbov@acri-st.fr;NEON;579;Croplands;47.128231048584;-99.2413635253906;20190430T125600Z;2.0;WOOD_058;-999;-999;-999;-999;-999;-999;-999;-999;-999;-999;-999;-999;0.0262;0.0015;0.0264;0.0015;0.99;0.08;0.0271;0.0029;0.0274;0.0030;0.99;0.15;-999;0
GBOV_RM7_783;Woodworth;Courtney Meier;cmeier@battelleecology.org;support-copernicus-gbov@acri-st.fr;NEON;579;Croplands;47.128231048584;-99.2413635253906;20190513T132100Z;2.0;WOOD_058;-999;-999;-999;-999;-999;-999;-999;-999;-999;-999;-999;-999;0.090;0.006;0.092;0.006;0.98;0.09;0.090;0.008;0.092;0.009;0.98;0.13;-999;0
GBOV_RM7_783;Woodworth;Courtney Meier;cmeier@battelleecology.org;support-copernicus-gbov@acri-st.fr;NEON;579;Croplands;47.128231048584;-99.2413635253906;20190529T142900Z;2.0;WOOD_058;-999;-999;-999;-999;-999;-999;-999;-999;-999;-999;-999;-999;0.427;0.028;0.470;0.033;0.91;0.09;0.45;0.05;0.50;0.06;0.91;0.16;-999;0
GBOV_RM7_783;Woodworth;Courtney Meier;cmeier@battelleecology.org;support-copernicus-gbov@acri-st.fr;NEON;579;Croplands;47.128231048584;-99.2413635253906;20190613T094900Z;2.0;WOOD_058;-999;-999;-999;-999;-999;-999;-999;-999;-999;-999;-999;-999;1.18;0.06;1.33;0.08;0.88;0.07;1.24;0.11;1.43;0.14;0.87;0.12;-999;0
GBOV_RM7_783;Woodworth;Courtney Meier;cmeier@battelleecology.org;support-copernicus-gbov@acri-st.fr;NEON;579;Croplands;47.128231048584;-99.2413635253906;20190627T113700Z;2.0;WOOD_058;-999;-999;-999;-999;-999;-999;-999;-999;-999;-999;-999;-999;1.61;0.05;1.75;0.06;0.92;0.04;1.54;0.06;1.65;0.07;0.93;0.06;-999;0
GBOV_RM7_783;Woodworth;Courtney Meier;cmeier@battelleecology.org;support-copernicus-gbov@acri-st.fr;NEON;579;Croplands;47.128231048584;-99.2413635253906;20190711T102500Z;2.0;WOOD_058;-999;-999;-999;-999;-999;-999;-999;-999;-999;-999;-999;-999;1.97;0.06;2.14;0.07;0.92;0.04;1.46;0.06;1.55;0.06;0.94;0.05;-999;0
GBOV_RM7_783;Woodworth;Courtney Meier;cmeier@battelleecology.org;support-copernicus-gbov@acri-st.fr;NEON;579;Croplands;47.128231048584;-99.2413635253906;20190723T104600Z;2.0;WOOD_058;-999;-999;-999;-999;-999;-999;-999;-999;-999;-999;-999;-999;1.58;0.05;1.71;0.05;0.93;0.04;1.17;0.05;1.24;0.05;0.94;0.05;-999;0
GBOV_RM7_783;Woodworth;Courtney Meier;cmeier@battelleecology.org;support-copernicus-gbov@acri-st.fr;NEON;579;Croplands;47.128231048584;-99.2413635253906;20190805T123600Z;2.0;WOOD_058;-999;-999;-999;-999;-999;-999;-999;-999;-999;-999;-999;-999;1.33;0.05;1.46;0.05;0.91;0.05;0.91;0.06;0.98;0.06;0.93;0.08;-999;0
GBOV_RM7_783;Woodworth;Courtney Meier;cmeier@battelleecology.org;support-copernicus-gbov@acri-st.fr;NEON;579;Croplands;47.128231048584;-99.2413635253906;20190820T133000Z;2.0;WOOD_058;-999;-999;-999;-999;-999;-999;-999;-999;-999;-999;-999;-999;0.671;0.023;0.708;0.025;0.95;0.05;0.468;0.027;0.492;0.030;0.95;0.08;-999;0
GBOV_RM7_783;Woodworth;Courtney Meier;cmeier@battelleecology.org;support-copernicus-gbov@acri-st.fr;NEON;579;Croplands;47.128231048584;-99.2413635253906;20190904T140100Z;2.0;WOOD_058;-999;-999;-999;-999;-999;-999;-999;-999;-999;-999;-999;-999;0.373;0.014;0.385;0.014;0.97;0.05;0.290;0.016;0.297;0.017;0.98;0.08;-999;0
GBOV_RM7_783;Woodworth;Courtney Meier;cmeier@battelleecology.org;support-copernicus-gbov@acri-st.fr;NEON;579;Croplands;47.128231048584;-99.2413635253906;20190918T103900Z;2.0;WOOD_058;-999;-999;-999;-999;-999;-999;-999;-999;-999;-999;-999;-999;0.345;0.015;0.356;0.015;0.97;0.06;0.252;0.020;0.260;0.021;0.97;0.11;-999;0
GBOV_RM7_783;Woodworth;Courtney Meier;cmeier@battelleecology.org;support-copernicus-gbov@acri-st.fr;NEON;579;Croplands;47.128231048584;-99.2413635253906;20191004T085500Z;2.0;WOOD_058;-999;-999;-999;-999;-999;-999;-999;-999;-999;-999;-999;-999;0.586;0.029;0.631;0.032;0.93;0.07;0.45;0.05;0.50;0.06;0.89;0.15;-999;0
GBOV_RM7_783;Woodworth;Courtney Meier;cmeier@battelleecology.org;support-copernicus-gbov@acri-st.fr;NEON;579;Croplands;47.128231048584;-99.2413635253906;20191017T104600Z;2.0;WOOD_058;-999;-999;-999;-999;-999;-999;-999;-999;-999;-999;-999;-999;0.284;0.033;0.34;0.04;0.83;0.14;0.20;0.05;0.23;0.06;0.87;0.29;-999;4
