GBOV_ID;Site;GROUND_DATA_PI;GROUND_DATA_PIs_Email;GBOV_Email;Network;Elevation;IGBP_class;Lat_IS;Lon_IS;TIME_IS;Version;PLOT_ID;LAIe_Miller_up;LAIe_Miller_up_err;LAI_Miller_up;LAI_Miller_up_err;clumping_Miller_up;clumping_Miller_up_err;LAIe_Warren_up;LAIe_Warren_up_err;LAI_Warren_up;LAI_Warren_up_err;clumping_Warren_up;clumping_Warren_up_err;LAIe_Miller_down;LAIe_Miller_down_err;LAI_Miller_down;LAI_Miller_down_err;clumping_Miller_down;clumping_Miller_down_err;LAIe_Warren_down;LAIe_Warren_down_err;LAI_Warren_down;LAI_Warren_down_err;clumping_Warren_down;clumping_Warren_down_err;up_flag;down_flag
GBOV_RM7_547;Jornada;Courtney Meier;cmeier@battelleecology.org;support-copernicus-gbov@acri-st.fr;NEON;1329;Open Shrublands;32.5907;-106.84261;20150610T000000Z;2.0;JORN_055;-999;-999;-999;-999;-999;-999;-999;-999;-999;-999;-999;-999;0.0041;0.0013;0.0042;0.0014;1.0;0.4;0.011;0.007;0.012;0.008;0.9;0.8;-999;0
GBOV_RM7_547;Jornada;Courtney Meier;cmeier@battelleecology.org;support-copernicus-gbov@acri-st.fr;NEON;1329;Open Shrublands;32.5907;-106.84261;20150624T000000Z;2.0;JORN_055;-999;-999;-999;-999;-999;-999;-999;-999;-999;-999;-999;-999;0.00089;0.00033;0.00090;0.00034;1.0;0.5;0.0023;0.0013;0.0023;0.0014;1.0;0.8;-999;0
GBOV_RM7_547;Jornada;Courtney Meier;cmeier@battelleecology.org;support-copernicus-gbov@acri-st.fr;NEON;1329;Open Shrublands;32.5907;-106.84261;20150708T000000Z;2.0;JORN_055;-999;-999;-999;-999;-999;-999;-999;-999;-999;-999;-999;-999;0.0083;0.0018;0.0087;0.0020;0.96;0.30;0.012;0.004;0.012;0.005;1.0;0.5;-999;0
GBOV_RM7_547;Jornada;Courtney Meier;cmeier@battelleecology.org;support-copernicus-gbov@acri-st.fr;NEON;1329;Open Shrublands;32.5907;-106.84261;20150722T000000Z;2.0;JORN_055;-999;-999;-999;-999;-999;-999;-999;-999;-999;-999;-999;-999;0.0360;0.0030;0.0372;0.0032;0.97;0.12;0.041;0.005;0.043;0.006;0.95;0.18;-999;0
GBOV_RM7_547;Jornada;Courtney Meier;cmeier@battelleecology.org;support-copernicus-gbov@acri-st.fr;NEON;1329;Open Shrublands;32.5907;-106.84261;20150805T000000Z;2.0;JORN_055;-999;-999;-999;-999;-999;-999;-999;-999;-999;-999;-999;-999;0.128;0.010;0.135;0.011;0.95;0.10;0.129;0.014;0.135;0.015;0.96;0.15;-999;32
GBOV_RM7_547;Jornada;Courtney Meier;cmeier@battelleecology.org;support-copernicus-gbov@acri-st.fr;NEON;1329;Open Shrublands;32.5907;-106.84261;20160323T000000Z;2.0;JORN_055;-999;-999;-999;-999;-999;-999;-999;-999;-999;-999;-999;-999;0.00079;0.00009;0.00079;0.00009;1.00;0.16;0.00044;0.00018;0.00044;0.00018;1.0;0.6;-999;1
GBOV_RM7_547;Jornada;Courtney Meier;cmeier@battelleecology.org;support-copernicus-gbov@acri-st.fr;NEON;1329;Open Shrublands;32.5907;-106.84261;20160406T000000Z;2.0;JORN_055;-999;-999;-999;-999;-999;-999;-999;-999;-999;-999;-999;-999;0.0066;0.0031;0.008;0.004;0.9;0.6;0.0025;0.0014;0.0026;0.0015;1.0;0.8;-999;1
GBOV_RM7_547;Jornada;Courtney Meier;cmeier@battelleecology.org;support-copernicus-gbov@acri-st.fr;NEON;1329;Open Shrublands;32.5907;-106.84261;20160420T000000Z;2.0;JORN_055;-999;-999;-999;-999;-999;-999;-999;-999;-999;-999;-999;-999;0.012;0.006;0.015;0.008;0.8;0.5;0.010;0.007;0.011;0.009;0.9;0.9;-999;1
GBOV_RM7_547;Jornada;Courtney Meier;cmeier@battelleecology.org;support-copernicus-gbov@acri-st.fr;NEON;1329;Open Shrublands;32.5907;-106.84261;20160504T000000Z;2.0;JORN_055;-999;-999;-999;-999;-999;-999;-999;-999;-999;-999;-999;-999;0.059;0.025;0.11;0.05;0.56;0.35;0.05;0.04;0.11;0.09;0.5;0.6;-999;1
GBOV_RM7_547;Jornada;Courtney Meier;cmeier@battelleecology.org;support-copernicus-gbov@acri-st.fr;NEON;1329;Open Shrublands;32.5907;-106.84261;20160518T000000Z;2.0;JORN_055;-999;-999;-999;-999;-999;-999;-999;-999;-999;-999;-999;-999;0.0055;0.0028;0.0063;0.0034;0.9;0.6;0.011;0.008;0.013;0.009;0.8;0.9;-999;0
GBOV_RM7_547;Jornada;Courtney Meier;cmeier@battelleecology.org;support-copernicus-gbov@acri-st.fr;NEON;1329;Open Shrublands;32.5907;-106.84261;20160601T000000Z;2.0;JORN_055;-999;-999;-999;-999;-999;-999;-999;-999;-999;-999;-999;-999;0.0007;0.0004;0.0007;0.0005;1.0;0.9;0.0030;0.0024;0.0032;0.0025;1.0;1.0;-999;0
GBOV_RM7_547;Jornada;Courtney Meier;cmeier@battelleecology.org;support-copernicus-gbov@acri-st.fr;NEON;1329;Open Shrublands;32.5907;-106.84261;20160615T000000Z;2.0;JORN_055;-999;-999;-999;-999;-999;-999;-999;-999;-999;-999;-999;-999;0.014;0.004;0.015;0.004;0.9;0.4;0.016;0.008;0.018;0.010;0.9;0.7;-999;0
GBOV_RM7_547;Jornada;Courtney Meier;cmeier@battelleecology.org;support-copernicus-gbov@acri-st.fr;NEON;1329;Open Shrublands;32.5907;-106.84261;20160629T000000Z;2.0;JORN_055;-999;-999;-999;-999;-999;-999;-999;-999;-999;-999;-999;-999;0.0088;0.0022;0.0093;0.0024;0.95;0.34;0.013;0.005;0.013;0.005;0.9;0.5;-999;0
GBOV_RM7_547;Jornada;Courtney Meier;cmeier@battelleecology.org;support-copernicus-gbov@acri-st.fr;NEON;1329;Open Shrublands;32.5907;-106.84261;20160713T000000Z;2.0;JORN_055;-999;-999;-999;-999;-999;-999;-999;-999;-999;-999;-999;-999;0.013;0.005;0.014;0.006;0.9;0.5;0.012;0.006;0.013;0.007;0.9;0.7;-999;0
GBOV_RM7_547;Jornada;Courtney Meier;cmeier@battelleecology.org;support-copernicus-gbov@acri-st.fr;NEON;1329;Open Shrublands;32.5907;-106.84261;20160727T000000Z;2.0;JORN_055;-999;-999;-999;-999;-999;-999;-999;-999;-999;-999;-999;-999;0.0050;0.0013;0.0052;0.0014;1.0;0.4;0.011;0.004;0.011;0.004;1.0;0.5;-999;0
GBOV_RM7_547;Jornada;Courtney Meier;cmeier@battelleecology.org;support-copernicus-gbov@acri-st.fr;NEON;1329;Open Shrublands;32.5907;-106.84261;20160824T000000Z;2.0;JORN_055;-999;-999;-999;-999;-999;-999;-999;-999;-999;-999;-999;-999;0.0300;0.0026;0.0310;0.0029;0.97;0.12;0.028;0.004;0.029;0.004;0.98;0.18;-999;0
GBOV_RM7_547;Jornada;Courtney Meier;cmeier@battelleecology.org;support-copernicus-gbov@acri-st.fr;NEON;1329;Open Shrublands;32.5907;-106.84261;20160907T000000Z;2.0;JORN_055;-999;-999;-999;-999;-999;-999;-999;-999;-999;-999;-999;-999;0.120;0.009;0.128;0.010;0.94;0.11;0.111;0.016;0.119;0.019;0.93;0.20;-999;0
GBOV_RM7_547;Jornada;Courtney Meier;cmeier@battelleecology.org;support-copernicus-gbov@acri-st.fr;NEON;1329;Open Shrublands;32.5907;-106.84261;20160921T000000Z;2.0;JORN_055;-999;-999;-999;-999;-999;-999;-999;-999;-999;-999;-999;-999;0.0142;0.0018;0.0147;0.0020;0.96;0.18;0.013;0.004;0.014;0.005;0.9;0.5;-999;0
GBOV_RM7_547;Jornada;Courtney Meier;cmeier@battelleecology.org;support-copernicus-gbov@acri-st.fr;NEON;1329;Open Shrublands;32.5907;-106.84261;20161005T000000Z;2.0;JORN_055;-999;-999;-999;-999;-999;-999;-999;-999;-999;-999;-999;-999;0.0126;0.0022;0.0131;0.0024;0.96;0.24;0.017;0.005;0.018;0.005;1.0;0.4;-999;0
GBOV_RM7_547;Jornada;Courtney Meier;cmeier@battelleecology.org;support-copernicus-gbov@acri-st.fr;NEON;1329;Open Shrublands;32.5907;-106.84261;20161102T000000Z;2.0;JORN_055;-999;-999;-999;-999;-999;-999;-999;-999;-999;-999;-999;-999;0.00048;0.00016;0.00048;0.00016;1.0;0.5;0.0013;0.0006;0.0013;0.0006;1.0;0.7;-999;0
GBOV_RM7_547;Jornada;Courtney Meier;cmeier@battelleecology.org;support-copernicus-gbov@acri-st.fr;NEON;1329;Open Shrublands;32.5907;-106.84261;20161117T000000Z;2.0;JORN_055;-999;-999;-999;-999;-999;-999;-999;-999;-999;-999;-999;-999;0.0072;0.0013;0.0074;0.0014;0.98;0.25;0.015;0.004;0.016;0.004;1.0;0.4;-999;8
GBOV_RM7_547;Jornada;Courtney Meier;cmeier@battelleecology.org;support-copernicus-gbov@acri-st.fr;NEON;1329;Open Shrublands;32.5907;-106.84261;20170322T000000Z;2.0;JORN_055;-999;-999;-999;-999;-999;-999;-999;-999;-999;-999;-999;-999;0.0106;0.0017;0.0107;0.0018;0.98;0.23;0.0106;0.0023;0.0107;0.0024;0.99;0.31;-999;0
GBOV_RM7_547;Jornada;Courtney Meier;cmeier@battelleecology.org;support-copernicus-gbov@acri-st.fr;NEON;1329;Open Shrublands;32.5907;-106.84261;20170405T000000Z;2.0;JORN_055;-999;-999;-999;-999;-999;-999;-999;-999;-999;-999;-999;-999;0.0055;0.0004;0.0056;0.0004;1.00;0.10;0.0047;0.0005;0.0047;0.0005;1.00;0.15;-999;0
GBOV_RM7_547;Jornada;Courtney Meier;cmeier@battelleecology.org;support-copernicus-gbov@acri-st.fr;NEON;1329;Open Shrublands;32.5907;-106.84261;20170419T000000Z;2.0;JORN_055;-999;-999;-999;-999;-999;-999;-999;-999;-999;-999;-999;-999;0.022;0.005;0.024;0.007;0.89;0.33;0.040;0.018;0.049;0.025;0.8;0.6;-999;0
GBOV_RM7_547;Jornada;Courtney Meier;cmeier@battelleecology.org;support-copernicus-gbov@acri-st.fr;NEON;1329;Open Shrublands;32.5907;-106.84261;20170503T000000Z;2.0;JORN_055;-999;-999;-999;-999;-999;-999;-999;-999;-999;-999;-999;-999;0.029;0.008;0.033;0.009;0.90;0.35;0.034;0.018;0.039;0.021;0.9;0.7;-999;0
GBOV_RM7_547;Jornada;Courtney Meier;cmeier@battelleecology.org;support-copernicus-gbov@acri-st.fr;NEON;1329;Open Shrublands;32.5907;-106.84261;20170517T000000Z;2.0;JORN_055;-999;-999;-999;-999;-999;-999;-999;-999;-999;-999;-999;-999;0.0109;0.0018;0.0111;0.0019;0.98;0.23;0.0142;0.0026;0.0144;0.0027;0.99;0.26;-999;0
GBOV_RM7_547;Jornada;Courtney Meier;cmeier@battelleecology.org;support-copernicus-gbov@acri-st.fr;NEON;1329;Open Shrublands;32.5907;-106.84261;20170531T000000Z;2.0;JORN_055;-999;-999;-999;-999;-999;-999;-999;-999;-999;-999;-999;-999;0.0022;0.0005;0.0022;0.0005;0.99;0.31;0.0038;0.0015;0.0039;0.0016;1.0;0.6;-999;0
GBOV_RM7_547;Jornada;Courtney Meier;cmeier@battelleecology.org;support-copernicus-gbov@acri-st.fr;NEON;1329;Open Shrublands;32.5907;-106.84261;20170614T000000Z;2.0;JORN_055;-999;-999;-999;-999;-999;-999;-999;-999;-999;-999;-999;-999;0.0048;0.0012;0.0049;0.0012;0.98;0.34;0.010;0.005;0.011;0.005;1.0;0.6;-999;0
GBOV_RM7_547;Jornada;Courtney Meier;cmeier@battelleecology.org;support-copernicus-gbov@acri-st.fr;NEON;1329;Open Shrublands;32.5907;-106.84261;20170628T000000Z;2.0;JORN_055;-999;-999;-999;-999;-999;-999;-999;-999;-999;-999;-999;-999;0.0065;0.0017;0.0068;0.0018;1.0;0.4;0.0099;0.0034;0.010;0.004;1.0;0.5;-999;0
GBOV_RM7_547;Jornada;Courtney Meier;cmeier@battelleecology.org;support-copernicus-gbov@acri-st.fr;NEON;1329;Open Shrublands;32.5907;-106.84261;20170712T000000Z;2.0;JORN_055;-999;-999;-999;-999;-999;-999;-999;-999;-999;-999;-999;-999;0.0037;0.0014;0.0038;0.0014;1.0;0.5;0.0037;0.0022;0.0038;0.0023;1.0;0.8;-999;32
GBOV_RM7_547;Jornada;Courtney Meier;cmeier@battelleecology.org;support-copernicus-gbov@acri-st.fr;NEON;1329;Open Shrublands;32.5907;-106.84261;20170726T000000Z;2.0;JORN_055;-999;-999;-999;-999;-999;-999;-999;-999;-999;-999;-999;-999;0.0414;0.0033;0.0428;0.0035;0.97;0.11;0.039;0.004;0.040;0.004;0.98;0.15;-999;0
GBOV_RM7_547;Jornada;Courtney Meier;cmeier@battelleecology.org;support-copernicus-gbov@acri-st.fr;NEON;1329;Open Shrublands;32.5907;-106.84261;20170809T000000Z;2.0;JORN_055;-999;-999;-999;-999;-999;-999;-999;-999;-999;-999;-999;-999;0.0262;0.0029;0.0268;0.0030;0.98;0.16;0.037;0.006;0.039;0.007;0.97;0.24;-999;0
GBOV_RM7_547;Jornada;Courtney Meier;cmeier@battelleecology.org;support-copernicus-gbov@acri-st.fr;NEON;1329;Open Shrublands;32.5907;-106.84261;20170823T000000Z;2.0;JORN_055;-999;-999;-999;-999;-999;-999;-999;-999;-999;-999;-999;-999;0.032;0.004;0.034;0.005;0.95;0.19;0.033;0.007;0.034;0.007;0.95;0.29;-999;0
GBOV_RM7_547;Jornada;Courtney Meier;cmeier@battelleecology.org;support-copernicus-gbov@acri-st.fr;NEON;1329;Open Shrublands;32.5907;-106.84261;20170906T000000Z;2.0;JORN_055;-999;-999;-999;-999;-999;-999;-999;-999;-999;-999;-999;-999;0.0248;0.0030;0.0256;0.0032;0.97;0.17;0.030;0.007;0.031;0.008;0.97;0.34;-999;0
GBOV_RM7_547;Jornada;Courtney Meier;cmeier@battelleecology.org;support-copernicus-gbov@acri-st.fr;NEON;1329;Open Shrublands;32.5907;-106.84261;20170920T000000Z;2.0;JORN_055;-999;-999;-999;-999;-999;-999;-999;-999;-999;-999;-999;-999;0.0032;0.0008;0.0032;0.0008;0.99;0.34;0.0081;0.0032;0.0083;0.0033;1.0;0.5;-999;0
GBOV_RM7_547;Jornada;Courtney Meier;cmeier@battelleecology.org;support-copernicus-gbov@acri-st.fr;NEON;1329;Open Shrublands;32.5907;-106.84261;20171003T000000Z;2.0;JORN_055;-999;-999;-999;-999;-999;-999;-999;-999;-999;-999;-999;-999;0.0045;0.0006;0.0045;0.0006;0.99;0.18;0.0089;0.0022;0.0090;0.0023;0.98;0.35;-999;0
GBOV_RM7_547;Jornada;Courtney Meier;cmeier@battelleecology.org;support-copernicus-gbov@acri-st.fr;NEON;1329;Open Shrublands;32.5907;-106.84261;20171018T000000Z;2.0;JORN_055;-999;-999;-999;-999;-999;-999;-999;-999;-999;-999;-999;-999;0.00094;0.00023;0.00095;0.00023;0.99;0.34;0.0030;0.0011;0.0030;0.0012;1.0;0.5;-999;0
GBOV_RM7_547;Jornada;Courtney Meier;cmeier@battelleecology.org;support-copernicus-gbov@acri-st.fr;NEON;1329;Open Shrublands;32.5907;-106.84261;20171101T000000Z;2.0;JORN_055;-999;-999;-999;-999;-999;-999;-999;-999;-999;-999;-999;-999;0.0030;0.0008;0.0031;0.0008;1.0;0.4;0.0067;0.0028;0.0069;0.0030;1.0;0.6;-999;0
GBOV_RM7_547;Jornada;Courtney Meier;cmeier@battelleecology.org;support-copernicus-gbov@acri-st.fr;NEON;1329;Open Shrublands;32.5907;-106.84261;20180321T000000Z;2.0;JORN_055;-999;-999;-999;-999;-999;-999;-999;-999;-999;-999;-999;-999;0.0068;0.0015;0.0070;0.0016;0.97;0.31;0.0071;0.0015;0.0072;0.0015;0.99;0.29;-999;0
GBOV_RM7_547;Jornada;Courtney Meier;cmeier@battelleecology.org;support-copernicus-gbov@acri-st.fr;NEON;1329;Open Shrublands;32.5907;-106.84261;20180404T000000Z;2.0;JORN_055;-999;-999;-999;-999;-999;-999;-999;-999;-999;-999;-999;-999;0.0065;0.0019;0.0067;0.0020;1.0;0.4;0.0064;0.0024;0.0066;0.0026;1.0;0.5;-999;0
GBOV_RM7_547;Jornada;Courtney Meier;cmeier@battelleecology.org;support-copernicus-gbov@acri-st.fr;NEON;1329;Open Shrublands;32.5907;-106.84261;20180418T000000Z;2.0;JORN_055;-999;-999;-999;-999;-999;-999;-999;-999;-999;-999;-999;-999;0.0055;0.0013;0.0056;0.0013;0.99;0.33;0.0080;0.0019;0.0081;0.0019;0.99;0.33;-999;0
GBOV_RM7_547;Jornada;Courtney Meier;cmeier@battelleecology.org;support-copernicus-gbov@acri-st.fr;NEON;1329;Open Shrublands;32.5907;-106.84261;20180502T000000Z;2.0;JORN_055;-999;-999;-999;-999;-999;-999;-999;-999;-999;-999;-999;-999;0.0017;0.0006;0.0018;0.0007;1.0;0.5;0.0058;0.0027;0.0062;0.0031;0.9;0.6;-999;0
GBOV_RM7_547;Jornada;Courtney Meier;cmeier@battelleecology.org;support-copernicus-gbov@acri-st.fr;NEON;1329;Open Shrublands;32.5907;-106.84261;20180516T000000Z;2.0;JORN_055;-999;-999;-999;-999;-999;-999;-999;-999;-999;-999;-999;-999;0.0082;0.0019;0.0085;0.0021;0.96;0.32;0.0126;0.0033;0.0130;0.0035;1.0;0.4;-999;0
GBOV_RM7_547;Jornada;Courtney Meier;cmeier@battelleecology.org;support-copernicus-gbov@acri-st.fr;NEON;1329;Open Shrublands;32.5907;-106.84261;20180530T000000Z;2.0;JORN_055;-999;-999;-999;-999;-999;-999;-999;-999;-999;-999;-999;-999;0.0068;0.0024;0.0073;0.0027;0.9;0.5;0.014;0.009;0.017;0.011;0.9;0.8;-999;0
GBOV_RM7_547;Jornada;Courtney Meier;cmeier@battelleecology.org;support-copernicus-gbov@acri-st.fr;NEON;1329;Open Shrublands;32.5907;-106.84261;20180613T000000Z;2.0;JORN_055;-999;-999;-999;-999;-999;-999;-999;-999;-999;-999;-999;-999;0.0020;0.0004;0.0020;0.0004;0.99;0.29;0.0059;0.0021;0.0061;0.0022;1.0;0.5;-999;0
GBOV_RM7_547;Jornada;Courtney Meier;cmeier@battelleecology.org;support-copernicus-gbov@acri-st.fr;NEON;1329;Open Shrublands;32.5907;-106.84261;20180627T000000Z;2.0;JORN_055;-999;-999;-999;-999;-999;-999;-999;-999;-999;-999;-999;-999;0.0109;0.0022;0.0115;0.0024;0.95;0.28;0.024;0.008;0.026;0.009;0.9;0.4;-999;0
GBOV_RM7_547;Jornada;Courtney Meier;cmeier@battelleecology.org;support-copernicus-gbov@acri-st.fr;NEON;1329;Open Shrublands;32.5907;-106.84261;20180711T000000Z;2.0;JORN_055;-999;-999;-999;-999;-999;-999;-999;-999;-999;-999;-999;-999;0.0020;0.0009;0.0020;0.0009;1.0;0.6;0.0044;0.0031;0.0046;0.0033;1.0;1.0;-999;0
GBOV_RM7_547;Jornada;Courtney Meier;cmeier@battelleecology.org;support-copernicus-gbov@acri-st.fr;NEON;1329;Open Shrublands;32.5907;-106.84261;20180725T000000Z;2.0;JORN_055;-999;-999;-999;-999;-999;-999;-999;-999;-999;-999;-999;-999;0.0076;0.0021;0.0079;0.0022;1.0;0.4;0.009;0.004;0.010;0.005;1.0;0.6;-999;0
GBOV_RM7_547;Jornada;Courtney Meier;cmeier@battelleecology.org;support-copernicus-gbov@acri-st.fr;NEON;1329;Open Shrublands;32.5907;-106.84261;20180808T000000Z;2.0;JORN_055;-999;-999;-999;-999;-999;-999;-999;-999;-999;-999;-999;-999;0.0055;0.0028;0.0060;0.0031;0.9;0.7;0.007;0.005;0.007;0.005;0.9;1.0;-999;0
GBOV_RM7_547;Jornada;Courtney Meier;cmeier@battelleecology.org;support-copernicus-gbov@acri-st.fr;NEON;1329;Open Shrublands;32.5907;-106.84261;20180822T000000Z;2.0;JORN_055;-999;-999;-999;-999;-999;-999;-999;-999;-999;-999;-999;-999;0.0028;0.0010;0.0028;0.0010;1.0;0.5;0.007;0.004;0.008;0.004;1.0;0.7;-999;0
GBOV_RM7_547;Jornada;Courtney Meier;cmeier@battelleecology.org;support-copernicus-gbov@acri-st.fr;NEON;1329;Open Shrublands;32.5907;-106.84261;20180905T000000Z;2.0;JORN_055;-999;-999;-999;-999;-999;-999;-999;-999;-999;-999;-999;-999;0.00108;0.00023;0.00109;0.00023;0.99;0.30;0.0031;0.0011;0.0031;0.0012;1.0;0.5;-999;0
GBOV_RM7_547;Jornada;Courtney Meier;cmeier@battelleecology.org;support-copernicus-gbov@acri-st.fr;NEON;1329;Open Shrublands;32.5907;-106.84261;20180919T000000Z;2.0;JORN_055;-999;-999;-999;-999;-999;-999;-999;-999;-999;-999;-999;-999;0.0025;0.0010;0.0025;0.0010;1.0;0.5;0.008;0.004;0.008;0.004;1.0;0.7;-999;0
GBOV_RM7_547;Jornada;Courtney Meier;cmeier@battelleecology.org;support-copernicus-gbov@acri-st.fr;NEON;1329;Open Shrublands;32.5907;-106.84261;20181003T000000Z;2.0;JORN_055;-999;-999;-999;-999;-999;-999;-999;-999;-999;-999;-999;-999;0.0074;0.0022;0.0077;0.0024;1.0;0.4;0.016;0.008;0.017;0.009;0.9;0.7;-999;0
GBOV_RM7_547;Jornada;Courtney Meier;cmeier@battelleecology.org;support-copernicus-gbov@acri-st.fr;NEON;1329;Open Shrublands;32.5907;-106.84261;20181017T000000Z;2.0;JORN_055;-999;-999;-999;-999;-999;-999;-999;-999;-999;-999;-999;-999;0.0021;0.0007;0.0022;0.0007;1.0;0.5;0.0025;0.0010;0.0025;0.0010;1.0;0.6;-999;0
GBOV_RM7_547;Jornada;Courtney Meier;cmeier@battelleecology.org;support-copernicus-gbov@acri-st.fr;NEON;1329;Open Shrublands;32.5907;-106.84261;20181031T000000Z;2.0;JORN_055;-999;-999;-999;-999;-999;-999;-999;-999;-999;-999;-999;-999;0.0024;0.0011;0.0025;0.0012;1.0;0.7;0.0045;0.0033;0.0047;0.0035;1.0;1.0;-999;0
GBOV_RM7_547;Jornada;Courtney Meier;cmeier@battelleecology.org;support-copernicus-gbov@acri-st.fr;NEON;1329;Open Shrublands;32.5907;-106.84261;20190327T082200Z;2.0;JORN_055;-999;-999;-999;-999;-999;-999;-999;-999;-999;-999;-999;-999;0.0098;0.0010;0.0099;0.0010;0.99;0.14;0.0084;0.0023;0.0086;0.0024;1.0;0.4;-999;0
GBOV_RM7_547;Jornada;Courtney Meier;cmeier@battelleecology.org;support-copernicus-gbov@acri-st.fr;NEON;1329;Open Shrublands;32.5907;-106.84261;20190410T085400Z;2.0;JORN_055;-999;-999;-999;-999;-999;-999;-999;-999;-999;-999;-999;-999;0.0186;0.0016;0.0189;0.0016;0.99;0.12;0.0171;0.0028;0.0172;0.0029;0.99;0.23;-999;0
GBOV_RM7_547;Jornada;Courtney Meier;cmeier@battelleecology.org;support-copernicus-gbov@acri-st.fr;NEON;1329;Open Shrublands;32.5907;-106.84261;20190424T094200Z;2.0;JORN_055;-999;-999;-999;-999;-999;-999;-999;-999;-999;-999;-999;-999;0.0221;0.0027;0.0233;0.0032;0.95;0.17;0.032;0.008;0.035;0.010;0.92;0.35;-999;0
GBOV_RM7_547;Jornada;Courtney Meier;cmeier@battelleecology.org;support-copernicus-gbov@acri-st.fr;NEON;1329;Open Shrublands;32.5907;-106.84261;20190508T100100Z;2.0;JORN_055;-999;-999;-999;-999;-999;-999;-999;-999;-999;-999;-999;-999;0.0126;0.0034;0.013;0.004;1.0;0.4;0.023;0.010;0.025;0.012;0.9;0.6;-999;2
GBOV_RM7_547;Jornada;Courtney Meier;cmeier@battelleecology.org;support-copernicus-gbov@acri-st.fr;NEON;1329;Open Shrublands;32.5907;-106.84261;20190522T112300Z;2.0;JORN_055;-999;-999;-999;-999;-999;-999;-999;-999;-999;-999;-999;-999;0.0060;0.0027;0.0069;0.0034;0.9;0.6;0.014;0.010;0.017;0.013;0.8;0.8;-999;0
GBOV_RM7_547;Jornada;Courtney Meier;cmeier@battelleecology.org;support-copernicus-gbov@acri-st.fr;NEON;1329;Open Shrublands;32.5907;-106.84261;20190605T105400Z;2.0;JORN_055;-999;-999;-999;-999;-999;-999;-999;-999;-999;-999;-999;-999;0.0034;0.0009;0.0035;0.0009;1.0;0.4;0.0096;0.0033;0.0101;0.0035;1.0;0.5;-999;0
GBOV_RM7_547;Jornada;Courtney Meier;cmeier@battelleecology.org;support-copernicus-gbov@acri-st.fr;NEON;1329;Open Shrublands;32.5907;-106.84261;20190619T084700Z;2.0;JORN_055;-999;-999;-999;-999;-999;-999;-999;-999;-999;-999;-999;-999;0.032;0.004;0.034;0.004;0.96;0.17;0.036;0.008;0.039;0.009;0.94;0.30;-999;0
GBOV_RM7_547;Jornada;Courtney Meier;cmeier@battelleecology.org;support-copernicus-gbov@acri-st.fr;NEON;1329;Open Shrublands;32.5907;-106.84261;20190703T073900Z;2.0;JORN_055;-999;-999;-999;-999;-999;-999;-999;-999;-999;-999;-999;-999;0.0142;0.0027;0.0147;0.0029;0.96;0.26;0.022;0.006;0.024;0.007;0.9;0.4;-999;0
GBOV_RM7_547;Jornada;Courtney Meier;cmeier@battelleecology.org;support-copernicus-gbov@acri-st.fr;NEON;1329;Open Shrublands;32.5907;-106.84261;20190717T081200Z;2.0;JORN_055;-999;-999;-999;-999;-999;-999;-999;-999;-999;-999;-999;-999;0.0070;0.0021;0.0076;0.0024;0.9;0.4;0.016;0.006;0.018;0.008;0.9;0.5;-999;2
GBOV_RM7_547;Jornada;Courtney Meier;cmeier@battelleecology.org;support-copernicus-gbov@acri-st.fr;NEON;1329;Open Shrublands;32.5907;-106.84261;20190731T094800Z;2.0;JORN_055;-999;-999;-999;-999;-999;-999;-999;-999;-999;-999;-999;-999;0.020;0.008;0.023;0.009;0.8;0.5;0.028;0.014;0.033;0.017;0.9;0.6;-999;0
GBOV_RM7_547;Jornada;Courtney Meier;cmeier@battelleecology.org;support-copernicus-gbov@acri-st.fr;NEON;1329;Open Shrublands;32.5907;-106.84261;20190814T091800Z;2.0;JORN_055;-999;-999;-999;-999;-999;-999;-999;-999;-999;-999;-999;-999;0.0159;0.0029;0.0165;0.0030;0.96;0.25;0.022;0.008;0.023;0.008;0.9;0.5;-999;0
GBOV_RM7_547;Jornada;Courtney Meier;cmeier@battelleecology.org;support-copernicus-gbov@acri-st.fr;NEON;1329;Open Shrublands;32.5907;-106.84261;20190828T094900Z;2.0;JORN_055;-999;-999;-999;-999;-999;-999;-999;-999;-999;-999;-999;-999;0.0065;0.0014;0.0067;0.0014;0.97;0.29;0.011;0.004;0.011;0.004;1.0;0.5;-999;0
GBOV_RM7_547;Jornada;Courtney Meier;cmeier@battelleecology.org;support-copernicus-gbov@acri-st.fr;NEON;1329;Open Shrublands;32.5907;-106.84261;20190911T104700Z;2.0;JORN_055;-999;-999;-999;-999;-999;-999;-999;-999;-999;-999;-999;-999;0.0091;0.0018;0.0095;0.0020;0.97;0.28;0.018;0.007;0.020;0.008;0.9;0.5;-999;0
GBOV_RM7_547;Jornada;Courtney Meier;cmeier@battelleecology.org;support-copernicus-gbov@acri-st.fr;NEON;1329;Open Shrublands;32.5907;-106.84261;20190925T092500Z;2.0;JORN_055;-999;-999;-999;-999;-999;-999;-999;-999;-999;-999;-999;-999;0.031;0.005;0.033;0.006;0.94;0.22;0.037;0.008;0.039;0.008;0.96;0.28;-999;0
GBOV_RM7_547;Jornada;Courtney Meier;cmeier@battelleecology.org;support-copernicus-gbov@acri-st.fr;NEON;1329;Open Shrublands;32.5907;-106.84261;20191009T094700Z;2.0;JORN_055;-999;-999;-999;-999;-999;-999;-999;-999;-999;-999;-999;-999;0.021;0.004;0.022;0.005;0.95;0.29;0.032;0.010;0.034;0.011;0.9;0.4;-999;0
GBOV_RM7_547;Jornada;Courtney Meier;cmeier@battelleecology.org;support-copernicus-gbov@acri-st.fr;NEON;1329;Open Shrublands;32.5907;-106.84261;20191023T094200Z;2.0;JORN_055;-999;-999;-999;-999;-999;-999;-999;-999;-999;-999;-999;-999;0.023;0.006;0.025;0.006;0.92;0.33;0.028;0.009;0.030;0.010;0.9;0.4;-999;0
