GBOV_ID;Site;GROUND_DATA_PI;GROUND_DATA_PIs_Email;GBOV_Email;Network;Elevation;IGBP_class;Lat_IS;Lon_IS;TIME_IS;Version;PLOT_ID;LAIe_Miller_up;LAIe_Miller_up_err;LAI_Miller_up;LAI_Miller_up_err;clumping_Miller_up;clumping_Miller_up_err;LAIe_Warren_up;LAIe_Warren_up_err;LAI_Warren_up;LAI_Warren_up_err;clumping_Warren_up;clumping_Warren_up_err;LAIe_Miller_down;LAIe_Miller_down_err;LAI_Miller_down;LAI_Miller_down_err;clumping_Miller_down;clumping_Miller_down_err;LAIe_Warren_down;LAIe_Warren_down_err;LAI_Warren_down;LAI_Warren_down_err;clumping_Warren_down;clumping_Warren_down_err;up_flag;down_flag
GBOV_RM7_348;GuanicaForest;Courtney Meier;cmeier@battelleecology.org;support-copernicus-gbov@acri-st.fr;NEON;143;Evergreen Broadleaf;17.9695491790771;-66.8686981201172;20150728T000000Z;2.0;GUAN_054;1.38;0.05;1.79;0.07;0.77;0.04;1.19;0.06;1.64;0.10;0.72;0.06;0.195;0.013;0.202;0.014;0.96;0.09;0.184;0.021;0.190;0.022;0.97;0.15;0;0
GBOV_RM7_348;GuanicaForest;Courtney Meier;cmeier@battelleecology.org;support-copernicus-gbov@acri-st.fr;NEON;143;Evergreen Broadleaf;17.9695491790771;-66.8686981201172;20150822T000000Z;2.0;GUAN_054;1.44;0.06;1.89;0.08;0.76;0.04;1.27;0.07;1.73;0.12;0.73;0.07;0.180;0.009;0.185;0.010;0.98;0.07;0.170;0.012;0.173;0.012;0.98;0.10;0;0
GBOV_RM7_348;GuanicaForest;Courtney Meier;cmeier@battelleecology.org;support-copernicus-gbov@acri-st.fr;NEON;143;Evergreen Broadleaf;17.9695491790771;-66.8686981201172;20150908T000000Z;2.0;GUAN_054;1.42;0.05;1.85;0.07;0.77;0.04;1.12;0.06;1.56;0.11;0.72;0.06;-999;-999;-999;-999;-999;-999;-999;-999;-999;-999;-999;-999;0;-999
GBOV_RM7_348;GuanicaForest;Courtney Meier;cmeier@battelleecology.org;support-copernicus-gbov@acri-st.fr;NEON;143;Evergreen Broadleaf;17.9695491790771;-66.8686981201172;20150923T000000Z;2.0;GUAN_054;1.60;0.06;2.11;0.08;0.76;0.04;1.13;0.07;1.56;0.12;0.73;0.07;-999;-999;-999;-999;-999;-999;-999;-999;-999;-999;-999;-999;0;-999
GBOV_RM7_348;GuanicaForest;Courtney Meier;cmeier@battelleecology.org;support-copernicus-gbov@acri-st.fr;NEON;143;Evergreen Broadleaf;17.9695491790771;-66.8686981201172;20151009T000000Z;2.0;GUAN_054;1.85;0.07;2.53;0.10;0.73;0.04;1.32;0.09;1.93;0.14;0.68;0.07;-999;-999;-999;-999;-999;-999;-999;-999;-999;-999;-999;-999;0;-999
GBOV_RM7_348;GuanicaForest;Courtney Meier;cmeier@battelleecology.org;support-copernicus-gbov@acri-st.fr;NEON;143;Evergreen Broadleaf;17.9695491790771;-66.8686981201172;20151022T000000Z;2.0;GUAN_054;1.07;0.04;1.43;0.07;0.75;0.05;1.07;0.06;1.56;0.14;0.68;0.07;-999;-999;-999;-999;-999;-999;-999;-999;-999;-999;-999;-999;0;-999
GBOV_RM7_348;GuanicaForest;Courtney Meier;cmeier@battelleecology.org;support-copernicus-gbov@acri-st.fr;NEON;143;Evergreen Broadleaf;17.9695491790771;-66.8686981201172;20151105T000000Z;2.0;GUAN_054;1.95;0.07;2.82;0.12;0.69;0.04;1.41;0.08;2.16;0.17;0.65;0.06;-999;-999;-999;-999;-999;-999;-999;-999;-999;-999;-999;-999;0;-999
GBOV_RM7_348;GuanicaForest;Courtney Meier;cmeier@battelleecology.org;support-copernicus-gbov@acri-st.fr;NEON;143;Evergreen Broadleaf;17.9695491790771;-66.8686981201172;20151118T000000Z;2.0;GUAN_054;1.56;0.06;2.14;0.09;0.73;0.04;1.36;0.08;2.00;0.14;0.68;0.06;-999;-999;-999;-999;-999;-999;-999;-999;-999;-999;-999;-999;0;-999
GBOV_RM7_348;GuanicaForest;Courtney Meier;cmeier@battelleecology.org;support-copernicus-gbov@acri-st.fr;NEON;143;Evergreen Broadleaf;17.9695491790771;-66.8686981201172;20151201T000000Z;2.0;GUAN_054;2.06;0.08;2.88;0.11;0.71;0.04;1.48;0.08;2.18;0.16;0.68;0.06;-999;-999;-999;-999;-999;-999;-999;-999;-999;-999;-999;-999;8;-999
GBOV_RM7_348;GuanicaForest;Courtney Meier;cmeier@battelleecology.org;support-copernicus-gbov@acri-st.fr;NEON;143;Evergreen Broadleaf;17.9695491790771;-66.8686981201172;20151215T000000Z;2.0;GUAN_054;1.66;0.06;2.24;0.10;0.74;0.04;1.55;0.09;2.13;0.15;0.73;0.07;-999;-999;-999;-999;-999;-999;-999;-999;-999;-999;-999;-999;0;-999
GBOV_RM7_348;GuanicaForest;Courtney Meier;cmeier@battelleecology.org;support-copernicus-gbov@acri-st.fr;NEON;143;Evergreen Broadleaf;17.9695491790771;-66.8686981201172;20160204T000000Z;2.0;GUAN_054;1.54;0.06;2.00;0.08;0.77;0.04;1.36;0.07;1.88;0.13;0.72;0.06;-999;-999;-999;-999;-999;-999;-999;-999;-999;-999;-999;-999;0;-999
GBOV_RM7_348;GuanicaForest;Courtney Meier;cmeier@battelleecology.org;support-copernicus-gbov@acri-st.fr;NEON;143;Evergreen Broadleaf;17.9695491790771;-66.8686981201172;20160216T000000Z;2.0;GUAN_054;1.12;0.05;1.55;0.07;0.72;0.05;1.18;0.07;1.87;0.12;0.63;0.05;-999;-999;-999;-999;-999;-999;-999;-999;-999;-999;-999;-999;0;-999
GBOV_RM7_348;GuanicaForest;Courtney Meier;cmeier@battelleecology.org;support-copernicus-gbov@acri-st.fr;NEON;143;Evergreen Broadleaf;17.9695491790771;-66.8686981201172;20160229T000000Z;2.0;GUAN_054;1.63;0.06;2.26;0.10;0.72;0.04;1.33;0.08;1.89;0.14;0.70;0.06;-999;-999;-999;-999;-999;-999;-999;-999;-999;-999;-999;-999;0;-999
GBOV_RM7_348;GuanicaForest;Courtney Meier;cmeier@battelleecology.org;support-copernicus-gbov@acri-st.fr;NEON;143;Evergreen Broadleaf;17.9695491790771;-66.8686981201172;20160315T000000Z;2.0;GUAN_054;1.42;0.06;1.98;0.09;0.72;0.04;1.40;0.08;2.12;0.16;0.66;0.06;-999;-999;-999;-999;-999;-999;-999;-999;-999;-999;-999;-999;0;-999
GBOV_RM7_348;GuanicaForest;Courtney Meier;cmeier@battelleecology.org;support-copernicus-gbov@acri-st.fr;NEON;143;Evergreen Broadleaf;17.9695491790771;-66.8686981201172;20160328T000000Z;2.0;GUAN_054;1.17;0.04;1.53;0.06;0.77;0.04;1.06;0.06;1.52;0.11;0.70;0.06;-999;-999;-999;-999;-999;-999;-999;-999;-999;-999;-999;-999;1;-999
GBOV_RM7_348;GuanicaForest;Courtney Meier;cmeier@battelleecology.org;support-copernicus-gbov@acri-st.fr;NEON;143;Evergreen Broadleaf;17.9695491790771;-66.8686981201172;20160411T000000Z;2.0;GUAN_054;1.17;0.04;1.56;0.06;0.75;0.04;1.11;0.06;1.57;0.11;0.71;0.06;-999;-999;-999;-999;-999;-999;-999;-999;-999;-999;-999;-999;0;-999
GBOV_RM7_348;GuanicaForest;Courtney Meier;cmeier@battelleecology.org;support-copernicus-gbov@acri-st.fr;NEON;143;Evergreen Broadleaf;17.9695491790771;-66.8686981201172;20160427T000000Z;2.0;GUAN_054;1.61;0.06;2.26;0.10;0.71;0.04;1.45;0.10;2.25;0.17;0.64;0.06;-999;-999;-999;-999;-999;-999;-999;-999;-999;-999;-999;-999;0;-999
GBOV_RM7_348;GuanicaForest;Courtney Meier;cmeier@battelleecology.org;support-copernicus-gbov@acri-st.fr;NEON;143;Evergreen Broadleaf;17.9695491790771;-66.8686981201172;20160510T000000Z;2.0;GUAN_054;1.89;0.07;2.65;0.11;0.71;0.04;1.62;0.10;2.37;0.14;0.69;0.06;-999;-999;-999;-999;-999;-999;-999;-999;-999;-999;-999;-999;0;-999
GBOV_RM7_348;GuanicaForest;Courtney Meier;cmeier@battelleecology.org;support-copernicus-gbov@acri-st.fr;NEON;143;Evergreen Broadleaf;17.9695491790771;-66.8686981201172;20160524T000000Z;2.0;GUAN_054;2.25;0.07;3.33;0.11;0.678;0.032;1.98;0.11;3.13;0.19;0.63;0.05;-999;-999;-999;-999;-999;-999;-999;-999;-999;-999;-999;-999;0;-999
GBOV_RM7_348;GuanicaForest;Courtney Meier;cmeier@battelleecology.org;support-copernicus-gbov@acri-st.fr;NEON;143;Evergreen Broadleaf;17.9695491790771;-66.8686981201172;20160606T000000Z;2.0;GUAN_054;2.09;0.08;3.11;0.12;0.67;0.04;1.82;0.11;2.87;0.22;0.63;0.06;-999;-999;-999;-999;-999;-999;-999;-999;-999;-999;-999;-999;0;-999
GBOV_RM7_348;GuanicaForest;Courtney Meier;cmeier@battelleecology.org;support-copernicus-gbov@acri-st.fr;NEON;143;Evergreen Broadleaf;17.9695491790771;-66.8686981201172;20160621T000000Z;2.0;GUAN_054;2.01;0.08;2.91;0.11;0.69;0.04;1.74;0.10;2.70;0.18;0.64;0.06;-999;-999;-999;-999;-999;-999;-999;-999;-999;-999;-999;-999;0;-999
GBOV_RM7_348;GuanicaForest;Courtney Meier;cmeier@battelleecology.org;support-copernicus-gbov@acri-st.fr;NEON;143;Evergreen Broadleaf;17.9695491790771;-66.8686981201172;20160705T000000Z;2.0;GUAN_054;1.81;0.07;2.73;0.13;0.66;0.04;1.64;0.09;2.60;0.19;0.63;0.06;-999;-999;-999;-999;-999;-999;-999;-999;-999;-999;-999;-999;0;-999
GBOV_RM7_348;GuanicaForest;Courtney Meier;cmeier@battelleecology.org;support-copernicus-gbov@acri-st.fr;NEON;143;Evergreen Broadleaf;17.9695491790771;-66.8686981201172;20160719T000000Z;2.0;GUAN_054;1.76;0.07;2.52;0.10;0.70;0.04;1.66;0.09;2.42;0.16;0.68;0.06;-999;-999;-999;-999;-999;-999;-999;-999;-999;-999;-999;-999;0;-999
GBOV_RM7_348;GuanicaForest;Courtney Meier;cmeier@battelleecology.org;support-copernicus-gbov@acri-st.fr;NEON;143;Evergreen Broadleaf;17.9695491790771;-66.8686981201172;20160802T000000Z;2.0;GUAN_054;1.62;0.06;2.34;0.10;0.69;0.04;1.51;0.11;2.35;0.20;0.64;0.07;-999;-999;-999;-999;-999;-999;-999;-999;-999;-999;-999;-999;0;-999
GBOV_RM7_348;GuanicaForest;Courtney Meier;cmeier@battelleecology.org;support-copernicus-gbov@acri-st.fr;NEON;143;Evergreen Broadleaf;17.9695491790771;-66.8686981201172;20160819T000000Z;2.0;GUAN_054;1.91;0.07;2.66;0.09;0.72;0.04;1.59;0.11;2.38;0.18;0.67;0.07;-999;-999;-999;-999;-999;-999;-999;-999;-999;-999;-999;-999;0;-999
GBOV_RM7_348;GuanicaForest;Courtney Meier;cmeier@battelleecology.org;support-copernicus-gbov@acri-st.fr;NEON;143;Evergreen Broadleaf;17.9695491790771;-66.8686981201172;20160830T000000Z;2.0;GUAN_054;2.20;0.08;3.09;0.10;0.713;0.035;1.54;0.09;2.42;0.15;0.64;0.05;-999;-999;-999;-999;-999;-999;-999;-999;-999;-999;-999;-999;0;-999
GBOV_RM7_348;GuanicaForest;Courtney Meier;cmeier@battelleecology.org;support-copernicus-gbov@acri-st.fr;NEON;143;Evergreen Broadleaf;17.9695491790771;-66.8686981201172;20160913T000000Z;2.0;GUAN_054;2.33;0.07;3.27;0.11;0.710;0.032;1.80;0.10;2.77;0.16;0.65;0.05;-999;-999;-999;-999;-999;-999;-999;-999;-999;-999;-999;-999;0;-999
GBOV_RM7_348;GuanicaForest;Courtney Meier;cmeier@battelleecology.org;support-copernicus-gbov@acri-st.fr;NEON;143;Evergreen Broadleaf;17.9695491790771;-66.8686981201172;20160927T000000Z;2.0;GUAN_054;1.77;0.06;2.48;0.09;0.715;0.035;1.55;0.10;2.40;0.17;0.64;0.06;-999;-999;-999;-999;-999;-999;-999;-999;-999;-999;-999;-999;32;-999
GBOV_RM7_348;GuanicaForest;Courtney Meier;cmeier@battelleecology.org;support-copernicus-gbov@acri-st.fr;NEON;143;Evergreen Broadleaf;17.9695491790771;-66.8686981201172;20161012T000000Z;2.0;GUAN_054;2.12;0.07;2.98;0.10;0.711;0.034;1.67;0.11;2.60;0.19;0.64;0.06;-999;-999;-999;-999;-999;-999;-999;-999;-999;-999;-999;-999;0;-999
GBOV_RM7_348;GuanicaForest;Courtney Meier;cmeier@battelleecology.org;support-copernicus-gbov@acri-st.fr;NEON;143;Evergreen Broadleaf;17.9695491790771;-66.8686981201172;20161025T000000Z;2.0;GUAN_054;2.74;0.09;3.97;0.14;0.690;0.033;2.13;0.16;3.28;0.28;0.65;0.07;-999;-999;-999;-999;-999;-999;-999;-999;-999;-999;-999;-999;0;-999
GBOV_RM7_348;GuanicaForest;Courtney Meier;cmeier@battelleecology.org;support-copernicus-gbov@acri-st.fr;NEON;143;Evergreen Broadleaf;17.9695491790771;-66.8686981201172;20161109T000000Z;2.0;GUAN_054;2.49;0.10;3.64;0.13;0.68;0.04;2.15;0.11;3.12;0.16;0.69;0.05;-999;-999;-999;-999;-999;-999;-999;-999;-999;-999;-999;-999;0;-999
GBOV_RM7_348;GuanicaForest;Courtney Meier;cmeier@battelleecology.org;support-copernicus-gbov@acri-st.fr;NEON;143;Evergreen Broadleaf;17.9695491790771;-66.8686981201172;20161122T000000Z;2.0;GUAN_054;2.49;0.08;3.57;0.12;0.699;0.033;2.08;0.12;3.30;0.20;0.63;0.05;-999;-999;-999;-999;-999;-999;-999;-999;-999;-999;-999;-999;0;-999
GBOV_RM7_348;GuanicaForest;Courtney Meier;cmeier@battelleecology.org;support-copernicus-gbov@acri-st.fr;NEON;143;Evergreen Broadleaf;17.9695491790771;-66.8686981201172;20161205T000000Z;2.0;GUAN_054;2.21;0.09;3.33;0.13;0.66;0.04;1.77;0.12;2.92;0.19;0.61;0.06;-999;-999;-999;-999;-999;-999;-999;-999;-999;-999;-999;-999;8;-999
GBOV_RM7_348;GuanicaForest;Courtney Meier;cmeier@battelleecology.org;support-copernicus-gbov@acri-st.fr;NEON;143;Evergreen Broadleaf;17.9695491790771;-66.8686981201172;20170113T000000Z;2.0;GUAN_054;2.35;0.09;3.65;0.15;0.64;0.04;1.79;0.11;2.78;0.20;0.64;0.06;-999;-999;-999;-999;-999;-999;-999;-999;-999;-999;-999;-999;0;-999
GBOV_RM7_348;GuanicaForest;Courtney Meier;cmeier@battelleecology.org;support-copernicus-gbov@acri-st.fr;NEON;143;Evergreen Broadleaf;17.9695491790771;-66.8686981201172;20170126T000000Z;2.0;GUAN_054;2.45;0.09;3.63;0.14;0.674;0.035;1.83;0.12;2.94;0.20;0.62;0.06;-999;-999;-999;-999;-999;-999;-999;-999;-999;-999;-999;-999;0;-999
GBOV_RM7_348;GuanicaForest;Courtney Meier;cmeier@battelleecology.org;support-copernicus-gbov@acri-st.fr;NEON;143;Evergreen Broadleaf;17.9695491790771;-66.8686981201172;20170206T000000Z;2.0;GUAN_054;2.55;0.09;3.74;0.13;0.681;0.033;1.81;0.10;2.78;0.19;0.65;0.06;-999;-999;-999;-999;-999;-999;-999;-999;-999;-999;-999;-999;0;-999
GBOV_RM7_348;GuanicaForest;Courtney Meier;cmeier@battelleecology.org;support-copernicus-gbov@acri-st.fr;NEON;143;Evergreen Broadleaf;17.9695491790771;-66.8686981201172;20170310T000000Z;2.0;GUAN_054;1.97;0.07;2.71;0.11;0.73;0.04;1.67;0.10;2.58;0.19;0.65;0.06;-999;-999;-999;-999;-999;-999;-999;-999;-999;-999;-999;-999;2;-999
GBOV_RM7_348;GuanicaForest;Courtney Meier;cmeier@battelleecology.org;support-copernicus-gbov@acri-st.fr;NEON;143;Evergreen Broadleaf;17.9695491790771;-66.8686981201172;20170320T000000Z;2.0;GUAN_054;1.78;0.07;2.47;0.10;0.72;0.04;1.47;0.10;2.12;0.16;0.69;0.07;-999;-999;-999;-999;-999;-999;-999;-999;-999;-999;-999;-999;0;-999
GBOV_RM7_348;GuanicaForest;Courtney Meier;cmeier@battelleecology.org;support-copernicus-gbov@acri-st.fr;NEON;143;Evergreen Broadleaf;17.9695491790771;-66.8686981201172;20170403T000000Z;2.0;GUAN_054;1.81;0.07;2.55;0.11;0.71;0.04;1.46;0.12;2.21;0.20;0.66;0.08;-999;-999;-999;-999;-999;-999;-999;-999;-999;-999;-999;-999;2;-999
GBOV_RM7_348;GuanicaForest;Courtney Meier;cmeier@battelleecology.org;support-copernicus-gbov@acri-st.fr;NEON;143;Evergreen Broadleaf;17.9695491790771;-66.8686981201172;20170417T000000Z;2.0;GUAN_054;1.71;0.06;2.36;0.10;0.72;0.04;1.67;0.10;2.41;0.18;0.69;0.07;-999;-999;-999;-999;-999;-999;-999;-999;-999;-999;-999;-999;0;-999
GBOV_RM7_348;GuanicaForest;Courtney Meier;cmeier@battelleecology.org;support-copernicus-gbov@acri-st.fr;NEON;143;Evergreen Broadleaf;17.9695491790771;-66.8686981201172;20170502T000000Z;2.0;GUAN_054;1.85;0.07;2.54;0.10;0.73;0.04;1.74;0.11;2.41;0.15;0.72;0.06;-999;-999;-999;-999;-999;-999;-999;-999;-999;-999;-999;-999;0;-999
GBOV_RM7_348;GuanicaForest;Courtney Meier;cmeier@battelleecology.org;support-copernicus-gbov@acri-st.fr;NEON;143;Evergreen Broadleaf;17.9695491790771;-66.8686981201172;20170516T000000Z;2.0;GUAN_054;1.71;0.06;2.37;0.09;0.72;0.04;1.62;0.08;2.26;0.14;0.72;0.06;-999;-999;-999;-999;-999;-999;-999;-999;-999;-999;-999;-999;0;-999
GBOV_RM7_348;GuanicaForest;Courtney Meier;cmeier@battelleecology.org;support-copernicus-gbov@acri-st.fr;NEON;143;Evergreen Broadleaf;17.9695491790771;-66.8686981201172;20170529T000000Z;2.0;GUAN_054;1.51;0.06;2.02;0.09;0.75;0.04;1.50;0.09;2.09;0.14;0.72;0.06;-999;-999;-999;-999;-999;-999;-999;-999;-999;-999;-999;-999;0;-999
GBOV_RM7_348;GuanicaForest;Courtney Meier;cmeier@battelleecology.org;support-copernicus-gbov@acri-st.fr;NEON;143;Evergreen Broadleaf;17.9695491790771;-66.8686981201172;20170613T000000Z;2.0;GUAN_054;1.35;0.05;1.79;0.07;0.75;0.04;1.25;0.07;1.70;0.11;0.73;0.06;-999;-999;-999;-999;-999;-999;-999;-999;-999;-999;-999;-999;0;-999
GBOV_RM7_348;GuanicaForest;Courtney Meier;cmeier@battelleecology.org;support-copernicus-gbov@acri-st.fr;NEON;143;Evergreen Broadleaf;17.9695491790771;-66.8686981201172;20170627T000000Z;2.0;GUAN_054;1.13;0.05;1.52;0.07;0.75;0.05;1.13;0.07;1.55;0.12;0.73;0.07;-999;-999;-999;-999;-999;-999;-999;-999;-999;-999;-999;-999;0;-999
GBOV_RM7_348;GuanicaForest;Courtney Meier;cmeier@battelleecology.org;support-copernicus-gbov@acri-st.fr;NEON;143;Evergreen Broadleaf;17.9695491790771;-66.8686981201172;20170711T000000Z;2.0;GUAN_054;1.19;0.05;1.56;0.07;0.76;0.05;1.22;0.09;1.67;0.13;0.73;0.08;-999;-999;-999;-999;-999;-999;-999;-999;-999;-999;-999;-999;0;-999
GBOV_RM7_348;GuanicaForest;Courtney Meier;cmeier@battelleecology.org;support-copernicus-gbov@acri-st.fr;NEON;143;Evergreen Broadleaf;17.9695491790771;-66.8686981201172;20170725T000000Z;2.0;GUAN_054;1.51;0.06;2.01;0.09;0.75;0.04;1.19;0.08;1.68;0.14;0.71;0.08;-999;-999;-999;-999;-999;-999;-999;-999;-999;-999;-999;-999;0;-999
GBOV_RM7_348;GuanicaForest;Courtney Meier;cmeier@battelleecology.org;support-copernicus-gbov@acri-st.fr;NEON;143;Evergreen Broadleaf;17.9695491790771;-66.8686981201172;20170808T000000Z;2.0;GUAN_054;1.21;0.05;1.59;0.07;0.76;0.05;1.18;0.08;1.64;0.13;0.72;0.08;-999;-999;-999;-999;-999;-999;-999;-999;-999;-999;-999;-999;0;-999
GBOV_RM7_348;GuanicaForest;Courtney Meier;cmeier@battelleecology.org;support-copernicus-gbov@acri-st.fr;NEON;143;Evergreen Broadleaf;17.9695491790771;-66.8686981201172;20170822T000000Z;2.0;GUAN_054;1.32;0.06;1.81;0.09;0.73;0.05;1.30;0.10;1.84;0.16;0.71;0.08;-999;-999;-999;-999;-999;-999;-999;-999;-999;-999;-999;-999;0;-999
GBOV_RM7_348;GuanicaForest;Courtney Meier;cmeier@battelleecology.org;support-copernicus-gbov@acri-st.fr;NEON;143;Evergreen Broadleaf;17.9695491790771;-66.8686981201172;20170904T000000Z;2.0;GUAN_054;2.38;0.09;3.73;0.14;0.638;0.035;1.98;0.12;3.09;0.18;0.64;0.05;-999;-999;-999;-999;-999;-999;-999;-999;-999;-999;-999;-999;0;-999
GBOV_RM7_348;GuanicaForest;Courtney Meier;cmeier@battelleecology.org;support-copernicus-gbov@acri-st.fr;NEON;143;Evergreen Broadleaf;17.9695491790771;-66.8686981201172;20170918T000000Z;2.0;GUAN_054;2.66;0.10;4.08;0.15;0.651;0.034;2.49;0.13;3.73;0.22;0.67;0.05;-999;-999;-999;-999;-999;-999;-999;-999;-999;-999;-999;-999;2;-999
GBOV_RM7_348;GuanicaForest;Courtney Meier;cmeier@battelleecology.org;support-copernicus-gbov@acri-st.fr;NEON;143;Evergreen Broadleaf;17.9695491790771;-66.8686981201172;20171017T000000Z;2.0;GUAN_054;1.24;0.06;1.84;0.10;0.68;0.05;1.22;0.09;1.87;0.16;0.65;0.07;-999;-999;-999;-999;-999;-999;-999;-999;-999;-999;-999;-999;0;-999
GBOV_RM7_348;GuanicaForest;Courtney Meier;cmeier@battelleecology.org;support-copernicus-gbov@acri-st.fr;NEON;143;Evergreen Broadleaf;17.9695491790771;-66.8686981201172;20171031T000000Z;2.0;GUAN_054;1.52;0.08;2.43;0.13;0.63;0.05;1.24;0.09;1.94;0.19;0.64;0.08;-999;-999;-999;-999;-999;-999;-999;-999;-999;-999;-999;-999;0;-999
GBOV_RM7_348;GuanicaForest;Courtney Meier;cmeier@battelleecology.org;support-copernicus-gbov@acri-st.fr;NEON;143;Evergreen Broadleaf;17.9695491790771;-66.8686981201172;20171114T000000Z;2.0;GUAN_054;1.64;0.09;2.71;0.17;0.61;0.05;1.38;0.11;2.32;0.21;0.59;0.07;-999;-999;-999;-999;-999;-999;-999;-999;-999;-999;-999;-999;0;-999
GBOV_RM7_348;GuanicaForest;Courtney Meier;cmeier@battelleecology.org;support-copernicus-gbov@acri-st.fr;NEON;143;Evergreen Broadleaf;17.9695491790771;-66.8686981201172;20171128T000000Z;2.0;GUAN_054;1.67;0.09;2.70;0.14;0.62;0.04;1.54;0.12;2.31;0.18;0.67;0.07;-999;-999;-999;-999;-999;-999;-999;-999;-999;-999;-999;-999;0;-999
GBOV_RM7_348;GuanicaForest;Courtney Meier;cmeier@battelleecology.org;support-copernicus-gbov@acri-st.fr;NEON;143;Evergreen Broadleaf;17.9695491790771;-66.8686981201172;20171211T000000Z;2.0;GUAN_054;1.73;0.10;2.82;0.17;0.61;0.05;1.47;0.12;2.38;0.22;0.62;0.08;-999;-999;-999;-999;-999;-999;-999;-999;-999;-999;-999;-999;0;-999
GBOV_RM7_348;GuanicaForest;Courtney Meier;cmeier@battelleecology.org;support-copernicus-gbov@acri-st.fr;NEON;143;Evergreen Broadleaf;17.9695491790771;-66.8686981201172;20171227T000000Z;2.0;GUAN_054;1.53;0.09;2.41;0.13;0.64;0.05;1.38;0.12;2.08;0.18;0.66;0.08;-999;-999;-999;-999;-999;-999;-999;-999;-999;-999;-999;-999;0;-999
GBOV_RM7_348;GuanicaForest;Courtney Meier;cmeier@battelleecology.org;support-copernicus-gbov@acri-st.fr;NEON;143;Evergreen Broadleaf;17.9695491790771;-66.8686981201172;20180108T000000Z;2.0;GUAN_054;1.59;0.10;2.70;0.18;0.59;0.05;1.41;0.12;2.22;0.22;0.63;0.08;-999;-999;-999;-999;-999;-999;-999;-999;-999;-999;-999;-999;0;-999
GBOV_RM7_348;GuanicaForest;Courtney Meier;cmeier@battelleecology.org;support-copernicus-gbov@acri-st.fr;NEON;143;Evergreen Broadleaf;17.9695491790771;-66.8686981201172;20180122T000000Z;2.0;GUAN_054;1.62;0.09;2.63;0.16;0.62;0.05;1.39;0.13;2.39;0.25;0.58;0.08;-999;-999;-999;-999;-999;-999;-999;-999;-999;-999;-999;-999;0;-999
GBOV_RM7_348;GuanicaForest;Courtney Meier;cmeier@battelleecology.org;support-copernicus-gbov@acri-st.fr;NEON;143;Evergreen Broadleaf;17.9695491790771;-66.8686981201172;20180205T000000Z;2.0;GUAN_054;1.74;0.09;2.71;0.14;0.64;0.05;1.45;0.13;2.32;0.20;0.62;0.08;-999;-999;-999;-999;-999;-999;-999;-999;-999;-999;-999;-999;0;-999
GBOV_RM7_348;GuanicaForest;Courtney Meier;cmeier@battelleecology.org;support-copernicus-gbov@acri-st.fr;NEON;143;Evergreen Broadleaf;17.9695491790771;-66.8686981201172;20180219T000000Z;2.0;GUAN_054;1.59;0.09;2.49;0.14;0.64;0.05;1.31;0.11;1.95;0.17;0.67;0.08;-999;-999;-999;-999;-999;-999;-999;-999;-999;-999;-999;-999;0;-999
GBOV_RM7_348;GuanicaForest;Courtney Meier;cmeier@battelleecology.org;support-copernicus-gbov@acri-st.fr;NEON;143;Evergreen Broadleaf;17.9695491790771;-66.8686981201172;20180305T000000Z;2.0;GUAN_054;1.58;0.08;2.48;0.13;0.64;0.05;1.44;0.11;2.26;0.16;0.64;0.07;-999;-999;-999;-999;-999;-999;-999;-999;-999;-999;-999;-999;0;-999
GBOV_RM7_348;GuanicaForest;Courtney Meier;cmeier@battelleecology.org;support-copernicus-gbov@acri-st.fr;NEON;143;Evergreen Broadleaf;17.9695491790771;-66.8686981201172;20180319T000000Z;2.0;GUAN_054;1.86;0.10;2.93;0.14;0.64;0.05;1.56;0.12;2.42;0.17;0.64;0.07;-999;-999;-999;-999;-999;-999;-999;-999;-999;-999;-999;-999;0;-999
GBOV_RM7_348;GuanicaForest;Courtney Meier;cmeier@battelleecology.org;support-copernicus-gbov@acri-st.fr;NEON;143;Evergreen Broadleaf;17.9695491790771;-66.8686981201172;20180402T000000Z;2.0;GUAN_054;2.04;0.09;3.13;0.13;0.65;0.04;1.73;0.13;2.71;0.20;0.64;0.07;-999;-999;-999;-999;-999;-999;-999;-999;-999;-999;-999;-999;0;-999
GBOV_RM7_348;GuanicaForest;Courtney Meier;cmeier@battelleecology.org;support-copernicus-gbov@acri-st.fr;NEON;143;Evergreen Broadleaf;17.9695491790771;-66.8686981201172;20180417T000000Z;2.0;GUAN_054;1.81;0.09;2.75;0.14;0.66;0.04;1.67;0.13;2.62;0.22;0.64;0.07;-999;-999;-999;-999;-999;-999;-999;-999;-999;-999;-999;-999;0;-999
GBOV_RM7_348;GuanicaForest;Courtney Meier;cmeier@battelleecology.org;support-copernicus-gbov@acri-st.fr;NEON;143;Evergreen Broadleaf;17.9695491790771;-66.8686981201172;20180430T000000Z;2.0;GUAN_054;1.99;0.10;3.24;0.15;0.62;0.04;1.72;0.15;2.75;0.23;0.63;0.07;-999;-999;-999;-999;-999;-999;-999;-999;-999;-999;-999;-999;0;-999
GBOV_RM7_348;GuanicaForest;Courtney Meier;cmeier@battelleecology.org;support-copernicus-gbov@acri-st.fr;NEON;143;Evergreen Broadleaf;17.9695491790771;-66.8686981201172;20180515T000000Z;2.0;GUAN_054;1.81;0.10;2.94;0.16;0.62;0.05;1.66;0.13;2.62;0.19;0.63;0.07;-999;-999;-999;-999;-999;-999;-999;-999;-999;-999;-999;-999;0;-999
GBOV_RM7_348;GuanicaForest;Courtney Meier;cmeier@battelleecology.org;support-copernicus-gbov@acri-st.fr;NEON;143;Evergreen Broadleaf;17.9695491790771;-66.8686981201172;20180529T000000Z;2.0;GUAN_054;1.69;0.09;2.71;0.15;0.62;0.05;1.54;0.14;2.47;0.21;0.62;0.08;-999;-999;-999;-999;-999;-999;-999;-999;-999;-999;-999;-999;0;-999
GBOV_RM7_348;GuanicaForest;Courtney Meier;cmeier@battelleecology.org;support-copernicus-gbov@acri-st.fr;NEON;143;Evergreen Broadleaf;17.9695491790771;-66.8686981201172;20180625T000000Z;2.0;GUAN_054;1.62;0.08;2.66;0.14;0.61;0.04;1.44;0.12;2.44;0.24;0.59;0.08;-999;-999;-999;-999;-999;-999;-999;-999;-999;-999;-999;-999;0;-999
GBOV_RM7_348;GuanicaForest;Courtney Meier;cmeier@battelleecology.org;support-copernicus-gbov@acri-st.fr;NEON;143;Evergreen Broadleaf;17.9695491790771;-66.8686981201172;20180710T000000Z;2.0;GUAN_054;1.90;0.10;2.90;0.15;0.65;0.05;1.72;0.16;2.84;0.25;0.61;0.08;-999;-999;-999;-999;-999;-999;-999;-999;-999;-999;-999;-999;0;-999
GBOV_RM7_348;GuanicaForest;Courtney Meier;cmeier@battelleecology.org;support-copernicus-gbov@acri-st.fr;NEON;143;Evergreen Broadleaf;17.9695491790771;-66.8686981201172;20180724T000000Z;2.0;GUAN_054;1.64;0.08;2.47;0.13;0.66;0.05;1.52;0.12;2.41;0.21;0.63;0.08;-999;-999;-999;-999;-999;-999;-999;-999;-999;-999;-999;-999;0;-999
GBOV_RM7_348;GuanicaForest;Courtney Meier;cmeier@battelleecology.org;support-copernicus-gbov@acri-st.fr;NEON;143;Evergreen Broadleaf;17.9695491790771;-66.8686981201172;20180807T000000Z;2.0;GUAN_054;1.65;0.07;2.42;0.11;0.68;0.04;1.49;0.13;2.32;0.19;0.64;0.08;-999;-999;-999;-999;-999;-999;-999;-999;-999;-999;-999;-999;0;-999
GBOV_RM7_348;GuanicaForest;Courtney Meier;cmeier@battelleecology.org;support-copernicus-gbov@acri-st.fr;NEON;143;Evergreen Broadleaf;17.9695491790771;-66.8686981201172;20180821T000000Z;2.0;GUAN_054;1.58;0.09;2.44;0.13;0.65;0.05;1.30;0.12;2.11;0.22;0.62;0.09;-999;-999;-999;-999;-999;-999;-999;-999;-999;-999;-999;-999;0;-999
GBOV_RM7_348;GuanicaForest;Courtney Meier;cmeier@battelleecology.org;support-copernicus-gbov@acri-st.fr;NEON;143;Evergreen Broadleaf;17.9695491790771;-66.8686981201172;20180904T000000Z;2.0;GUAN_054;1.47;0.07;2.25;0.11;0.65;0.05;1.38;0.12;2.31;0.21;0.60;0.08;-999;-999;-999;-999;-999;-999;-999;-999;-999;-999;-999;-999;0;-999
GBOV_RM7_348;GuanicaForest;Courtney Meier;cmeier@battelleecology.org;support-copernicus-gbov@acri-st.fr;NEON;143;Evergreen Broadleaf;17.9695491790771;-66.8686981201172;20180918T000000Z;2.0;GUAN_054;1.59;0.09;2.55;0.15;0.62;0.05;1.43;0.11;2.33;0.19;0.61;0.07;-999;-999;-999;-999;-999;-999;-999;-999;-999;-999;-999;-999;0;-999
GBOV_RM7_348;GuanicaForest;Courtney Meier;cmeier@battelleecology.org;support-copernicus-gbov@acri-st.fr;NEON;143;Evergreen Broadleaf;17.9695491790771;-66.8686981201172;20181002T000000Z;2.0;GUAN_054;1.65;0.08;2.58;0.14;0.64;0.05;1.40;0.11;2.21;0.19;0.63;0.07;-999;-999;-999;-999;-999;-999;-999;-999;-999;-999;-999;-999;0;-999
GBOV_RM7_348;GuanicaForest;Courtney Meier;cmeier@battelleecology.org;support-copernicus-gbov@acri-st.fr;NEON;143;Evergreen Broadleaf;17.9695491790771;-66.8686981201172;20181016T000000Z;2.0;GUAN_054;2.01;0.10;3.30;0.17;0.61;0.04;1.79;0.15;2.95;0.24;0.61;0.07;-999;-999;-999;-999;-999;-999;-999;-999;-999;-999;-999;-999;0;-999
GBOV_RM7_348;GuanicaForest;Courtney Meier;cmeier@battelleecology.org;support-copernicus-gbov@acri-st.fr;NEON;143;Evergreen Broadleaf;17.9695491790771;-66.8686981201172;20181029T000000Z;2.0;GUAN_054;2.17;0.11;3.51;0.16;0.62;0.04;1.86;0.13;2.99;0.22;0.62;0.06;-999;-999;-999;-999;-999;-999;-999;-999;-999;-999;-999;-999;0;-999
GBOV_RM7_348;GuanicaForest;Courtney Meier;cmeier@battelleecology.org;support-copernicus-gbov@acri-st.fr;NEON;143;Evergreen Broadleaf;17.9695491790771;-66.8686981201172;20181112T063800Z;2.0;GUAN_054;2.23;0.10;3.56;0.16;0.63;0.04;1.98;0.13;3.01;0.17;0.66;0.06;-999;-999;-999;-999;-999;-999;-999;-999;-999;-999;-999;-999;0;0
GBOV_RM7_348;GuanicaForest;Courtney Meier;cmeier@battelleecology.org;support-copernicus-gbov@acri-st.fr;NEON;143;Evergreen Broadleaf;17.9695491790771;-66.8686981201172;20181127T064100Z;2.0;GUAN_054;2.13;0.11;3.44;0.15;0.62;0.04;1.97;0.14;3.09;0.20;0.64;0.06;-999;-999;-999;-999;-999;-999;-999;-999;-999;-999;-999;-999;0;0
GBOV_RM7_348;GuanicaForest;Courtney Meier;cmeier@battelleecology.org;support-copernicus-gbov@acri-st.fr;NEON;143;Evergreen Broadleaf;17.9695491790771;-66.8686981201172;20181211T064500Z;2.0;GUAN_054;1.83;0.08;2.81;0.13;0.65;0.04;1.81;0.12;2.83;0.19;0.64;0.06;-999;-999;-999;-999;-999;-999;-999;-999;-999;-999;-999;-999;0;0
GBOV_RM7_348;GuanicaForest;Courtney Meier;cmeier@battelleecology.org;support-copernicus-gbov@acri-st.fr;NEON;143;Evergreen Broadleaf;17.9695491790771;-66.8686981201172;20181227T070300Z;2.0;GUAN_054;1.83;0.08;2.78;0.13;0.66;0.04;1.71;0.14;2.75;0.22;0.62;0.07;-999;-999;-999;-999;-999;-999;-999;-999;-999;-999;-999;-999;0;0
GBOV_RM7_348;GuanicaForest;Courtney Meier;cmeier@battelleecology.org;support-copernicus-gbov@acri-st.fr;NEON;143;Evergreen Broadleaf;17.9695491790771;-66.8686981201172;20190107T065700Z;2.0;GUAN_054;1.64;0.08;2.42;0.11;0.68;0.04;1.60;0.13;2.60;0.21;0.61;0.07;-999;-999;-999;-999;-999;-999;-999;-999;-999;-999;-999;-999;0;0
GBOV_RM7_348;GuanicaForest;Courtney Meier;cmeier@battelleecology.org;support-copernicus-gbov@acri-st.fr;NEON;143;Evergreen Broadleaf;17.9695491790771;-66.8686981201172;20190121T070500Z;2.0;GUAN_054;1.70;0.08;2.50;0.13;0.68;0.05;1.64;0.12;2.54;0.20;0.64;0.07;-999;-999;-999;-999;-999;-999;-999;-999;-999;-999;-999;-999;0;0
GBOV_RM7_348;GuanicaForest;Courtney Meier;cmeier@battelleecology.org;support-copernicus-gbov@acri-st.fr;NEON;143;Evergreen Broadleaf;17.9695491790771;-66.8686981201172;20190204T070400Z;2.0;GUAN_054;1.50;0.08;2.24;0.12;0.67;0.05;1.47;0.13;2.39;0.22;0.62;0.08;-999;-999;-999;-999;-999;-999;-999;-999;-999;-999;-999;-999;0;0
GBOV_RM7_348;GuanicaForest;Courtney Meier;cmeier@battelleecology.org;support-copernicus-gbov@acri-st.fr;NEON;143;Evergreen Broadleaf;17.9695491790771;-66.8686981201172;20190218T065700Z;2.0;GUAN_054;1.43;0.07;2.12;0.11;0.68;0.05;1.40;0.11;2.18;0.16;0.64;0.07;-999;-999;-999;-999;-999;-999;-999;-999;-999;-999;-999;-999;0;0
GBOV_RM7_348;GuanicaForest;Courtney Meier;cmeier@battelleecology.org;support-copernicus-gbov@acri-st.fr;NEON;143;Evergreen Broadleaf;17.9695491790771;-66.8686981201172;20190305T065100Z;2.0;GUAN_054;1.38;0.06;1.98;0.10;0.70;0.05;1.48;0.11;2.30;0.17;0.64;0.07;-999;-999;-999;-999;-999;-999;-999;-999;-999;-999;-999;-999;0;0
GBOV_RM7_348;GuanicaForest;Courtney Meier;cmeier@battelleecology.org;support-copernicus-gbov@acri-st.fr;NEON;143;Evergreen Broadleaf;17.9695491790771;-66.8686981201172;20190318T064200Z;2.0;GUAN_054;1.58;0.07;2.40;0.11;0.66;0.04;1.43;0.11;2.24;0.15;0.64;0.06;-999;-999;-999;-999;-999;-999;-999;-999;-999;-999;-999;-999;0;0
GBOV_RM7_348;GuanicaForest;Courtney Meier;cmeier@battelleecology.org;support-copernicus-gbov@acri-st.fr;NEON;143;Evergreen Broadleaf;17.9695491790771;-66.8686981201172;20190401T063300Z;2.0;GUAN_054;1.60;0.07;2.35;0.12;0.68;0.05;1.56;0.11;2.42;0.16;0.65;0.06;-999;-999;-999;-999;-999;-999;-999;-999;-999;-999;-999;-999;0;0
GBOV_RM7_348;GuanicaForest;Courtney Meier;cmeier@battelleecology.org;support-copernicus-gbov@acri-st.fr;NEON;143;Evergreen Broadleaf;17.9695491790771;-66.8686981201172;20190415T061600Z;2.0;GUAN_054;1.66;0.07;2.40;0.11;0.69;0.04;1.53;0.10;2.25;0.16;0.68;0.07;-999;-999;-999;-999;-999;-999;-999;-999;-999;-999;-999;-999;0;0
GBOV_RM7_348;GuanicaForest;Courtney Meier;cmeier@battelleecology.org;support-copernicus-gbov@acri-st.fr;NEON;143;Evergreen Broadleaf;17.9695491790771;-66.8686981201172;20190430T060500Z;2.0;GUAN_054;1.49;0.07;2.12;0.10;0.70;0.05;1.48;0.10;2.22;0.19;0.66;0.07;-999;-999;-999;-999;-999;-999;-999;-999;-999;-999;-999;-999;0;0
GBOV_RM7_348;GuanicaForest;Courtney Meier;cmeier@battelleecology.org;support-copernicus-gbov@acri-st.fr;NEON;143;Evergreen Broadleaf;17.9695491790771;-66.8686981201172;20190514T055900Z;2.0;GUAN_054;1.36;0.06;1.89;0.09;0.72;0.05;1.34;0.09;2.02;0.15;0.66;0.07;-999;-999;-999;-999;-999;-999;-999;-999;-999;-999;-999;-999;0;0
GBOV_RM7_348;GuanicaForest;Courtney Meier;cmeier@battelleecology.org;support-copernicus-gbov@acri-st.fr;NEON;143;Evergreen Broadleaf;17.9695491790771;-66.8686981201172;20190529T060600Z;2.0;GUAN_054;1.40;0.06;1.90;0.09;0.74;0.05;1.37;0.11;1.99;0.16;0.69;0.08;-999;-999;-999;-999;-999;-999;-999;-999;-999;-999;-999;-999;0;0
GBOV_RM7_348;GuanicaForest;Courtney Meier;cmeier@battelleecology.org;support-copernicus-gbov@acri-st.fr;NEON;143;Evergreen Broadleaf;17.9695491790771;-66.8686981201172;20190611T055200Z;2.0;GUAN_054;1.16;0.06;1.63;0.08;0.71;0.05;1.20;0.10;1.80;0.16;0.67;0.08;-999;-999;-999;-999;-999;-999;-999;-999;-999;-999;-999;-999;0;0
GBOV_RM7_348;GuanicaForest;Courtney Meier;cmeier@battelleecology.org;support-copernicus-gbov@acri-st.fr;NEON;143;Evergreen Broadleaf;17.9695491790771;-66.8686981201172;20190626T060700Z;2.0;GUAN_054;1.21;0.06;1.67;0.08;0.72;0.05;1.22;0.08;1.82;0.14;0.67;0.07;-999;-999;-999;-999;-999;-999;-999;-999;-999;-999;-999;-999;0;0
GBOV_RM7_348;GuanicaForest;Courtney Meier;cmeier@battelleecology.org;support-copernicus-gbov@acri-st.fr;NEON;143;Evergreen Broadleaf;17.9695491790771;-66.8686981201172;20190709T060600Z;2.0;GUAN_054;1.16;0.05;1.60;0.08;0.73;0.05;1.11;0.08;1.66;0.15;0.67;0.08;-999;-999;-999;-999;-999;-999;-999;-999;-999;-999;-999;-999;0;0
GBOV_RM7_348;GuanicaForest;Courtney Meier;cmeier@battelleecology.org;support-copernicus-gbov@acri-st.fr;NEON;143;Evergreen Broadleaf;17.9695491790771;-66.8686981201172;20190724T061300Z;2.0;GUAN_054;1.08;0.05;1.48;0.07;0.73;0.05;1.09;0.08;1.62;0.15;0.67;0.08;-999;-999;-999;-999;-999;-999;-999;-999;-999;-999;-999;-999;0;0
GBOV_RM7_348;GuanicaForest;Courtney Meier;cmeier@battelleecology.org;support-copernicus-gbov@acri-st.fr;NEON;143;Evergreen Broadleaf;17.9695491790771;-66.8686981201172;20190806T061500Z;2.0;GUAN_054;1.10;0.06;1.55;0.09;0.71;0.05;1.12;0.11;1.84;0.20;0.61;0.09;-999;-999;-999;-999;-999;-999;-999;-999;-999;-999;-999;-999;0;0
GBOV_RM7_348;GuanicaForest;Courtney Meier;cmeier@battelleecology.org;support-copernicus-gbov@acri-st.fr;NEON;143;Evergreen Broadleaf;17.9695491790771;-66.8686981201172;20190820T061400Z;2.0;GUAN_054;0.99;0.05;1.35;0.08;0.73;0.06;0.98;0.07;1.42;0.14;0.69;0.08;-999;-999;-999;-999;-999;-999;-999;-999;-999;-999;-999;-999;0;0
GBOV_RM7_348;GuanicaForest;Courtney Meier;cmeier@battelleecology.org;support-copernicus-gbov@acri-st.fr;NEON;143;Evergreen Broadleaf;17.9695491790771;-66.8686981201172;20190903T062900Z;2.0;GUAN_054;1.04;0.06;1.54;0.10;0.68;0.06;0.99;0.09;1.45;0.16;0.68;0.10;-999;-999;-999;-999;-999;-999;-999;-999;-999;-999;-999;-999;0;0
GBOV_RM7_348;GuanicaForest;Courtney Meier;cmeier@battelleecology.org;support-copernicus-gbov@acri-st.fr;NEON;143;Evergreen Broadleaf;17.9695491790771;-66.8686981201172;20190917T062600Z;2.0;GUAN_054;1.12;0.06;1.53;0.09;0.73;0.06;1.26;0.10;1.82;0.15;0.69;0.08;-999;-999;-999;-999;-999;-999;-999;-999;-999;-999;-999;-999;0;0
GBOV_RM7_348;GuanicaForest;Courtney Meier;cmeier@battelleecology.org;support-copernicus-gbov@acri-st.fr;NEON;143;Evergreen Broadleaf;17.9695491790771;-66.8686981201172;20190930T063500Z;2.0;GUAN_054;1.33;0.07;1.91;0.11;0.70;0.05;1.21;0.08;1.78;0.11;0.68;0.06;-999;-999;-999;-999;-999;-999;-999;-999;-999;-999;-999;-999;0;0
GBOV_RM7_348;GuanicaForest;Courtney Meier;cmeier@battelleecology.org;support-copernicus-gbov@acri-st.fr;NEON;143;Evergreen Broadleaf;17.9695491790771;-66.8686981201172;20191015T063200Z;2.0;GUAN_054;1.42;0.08;2.09;0.12;0.68;0.05;1.36;0.09;2.13;0.16;0.64;0.06;-999;-999;-999;-999;-999;-999;-999;-999;-999;-999;-999;-999;0;0
GBOV_RM7_348;GuanicaForest;Courtney Meier;cmeier@battelleecology.org;support-copernicus-gbov@acri-st.fr;NEON;143;Evergreen Broadleaf;17.9695491790771;-66.8686981201172;20191029T064600Z;2.0;GUAN_054;1.42;0.07;2.14;0.12;0.66;0.05;1.30;0.10;2.02;0.17;0.65;0.07;-999;-999;-999;-999;-999;-999;-999;-999;-999;-999;-999;-999;0;0
GBOV_RM7_348;GuanicaForest;Courtney Meier;cmeier@battelleecology.org;support-copernicus-gbov@acri-st.fr;NEON;143;Evergreen Broadleaf;17.9695491790771;-66.8686981201172;20191111T063100Z;2.0;GUAN_054;1.36;0.07;2.07;0.12;0.66;0.05;1.30;0.09;1.95;0.14;0.67;0.06;-999;-999;-999;-999;-999;-999;-999;-999;-999;-999;-999;-999;0;0
GBOV_RM7_348;GuanicaForest;Courtney Meier;cmeier@battelleecology.org;support-copernicus-gbov@acri-st.fr;NEON;143;Evergreen Broadleaf;17.9695491790771;-66.8686981201172;20191125T064500Z;2.0;GUAN_054;1.45;0.08;2.26;0.13;0.64;0.05;1.35;0.10;2.14;0.20;0.63;0.08;-999;-999;-999;-999;-999;-999;-999;-999;-999;-999;-999;-999;0;0
