GBOV_ID;Site;GROUND_DATA_PI;GROUND_DATA_PIs_Email;GBOV_Email;Network;Elevation;IGBP_class;Lat_IS;Lon_IS;TIME_IS;Version;PLOT_ID;LAIe_Miller_up;LAIe_Miller_up_err;LAI_Miller_up;LAI_Miller_up_err;clumping_Miller_up;clumping_Miller_up_err;LAIe_Warren_up;LAIe_Warren_up_err;LAI_Warren_up;LAI_Warren_up_err;clumping_Warren_up;clumping_Warren_up_err;LAIe_Miller_down;LAIe_Miller_down_err;LAI_Miller_down;LAI_Miller_down_err;clumping_Miller_down;clumping_Miller_down_err;LAIe_Warren_down;LAIe_Warren_down_err;LAI_Warren_down;LAI_Warren_down_err;clumping_Warren_down;clumping_Warren_down_err;up_flag;down_flag
GBOV_RM7_1584;LajasExperimentalStation;Courtney Meier;cmeier@battelleecology.org;support-copernicus-gbov@acri-st.fr;NEON;24;Grassland;18.02125;-67.0769;20160415T102700Z;2.0;LAJA_054;-999;-999;-999;-999;-999;-999;-999;-999;-999;-999;-999;-999;0.0327;0.0024;0.0332;0.0025;0.99;0.10;0.028;0.004;0.028;0.004;0.99;0.20;-999;0
GBOV_RM7_1584;LajasExperimentalStation;Courtney Meier;cmeier@battelleecology.org;support-copernicus-gbov@acri-st.fr;NEON;24;Grassland;18.02125;-67.0769;20160429T085000Z;2.0;LAJA_054;-999;-999;-999;-999;-999;-999;-999;-999;-999;-999;-999;-999;0.146;0.007;0.149;0.007;0.98;0.06;0.135;0.010;0.139;0.011;0.97;0.10;-999;0
GBOV_RM7_1584;LajasExperimentalStation;Courtney Meier;cmeier@battelleecology.org;support-copernicus-gbov@acri-st.fr;NEON;24;Grassland;18.02125;-67.0769;20160513T095300Z;2.0;LAJA_054;-999;-999;-999;-999;-999;-999;-999;-999;-999;-999;-999;-999;2.08;0.06;2.28;0.07;0.91;0.04;1.61;0.07;1.77;0.11;0.91;0.07;-999;4
GBOV_RM7_1584;LajasExperimentalStation;Courtney Meier;cmeier@battelleecology.org;support-copernicus-gbov@acri-st.fr;NEON;24;Grassland;18.02125;-67.0769;20160527T100800Z;2.0;LAJA_054;-999;-999;-999;-999;-999;-999;-999;-999;-999;-999;-999;-999;1.19;0.04;1.30;0.05;0.92;0.05;0.97;0.05;1.03;0.05;0.94;0.06;-999;0
GBOV_RM7_1584;LajasExperimentalStation;Courtney Meier;cmeier@battelleecology.org;support-copernicus-gbov@acri-st.fr;NEON;24;Grassland;18.02125;-67.0769;20160610T091500Z;2.0;LAJA_054;-999;-999;-999;-999;-999;-999;-999;-999;-999;-999;-999;-999;0.0081;0.0008;0.0081;0.0008;1.00;0.13;0.0133;0.0019;0.0134;0.0019;1.00;0.20;-999;0
GBOV_RM7_1584;LajasExperimentalStation;Courtney Meier;cmeier@battelleecology.org;support-copernicus-gbov@acri-st.fr;NEON;24;Grassland;18.02125;-67.0769;20160624T084800Z;2.0;LAJA_054;-999;-999;-999;-999;-999;-999;-999;-999;-999;-999;-999;-999;0.0266;0.0030;0.0275;0.0032;0.97;0.15;0.020;0.004;0.020;0.004;0.98;0.27;-999;2
GBOV_RM7_1584;LajasExperimentalStation;Courtney Meier;cmeier@battelleecology.org;support-copernicus-gbov@acri-st.fr;NEON;24;Grassland;18.02125;-67.0769;20160708T082900Z;2.0;LAJA_054;-999;-999;-999;-999;-999;-999;-999;-999;-999;-999;-999;-999;0.163;0.010;0.172;0.011;0.95;0.08;0.160;0.019;0.168;0.022;0.95;0.17;-999;0
GBOV_RM7_1584;LajasExperimentalStation;Courtney Meier;cmeier@battelleecology.org;support-copernicus-gbov@acri-st.fr;NEON;24;Grassland;18.02125;-67.0769;20160722T082100Z;2.0;LAJA_054;-999;-999;-999;-999;-999;-999;-999;-999;-999;-999;-999;-999;0.68;0.04;0.76;0.05;0.89;0.08;0.52;0.05;0.57;0.05;0.92;0.11;-999;0
GBOV_RM7_1584;LajasExperimentalStation;Courtney Meier;cmeier@battelleecology.org;support-copernicus-gbov@acri-st.fr;NEON;24;Grassland;18.02125;-67.0769;20160805T082500Z;2.0;LAJA_054;-999;-999;-999;-999;-999;-999;-999;-999;-999;-999;-999;-999;0.892;0.033;0.948;0.035;0.94;0.05;0.73;0.04;0.76;0.05;0.95;0.08;-999;0
GBOV_RM7_1584;LajasExperimentalStation;Courtney Meier;cmeier@battelleecology.org;support-copernicus-gbov@acri-st.fr;NEON;24;Grassland;18.02125;-67.0769;20160818T162900Z;2.0;LAJA_054;-999;-999;-999;-999;-999;-999;-999;-999;-999;-999;-999;-999;2.87;0.07;2.99;0.07;0.960;0.033;1.93;0.05;1.98;0.06;0.97;0.04;-999;0
GBOV_RM7_1584;LajasExperimentalStation;Courtney Meier;cmeier@battelleecology.org;support-copernicus-gbov@acri-st.fr;NEON;24;Grassland;18.02125;-67.0769;20160902T134500Z;2.0;LAJA_054;-999;-999;-999;-999;-999;-999;-999;-999;-999;-999;-999;-999;4.53;0.10;4.81;0.11;0.942;0.031;2.79;0.07;2.90;0.09;0.96;0.04;-999;0
GBOV_RM7_1584;LajasExperimentalStation;Courtney Meier;cmeier@battelleecology.org;support-copernicus-gbov@acri-st.fr;NEON;24;Grassland;18.02125;-67.0769;20160916T073400Z;2.0;LAJA_054;-999;-999;-999;-999;-999;-999;-999;-999;-999;-999;-999;-999;1.20;0.04;1.27;0.04;0.94;0.05;0.92;0.04;0.97;0.04;0.96;0.06;-999;0
GBOV_RM7_1584;LajasExperimentalStation;Courtney Meier;cmeier@battelleecology.org;support-copernicus-gbov@acri-st.fr;NEON;24;Grassland;18.02125;-67.0769;20160930T084200Z;2.0;LAJA_054;-999;-999;-999;-999;-999;-999;-999;-999;-999;-999;-999;-999;3.35;0.10;3.62;0.11;0.92;0.04;2.23;0.08;2.34;0.10;0.95;0.05;-999;0
GBOV_RM7_1584;LajasExperimentalStation;Courtney Meier;cmeier@battelleecology.org;support-copernicus-gbov@acri-st.fr;NEON;24;Grassland;18.02125;-67.0769;20161014T072300Z;2.0;LAJA_054;-999;-999;-999;-999;-999;-999;-999;-999;-999;-999;-999;-999;3.28;0.09;3.49;0.10;0.94;0.04;1.97;0.09;2.08;0.10;0.95;0.06;-999;0
GBOV_RM7_1584;LajasExperimentalStation;Courtney Meier;cmeier@battelleecology.org;support-copernicus-gbov@acri-st.fr;NEON;24;Grassland;18.02125;-67.0769;20161028T081000Z;2.0;LAJA_054;-999;-999;-999;-999;-999;-999;-999;-999;-999;-999;-999;-999;2.46;0.07;2.63;0.08;0.93;0.04;1.67;0.06;1.75;0.08;0.95;0.06;-999;0
GBOV_RM7_1584;LajasExperimentalStation;Courtney Meier;cmeier@battelleecology.org;support-copernicus-gbov@acri-st.fr;NEON;24;Grassland;18.02125;-67.0769;20161111T080100Z;2.0;LAJA_054;-999;-999;-999;-999;-999;-999;-999;-999;-999;-999;-999;-999;1.04;0.05;1.21;0.06;0.87;0.06;0.74;0.06;0.82;0.06;0.91;0.09;-999;0
GBOV_RM7_1584;LajasExperimentalStation;Courtney Meier;cmeier@battelleecology.org;support-copernicus-gbov@acri-st.fr;NEON;24;Grassland;18.02125;-67.0769;20161123T072200Z;2.0;LAJA_054;-999;-999;-999;-999;-999;-999;-999;-999;-999;-999;-999;-999;2.42;0.09;2.71;0.09;0.89;0.04;1.77;0.10;1.96;0.13;0.91;0.08;-999;0
GBOV_RM7_1584;LajasExperimentalStation;Courtney Meier;cmeier@battelleecology.org;support-copernicus-gbov@acri-st.fr;NEON;24;Grassland;18.02125;-67.0769;20161208T074400Z;2.0;LAJA_054;-999;-999;-999;-999;-999;-999;-999;-999;-999;-999;-999;-999;1.57;0.06;1.76;0.08;0.89;0.05;1.01;0.07;1.10;0.08;0.92;0.09;-999;4
GBOV_RM7_1584;LajasExperimentalStation;Courtney Meier;cmeier@battelleecology.org;support-copernicus-gbov@acri-st.fr;NEON;24;Grassland;18.02125;-67.0769;20170112T081800Z;2.0;LAJA_054;-999;-999;-999;-999;-999;-999;-999;-999;-999;-999;-999;-999;1.57;0.05;1.64;0.05;0.95;0.04;0.99;0.05;1.03;0.05;0.96;0.07;-999;0
GBOV_RM7_1584;LajasExperimentalStation;Courtney Meier;cmeier@battelleecology.org;support-copernicus-gbov@acri-st.fr;NEON;24;Grassland;18.02125;-67.0769;20170127T081800Z;2.0;LAJA_054;-999;-999;-999;-999;-999;-999;-999;-999;-999;-999;-999;-999;1.52;0.07;1.68;0.07;0.90;0.06;0.98;0.08;1.03;0.07;0.94;0.10;-999;0
GBOV_RM7_1584;LajasExperimentalStation;Courtney Meier;cmeier@battelleecology.org;support-copernicus-gbov@acri-st.fr;NEON;24;Grassland;18.02125;-67.0769;20170210T072700Z;2.0;LAJA_054;-999;-999;-999;-999;-999;-999;-999;-999;-999;-999;-999;-999;1.10;0.04;1.17;0.04;0.94;0.05;0.74;0.05;0.79;0.05;0.94;0.09;-999;0
GBOV_RM7_1584;LajasExperimentalStation;Courtney Meier;cmeier@battelleecology.org;support-copernicus-gbov@acri-st.fr;NEON;24;Grassland;18.02125;-67.0769;20170224T073600Z;2.0;LAJA_054;-999;-999;-999;-999;-999;-999;-999;-999;-999;-999;-999;-999;1.21;0.05;1.29;0.05;0.94;0.05;0.75;0.05;0.78;0.05;0.96;0.08;-999;0
GBOV_RM7_1584;LajasExperimentalStation;Courtney Meier;cmeier@battelleecology.org;support-copernicus-gbov@acri-st.fr;NEON;24;Grassland;18.02125;-67.0769;20170308T071800Z;2.0;LAJA_054;-999;-999;-999;-999;-999;-999;-999;-999;-999;-999;-999;-999;1.67;0.05;1.80;0.06;0.93;0.04;1.05;0.06;1.11;0.06;0.95;0.07;-999;0
GBOV_RM7_1584;LajasExperimentalStation;Courtney Meier;cmeier@battelleecology.org;support-copernicus-gbov@acri-st.fr;NEON;24;Grassland;18.02125;-67.0769;20170324T072300Z;2.0;LAJA_054;-999;-999;-999;-999;-999;-999;-999;-999;-999;-999;-999;-999;2.21;0.06;2.37;0.07;0.93;0.04;1.34;0.07;1.42;0.06;0.94;0.06;-999;0
GBOV_RM7_1584;LajasExperimentalStation;Courtney Meier;cmeier@battelleecology.org;support-copernicus-gbov@acri-st.fr;NEON;24;Grassland;18.02125;-67.0769;20170407T072800Z;2.0;LAJA_054;-999;-999;-999;-999;-999;-999;-999;-999;-999;-999;-999;-999;1.33;0.04;1.40;0.05;0.95;0.04;0.90;0.06;0.93;0.05;0.96;0.08;-999;0
GBOV_RM7_1584;LajasExperimentalStation;Courtney Meier;cmeier@battelleecology.org;support-copernicus-gbov@acri-st.fr;NEON;24;Grassland;18.02125;-67.0769;20170419T074300Z;2.0;LAJA_054;-999;-999;-999;-999;-999;-999;-999;-999;-999;-999;-999;-999;2.56;0.06;2.66;0.06;0.965;0.031;1.49;0.04;1.53;0.04;0.98;0.04;-999;0
GBOV_RM7_1584;LajasExperimentalStation;Courtney Meier;cmeier@battelleecology.org;support-copernicus-gbov@acri-st.fr;NEON;24;Grassland;18.02125;-67.0769;20170503T161400Z;2.0;LAJA_054;-999;-999;-999;-999;-999;-999;-999;-999;-999;-999;-999;-999;3.81;0.09;4.04;0.10;0.944;0.032;2.26;0.08;2.35;0.09;0.96;0.05;-999;0
GBOV_RM7_1584;LajasExperimentalStation;Courtney Meier;cmeier@battelleecology.org;support-copernicus-gbov@acri-st.fr;NEON;24;Grassland;18.02125;-67.0769;20170518T164100Z;2.0;LAJA_054;-999;-999;-999;-999;-999;-999;-999;-999;-999;-999;-999;-999;2.75;0.10;3.07;0.11;0.90;0.05;1.79;0.12;1.92;0.12;0.93;0.08;-999;0
GBOV_RM7_1584;LajasExperimentalStation;Courtney Meier;cmeier@battelleecology.org;support-copernicus-gbov@acri-st.fr;NEON;24;Grassland;18.02125;-67.0769;20170601T154800Z;2.0;LAJA_054;-999;-999;-999;-999;-999;-999;-999;-999;-999;-999;-999;-999;3.76;0.09;4.02;0.10;0.935;0.034;2.24;0.08;2.38;0.10;0.94;0.05;-999;0
GBOV_RM7_1584;LajasExperimentalStation;Courtney Meier;cmeier@battelleecology.org;support-copernicus-gbov@acri-st.fr;NEON;24;Grassland;18.02125;-67.0769;20170615T154500Z;2.0;LAJA_054;-999;-999;-999;-999;-999;-999;-999;-999;-999;-999;-999;-999;3.49;0.10;3.78;0.10;0.92;0.04;2.13;0.09;2.25;0.09;0.94;0.06;-999;0
GBOV_RM7_1584;LajasExperimentalStation;Courtney Meier;cmeier@battelleecology.org;support-copernicus-gbov@acri-st.fr;NEON;24;Grassland;18.02125;-67.0769;20170629T164900Z;2.0;LAJA_054;-999;-999;-999;-999;-999;-999;-999;-999;-999;-999;-999;-999;2.06;0.12;2.50;0.13;0.82;0.06;1.32;0.15;1.52;0.17;0.87;0.14;-999;0
GBOV_RM7_1584;LajasExperimentalStation;Courtney Meier;cmeier@battelleecology.org;support-copernicus-gbov@acri-st.fr;NEON;24;Grassland;18.02125;-67.0769;20170713T164000Z;2.0;LAJA_054;-999;-999;-999;-999;-999;-999;-999;-999;-999;-999;-999;-999;0.399;0.021;0.423;0.023;0.94;0.07;0.317;0.033;0.332;0.034;0.96;0.14;-999;0
GBOV_RM7_1584;LajasExperimentalStation;Courtney Meier;cmeier@battelleecology.org;support-copernicus-gbov@acri-st.fr;NEON;24;Grassland;18.02125;-67.0769;20170727T154200Z;2.0;LAJA_054;-999;-999;-999;-999;-999;-999;-999;-999;-999;-999;-999;-999;0.71;0.07;0.88;0.09;0.81;0.11;0.54;0.10;0.66;0.14;0.81;0.23;-999;0
GBOV_RM7_1584;LajasExperimentalStation;Courtney Meier;cmeier@battelleecology.org;support-copernicus-gbov@acri-st.fr;NEON;24;Grassland;18.02125;-67.0769;20170810T162200Z;2.0;LAJA_054;-999;-999;-999;-999;-999;-999;-999;-999;-999;-999;-999;-999;0.172;0.014;0.179;0.015;0.96;0.11;0.164;0.029;0.173;0.032;0.95;0.24;-999;0
GBOV_RM7_1584;LajasExperimentalStation;Courtney Meier;cmeier@battelleecology.org;support-copernicus-gbov@acri-st.fr;NEON;24;Grassland;18.02125;-67.0769;20170824T152200Z;2.0;LAJA_054;-999;-999;-999;-999;-999;-999;-999;-999;-999;-999;-999;-999;1.36;0.04;1.44;0.04;0.94;0.04;1.08;0.05;1.13;0.05;0.96;0.06;-999;0
GBOV_RM7_1584;LajasExperimentalStation;Courtney Meier;cmeier@battelleecology.org;support-copernicus-gbov@acri-st.fr;NEON;24;Grassland;18.02125;-67.0769;20171019T150000Z;2.0;LAJA_054;-999;-999;-999;-999;-999;-999;-999;-999;-999;-999;-999;-999;0.483;0.017;0.504;0.019;0.96;0.05;0.424;0.023;0.436;0.024;0.97;0.08;-999;0
GBOV_RM7_1584;LajasExperimentalStation;Courtney Meier;cmeier@battelleecology.org;support-copernicus-gbov@acri-st.fr;NEON;24;Grassland;18.02125;-67.0769;20171102T151400Z;2.0;LAJA_054;-999;-999;-999;-999;-999;-999;-999;-999;-999;-999;-999;-999;2.24;0.08;2.44;0.08;0.92;0.04;1.59;0.07;1.65;0.07;0.97;0.06;-999;0
GBOV_RM7_1584;LajasExperimentalStation;Courtney Meier;cmeier@battelleecology.org;support-copernicus-gbov@acri-st.fr;NEON;24;Grassland;18.02125;-67.0769;20171116T155300Z;2.0;LAJA_054;-999;-999;-999;-999;-999;-999;-999;-999;-999;-999;-999;-999;0.488;0.018;0.505;0.019;0.97;0.05;0.476;0.028;0.498;0.029;0.96;0.08;-999;0
GBOV_RM7_1584;LajasExperimentalStation;Courtney Meier;cmeier@battelleecology.org;support-copernicus-gbov@acri-st.fr;NEON;24;Grassland;18.02125;-67.0769;20171130T153200Z;2.0;LAJA_054;-999;-999;-999;-999;-999;-999;-999;-999;-999;-999;-999;-999;1.74;0.07;1.89;0.07;0.92;0.05;1.33;0.08;1.41;0.09;0.94;0.08;-999;0
GBOV_RM7_1584;LajasExperimentalStation;Courtney Meier;cmeier@battelleecology.org;support-copernicus-gbov@acri-st.fr;NEON;24;Grassland;18.02125;-67.0769;20171214T155400Z;2.0;LAJA_054;-999;-999;-999;-999;-999;-999;-999;-999;-999;-999;-999;-999;3.20;0.07;3.31;0.08;0.966;0.031;1.91;0.05;1.95;0.05;0.980;0.035;-999;0
GBOV_RM7_1584;LajasExperimentalStation;Courtney Meier;cmeier@battelleecology.org;support-copernicus-gbov@acri-st.fr;NEON;24;Grassland;18.02125;-67.0769;20171228T151300Z;2.0;LAJA_054;-999;-999;-999;-999;-999;-999;-999;-999;-999;-999;-999;-999;1.55;0.05;1.65;0.05;0.94;0.04;1.21;0.05;1.25;0.05;0.97;0.06;-999;0
GBOV_RM7_1584;LajasExperimentalStation;Courtney Meier;cmeier@battelleecology.org;support-copernicus-gbov@acri-st.fr;NEON;24;Grassland;18.02125;-67.0769;20180111T154500Z;2.0;LAJA_054;-999;-999;-999;-999;-999;-999;-999;-999;-999;-999;-999;-999;0.622;0.029;0.656;0.032;0.95;0.06;0.47;0.04;0.49;0.04;0.96;0.11;-999;0
GBOV_RM7_1584;LajasExperimentalStation;Courtney Meier;cmeier@battelleecology.org;support-copernicus-gbov@acri-st.fr;NEON;24;Grassland;18.02125;-67.0769;20180125T162700Z;2.0;LAJA_054;-999;-999;-999;-999;-999;-999;-999;-999;-999;-999;-999;-999;1.49;0.04;1.57;0.05;0.95;0.04;1.14;0.06;1.19;0.06;0.96;0.07;-999;2
GBOV_RM7_1584;LajasExperimentalStation;Courtney Meier;cmeier@battelleecology.org;support-copernicus-gbov@acri-st.fr;NEON;24;Grassland;18.02125;-67.0769;20180208T161700Z;2.0;LAJA_054;-999;-999;-999;-999;-999;-999;-999;-999;-999;-999;-999;-999;1.109;0.035;1.17;0.04;0.95;0.04;0.80;0.04;0.84;0.04;0.96;0.07;-999;0
GBOV_RM7_1584;LajasExperimentalStation;Courtney Meier;cmeier@battelleecology.org;support-copernicus-gbov@acri-st.fr;NEON;24;Grassland;18.02125;-67.0769;20180222T160100Z;2.0;LAJA_054;-999;-999;-999;-999;-999;-999;-999;-999;-999;-999;-999;-999;0.734;0.034;0.78;0.04;0.94;0.06;0.54;0.04;0.57;0.05;0.96;0.11;-999;0
GBOV_RM7_1584;LajasExperimentalStation;Courtney Meier;cmeier@battelleecology.org;support-copernicus-gbov@acri-st.fr;NEON;24;Grassland;18.02125;-67.0769;20180308T163500Z;2.0;LAJA_054;-999;-999;-999;-999;-999;-999;-999;-999;-999;-999;-999;-999;1.65;0.06;1.79;0.07;0.92;0.05;1.21;0.06;1.28;0.07;0.95;0.07;-999;0
GBOV_RM7_1584;LajasExperimentalStation;Courtney Meier;cmeier@battelleecology.org;support-copernicus-gbov@acri-st.fr;NEON;24;Grassland;18.02125;-67.0769;20180322T160200Z;2.0;LAJA_054;-999;-999;-999;-999;-999;-999;-999;-999;-999;-999;-999;-999;0.99;0.04;1.07;0.05;0.93;0.06;0.76;0.06;0.80;0.06;0.94;0.10;-999;0
GBOV_RM7_1584;LajasExperimentalStation;Courtney Meier;cmeier@battelleecology.org;support-copernicus-gbov@acri-st.fr;NEON;24;Grassland;18.02125;-67.0769;20180405T135900Z;2.0;LAJA_054;-999;-999;-999;-999;-999;-999;-999;-999;-999;-999;-999;-999;0.866;0.035;0.92;0.04;0.94;0.06;0.68;0.04;0.71;0.05;0.95;0.09;-999;0
GBOV_RM7_1584;LajasExperimentalStation;Courtney Meier;cmeier@battelleecology.org;support-copernicus-gbov@acri-st.fr;NEON;24;Grassland;18.02125;-67.0769;20180419T152500Z;2.0;LAJA_054;-999;-999;-999;-999;-999;-999;-999;-999;-999;-999;-999;-999;1.21;0.07;1.38;0.08;0.88;0.07;0.86;0.09;0.94;0.10;0.91;0.13;-999;0
GBOV_RM7_1584;LajasExperimentalStation;Courtney Meier;cmeier@battelleecology.org;support-copernicus-gbov@acri-st.fr;NEON;24;Grassland;18.02125;-67.0769;20180503T160000Z;2.0;LAJA_054;-999;-999;-999;-999;-999;-999;-999;-999;-999;-999;-999;-999;1.83;0.09;2.02;0.08;0.90;0.06;1.30;0.12;1.42;0.11;0.91;0.11;-999;0
GBOV_RM7_1584;LajasExperimentalStation;Courtney Meier;cmeier@battelleecology.org;support-copernicus-gbov@acri-st.fr;NEON;24;Grassland;18.02125;-67.0769;20180517T164300Z;2.0;LAJA_054;-999;-999;-999;-999;-999;-999;-999;-999;-999;-999;-999;-999;0.68;0.04;0.74;0.04;0.92;0.08;0.53;0.07;0.58;0.07;0.92;0.16;-999;0
GBOV_RM7_1584;LajasExperimentalStation;Courtney Meier;cmeier@battelleecology.org;support-copernicus-gbov@acri-st.fr;NEON;24;Grassland;18.02125;-67.0769;20180606T072400Z;2.0;LAJA_054;-999;-999;-999;-999;-999;-999;-999;-999;-999;-999;-999;-999;0.37;0.04;0.43;0.05;0.86;0.14;0.31;0.07;0.36;0.08;0.88;0.26;-999;0
GBOV_RM7_1584;LajasExperimentalStation;Courtney Meier;cmeier@battelleecology.org;support-copernicus-gbov@acri-st.fr;NEON;24;Grassland;18.02125;-67.0769;20180614T162400Z;2.0;LAJA_054;-999;-999;-999;-999;-999;-999;-999;-999;-999;-999;-999;-999;0.77;0.10;1.10;0.13;0.70;0.12;0.58;0.16;0.81;0.20;0.71;0.27;-999;0
GBOV_RM7_1584;LajasExperimentalStation;Courtney Meier;cmeier@battelleecology.org;support-copernicus-gbov@acri-st.fr;NEON;24;Grassland;18.02125;-67.0769;20180628T161100Z;2.0;LAJA_054;-999;-999;-999;-999;-999;-999;-999;-999;-999;-999;-999;-999;1.12;0.08;1.35;0.10;0.83;0.09;0.80;0.12;0.93;0.14;0.86;0.18;-999;0
GBOV_RM7_1584;LajasExperimentalStation;Courtney Meier;cmeier@battelleecology.org;support-copernicus-gbov@acri-st.fr;NEON;24;Grassland;18.02125;-67.0769;20180712T142300Z;2.0;LAJA_054;-999;-999;-999;-999;-999;-999;-999;-999;-999;-999;-999;-999;1.44;0.08;1.65;0.10;0.87;0.07;1.11;0.13;1.28;0.16;0.86;0.15;-999;0
GBOV_RM7_1584;LajasExperimentalStation;Courtney Meier;cmeier@battelleecology.org;support-copernicus-gbov@acri-st.fr;NEON;24;Grassland;18.02125;-67.0769;20180726T142900Z;2.0;LAJA_054;-999;-999;-999;-999;-999;-999;-999;-999;-999;-999;-999;-999;0.296;0.028;0.327;0.034;0.91;0.13;0.24;0.04;0.26;0.05;0.92;0.24;-999;0
GBOV_RM7_1584;LajasExperimentalStation;Courtney Meier;cmeier@battelleecology.org;support-copernicus-gbov@acri-st.fr;NEON;24;Grassland;18.02125;-67.0769;20180809T153700Z;2.0;LAJA_054;-999;-999;-999;-999;-999;-999;-999;-999;-999;-999;-999;-999;0.181;0.011;0.185;0.011;0.98;0.08;0.170;0.017;0.174;0.017;0.98;0.14;-999;0
GBOV_RM7_1584;LajasExperimentalStation;Courtney Meier;cmeier@battelleecology.org;support-copernicus-gbov@acri-st.fr;NEON;24;Grassland;18.02125;-67.0769;20180823T160900Z;2.0;LAJA_054;-999;-999;-999;-999;-999;-999;-999;-999;-999;-999;-999;-999;1.77;0.06;1.96;0.06;0.91;0.04;1.39;0.08;1.51;0.08;0.92;0.07;-999;0
GBOV_RM7_1584;LajasExperimentalStation;Courtney Meier;cmeier@battelleecology.org;support-copernicus-gbov@acri-st.fr;NEON;24;Grassland;18.02125;-67.0769;20180905T170600Z;2.0;LAJA_054;-999;-999;-999;-999;-999;-999;-999;-999;-999;-999;-999;-999;1.59;0.06;1.73;0.06;0.92;0.05;1.14;0.06;1.20;0.06;0.95;0.07;-999;0
GBOV_RM7_1584;LajasExperimentalStation;Courtney Meier;cmeier@battelleecology.org;support-copernicus-gbov@acri-st.fr;NEON;24;Grassland;18.02125;-67.0769;20180920T115000Z;2.0;LAJA_054;-999;-999;-999;-999;-999;-999;-999;-999;-999;-999;-999;-999;2.77;0.08;2.99;0.09;0.93;0.04;2.13;0.08;2.23;0.08;0.96;0.05;-999;0
GBOV_RM7_1584;LajasExperimentalStation;Courtney Meier;cmeier@battelleecology.org;support-copernicus-gbov@acri-st.fr;NEON;24;Grassland;18.02125;-67.0769;20181004T162600Z;2.0;LAJA_054;-999;-999;-999;-999;-999;-999;-999;-999;-999;-999;-999;-999;0.690;0.033;0.732;0.034;0.94;0.06;0.59;0.04;0.61;0.05;0.96;0.10;-999;0
GBOV_RM7_1584;LajasExperimentalStation;Courtney Meier;cmeier@battelleecology.org;support-copernicus-gbov@acri-st.fr;NEON;24;Grassland;18.02125;-67.0769;20181018T171400Z;2.0;LAJA_054;-999;-999;-999;-999;-999;-999;-999;-999;-999;-999;-999;-999;1.02;0.04;1.11;0.05;0.92;0.05;0.80;0.05;0.85;0.05;0.94;0.08;-999;0
GBOV_RM7_1584;LajasExperimentalStation;Courtney Meier;cmeier@battelleecology.org;support-copernicus-gbov@acri-st.fr;NEON;24;Grassland;18.02125;-67.0769;20181101T164900Z;2.0;LAJA_054;-999;-999;-999;-999;-999;-999;-999;-999;-999;-999;-999;-999;2.65;0.06;2.74;0.06;0.968;0.032;1.63;0.05;1.68;0.05;0.97;0.04;-999;0
GBOV_RM7_1584;LajasExperimentalStation;Courtney Meier;cmeier@battelleecology.org;support-copernicus-gbov@acri-st.fr;NEON;24;Grassland;18.02125;-67.0769;20181116T120900Z;2.0;LAJA_054;-999;-999;-999;-999;-999;-999;-999;-999;-999;-999;-999;-999;1.37;0.04;1.45;0.05;0.94;0.04;1.13;0.04;1.18;0.04;0.96;0.05;-999;0
GBOV_RM7_1584;LajasExperimentalStation;Courtney Meier;cmeier@battelleecology.org;support-copernicus-gbov@acri-st.fr;NEON;24;Grassland;18.02125;-67.0769;20181130T070200Z;2.0;LAJA_054;-999;-999;-999;-999;-999;-999;-999;-999;-999;-999;-999;-999;1.71;0.05;1.80;0.05;0.95;0.04;1.12;0.05;1.16;0.05;0.97;0.06;-999;0
GBOV_RM7_1584;LajasExperimentalStation;Courtney Meier;cmeier@battelleecology.org;support-copernicus-gbov@acri-st.fr;NEON;24;Grassland;18.02125;-67.0769;20181214T071500Z;2.0;LAJA_054;-999;-999;-999;-999;-999;-999;-999;-999;-999;-999;-999;-999;0.551;0.015;0.561;0.016;0.98;0.04;0.504;0.021;0.516;0.022;0.98;0.06;-999;0
GBOV_RM7_1584;LajasExperimentalStation;Courtney Meier;cmeier@battelleecology.org;support-copernicus-gbov@acri-st.fr;NEON;24;Grassland;18.02125;-67.0769;20181228T070800Z;2.0;LAJA_054;-999;-999;-999;-999;-999;-999;-999;-999;-999;-999;-999;-999;0.824;0.034;0.87;0.04;0.94;0.06;0.69;0.05;0.72;0.05;0.95;0.09;-999;0
GBOV_RM7_1584;LajasExperimentalStation;Courtney Meier;cmeier@battelleecology.org;support-copernicus-gbov@acri-st.fr;NEON;24;Grassland;18.02125;-67.0769;20190110T074400Z;2.0;LAJA_054;-999;-999;-999;-999;-999;-999;-999;-999;-999;-999;-999;-999;0.456;0.016;0.466;0.016;0.98;0.05;0.372;0.017;0.379;0.018;0.98;0.06;-999;0
GBOV_RM7_1584;LajasExperimentalStation;Courtney Meier;cmeier@battelleecology.org;support-copernicus-gbov@acri-st.fr;NEON;24;Grassland;18.02125;-67.0769;20190124T065700Z;2.0;LAJA_054;-999;-999;-999;-999;-999;-999;-999;-999;-999;-999;-999;-999;1.238;0.035;1.27;0.04;0.98;0.04;0.84;0.04;0.86;0.04;0.98;0.06;-999;0
GBOV_RM7_1584;LajasExperimentalStation;Courtney Meier;cmeier@battelleecology.org;support-copernicus-gbov@acri-st.fr;NEON;24;Grassland;18.02125;-67.0769;20190207T065700Z;2.0;LAJA_054;-999;-999;-999;-999;-999;-999;-999;-999;-999;-999;-999;-999;1.70;0.04;1.74;0.04;0.976;0.034;1.21;0.05;1.24;0.05;0.98;0.05;-999;0
GBOV_RM7_1584;LajasExperimentalStation;Courtney Meier;cmeier@battelleecology.org;support-copernicus-gbov@acri-st.fr;NEON;24;Grassland;18.02125;-67.0769;20190221T070400Z;2.0;LAJA_054;-999;-999;-999;-999;-999;-999;-999;-999;-999;-999;-999;-999;2.63;0.07;2.78;0.07;0.946;0.035;1.64;0.05;1.71;0.06;0.96;0.04;-999;0
GBOV_RM7_1584;LajasExperimentalStation;Courtney Meier;cmeier@battelleecology.org;support-copernicus-gbov@acri-st.fr;NEON;24;Grassland;18.02125;-67.0769;20190307T065200Z;2.0;LAJA_054;-999;-999;-999;-999;-999;-999;-999;-999;-999;-999;-999;-999;2.78;0.07;2.88;0.07;0.963;0.034;1.74;0.06;1.79;0.06;0.97;0.04;-999;0
GBOV_RM7_1584;LajasExperimentalStation;Courtney Meier;cmeier@battelleecology.org;support-copernicus-gbov@acri-st.fr;NEON;24;Grassland;18.02125;-67.0769;20190321T065000Z;2.0;LAJA_054;-999;-999;-999;-999;-999;-999;-999;-999;-999;-999;-999;-999;1.59;0.08;1.74;0.08;0.91;0.06;1.07;0.09;1.15;0.08;0.93;0.10;-999;0
GBOV_RM7_1584;LajasExperimentalStation;Courtney Meier;cmeier@battelleecology.org;support-copernicus-gbov@acri-st.fr;NEON;24;Grassland;18.02125;-67.0769;20190404T063500Z;2.0;LAJA_054;-999;-999;-999;-999;-999;-999;-999;-999;-999;-999;-999;-999;1.12;0.05;1.21;0.06;0.92;0.06;0.76;0.06;0.81;0.06;0.94;0.10;-999;0
GBOV_RM7_1584;LajasExperimentalStation;Courtney Meier;cmeier@battelleecology.org;support-copernicus-gbov@acri-st.fr;NEON;24;Grassland;18.02125;-67.0769;20190418T115000Z;2.0;LAJA_054;-999;-999;-999;-999;-999;-999;-999;-999;-999;-999;-999;-999;0.394;0.030;0.423;0.031;0.93;0.10;0.30;0.05;0.33;0.05;0.92;0.21;-999;0
GBOV_RM7_1584;LajasExperimentalStation;Courtney Meier;cmeier@battelleecology.org;support-copernicus-gbov@acri-st.fr;NEON;24;Grassland;18.02125;-67.0769;20190502T055900Z;2.0;LAJA_054;-999;-999;-999;-999;-999;-999;-999;-999;-999;-999;-999;-999;0.348;0.024;0.366;0.026;0.95;0.09;0.268;0.033;0.280;0.034;0.96;0.17;-999;0
GBOV_RM7_1584;LajasExperimentalStation;Courtney Meier;cmeier@battelleecology.org;support-copernicus-gbov@acri-st.fr;NEON;24;Grassland;18.02125;-67.0769;20190516T055100Z;2.0;LAJA_054;-999;-999;-999;-999;-999;-999;-999;-999;-999;-999;-999;-999;0.342;0.019;0.353;0.019;0.97;0.07;0.253;0.026;0.259;0.025;0.98;0.14;-999;0
GBOV_RM7_1584;LajasExperimentalStation;Courtney Meier;cmeier@battelleecology.org;support-copernicus-gbov@acri-st.fr;NEON;24;Grassland;18.02125;-67.0769;20190530T055300Z;2.0;LAJA_054;-999;-999;-999;-999;-999;-999;-999;-999;-999;-999;-999;-999;1.46;0.07;1.61;0.08;0.91;0.06;1.20;0.10;1.31;0.12;0.92;0.12;-999;0
GBOV_RM7_1584;LajasExperimentalStation;Courtney Meier;cmeier@battelleecology.org;support-copernicus-gbov@acri-st.fr;NEON;24;Grassland;18.02125;-67.0769;20190613T054200Z;2.0;LAJA_054;-999;-999;-999;-999;-999;-999;-999;-999;-999;-999;-999;-999;0.405;0.027;0.426;0.029;0.95;0.09;0.33;0.04;0.34;0.05;0.95;0.18;-999;0
GBOV_RM7_1584;LajasExperimentalStation;Courtney Meier;cmeier@battelleecology.org;support-copernicus-gbov@acri-st.fr;NEON;24;Grassland;18.02125;-67.0769;20190626T143100Z;2.0;LAJA_054;-999;-999;-999;-999;-999;-999;-999;-999;-999;-999;-999;-999;0.300;0.031;0.34;0.04;0.89;0.13;0.26;0.05;0.30;0.07;0.87;0.26;-999;0
GBOV_RM7_1584;LajasExperimentalStation;Courtney Meier;cmeier@battelleecology.org;support-copernicus-gbov@acri-st.fr;NEON;24;Grassland;18.02125;-67.0769;20190711T055700Z;2.0;LAJA_054;-999;-999;-999;-999;-999;-999;-999;-999;-999;-999;-999;-999;0.344;0.034;0.38;0.04;0.90;0.13;0.25;0.05;0.27;0.05;0.92;0.24;-999;0
GBOV_RM7_1584;LajasExperimentalStation;Courtney Meier;cmeier@battelleecology.org;support-copernicus-gbov@acri-st.fr;NEON;24;Grassland;18.02125;-67.0769;20190725T055700Z;2.0;LAJA_054;-999;-999;-999;-999;-999;-999;-999;-999;-999;-999;-999;-999;0.873;0.031;0.908;0.033;0.96;0.05;0.68;0.04;0.71;0.05;0.96;0.09;-999;0
GBOV_RM7_1584;LajasExperimentalStation;Courtney Meier;cmeier@battelleecology.org;support-copernicus-gbov@acri-st.fr;NEON;24;Grassland;18.02125;-67.0769;20190807T150500Z;2.0;LAJA_054;-999;-999;-999;-999;-999;-999;-999;-999;-999;-999;-999;-999;1.10;0.04;1.16;0.04;0.95;0.05;0.95;0.05;0.99;0.06;0.95;0.08;-999;0
GBOV_RM7_1584;LajasExperimentalStation;Courtney Meier;cmeier@battelleecology.org;support-copernicus-gbov@acri-st.fr;NEON;24;Grassland;18.02125;-67.0769;20190822T160800Z;2.0;LAJA_054;-999;-999;-999;-999;-999;-999;-999;-999;-999;-999;-999;-999;0.801;0.030;0.840;0.031;0.95;0.05;0.70;0.04;0.73;0.04;0.95;0.08;-999;0
GBOV_RM7_1584;LajasExperimentalStation;Courtney Meier;cmeier@battelleecology.org;support-copernicus-gbov@acri-st.fr;NEON;24;Grassland;18.02125;-67.0769;20190905T144000Z;2.0;LAJA_054;-999;-999;-999;-999;-999;-999;-999;-999;-999;-999;-999;-999;0.651;0.027;0.682;0.028;0.95;0.06;0.54;0.04;0.56;0.04;0.96;0.10;-999;0
GBOV_RM7_1584;LajasExperimentalStation;Courtney Meier;cmeier@battelleecology.org;support-copernicus-gbov@acri-st.fr;NEON;24;Grassland;18.02125;-67.0769;20190919T074400Z;2.0;LAJA_054;-999;-999;-999;-999;-999;-999;-999;-999;-999;-999;-999;-999;1.11;0.04;1.19;0.05;0.93;0.05;0.97;0.06;1.02;0.06;0.95;0.08;-999;0
GBOV_RM7_1584;LajasExperimentalStation;Courtney Meier;cmeier@battelleecology.org;support-copernicus-gbov@acri-st.fr;NEON;24;Grassland;18.02125;-67.0769;20191003T160600Z;2.0;LAJA_054;-999;-999;-999;-999;-999;-999;-999;-999;-999;-999;-999;-999;2.34;0.07;2.50;0.07;0.94;0.04;1.66;0.05;1.71;0.05;0.97;0.04;-999;0
GBOV_RM7_1584;LajasExperimentalStation;Courtney Meier;cmeier@battelleecology.org;support-copernicus-gbov@acri-st.fr;NEON;24;Grassland;18.02125;-67.0769;20191017T110100Z;2.0;LAJA_054;-999;-999;-999;-999;-999;-999;-999;-999;-999;-999;-999;-999;1.94;0.06;2.08;0.07;0.93;0.04;1.42;0.06;1.49;0.06;0.96;0.06;-999;0
GBOV_RM7_1584;LajasExperimentalStation;Courtney Meier;cmeier@battelleecology.org;support-copernicus-gbov@acri-st.fr;NEON;24;Grassland;18.02125;-67.0769;20191030T113200Z;2.0;LAJA_054;-999;-999;-999;-999;-999;-999;-999;-999;-999;-999;-999;-999;0.439;0.027;0.473;0.030;0.93;0.08;0.38;0.04;0.41;0.04;0.93;0.14;-999;0
GBOV_RM7_1584;LajasExperimentalStation;Courtney Meier;cmeier@battelleecology.org;support-copernicus-gbov@acri-st.fr;NEON;24;Grassland;18.02125;-67.0769;20191114T065200Z;2.0;LAJA_054;-999;-999;-999;-999;-999;-999;-999;-999;-999;-999;-999;-999;0.757;0.032;0.802;0.034;0.94;0.06;0.60;0.04;0.63;0.04;0.96;0.09;-999;0
