GBOV_ID;Site;GROUND_DATA_PI;GROUND_DATA_PIs_Email;GBOV_Email;Network;Elevation;IGBP_class;Lat_IS;Lon_IS;TIME_IS;Version;PLOT_ID;LAIe_Miller_up;LAIe_Miller_up_err;LAI_Miller_up;LAI_Miller_up_err;clumping_Miller_up;clumping_Miller_up_err;LAIe_Warren_up;LAIe_Warren_up_err;LAI_Warren_up;LAI_Warren_up_err;clumping_Warren_up;clumping_Warren_up_err;LAIe_Miller_down;LAIe_Miller_down_err;LAI_Miller_down;LAI_Miller_down_err;clumping_Miller_down;clumping_Miller_down_err;LAIe_Warren_down;LAIe_Warren_down_err;LAI_Warren_down;LAI_Warren_down_err;clumping_Warren_down;clumping_Warren_down_err;up_flag;down_flag
GBOV_RM7_1052;Underc;Courtney Meier;cmeier@battelleecology.org;support-copernicus-gbov@acri-st.fr;NEON;518;Mixed Forest;46.233959;-89.53751;20140520T000000Z;2.0;UNDE_044;1.32;0.04;1.80;0.07;0.730;0.035;1.24;0.06;1.73;0.12;0.71;0.06;0.044;0.004;0.046;0.004;0.96;0.12;0.046;0.005;0.046;0.005;0.99;0.14;0;0
GBOV_RM7_1052;Underc;Courtney Meier;cmeier@battelleecology.org;support-copernicus-gbov@acri-st.fr;NEON;518;Mixed Forest;46.233959;-89.53751;20140603T000000Z;2.0;UNDE_044;2.53;0.09;3.82;0.14;0.662;0.035;2.39;0.13;3.66;0.16;0.65;0.05;-999;-999;-999;-999;-999;-999;-999;-999;-999;-999;-999;-999;0;-999
GBOV_RM7_1052;Underc;Courtney Meier;cmeier@battelleecology.org;support-copernicus-gbov@acri-st.fr;NEON;518;Mixed Forest;46.233959;-89.53751;20140616T000000Z;2.0;UNDE_044;2.73;0.10;4.32;0.17;0.633;0.035;2.44;0.15;3.79;0.22;0.65;0.05;-999;-999;-999;-999;-999;-999;-999;-999;-999;-999;-999;-999;0;-999
GBOV_RM7_1052;Underc;Courtney Meier;cmeier@battelleecology.org;support-copernicus-gbov@acri-st.fr;NEON;518;Mixed Forest;46.233959;-89.53751;20140630T000000Z;2.0;UNDE_044;2.73;0.10;4.17;0.17;0.655;0.035;2.53;0.15;3.89;0.19;0.65;0.05;-999;-999;-999;-999;-999;-999;-999;-999;-999;-999;-999;-999;0;-999
GBOV_RM7_1052;Underc;Courtney Meier;cmeier@battelleecology.org;support-copernicus-gbov@acri-st.fr;NEON;518;Mixed Forest;46.233959;-89.53751;20140715T000000Z;2.0;UNDE_044;2.70;0.10;4.27;0.18;0.633;0.035;2.59;0.17;4.15;0.29;0.62;0.06;-999;-999;-999;-999;-999;-999;-999;-999;-999;-999;-999;-999;0;-999
GBOV_RM7_1052;Underc;Courtney Meier;cmeier@battelleecology.org;support-copernicus-gbov@acri-st.fr;NEON;518;Mixed Forest;46.233959;-89.53751;20140729T000000Z;2.0;UNDE_044;2.82;0.11;4.43;0.18;0.637;0.035;2.51;0.16;3.86;0.21;0.65;0.05;-999;-999;-999;-999;-999;-999;-999;-999;-999;-999;-999;-999;0;-999
GBOV_RM7_1052;Underc;Courtney Meier;cmeier@battelleecology.org;support-copernicus-gbov@acri-st.fr;NEON;518;Mixed Forest;46.233959;-89.53751;20150430T000000Z;2.0;UNDE_044;1.18;0.04;1.63;0.05;0.725;0.033;1.07;0.06;1.53;0.10;0.70;0.06;0.078;0.005;0.081;0.006;0.96;0.09;0.089;0.007;0.090;0.007;0.98;0.11;0;0
GBOV_RM7_1052;Underc;Courtney Meier;cmeier@battelleecology.org;support-copernicus-gbov@acri-st.fr;NEON;518;Mixed Forest;46.233959;-89.53751;20150512T000000Z;2.0;UNDE_044;1.38;0.04;1.85;0.06;0.745;0.034;1.48;0.07;2.04;0.12;0.73;0.05;0.101;0.007;0.107;0.007;0.94;0.09;0.090;0.010;0.093;0.010;0.96;0.15;0;0
GBOV_RM7_1052;Underc;Courtney Meier;cmeier@battelleecology.org;support-copernicus-gbov@acri-st.fr;NEON;518;Mixed Forest;46.233959;-89.53751;20150526T000000Z;2.0;UNDE_044;2.34;0.08;3.23;0.12;0.73;0.04;2.24;0.11;3.05;0.16;0.74;0.05;1.29;0.10;1.86;0.15;0.69;0.08;0.93;0.14;1.22;0.18;0.76;0.16;0;0
GBOV_RM7_1052;Underc;Courtney Meier;cmeier@battelleecology.org;support-copernicus-gbov@acri-st.fr;NEON;518;Mixed Forest;46.233959;-89.53751;20150610T000000Z;2.0;UNDE_044;2.61;0.11;4.31;0.19;0.60;0.04;2.25;0.15;3.71;0.18;0.61;0.05;-999;-999;-999;-999;-999;-999;-999;-999;-999;-999;-999;-999;32;-999
GBOV_RM7_1052;Underc;Courtney Meier;cmeier@battelleecology.org;support-copernicus-gbov@acri-st.fr;NEON;518;Mixed Forest;46.233959;-89.53751;20150624T000000Z;2.0;UNDE_044;2.65;0.11;4.35;0.19;0.61;0.04;2.76;0.16;4.49;0.22;0.61;0.05;-999;-999;-999;-999;-999;-999;-999;-999;-999;-999;-999;-999;8;-999
GBOV_RM7_1052;Underc;Courtney Meier;cmeier@battelleecology.org;support-copernicus-gbov@acri-st.fr;NEON;518;Mixed Forest;46.233959;-89.53751;20150706T000000Z;2.0;UNDE_044;2.68;0.09;4.26;0.17;0.631;0.033;2.70;0.15;4.38;0.25;0.62;0.05;-999;-999;-999;-999;-999;-999;-999;-999;-999;-999;-999;-999;8;-999
GBOV_RM7_1052;Underc;Courtney Meier;cmeier@battelleecology.org;support-copernicus-gbov@acri-st.fr;NEON;518;Mixed Forest;46.233959;-89.53751;20150722T000000Z;2.0;UNDE_044;2.61;0.11;4.35;0.18;0.600;0.035;2.24;0.16;3.81;0.21;0.59;0.05;-999;-999;-999;-999;-999;-999;-999;-999;-999;-999;-999;-999;0;-999
