GBOV_ID;Site;GROUND_DATA_PI;GROUND_DATA_PIs_Email;GBOV_Email;Network;Elevation;IGBP_class;Lat_IS;Lon_IS;TIME_IS;Version;PLOT_ID;LAIe_Miller_up;LAIe_Miller_up_err;LAI_Miller_up;LAI_Miller_up_err;clumping_Miller_up;clumping_Miller_up_err;LAIe_Warren_up;LAIe_Warren_up_err;LAI_Warren_up;LAI_Warren_up_err;clumping_Warren_up;clumping_Warren_up_err;LAIe_Miller_down;LAIe_Miller_down_err;LAI_Miller_down;LAI_Miller_down_err;clumping_Miller_down;clumping_Miller_down_err;LAIe_Warren_down;LAIe_Warren_down_err;LAI_Warren_down;LAI_Warren_down_err;clumping_Warren_down;clumping_Warren_down_err;up_flag;down_flag
GBOV_RM7_226;OrdwaySwisherBiologicalStation;Courtney Meier;cmeier@battelleecology.org;support-copernicus-gbov@acri-st.fr;NEON;45;Woody Savannas;29.67615;-82.00847;20130417T000000Z;2.0;OSBS_025;0.433;0.030;0.87;0.07;0.50;0.05;0.41;0.06;0.82;0.14;0.50;0.11;0.149;0.022;0.21;0.04;0.70;0.16;0.156;0.035;0.25;0.08;0.63;0.26;0;0
GBOV_RM7_226;OrdwaySwisherBiologicalStation;Courtney Meier;cmeier@battelleecology.org;support-copernicus-gbov@acri-st.fr;NEON;45;Woody Savannas;29.67615;-82.00847;20130521T000000Z;2.0;OSBS_025;0.501;0.030;0.88;0.06;0.57;0.05;0.46;0.04;0.72;0.08;0.64;0.09;0.41;0.04;0.52;0.05;0.79;0.10;0.34;0.05;0.41;0.07;0.81;0.18;0;0
GBOV_RM7_226;OrdwaySwisherBiologicalStation;Courtney Meier;cmeier@battelleecology.org;support-copernicus-gbov@acri-st.fr;NEON;45;Woody Savannas;29.67615;-82.00847;20130625T000000Z;2.0;OSBS_025;0.51;0.04;1.03;0.08;0.49;0.05;0.50;0.08;1.03;0.18;0.49;0.11;0.259;0.030;0.33;0.05;0.79;0.14;0.202;0.032;0.25;0.05;0.82;0.20;0;0
GBOV_RM7_226;OrdwaySwisherBiologicalStation;Courtney Meier;cmeier@battelleecology.org;support-copernicus-gbov@acri-st.fr;NEON;45;Woody Savannas;29.67615;-82.00847;20130911T000000Z;2.0;OSBS_025;0.399;0.028;0.82;0.07;0.49;0.05;0.39;0.06;0.80;0.14;0.49;0.12;-999;-999;-999;-999;-999;-999;-999;-999;-999;-999;-999;-999;0;-999
GBOV_RM7_226;OrdwaySwisherBiologicalStation;Courtney Meier;cmeier@battelleecology.org;support-copernicus-gbov@acri-st.fr;NEON;45;Woody Savannas;29.67615;-82.00847;20130919T000000Z;2.0;OSBS_025;0.77;0.05;2.15;0.15;0.358;0.035;0.71;0.06;1.97;0.22;0.36;0.05;-999;-999;-999;-999;-999;-999;-999;-999;-999;-999;-999;-999;0;-999
GBOV_RM7_226;OrdwaySwisherBiologicalStation;Courtney Meier;cmeier@battelleecology.org;support-copernicus-gbov@acri-st.fr;NEON;45;Woody Savannas;29.67615;-82.00847;20131003T000000Z;2.0;OSBS_025;0.390;0.025;0.79;0.06;0.49;0.05;0.42;0.05;0.80;0.10;0.53;0.09;-999;-999;-999;-999;-999;-999;-999;-999;-999;-999;-999;-999;0;-999
GBOV_RM7_226;OrdwaySwisherBiologicalStation;Courtney Meier;cmeier@battelleecology.org;support-copernicus-gbov@acri-st.fr;NEON;45;Woody Savannas;29.67615;-82.00847;20131015T000000Z;2.0;OSBS_025;0.405;0.026;0.83;0.06;0.49;0.05;0.48;0.05;0.98;0.11;0.49;0.07;-999;-999;-999;-999;-999;-999;-999;-999;-999;-999;-999;-999;0;-999
GBOV_RM7_226;OrdwaySwisherBiologicalStation;Courtney Meier;cmeier@battelleecology.org;support-copernicus-gbov@acri-st.fr;NEON;45;Woody Savannas;29.67615;-82.00847;20131028T000000Z;2.0;OSBS_025;0.52;0.04;1.15;0.09;0.45;0.05;0.35;0.05;0.69;0.13;0.51;0.12;-999;-999;-999;-999;-999;-999;-999;-999;-999;-999;-999;-999;0;-999
GBOV_RM7_226;OrdwaySwisherBiologicalStation;Courtney Meier;cmeier@battelleecology.org;support-copernicus-gbov@acri-st.fr;NEON;45;Woody Savannas;29.67615;-82.00847;20131112T000000Z;2.0;OSBS_025;0.389;0.026;0.78;0.06;0.50;0.05;0.43;0.05;0.79;0.12;0.54;0.11;-999;-999;-999;-999;-999;-999;-999;-999;-999;-999;-999;-999;0;-999
GBOV_RM7_226;OrdwaySwisherBiologicalStation;Courtney Meier;cmeier@battelleecology.org;support-copernicus-gbov@acri-st.fr;NEON;45;Woody Savannas;29.67615;-82.00847;20140918T000000Z;2.0;OSBS_025;0.494;0.033;1.02;0.07;0.48;0.05;0.50;0.06;0.99;0.12;0.51;0.09;0.595;0.030;0.638;0.034;0.93;0.07;0.47;0.04;0.51;0.05;0.93;0.12;0;0
GBOV_RM7_226;OrdwaySwisherBiologicalStation;Courtney Meier;cmeier@battelleecology.org;support-copernicus-gbov@acri-st.fr;NEON;45;Woody Savannas;29.67615;-82.00847;20141002T000000Z;2.0;OSBS_025;0.54;0.04;1.16;0.09;0.47;0.05;0.47;0.06;0.92;0.14;0.51;0.10;0.224;0.012;0.238;0.013;0.94;0.07;0.216;0.021;0.227;0.022;0.95;0.13;0;0
GBOV_RM7_226;OrdwaySwisherBiologicalStation;Courtney Meier;cmeier@battelleecology.org;support-copernicus-gbov@acri-st.fr;NEON;45;Woody Savannas;29.67615;-82.00847;20150309T000000Z;2.0;OSBS_025;0.361;0.025;0.70;0.06;0.52;0.06;0.36;0.04;0.65;0.08;0.56;0.09;0.0184;0.0017;0.0192;0.0023;0.96;0.14;0.028;0.004;0.029;0.005;0.96;0.22;0;0
GBOV_RM7_226;OrdwaySwisherBiologicalStation;Courtney Meier;cmeier@battelleecology.org;support-copernicus-gbov@acri-st.fr;NEON;45;Woody Savannas;29.67615;-82.00847;20150323T000000Z;2.0;OSBS_025;0.455;0.031;0.81;0.06;0.56;0.05;0.41;0.06;0.74;0.12;0.55;0.12;0.0403;0.0033;0.042;0.004;0.97;0.12;0.041;0.004;0.041;0.004;0.99;0.14;0;0
GBOV_RM7_226;OrdwaySwisherBiologicalStation;Courtney Meier;cmeier@battelleecology.org;support-copernicus-gbov@acri-st.fr;NEON;45;Woody Savannas;29.67615;-82.00847;20150410T000000Z;2.0;OSBS_025;0.491;0.031;1.06;0.08;0.46;0.05;0.43;0.06;0.84;0.14;0.51;0.11;0.257;0.025;0.34;0.04;0.76;0.12;0.26;0.05;0.38;0.09;0.69;0.20;0;0
GBOV_RM7_226;OrdwaySwisherBiologicalStation;Courtney Meier;cmeier@battelleecology.org;support-copernicus-gbov@acri-st.fr;NEON;45;Woody Savannas;29.67615;-82.00847;20150425T000000Z;2.0;OSBS_025;0.480;0.032;0.96;0.07;0.50;0.05;0.44;0.05;0.79;0.12;0.56;0.11;0.317;0.009;0.336;0.010;0.94;0.04;0.206;0.012;0.214;0.013;0.96;0.08;16;0
GBOV_RM7_226;OrdwaySwisherBiologicalStation;Courtney Meier;cmeier@battelleecology.org;support-copernicus-gbov@acri-st.fr;NEON;45;Woody Savannas;29.67615;-82.00847;20150505T000000Z;2.0;OSBS_025;0.418;0.030;0.71;0.06;0.59;0.06;0.45;0.05;0.84;0.12;0.54;0.10;0.060;0.005;0.062;0.005;0.98;0.11;0.064;0.008;0.066;0.008;0.98;0.18;0;0
GBOV_RM7_226;OrdwaySwisherBiologicalStation;Courtney Meier;cmeier@battelleecology.org;support-copernicus-gbov@acri-st.fr;NEON;45;Woody Savannas;29.67615;-82.00847;20150520T000000Z;2.0;OSBS_025;0.574;0.030;1.05;0.07;0.54;0.04;0.59;0.05;1.10;0.12;0.54;0.08;0.105;0.008;0.111;0.008;0.94;0.10;0.089;0.013;0.093;0.014;0.95;0.20;0;0
GBOV_RM7_226;OrdwaySwisherBiologicalStation;Courtney Meier;cmeier@battelleecology.org;support-copernicus-gbov@acri-st.fr;NEON;45;Woody Savannas;29.67615;-82.00847;20150602T000000Z;2.0;OSBS_025;0.354;0.025;0.60;0.05;0.59;0.06;0.31;0.04;0.56;0.08;0.56;0.11;0.276;0.017;0.315;0.022;0.88;0.08;0.264;0.027;0.295;0.032;0.90;0.13;0;0
GBOV_RM7_226;OrdwaySwisherBiologicalStation;Courtney Meier;cmeier@battelleecology.org;support-copernicus-gbov@acri-st.fr;NEON;45;Woody Savannas;29.67615;-82.00847;20150616T000000Z;2.0;OSBS_025;0.363;0.025;0.63;0.05;0.57;0.06;0.35;0.05;0.56;0.08;0.62;0.12;0.361;0.018;0.388;0.020;0.93;0.07;0.34;0.04;0.38;0.04;0.92;0.14;0;0
GBOV_RM7_226;OrdwaySwisherBiologicalStation;Courtney Meier;cmeier@battelleecology.org;support-copernicus-gbov@acri-st.fr;NEON;45;Woody Savannas;29.67615;-82.00847;20150701T000000Z;2.0;OSBS_025;0.398;0.028;0.73;0.06;0.55;0.06;0.32;0.04;0.59;0.09;0.55;0.11;0.292;0.020;0.339;0.024;0.86;0.08;0.33;0.04;0.38;0.05;0.87;0.17;16;0
GBOV_RM7_226;OrdwaySwisherBiologicalStation;Courtney Meier;cmeier@battelleecology.org;support-copernicus-gbov@acri-st.fr;NEON;45;Woody Savannas;29.67615;-82.00847;20150716T000000Z;2.0;OSBS_025;0.414;0.030;0.79;0.06;0.53;0.06;0.32;0.04;0.56;0.08;0.57;0.11;0.323;0.029;0.389;0.035;0.83;0.11;0.32;0.05;0.40;0.07;0.79;0.18;0;0
GBOV_RM7_226;OrdwaySwisherBiologicalStation;Courtney Meier;cmeier@battelleecology.org;support-copernicus-gbov@acri-st.fr;NEON;45;Woody Savannas;29.67615;-82.00847;20150729T000000Z;2.0;OSBS_025;0.455;0.030;0.83;0.06;0.55;0.06;0.35;0.05;0.70;0.13;0.51;0.12;0.434;0.028;0.512;0.033;0.85;0.08;0.41;0.05;0.48;0.06;0.85;0.15;2;0
GBOV_RM7_226;OrdwaySwisherBiologicalStation;Courtney Meier;cmeier@battelleecology.org;support-copernicus-gbov@acri-st.fr;NEON;45;Woody Savannas;29.67615;-82.00847;20150811T000000Z;2.0;OSBS_025;0.757;0.033;1.18;0.06;0.64;0.04;0.44;0.04;0.73;0.06;0.60;0.07;0.452;0.027;0.519;0.031;0.87;0.07;0.45;0.05;0.52;0.06;0.86;0.15;8;32
GBOV_RM7_226;OrdwaySwisherBiologicalStation;Courtney Meier;cmeier@battelleecology.org;support-copernicus-gbov@acri-st.fr;NEON;45;Woody Savannas;29.67615;-82.00847;20150826T000000Z;2.0;OSBS_025;0.407;0.027;0.83;0.07;0.49;0.05;0.39;0.05;0.76;0.11;0.51;0.10;0.446;0.025;0.491;0.029;0.91;0.07;0.38;0.04;0.41;0.04;0.92;0.13;0;0
GBOV_RM7_226;OrdwaySwisherBiologicalStation;Courtney Meier;cmeier@battelleecology.org;support-copernicus-gbov@acri-st.fr;NEON;45;Woody Savannas;29.67615;-82.00847;20150909T000000Z;2.0;OSBS_025;0.401;0.026;0.85;0.07;0.47;0.05;0.35;0.04;0.68;0.08;0.52;0.09;0.782;0.027;0.832;0.030;0.94;0.05;0.64;0.04;0.68;0.04;0.94;0.08;0;0
GBOV_RM7_226;OrdwaySwisherBiologicalStation;Courtney Meier;cmeier@battelleecology.org;support-copernicus-gbov@acri-st.fr;NEON;45;Woody Savannas;29.67615;-82.00847;20150922T000000Z;2.0;OSBS_025;0.384;0.028;0.83;0.07;0.46;0.05;0.319;0.032;0.63;0.08;0.50;0.08;0.338;0.022;0.375;0.024;0.90;0.08;0.307;0.034;0.333;0.035;0.92;0.14;0;0
GBOV_RM7_226;OrdwaySwisherBiologicalStation;Courtney Meier;cmeier@battelleecology.org;support-copernicus-gbov@acri-st.fr;NEON;45;Woody Savannas;29.67615;-82.00847;20151007T000000Z;2.0;OSBS_025;0.46;0.04;0.94;0.09;0.49;0.06;0.37;0.04;0.70;0.10;0.54;0.10;0.442;0.025;0.477;0.028;0.93;0.07;0.368;0.035;0.40;0.04;0.92;0.13;0;2
GBOV_RM7_226;OrdwaySwisherBiologicalStation;Courtney Meier;cmeier@battelleecology.org;support-copernicus-gbov@acri-st.fr;NEON;45;Woody Savannas;29.67615;-82.00847;20151021T000000Z;2.0;OSBS_025;0.414;0.028;0.79;0.06;0.52;0.05;0.36;0.05;0.67;0.11;0.54;0.11;0.265;0.017;0.298;0.020;0.89;0.08;0.206;0.024;0.228;0.028;0.90;0.15;0;0
GBOV_RM7_226;OrdwaySwisherBiologicalStation;Courtney Meier;cmeier@battelleecology.org;support-copernicus-gbov@acri-st.fr;NEON;45;Woody Savannas;29.67615;-82.00847;20160308T000000Z;2.0;OSBS_025;0.344;0.025;0.71;0.06;0.49;0.06;0.293;0.029;0.54;0.08;0.54;0.09;0.0583;0.0033;0.0588;0.0033;0.99;0.08;0.058;0.007;0.059;0.007;0.99;0.16;0;16
GBOV_RM7_226;OrdwaySwisherBiologicalStation;Courtney Meier;cmeier@battelleecology.org;support-copernicus-gbov@acri-st.fr;NEON;45;Woody Savannas;29.67615;-82.00847;20160323T000000Z;2.0;OSBS_025;0.371;0.028;0.77;0.07;0.48;0.06;0.314;0.033;0.60;0.08;0.53;0.09;0.0585;0.0029;0.0592;0.0030;0.99;0.07;0.065;0.004;0.066;0.004;0.99;0.08;0;16
GBOV_RM7_226;OrdwaySwisherBiologicalStation;Courtney Meier;cmeier@battelleecology.org;support-copernicus-gbov@acri-st.fr;NEON;45;Woody Savannas;29.67615;-82.00847;20160404T000000Z;2.0;OSBS_025;0.401;0.027;0.81;0.07;0.49;0.05;0.34;0.04;0.64;0.08;0.53;0.09;-999;-999;-999;-999;-999;-999;-999;-999;-999;-999;-999;-999;0;-999
GBOV_RM7_226;OrdwaySwisherBiologicalStation;Courtney Meier;cmeier@battelleecology.org;support-copernicus-gbov@acri-st.fr;NEON;45;Woody Savannas;29.67615;-82.00847;20160420T000000Z;2.0;OSBS_025;0.393;0.027;0.74;0.06;0.53;0.05;0.35;0.04;0.59;0.09;0.58;0.11;-999;-999;-999;-999;-999;-999;-999;-999;-999;-999;-999;-999;0;-999
GBOV_RM7_226;OrdwaySwisherBiologicalStation;Courtney Meier;cmeier@battelleecology.org;support-copernicus-gbov@acri-st.fr;NEON;45;Woody Savannas;29.67615;-82.00847;20160504T000000Z;2.0;OSBS_025;0.489;0.033;0.90;0.06;0.54;0.05;0.47;0.05;0.91;0.12;0.52;0.09;0.178;0.018;0.236;0.028;0.75;0.12;0.200;0.035;0.27;0.05;0.73;0.19;0;0
GBOV_RM7_226;OrdwaySwisherBiologicalStation;Courtney Meier;cmeier@battelleecology.org;support-copernicus-gbov@acri-st.fr;NEON;45;Woody Savannas;29.67615;-82.00847;20160517T000000Z;2.0;OSBS_025;0.409;0.026;0.78;0.06;0.52;0.05;0.41;0.05;0.79;0.10;0.52;0.09;0.288;0.029;0.39;0.05;0.74;0.12;0.22;0.04;0.31;0.07;0.71;0.21;0;0
GBOV_RM7_226;OrdwaySwisherBiologicalStation;Courtney Meier;cmeier@battelleecology.org;support-copernicus-gbov@acri-st.fr;NEON;45;Woody Savannas;29.67615;-82.00847;20160602T000000Z;2.0;OSBS_025;0.395;0.026;0.74;0.06;0.54;0.05;0.34;0.04;0.63;0.09;0.55;0.10;0.403;0.025;0.50;0.04;0.81;0.09;0.35;0.04;0.45;0.08;0.78;0.17;0;0
GBOV_RM7_226;OrdwaySwisherBiologicalStation;Courtney Meier;cmeier@battelleecology.org;support-copernicus-gbov@acri-st.fr;NEON;45;Woody Savannas;29.67615;-82.00847;20160630T000000Z;2.0;OSBS_025;0.457;0.033;0.91;0.07;0.50;0.05;0.41;0.05;0.69;0.08;0.59;0.10;0.511;0.033;0.62;0.05;0.82;0.08;0.38;0.04;0.47;0.07;0.80;0.15;0;0
GBOV_RM7_226;OrdwaySwisherBiologicalStation;Courtney Meier;cmeier@battelleecology.org;support-copernicus-gbov@acri-st.fr;NEON;45;Woody Savannas;29.67615;-82.00847;20160713T000000Z;2.0;OSBS_025;0.427;0.026;0.86;0.06;0.50;0.05;0.36;0.04;0.70;0.10;0.52;0.09;0.404;0.027;0.49;0.04;0.82;0.09;0.41;0.05;0.51;0.07;0.81;0.15;0;0
GBOV_RM7_226;OrdwaySwisherBiologicalStation;Courtney Meier;cmeier@battelleecology.org;support-copernicus-gbov@acri-st.fr;NEON;45;Woody Savannas;29.67615;-82.00847;20160726T000000Z;2.0;OSBS_025;0.439;0.031;0.84;0.07;0.52;0.05;0.34;0.05;0.57;0.09;0.60;0.13;0.576;0.027;0.64;0.04;0.90;0.07;0.49;0.04;0.56;0.07;0.87;0.14;0;0
GBOV_RM7_226;OrdwaySwisherBiologicalStation;Courtney Meier;cmeier@battelleecology.org;support-copernicus-gbov@acri-st.fr;NEON;45;Woody Savannas;29.67615;-82.00847;20160810T000000Z;2.0;OSBS_025;0.438;0.028;0.80;0.06;0.55;0.05;0.39;0.04;0.60;0.07;0.65;0.10;0.336;0.035;0.45;0.05;0.75;0.12;0.211;0.032;0.26;0.04;0.81;0.19;0;0
GBOV_RM7_226;OrdwaySwisherBiologicalStation;Courtney Meier;cmeier@battelleecology.org;support-copernicus-gbov@acri-st.fr;NEON;45;Woody Savannas;29.67615;-82.00847;20160908T000000Z;2.0;OSBS_025;0.409;0.028;0.88;0.07;0.47;0.05;0.32;0.04;0.56;0.08;0.57;0.11;0.40;0.04;0.52;0.05;0.78;0.11;0.30;0.04;0.35;0.06;0.83;0.17;0;0
GBOV_RM7_226;OrdwaySwisherBiologicalStation;Courtney Meier;cmeier@battelleecology.org;support-copernicus-gbov@acri-st.fr;NEON;45;Woody Savannas;29.67615;-82.00847;20160920T000000Z;2.0;OSBS_025;0.409;0.027;0.81;0.07;0.51;0.05;0.34;0.04;0.58;0.08;0.59;0.11;0.539;0.030;0.62;0.04;0.87;0.08;0.45;0.04;0.51;0.05;0.88;0.12;4;8
GBOV_RM7_226;OrdwaySwisherBiologicalStation;Courtney Meier;cmeier@battelleecology.org;support-copernicus-gbov@acri-st.fr;NEON;45;Woody Savannas;29.67615;-82.00847;20161004T000000Z;2.0;OSBS_025;0.448;0.031;0.84;0.06;0.53;0.05;0.41;0.05;0.74;0.10;0.55;0.10;0.283;0.023;0.321;0.029;0.88;0.11;0.229;0.034;0.26;0.05;0.88;0.20;0;0
GBOV_RM7_226;OrdwaySwisherBiologicalStation;Courtney Meier;cmeier@battelleecology.org;support-copernicus-gbov@acri-st.fr;NEON;45;Woody Savannas;29.67615;-82.00847;20161019T000000Z;2.0;OSBS_025;0.405;0.027;0.85;0.07;0.48;0.05;0.36;0.04;0.71;0.09;0.51;0.09;0.467;0.029;0.54;0.04;0.87;0.08;0.38;0.04;0.42;0.04;0.91;0.13;0;0
GBOV_RM7_226;OrdwaySwisherBiologicalStation;Courtney Meier;cmeier@battelleecology.org;support-copernicus-gbov@acri-st.fr;NEON;45;Woody Savannas;29.67615;-82.00847;20161101T000000Z;2.0;OSBS_025;0.407;0.026;0.84;0.07;0.49;0.05;0.40;0.04;0.76;0.08;0.53;0.08;0.210;0.015;0.228;0.017;0.92;0.09;0.171;0.023;0.183;0.024;0.93;0.18;0;16
GBOV_RM7_226;OrdwaySwisherBiologicalStation;Courtney Meier;cmeier@battelleecology.org;support-copernicus-gbov@acri-st.fr;NEON;45;Woody Savannas;29.67615;-82.00847;20170314T000000Z;2.0;OSBS_025;0.396;0.023;0.71;0.05;0.56;0.05;0.37;0.04;0.61;0.07;0.61;0.09;0.0399;0.0025;0.0403;0.0026;0.99;0.09;0.041;0.004;0.041;0.004;0.99;0.14;0;0
GBOV_RM7_226;OrdwaySwisherBiologicalStation;Courtney Meier;cmeier@battelleecology.org;support-copernicus-gbov@acri-st.fr;NEON;45;Woody Savannas;29.67615;-82.00847;20170328T000000Z;2.0;OSBS_025;0.458;0.032;0.85;0.07;0.54;0.06;0.38;0.04;0.68;0.10;0.56;0.10;0.088;0.005;0.091;0.006;0.97;0.08;0.089;0.009;0.093;0.012;0.96;0.16;0;0
GBOV_RM7_226;OrdwaySwisherBiologicalStation;Courtney Meier;cmeier@battelleecology.org;support-copernicus-gbov@acri-st.fr;NEON;45;Woody Savannas;29.67615;-82.00847;20170411T000000Z;2.0;OSBS_025;0.439;0.031;0.88;0.07;0.50;0.05;0.36;0.05;0.60;0.07;0.59;0.10;0.148;0.016;0.179;0.022;0.83;0.13;0.126;0.020;0.146;0.027;0.86;0.21;0;8
GBOV_RM7_226;OrdwaySwisherBiologicalStation;Courtney Meier;cmeier@battelleecology.org;support-copernicus-gbov@acri-st.fr;NEON;45;Woody Savannas;29.67615;-82.00847;20170424T000000Z;2.0;OSBS_025;0.443;0.029;0.79;0.06;0.56;0.05;0.37;0.04;0.61;0.08;0.61;0.10;0.156;0.016;0.194;0.021;0.80;0.12;0.119;0.020;0.150;0.028;0.79;0.20;0;0
GBOV_RM7_226;OrdwaySwisherBiologicalStation;Courtney Meier;cmeier@battelleecology.org;support-copernicus-gbov@acri-st.fr;NEON;45;Woody Savannas;29.67615;-82.00847;20170509T000000Z;2.0;OSBS_025;0.421;0.030;0.82;0.07;0.51;0.06;0.37;0.04;0.61;0.08;0.60;0.10;0.173;0.023;0.213;0.032;0.81;0.16;0.18;0.04;0.22;0.06;0.82;0.28;0;16
GBOV_RM7_226;OrdwaySwisherBiologicalStation;Courtney Meier;cmeier@battelleecology.org;support-copernicus-gbov@acri-st.fr;NEON;45;Woody Savannas;29.67615;-82.00847;20170523T000000Z;2.0;OSBS_025;0.410;0.027;0.94;0.08;0.43;0.05;0.33;0.04;0.63;0.08;0.52;0.09;0.157;0.020;0.23;0.04;0.67;0.14;0.132;0.027;0.19;0.04;0.71;0.21;0;0
GBOV_RM7_226;OrdwaySwisherBiologicalStation;Courtney Meier;cmeier@battelleecology.org;support-copernicus-gbov@acri-st.fr;NEON;45;Woody Savannas;29.67615;-82.00847;20170608T000000Z;2.0;OSBS_025;0.405;0.026;0.66;0.04;0.61;0.06;0.38;0.04;0.62;0.09;0.62;0.12;0.263;0.022;0.319;0.031;0.82;0.11;0.26;0.04;0.32;0.06;0.80;0.18;0;0
GBOV_RM7_226;OrdwaySwisherBiologicalStation;Courtney Meier;cmeier@battelleecology.org;support-copernicus-gbov@acri-st.fr;NEON;45;Woody Savannas;29.67615;-82.00847;20170620T000000Z;2.0;OSBS_025;0.693;0.025;0.93;0.04;0.74;0.04;0.70;0.04;1.05;0.09;0.67;0.07;0.223;0.019;0.264;0.025;0.85;0.11;0.19;0.04;0.26;0.07;0.73;0.24;32;0
GBOV_RM7_226;OrdwaySwisherBiologicalStation;Courtney Meier;cmeier@battelleecology.org;support-copernicus-gbov@acri-st.fr;NEON;45;Woody Savannas;29.67615;-82.00847;20170705T000000Z;2.0;OSBS_025;0.432;0.029;0.81;0.06;0.53;0.05;0.35;0.04;0.64;0.08;0.54;0.09;0.770;0.034;0.88;0.04;0.88;0.06;0.71;0.05;0.83;0.07;0.85;0.09;0;0
GBOV_RM7_226;OrdwaySwisherBiologicalStation;Courtney Meier;cmeier@battelleecology.org;support-copernicus-gbov@acri-st.fr;NEON;45;Woody Savannas;29.67615;-82.00847;20170718T000000Z;2.0;OSBS_025;0.50;0.04;0.96;0.08;0.52;0.06;0.42;0.05;0.71;0.09;0.59;0.10;0.376;0.025;0.425;0.031;0.88;0.09;0.322;0.028;0.352;0.031;0.91;0.11;0;0
GBOV_RM7_226;OrdwaySwisherBiologicalStation;Courtney Meier;cmeier@battelleecology.org;support-copernicus-gbov@acri-st.fr;NEON;45;Woody Savannas;29.67615;-82.00847;20170801T000000Z;2.0;OSBS_025;0.438;0.033;0.86;0.07;0.51;0.06;0.40;0.04;0.70;0.09;0.57;0.10;0.457;0.033;0.52;0.04;0.87;0.09;0.38;0.05;0.45;0.07;0.85;0.18;0;0
GBOV_RM7_226;OrdwaySwisherBiologicalStation;Courtney Meier;cmeier@battelleecology.org;support-copernicus-gbov@acri-st.fr;NEON;45;Woody Savannas;29.67615;-82.00847;20170815T000000Z;2.0;OSBS_025;0.417;0.028;0.79;0.06;0.53;0.05;0.45;0.06;0.84;0.13;0.54;0.11;0.250;0.016;0.282;0.022;0.89;0.09;0.245;0.030;0.28;0.04;0.87;0.16;0;0
GBOV_RM7_226;OrdwaySwisherBiologicalStation;Courtney Meier;cmeier@battelleecology.org;support-copernicus-gbov@acri-st.fr;NEON;45;Woody Savannas;29.67615;-82.00847;20170829T000000Z;2.0;OSBS_025;0.469;0.030;0.85;0.06;0.55;0.05;0.51;0.06;0.90;0.11;0.56;0.09;0.403;0.020;0.439;0.023;0.92;0.07;0.343;0.029;0.38;0.04;0.91;0.12;0;0
GBOV_RM7_226;OrdwaySwisherBiologicalStation;Courtney Meier;cmeier@battelleecology.org;support-copernicus-gbov@acri-st.fr;NEON;45;Woody Savannas;29.67615;-82.00847;20170926T000000Z;2.0;OSBS_025;0.414;0.028;0.82;0.07;0.50;0.05;0.36;0.04;0.62;0.08;0.58;0.10;0.329;0.022;0.361;0.024;0.91;0.09;0.26;0.04;0.29;0.04;0.90;0.18;0;0
GBOV_RM7_226;OrdwaySwisherBiologicalStation;Courtney Meier;cmeier@battelleecology.org;support-copernicus-gbov@acri-st.fr;NEON;45;Woody Savannas;29.67615;-82.00847;20171011T000000Z;2.0;OSBS_025;0.403;0.029;0.78;0.06;0.52;0.06;0.37;0.05;0.64;0.08;0.57;0.10;0.393;0.020;0.426;0.022;0.92;0.07;0.302;0.024;0.321;0.027;0.94;0.11;0;16
GBOV_RM7_226;OrdwaySwisherBiologicalStation;Courtney Meier;cmeier@battelleecology.org;support-copernicus-gbov@acri-st.fr;NEON;45;Woody Savannas;29.67615;-82.00847;20171026T000000Z;2.0;OSBS_025;0.407;0.031;0.76;0.07;0.53;0.06;0.39;0.04;0.61;0.07;0.64;0.10;0.267;0.014;0.282;0.015;0.95;0.07;0.219;0.015;0.227;0.016;0.96;0.10;0;16
GBOV_RM7_226;OrdwaySwisherBiologicalStation;Courtney Meier;cmeier@battelleecology.org;support-copernicus-gbov@acri-st.fr;NEON;45;Woody Savannas;29.67615;-82.00847;20171204T000000Z;2.0;OSBS_025;0.377;0.026;0.70;0.06;0.54;0.06;0.358;0.035;0.63;0.07;0.56;0.08;0.0444;0.0034;0.0452;0.0035;0.98;0.11;0.039;0.006;0.039;0.006;0.98;0.22;0;0
GBOV_RM7_226;OrdwaySwisherBiologicalStation;Courtney Meier;cmeier@battelleecology.org;support-copernicus-gbov@acri-st.fr;NEON;45;Woody Savannas;29.67615;-82.00847;20180102T000000Z;2.0;OSBS_025;0.341;0.025;0.60;0.05;0.57;0.06;0.366;0.035;0.63;0.07;0.58;0.08;0.0136;0.0011;0.0137;0.0011;0.99;0.12;0.0156;0.0023;0.0156;0.0023;1.00;0.21;0;0
GBOV_RM7_226;OrdwaySwisherBiologicalStation;Courtney Meier;cmeier@battelleecology.org;support-copernicus-gbov@acri-st.fr;NEON;45;Woody Savannas;29.67615;-82.00847;20180201T000000Z;2.0;OSBS_025;0.367;0.028;0.71;0.06;0.52;0.06;0.311;0.030;0.55;0.06;0.57;0.08;0.0155;0.0014;0.0157;0.0015;0.99;0.13;0.0161;0.0020;0.0162;0.0020;0.99;0.17;0;0
GBOV_RM7_226;OrdwaySwisherBiologicalStation;Courtney Meier;cmeier@battelleecology.org;support-copernicus-gbov@acri-st.fr;NEON;45;Woody Savannas;29.67615;-82.00847;20180227T000000Z;2.0;OSBS_025;0.327;0.026;0.55;0.05;0.60;0.07;0.351;0.029;0.55;0.05;0.64;0.08;0.0255;0.0027;0.0258;0.0028;0.99;0.15;0.028;0.006;0.028;0.006;0.99;0.28;6;0
GBOV_RM7_226;OrdwaySwisherBiologicalStation;Courtney Meier;cmeier@battelleecology.org;support-copernicus-gbov@acri-st.fr;NEON;45;Woody Savannas;29.67615;-82.00847;20180312T000000Z;2.0;OSBS_025;0.387;0.030;0.75;0.07;0.52;0.06;0.33;0.04;0.52;0.06;0.63;0.10;0.0304;0.0033;0.0309;0.0034;0.99;0.15;0.033;0.006;0.033;0.006;0.99;0.26;0;0
GBOV_RM7_226;OrdwaySwisherBiologicalStation;Courtney Meier;cmeier@battelleecology.org;support-copernicus-gbov@acri-st.fr;NEON;45;Woody Savannas;29.67615;-82.00847;20180326T000000Z;2.0;OSBS_025;0.368;0.024;0.63;0.04;0.58;0.06;0.37;0.04;0.67;0.10;0.55;0.10;0.0137;0.0023;0.0146;0.0029;0.93;0.24;0.018;0.006;0.020;0.008;0.9;0.5;0;0
GBOV_RM7_226;OrdwaySwisherBiologicalStation;Courtney Meier;cmeier@battelleecology.org;support-copernicus-gbov@acri-st.fr;NEON;45;Woody Savannas;29.67615;-82.00847;20180412T000000Z;2.0;OSBS_025;0.391;0.029;0.73;0.06;0.53;0.06;0.32;0.04;0.59;0.09;0.54;0.11;0.220;0.030;0.30;0.05;0.74;0.16;0.189;0.034;0.28;0.07;0.68;0.21;0;0
GBOV_RM7_226;OrdwaySwisherBiologicalStation;Courtney Meier;cmeier@battelleecology.org;support-copernicus-gbov@acri-st.fr;NEON;45;Woody Savannas;29.67615;-82.00847;20180425T000000Z;2.0;OSBS_025;0.408;0.031;0.80;0.07;0.51;0.06;0.36;0.04;0.70;0.09;0.52;0.09;0.216;0.028;0.32;0.05;0.67;0.13;0.19;0.04;0.31;0.08;0.61;0.20;0;0
GBOV_RM7_226;OrdwaySwisherBiologicalStation;Courtney Meier;cmeier@battelleecology.org;support-copernicus-gbov@acri-st.fr;NEON;45;Woody Savannas;29.67615;-82.00847;20180507T000000Z;2.0;OSBS_025;0.393;0.026;0.71;0.05;0.55;0.05;0.33;0.04;0.52;0.08;0.63;0.12;0.400;0.035;0.49;0.05;0.81;0.11;0.33;0.04;0.41;0.06;0.80;0.15;0;0
GBOV_RM7_226;OrdwaySwisherBiologicalStation;Courtney Meier;cmeier@battelleecology.org;support-copernicus-gbov@acri-st.fr;NEON;45;Woody Savannas;29.67615;-82.00847;20180522T000000Z;2.0;OSBS_025;0.347;0.025;0.57;0.04;0.60;0.06;0.37;0.05;0.65;0.09;0.56;0.11;0.189;0.026;0.28;0.05;0.68;0.14;0.146;0.032;0.23;0.07;0.64;0.23;0;0
GBOV_RM7_226;OrdwaySwisherBiologicalStation;Courtney Meier;cmeier@battelleecology.org;support-copernicus-gbov@acri-st.fr;NEON;45;Woody Savannas;29.67615;-82.00847;20180608T000000Z;2.0;OSBS_025;0.378;0.026;0.65;0.05;0.59;0.06;0.35;0.05;0.64;0.10;0.55;0.11;0.178;0.024;0.26;0.04;0.69;0.15;0.133;0.024;0.19;0.04;0.70;0.20;0;0
GBOV_RM7_226;OrdwaySwisherBiologicalStation;Courtney Meier;cmeier@battelleecology.org;support-copernicus-gbov@acri-st.fr;NEON;45;Woody Savannas;29.67615;-82.00847;20180620T000000Z;2.0;OSBS_025;0.411;0.027;0.75;0.06;0.55;0.05;0.35;0.04;0.61;0.09;0.57;0.11;0.367;0.026;0.47;0.04;0.78;0.09;0.293;0.034;0.42;0.07;0.70;0.15;0;0
GBOV_RM7_226;OrdwaySwisherBiologicalStation;Courtney Meier;cmeier@battelleecology.org;support-copernicus-gbov@acri-st.fr;NEON;45;Woody Savannas;29.67615;-82.00847;20180705T000000Z;2.0;OSBS_025;0.417;0.030;0.81;0.06;0.52;0.06;0.33;0.05;0.59;0.10;0.57;0.12;0.437;0.030;0.54;0.05;0.81;0.09;0.36;0.04;0.45;0.08;0.79;0.16;0;0
GBOV_RM7_226;OrdwaySwisherBiologicalStation;Courtney Meier;cmeier@battelleecology.org;support-copernicus-gbov@acri-st.fr;NEON;45;Woody Savannas;29.67615;-82.00847;20180717T000000Z;2.0;OSBS_025;0.437;0.029;0.85;0.06;0.51;0.05;0.38;0.05;0.78;0.11;0.49;0.09;0.291;0.024;0.36;0.04;0.80;0.11;0.24;0.04;0.31;0.06;0.77;0.19;0;0
GBOV_RM7_226;OrdwaySwisherBiologicalStation;Courtney Meier;cmeier@battelleecology.org;support-copernicus-gbov@acri-st.fr;NEON;45;Woody Savannas;29.67615;-82.00847;20180801T000000Z;2.0;OSBS_025;0.57;0.04;0.95;0.07;0.60;0.06;0.531;0.035;0.82;0.08;0.65;0.07;0.370;0.023;0.419;0.027;0.88;0.08;0.37;0.04;0.41;0.04;0.92;0.13;0;0
GBOV_RM7_226;OrdwaySwisherBiologicalStation;Courtney Meier;cmeier@battelleecology.org;support-copernicus-gbov@acri-st.fr;NEON;45;Woody Savannas;29.67615;-82.00847;20180813T000000Z;2.0;OSBS_025;0.425;0.029;0.78;0.06;0.54;0.05;0.40;0.05;0.77;0.12;0.52;0.10;0.225;0.018;0.259;0.024;0.87;0.11;0.185;0.028;0.23;0.04;0.82;0.20;0;0
GBOV_RM7_226;OrdwaySwisherBiologicalStation;Courtney Meier;cmeier@battelleecology.org;support-copernicus-gbov@acri-st.fr;NEON;45;Woody Savannas;29.67615;-82.00847;20180829T000000Z;2.0;OSBS_025;0.435;0.030;0.85;0.06;0.51;0.05;0.43;0.05;0.85;0.10;0.50;0.09;0.261;0.020;0.293;0.024;0.89;0.10;0.199;0.025;0.24;0.04;0.84;0.19;0;0
GBOV_RM7_226;OrdwaySwisherBiologicalStation;Courtney Meier;cmeier@battelleecology.org;support-copernicus-gbov@acri-st.fr;NEON;45;Woody Savannas;29.67615;-82.00847;20180912T000000Z;2.0;OSBS_025;0.454;0.032;0.92;0.07;0.49;0.05;0.38;0.05;0.68;0.10;0.56;0.12;0.402;0.020;0.435;0.022;0.92;0.07;0.337;0.027;0.360;0.029;0.93;0.11;0;0
GBOV_RM7_226;OrdwaySwisherBiologicalStation;Courtney Meier;cmeier@battelleecology.org;support-copernicus-gbov@acri-st.fr;NEON;45;Woody Savannas;29.67615;-82.00847;20180927T000000Z;2.0;OSBS_025;0.462;0.032;0.94;0.07;0.49;0.05;0.39;0.05;0.76;0.10;0.51;0.09;0.280;0.016;0.297;0.017;0.94;0.08;0.229;0.023;0.241;0.023;0.95;0.13;0;0
GBOV_RM7_226;OrdwaySwisherBiologicalStation;Courtney Meier;cmeier@battelleecology.org;support-copernicus-gbov@acri-st.fr;NEON;45;Woody Savannas;29.67615;-82.00847;20181016T000000Z;2.0;OSBS_025;0.456;0.031;0.96;0.07;0.48;0.05;0.37;0.05;0.70;0.09;0.53;0.09;0.232;0.011;0.240;0.012;0.96;0.07;0.174;0.013;0.177;0.014;0.98;0.11;0;0
GBOV_RM7_226;OrdwaySwisherBiologicalStation;Courtney Meier;cmeier@battelleecology.org;support-copernicus-gbov@acri-st.fr;NEON;45;Woody Savannas;29.67615;-82.00847;20181024T000000Z;2.0;OSBS_025;0.406;0.028;0.80;0.06;0.51;0.05;0.36;0.05;0.63;0.09;0.56;0.11;0.163;0.011;0.170;0.012;0.96;0.09;0.115;0.013;0.119;0.014;0.97;0.16;0;0
GBOV_RM7_226;OrdwaySwisherBiologicalStation;Courtney Meier;cmeier@battelleecology.org;support-copernicus-gbov@acri-st.fr;NEON;45;Woody Savannas;29.67615;-82.00847;20181107T000000Z;2.0;OSBS_025;0.426;0.029;0.83;0.06;0.52;0.05;0.37;0.05;0.68;0.09;0.54;0.11;0.152;0.010;0.158;0.010;0.96;0.09;0.120;0.012;0.125;0.012;0.97;0.13;0;0
GBOV_RM7_226;OrdwaySwisherBiologicalStation;Courtney Meier;cmeier@battelleecology.org;support-copernicus-gbov@acri-st.fr;NEON;45;Woody Savannas;29.67615;-82.00847;20181203T113700Z;2.0;OSBS_025;0.384;0.026;0.70;0.05;0.55;0.05;0.36;0.04;0.69;0.09;0.53;0.09;0.114;0.007;0.116;0.007;0.98;0.08;0.081;0.008;0.082;0.008;0.98;0.14;0;0
GBOV_RM7_226;OrdwaySwisherBiologicalStation;Courtney Meier;cmeier@battelleecology.org;support-copernicus-gbov@acri-st.fr;NEON;45;Woody Savannas;29.67615;-82.00847;20181231T172500Z;2.0;OSBS_025;0.396;0.031;0.83;0.08;0.47;0.06;0.318;0.029;0.58;0.06;0.55;0.08;0.0517;0.0030;0.0522;0.0030;0.99;0.08;0.039;0.004;0.040;0.004;0.99;0.13;0;0
GBOV_RM7_226;OrdwaySwisherBiologicalStation;Courtney Meier;cmeier@battelleecology.org;support-copernicus-gbov@acri-st.fr;NEON;45;Woody Savannas;29.67615;-82.00847;20190128T184200Z;2.0;OSBS_025;0.371;0.029;0.74;0.07;0.50;0.06;0.291;0.033;0.46;0.06;0.64;0.11;0.0446;0.0032;0.0450;0.0033;0.99;0.10;0.044;0.005;0.045;0.005;0.99;0.16;0;0
GBOV_RM7_226;OrdwaySwisherBiologicalStation;Courtney Meier;cmeier@battelleecology.org;support-copernicus-gbov@acri-st.fr;NEON;45;Woody Savannas;29.67615;-82.00847;20190226T081600Z;2.0;OSBS_025;0.363;0.026;0.66;0.05;0.55;0.06;0.351;0.035;0.68;0.08;0.52;0.08;0.0093;0.0009;0.0094;0.0009;0.99;0.13;0.0079;0.0008;0.0079;0.0008;1.00;0.14;0;0
GBOV_RM7_226;OrdwaySwisherBiologicalStation;Courtney Meier;cmeier@battelleecology.org;support-copernicus-gbov@acri-st.fr;NEON;45;Woody Savannas;29.67615;-82.00847;20190313T075600Z;2.0;OSBS_025;0.366;0.029;0.70;0.06;0.52;0.06;0.36;0.04;0.61;0.07;0.59;0.10;0.0251;0.0017;0.0254;0.0018;0.99;0.10;0.0208;0.0023;0.0209;0.0023;0.99;0.15;0;0
GBOV_RM7_226;OrdwaySwisherBiologicalStation;Courtney Meier;cmeier@battelleecology.org;support-copernicus-gbov@acri-st.fr;NEON;45;Woody Savannas;29.67615;-82.00847;20190325T194100Z;2.0;OSBS_025;0.390;0.028;0.73;0.06;0.53;0.06;0.31;0.04;0.50;0.09;0.63;0.14;0.065;0.006;0.073;0.009;0.90;0.14;0.063;0.013;0.073;0.019;0.87;0.29;0;0
GBOV_RM7_226;OrdwaySwisherBiologicalStation;Courtney Meier;cmeier@battelleecology.org;support-copernicus-gbov@acri-st.fr;NEON;45;Woody Savannas;29.67615;-82.00847;20190408T202300Z;2.0;OSBS_025;0.379;0.026;0.67;0.05;0.56;0.06;0.31;0.04;0.52;0.09;0.59;0.13;0.243;0.006;0.243;0.006;0.998;0.035;0.180;0.009;0.180;0.009;1.00;0.07;64;64
GBOV_RM7_226;OrdwaySwisherBiologicalStation;Courtney Meier;cmeier@battelleecology.org;support-copernicus-gbov@acri-st.fr;NEON;45;Woody Savannas;29.67615;-82.00847;20190423T195500Z;2.0;OSBS_025;0.382;0.025;0.70;0.05;0.54;0.05;0.30;0.04;0.52;0.08;0.57;0.11;0.218;0.025;0.27;0.04;0.80;0.15;0.23;0.05;0.30;0.09;0.76;0.27;0;0
GBOV_RM7_226;OrdwaySwisherBiologicalStation;Courtney Meier;cmeier@battelleecology.org;support-copernicus-gbov@acri-st.fr;NEON;45;Woody Savannas;29.67615;-82.00847;20190509T073100Z;2.0;OSBS_025;0.404;0.028;0.74;0.06;0.54;0.06;0.35;0.04;0.61;0.09;0.57;0.11;0.262;0.026;0.32;0.04;0.83;0.13;0.26;0.05;0.34;0.09;0.78;0.26;0;0
GBOV_RM7_226;OrdwaySwisherBiologicalStation;Courtney Meier;cmeier@battelleecology.org;support-copernicus-gbov@acri-st.fr;NEON;45;Woody Savannas;29.67615;-82.00847;20190521T194900Z;2.0;OSBS_025;0.405;0.031;0.72;0.06;0.56;0.06;0.38;0.04;0.69;0.10;0.54;0.10;0.505;0.029;0.61;0.05;0.83;0.08;0.40;0.04;0.49;0.06;0.83;0.14;0;0
GBOV_RM7_226;OrdwaySwisherBiologicalStation;Courtney Meier;cmeier@battelleecology.org;support-copernicus-gbov@acri-st.fr;NEON;45;Woody Savannas;29.67615;-82.00847;20190606T065100Z;2.0;OSBS_025;0.445;0.035;0.83;0.07;0.54;0.06;0.35;0.04;0.63;0.09;0.56;0.10;0.363;0.025;0.44;0.04;0.83;0.09;0.29;0.04;0.39;0.08;0.72;0.18;0;0
GBOV_RM7_226;OrdwaySwisherBiologicalStation;Courtney Meier;cmeier@battelleecology.org;support-copernicus-gbov@acri-st.fr;NEON;45;Woody Savannas;29.67615;-82.00847;20190619T065800Z;2.0;OSBS_025;0.400;0.029;0.67;0.05;0.60;0.06;0.43;0.05;0.82;0.11;0.53;0.09;0.278;0.022;0.337;0.033;0.82;0.10;0.220;0.030;0.27;0.04;0.81;0.17;0;0
GBOV_RM7_226;OrdwaySwisherBiologicalStation;Courtney Meier;cmeier@battelleecology.org;support-copernicus-gbov@acri-st.fr;NEON;45;Woody Savannas;29.67615;-82.00847;20190703T070300Z;2.0;OSBS_025;0.368;0.025;0.63;0.05;0.58;0.06;0.37;0.04;0.66;0.08;0.57;0.09;0.098;0.005;0.100;0.006;0.98;0.08;0.088;0.008;0.090;0.008;0.98;0.12;0;0
GBOV_RM7_226;OrdwaySwisherBiologicalStation;Courtney Meier;cmeier@battelleecology.org;support-copernicus-gbov@acri-st.fr;NEON;45;Woody Savannas;29.67615;-82.00847;20190716T065300Z;2.0;OSBS_025;0.361;0.025;0.60;0.04;0.60;0.06;0.31;0.04;0.50;0.07;0.62;0.11;0.115;0.007;0.122;0.008;0.94;0.09;0.100;0.011;0.104;0.012;0.96;0.16;0;0
GBOV_RM7_226;OrdwaySwisherBiologicalStation;Courtney Meier;cmeier@battelleecology.org;support-copernicus-gbov@acri-st.fr;NEON;45;Woody Savannas;29.67615;-82.00847;20190731T071000Z;2.0;OSBS_025;0.364;0.024;0.63;0.05;0.58;0.06;0.36;0.04;0.59;0.07;0.61;0.11;0.447;0.031;0.55;0.04;0.81;0.08;0.37;0.05;0.44;0.06;0.84;0.15;0;0
GBOV_RM7_226;OrdwaySwisherBiologicalStation;Courtney Meier;cmeier@battelleecology.org;support-copernicus-gbov@acri-st.fr;NEON;45;Woody Savannas;29.67615;-82.00847;20190815T071400Z;2.0;OSBS_025;0.378;0.026;0.69;0.05;0.55;0.06;0.35;0.04;0.60;0.08;0.58;0.11;0.376;0.030;0.47;0.04;0.80;0.09;0.31;0.04;0.36;0.05;0.86;0.17;0;0
GBOV_RM7_226;OrdwaySwisherBiologicalStation;Courtney Meier;cmeier@battelleecology.org;support-copernicus-gbov@acri-st.fr;NEON;45;Woody Savannas;29.67615;-82.00847;20190829T071300Z;2.0;OSBS_025;0.399;0.031;0.73;0.06;0.55;0.06;0.37;0.04;0.64;0.08;0.58;0.10;0.68;0.06;0.97;0.08;0.70;0.08;0.59;0.10;0.88;0.13;0.67;0.15;0;0
GBOV_RM7_226;OrdwaySwisherBiologicalStation;Courtney Meier;cmeier@battelleecology.org;support-copernicus-gbov@acri-st.fr;NEON;45;Woody Savannas;29.67615;-82.00847;20190911T072600Z;2.0;OSBS_025;0.437;0.030;0.90;0.07;0.48;0.05;0.333;0.035;0.62;0.09;0.53;0.10;0.60;0.04;0.76;0.05;0.79;0.08;0.51;0.07;0.63;0.08;0.82;0.16;0;0
GBOV_RM7_226;OrdwaySwisherBiologicalStation;Courtney Meier;cmeier@battelleecology.org;support-copernicus-gbov@acri-st.fr;NEON;45;Woody Savannas;29.67615;-82.00847;20190926T073200Z;2.0;OSBS_025;0.392;0.027;0.74;0.06;0.53;0.05;0.36;0.04;0.65;0.08;0.56;0.10;0.301;0.024;0.368;0.034;0.82;0.10;0.30;0.04;0.36;0.05;0.82;0.16;0;0
GBOV_RM7_226;OrdwaySwisherBiologicalStation;Courtney Meier;cmeier@battelleecology.org;support-copernicus-gbov@acri-st.fr;NEON;45;Woody Savannas;29.67615;-82.00847;20191010T073100Z;2.0;OSBS_025;0.433;0.031;0.83;0.07;0.52;0.06;0.31;0.04;0.60;0.10;0.51;0.11;0.58;0.04;0.67;0.04;0.87;0.08;0.46;0.05;0.54;0.07;0.86;0.15;0;0
GBOV_RM7_226;OrdwaySwisherBiologicalStation;Courtney Meier;cmeier@battelleecology.org;support-copernicus-gbov@acri-st.fr;NEON;45;Woody Savannas;29.67615;-82.00847;20191024T075200Z;2.0;OSBS_025;0.413;0.027;0.82;0.06;0.51;0.05;0.34;0.04;0.65;0.08;0.53;0.09;0.251;0.025;0.298;0.034;0.84;0.13;0.19;0.04;0.23;0.05;0.85;0.26;0;0
GBOV_RM7_226;OrdwaySwisherBiologicalStation;Courtney Meier;cmeier@battelleecology.org;support-copernicus-gbov@acri-st.fr;NEON;45;Woody Savannas;29.67615;-82.00847;20191105T081800Z;2.0;OSBS_025;0.416;0.030;0.87;0.07;0.48;0.05;0.34;0.04;0.62;0.09;0.56;0.11;0.301;0.024;0.364;0.033;0.83;0.10;0.207;0.023;0.238;0.030;0.87;0.15;0;0
GBOV_RM7_226;OrdwaySwisherBiologicalStation;Courtney Meier;cmeier@battelleecology.org;support-copernicus-gbov@acri-st.fr;NEON;45;Woody Savannas;29.67615;-82.00847;20191120T080300Z;2.0;OSBS_025;0.395;0.027;0.80;0.07;0.49;0.05;0.293;0.034;0.52;0.07;0.57;0.10;0.299;0.027;0.36;0.04;0.84;0.11;0.25;0.04;0.31;0.06;0.80;0.20;0;0
