GBOV_ID;Site;GROUND_DATA_PI;GROUND_DATA_PIs_Email;GBOV_Email;Network;Elevation;IGBP_class;Lat_IS;Lon_IS;TIME_IS;Version;PLOT_ID;LAIe_Miller_up;LAIe_Miller_up_err;LAI_Miller_up;LAI_Miller_up_err;clumping_Miller_up;clumping_Miller_up_err;LAIe_Warren_up;LAIe_Warren_up_err;LAI_Warren_up;LAI_Warren_up_err;clumping_Warren_up;clumping_Warren_up_err;LAIe_Miller_down;LAIe_Miller_down_err;LAI_Miller_down;LAI_Miller_down_err;clumping_Miller_down;clumping_Miller_down_err;LAIe_Warren_down;LAIe_Warren_down_err;LAI_Warren_down;LAI_Warren_down_err;clumping_Warren_down;clumping_Warren_down_err;up_flag;down_flag
GBOV_RM7_735;OnaquiAult;Courtney Meier;cmeier@battelleecology.org;support-copernicus-gbov@acri-st.fr;NEON;1685;Grasslands;40.1775894165039;-112.452438354492;20140522T000000Z;2.0;ONAQ_060;-999;-999;-999;-999;-999;-999;-999;-999;-999;-999;-999;-999;0.0285;0.0029;0.0292;0.0029;0.98;0.14;0.039;0.007;0.040;0.007;0.97;0.23;-999;0
GBOV_RM7_735;OnaquiAult;Courtney Meier;cmeier@battelleecology.org;support-copernicus-gbov@acri-st.fr;NEON;1685;Grasslands;40.1775894165039;-112.452438354492;20140605T000000Z;2.0;ONAQ_060;-999;-999;-999;-999;-999;-999;-999;-999;-999;-999;-999;-999;0.0230;0.0031;0.0234;0.0032;0.98;0.19;0.032;0.007;0.033;0.007;0.98;0.29;-999;0
GBOV_RM7_735;OnaquiAult;Courtney Meier;cmeier@battelleecology.org;support-copernicus-gbov@acri-st.fr;NEON;1685;Grasslands;40.1775894165039;-112.452438354492;20140619T000000Z;2.0;ONAQ_060;-999;-999;-999;-999;-999;-999;-999;-999;-999;-999;-999;-999;0.0177;0.0020;0.0179;0.0020;0.99;0.15;0.025;0.004;0.025;0.004;0.99;0.25;-999;0
GBOV_RM7_735;OnaquiAult;Courtney Meier;cmeier@battelleecology.org;support-copernicus-gbov@acri-st.fr;NEON;1685;Grasslands;40.1775894165039;-112.452438354492;20140702T000000Z;2.0;ONAQ_060;-999;-999;-999;-999;-999;-999;-999;-999;-999;-999;-999;-999;0.0036;0.0006;0.0036;0.0006;0.99;0.22;0.0058;0.0014;0.0058;0.0014;0.99;0.35;-999;0
GBOV_RM7_735;OnaquiAult;Courtney Meier;cmeier@battelleecology.org;support-copernicus-gbov@acri-st.fr;NEON;1685;Grasslands;40.1775894165039;-112.452438354492;20140717T000000Z;2.0;ONAQ_060;-999;-999;-999;-999;-999;-999;-999;-999;-999;-999;-999;-999;0.0074;0.0009;0.0074;0.0009;0.99;0.18;0.0115;0.0024;0.0116;0.0024;0.99;0.29;-999;0
GBOV_RM7_735;OnaquiAult;Courtney Meier;cmeier@battelleecology.org;support-copernicus-gbov@acri-st.fr;NEON;1685;Grasslands;40.1775894165039;-112.452438354492;20140731T000000Z;2.0;ONAQ_060;-999;-999;-999;-999;-999;-999;-999;-999;-999;-999;-999;-999;0.0122;0.0013;0.0123;0.0013;0.99;0.15;0.0165;0.0031;0.0167;0.0031;0.99;0.26;-999;2
GBOV_RM7_735;OnaquiAult;Courtney Meier;cmeier@battelleecology.org;support-copernicus-gbov@acri-st.fr;NEON;1685;Grasslands;40.1775894165039;-112.452438354492;20140814T000000Z;2.0;ONAQ_060;-999;-999;-999;-999;-999;-999;-999;-999;-999;-999;-999;-999;0.0066;0.0009;0.0066;0.0009;0.99;0.19;0.0097;0.0019;0.0098;0.0019;0.99;0.27;-999;0
GBOV_RM7_735;OnaquiAult;Courtney Meier;cmeier@battelleecology.org;support-copernicus-gbov@acri-st.fr;NEON;1685;Grasslands;40.1775894165039;-112.452438354492;20140902T000000Z;2.0;ONAQ_060;-999;-999;-999;-999;-999;-999;-999;-999;-999;-999;-999;-999;0.0172;0.0017;0.0173;0.0017;0.99;0.14;0.0229;0.0035;0.0231;0.0035;0.99;0.21;-999;0
GBOV_RM7_735;OnaquiAult;Courtney Meier;cmeier@battelleecology.org;support-copernicus-gbov@acri-st.fr;NEON;1685;Grasslands;40.1775894165039;-112.452438354492;20140912T000000Z;2.0;ONAQ_060;-999;-999;-999;-999;-999;-999;-999;-999;-999;-999;-999;-999;0.0336;0.0031;0.0343;0.0031;0.98;0.13;0.037;0.005;0.037;0.005;0.99;0.19;-999;0
GBOV_RM7_735;OnaquiAult;Courtney Meier;cmeier@battelleecology.org;support-copernicus-gbov@acri-st.fr;NEON;1685;Grasslands;40.1775894165039;-112.452438354492;20140924T000000Z;2.0;ONAQ_060;-999;-999;-999;-999;-999;-999;-999;-999;-999;-999;-999;-999;0.0243;0.0024;0.0247;0.0025;0.99;0.14;0.034;0.005;0.034;0.005;0.98;0.21;-999;0
GBOV_RM7_735;OnaquiAult;Courtney Meier;cmeier@battelleecology.org;support-copernicus-gbov@acri-st.fr;NEON;1685;Grasslands;40.1775894165039;-112.452438354492;20141008T000000Z;2.0;ONAQ_060;-999;-999;-999;-999;-999;-999;-999;-999;-999;-999;-999;-999;0.046;0.005;0.047;0.006;0.97;0.16;0.053;0.006;0.054;0.007;0.98;0.17;-999;0
GBOV_RM7_735;OnaquiAult;Courtney Meier;cmeier@battelleecology.org;support-copernicus-gbov@acri-st.fr;NEON;1685;Grasslands;40.1775894165039;-112.452438354492;20141023T000000Z;2.0;ONAQ_060;-999;-999;-999;-999;-999;-999;-999;-999;-999;-999;-999;-999;0.0240;0.0026;0.0245;0.0027;0.98;0.15;0.030;0.004;0.031;0.004;0.99;0.20;-999;0
GBOV_RM7_735;OnaquiAult;Courtney Meier;cmeier@battelleecology.org;support-copernicus-gbov@acri-st.fr;NEON;1685;Grasslands;40.1775894165039;-112.452438354492;20150603T000000Z;2.0;ONAQ_060;-999;-999;-999;-999;-999;-999;-999;-999;-999;-999;-999;-999;0.0323;0.0034;0.0333;0.0035;0.97;0.14;0.037;0.006;0.038;0.006;0.96;0.20;-999;0
GBOV_RM7_735;OnaquiAult;Courtney Meier;cmeier@battelleecology.org;support-copernicus-gbov@acri-st.fr;NEON;1685;Grasslands;40.1775894165039;-112.452438354492;20150619T000000Z;2.0;ONAQ_060;-999;-999;-999;-999;-999;-999;-999;-999;-999;-999;-999;-999;0.0211;0.0024;0.0215;0.0024;0.98;0.16;0.030;0.005;0.031;0.005;0.98;0.24;-999;0
GBOV_RM7_735;OnaquiAult;Courtney Meier;cmeier@battelleecology.org;support-copernicus-gbov@acri-st.fr;NEON;1685;Grasslands;40.1775894165039;-112.452438354492;20150701T000000Z;2.0;ONAQ_060;-999;-999;-999;-999;-999;-999;-999;-999;-999;-999;-999;-999;0.0121;0.0015;0.0123;0.0015;0.99;0.17;0.019;0.004;0.020;0.004;0.98;0.29;-999;0
GBOV_RM7_735;OnaquiAult;Courtney Meier;cmeier@battelleecology.org;support-copernicus-gbov@acri-st.fr;NEON;1685;Grasslands;40.1775894165039;-112.452438354492;20150715T000000Z;2.0;ONAQ_060;-999;-999;-999;-999;-999;-999;-999;-999;-999;-999;-999;-999;0.0117;0.0015;0.0118;0.0015;0.99;0.17;0.019;0.004;0.020;0.004;0.98;0.27;-999;2
GBOV_RM7_735;OnaquiAult;Courtney Meier;cmeier@battelleecology.org;support-copernicus-gbov@acri-st.fr;NEON;1685;Grasslands;40.1775894165039;-112.452438354492;20150729T000000Z;2.0;ONAQ_060;-999;-999;-999;-999;-999;-999;-999;-999;-999;-999;-999;-999;0.0112;0.0014;0.0113;0.0014;0.99;0.18;0.0193;0.0034;0.0196;0.0035;0.98;0.25;-999;0
GBOV_RM7_735;OnaquiAult;Courtney Meier;cmeier@battelleecology.org;support-copernicus-gbov@acri-st.fr;NEON;1685;Grasslands;40.1775894165039;-112.452438354492;20150813T000000Z;2.0;ONAQ_060;-999;-999;-999;-999;-999;-999;-999;-999;-999;-999;-999;-999;0.0064;0.0010;0.0064;0.0010;0.99;0.22;0.0084;0.0020;0.0084;0.0020;0.99;0.33;-999;0
GBOV_RM7_735;OnaquiAult;Courtney Meier;cmeier@battelleecology.org;support-copernicus-gbov@acri-st.fr;NEON;1685;Grasslands;40.1775894165039;-112.452438354492;20150826T000000Z;2.0;ONAQ_060;-999;-999;-999;-999;-999;-999;-999;-999;-999;-999;-999;-999;0.0047;0.0008;0.0047;0.0008;0.99;0.24;0.0078;0.0018;0.0079;0.0018;0.99;0.32;-999;0
GBOV_RM7_735;OnaquiAult;Courtney Meier;cmeier@battelleecology.org;support-copernicus-gbov@acri-st.fr;NEON;1685;Grasslands;40.1775894165039;-112.452438354492;20150909T000000Z;2.0;ONAQ_060;-999;-999;-999;-999;-999;-999;-999;-999;-999;-999;-999;-999;0.0154;0.0016;0.0155;0.0016;0.99;0.15;0.024;0.004;0.025;0.004;0.99;0.22;-999;0
GBOV_RM7_735;OnaquiAult;Courtney Meier;cmeier@battelleecology.org;support-copernicus-gbov@acri-st.fr;NEON;1685;Grasslands;40.1775894165039;-112.452438354492;20150923T000000Z;2.0;ONAQ_060;-999;-999;-999;-999;-999;-999;-999;-999;-999;-999;-999;-999;0.0151;0.0019;0.0152;0.0019;0.99;0.17;0.022;0.004;0.022;0.004;0.99;0.27;-999;0
GBOV_RM7_735;OnaquiAult;Courtney Meier;cmeier@battelleecology.org;support-copernicus-gbov@acri-st.fr;NEON;1685;Grasslands;40.1775894165039;-112.452438354492;20151007T000000Z;2.0;ONAQ_060;-999;-999;-999;-999;-999;-999;-999;-999;-999;-999;-999;-999;0.0139;0.0014;0.0140;0.0014;0.99;0.14;0.0205;0.0031;0.0207;0.0032;0.99;0.21;-999;0
GBOV_RM7_735;OnaquiAult;Courtney Meier;cmeier@battelleecology.org;support-copernicus-gbov@acri-st.fr;NEON;1685;Grasslands;40.1775894165039;-112.452438354492;20160324T000000Z;2.0;ONAQ_060;-999;-999;-999;-999;-999;-999;-999;-999;-999;-999;-999;-999;0.0203;0.0022;0.0206;0.0022;0.98;0.15;0.0180;0.0032;0.0183;0.0032;0.98;0.25;-999;0
GBOV_RM7_735;OnaquiAult;Courtney Meier;cmeier@battelleecology.org;support-copernicus-gbov@acri-st.fr;NEON;1685;Grasslands;40.1775894165039;-112.452438354492;20160407T000000Z;2.0;ONAQ_060;-999;-999;-999;-999;-999;-999;-999;-999;-999;-999;-999;-999;0.043;0.004;0.044;0.004;0.97;0.12;0.044;0.007;0.045;0.008;0.97;0.23;-999;0
GBOV_RM7_735;OnaquiAult;Courtney Meier;cmeier@battelleecology.org;support-copernicus-gbov@acri-st.fr;NEON;1685;Grasslands;40.1775894165039;-112.452438354492;20160419T000000Z;2.0;ONAQ_060;-999;-999;-999;-999;-999;-999;-999;-999;-999;-999;-999;-999;0.037;0.004;0.038;0.004;0.97;0.14;0.045;0.007;0.046;0.008;0.96;0.23;-999;0
GBOV_RM7_735;OnaquiAult;Courtney Meier;cmeier@battelleecology.org;support-copernicus-gbov@acri-st.fr;NEON;1685;Grasslands;40.1775894165039;-112.452438354492;20160505T000000Z;2.0;ONAQ_060;-999;-999;-999;-999;-999;-999;-999;-999;-999;-999;-999;-999;0.0185;0.0027;0.0193;0.0030;0.96;0.20;0.024;0.006;0.025;0.006;0.95;0.32;-999;0
GBOV_RM7_735;OnaquiAult;Courtney Meier;cmeier@battelleecology.org;support-copernicus-gbov@acri-st.fr;NEON;1685;Grasslands;40.1775894165039;-112.452438354492;20160518T000000Z;2.0;ONAQ_060;-999;-999;-999;-999;-999;-999;-999;-999;-999;-999;-999;-999;0.0096;0.0015;0.0098;0.0016;0.97;0.22;0.015;0.004;0.015;0.004;0.98;0.34;-999;0
GBOV_RM7_735;OnaquiAult;Courtney Meier;cmeier@battelleecology.org;support-copernicus-gbov@acri-st.fr;NEON;1685;Grasslands;40.1775894165039;-112.452438354492;20160601T000000Z;2.0;ONAQ_060;-999;-999;-999;-999;-999;-999;-999;-999;-999;-999;-999;-999;0.038;0.005;0.040;0.005;0.96;0.17;0.041;0.008;0.043;0.008;0.97;0.25;-999;0
GBOV_RM7_735;OnaquiAult;Courtney Meier;cmeier@battelleecology.org;support-copernicus-gbov@acri-st.fr;NEON;1685;Grasslands;40.1775894165039;-112.452438354492;20160616T000000Z;2.0;ONAQ_060;-999;-999;-999;-999;-999;-999;-999;-999;-999;-999;-999;-999;0.0280;0.0030;0.0286;0.0031;0.98;0.15;0.040;0.007;0.042;0.007;0.97;0.23;-999;0
GBOV_RM7_735;OnaquiAult;Courtney Meier;cmeier@battelleecology.org;support-copernicus-gbov@acri-st.fr;NEON;1685;Grasslands;40.1775894165039;-112.452438354492;20160628T000000Z;2.0;ONAQ_060;-999;-999;-999;-999;-999;-999;-999;-999;-999;-999;-999;-999;0.0195;0.0021;0.0198;0.0022;0.99;0.15;0.029;0.005;0.030;0.005;0.98;0.24;-999;0
GBOV_RM7_735;OnaquiAult;Courtney Meier;cmeier@battelleecology.org;support-copernicus-gbov@acri-st.fr;NEON;1685;Grasslands;40.1775894165039;-112.452438354492;20160712T000000Z;2.0;ONAQ_060;-999;-999;-999;-999;-999;-999;-999;-999;-999;-999;-999;-999;0.0156;0.0021;0.0158;0.0021;0.99;0.19;0.023;0.006;0.023;0.006;0.98;0.34;-999;0
GBOV_RM7_735;OnaquiAult;Courtney Meier;cmeier@battelleecology.org;support-copernicus-gbov@acri-st.fr;NEON;1685;Grasslands;40.1775894165039;-112.452438354492;20160726T000000Z;2.0;ONAQ_060;-999;-999;-999;-999;-999;-999;-999;-999;-999;-999;-999;-999;0.0103;0.0011;0.0103;0.0011;0.99;0.15;0.0143;0.0025;0.0144;0.0025;0.99;0.24;-999;0
GBOV_RM7_735;OnaquiAult;Courtney Meier;cmeier@battelleecology.org;support-copernicus-gbov@acri-st.fr;NEON;1685;Grasslands;40.1775894165039;-112.452438354492;20160809T000000Z;2.0;ONAQ_060;-999;-999;-999;-999;-999;-999;-999;-999;-999;-999;-999;-999;0.0118;0.0013;0.0119;0.0013;0.99;0.16;0.0177;0.0033;0.0179;0.0034;0.99;0.26;-999;0
GBOV_RM7_735;OnaquiAult;Courtney Meier;cmeier@battelleecology.org;support-copernicus-gbov@acri-st.fr;NEON;1685;Grasslands;40.1775894165039;-112.452438354492;20160824T000000Z;2.0;ONAQ_060;-999;-999;-999;-999;-999;-999;-999;-999;-999;-999;-999;-999;0.0116;0.0015;0.0117;0.0015;0.99;0.18;0.018;0.004;0.018;0.004;0.99;0.31;-999;0
GBOV_RM7_735;OnaquiAult;Courtney Meier;cmeier@battelleecology.org;support-copernicus-gbov@acri-st.fr;NEON;1685;Grasslands;40.1775894165039;-112.452438354492;20160908T000000Z;2.0;ONAQ_060;-999;-999;-999;-999;-999;-999;-999;-999;-999;-999;-999;-999;0.0111;0.0014;0.0112;0.0014;0.99;0.18;0.0163;0.0032;0.0165;0.0033;0.99;0.27;-999;0
GBOV_RM7_735;OnaquiAult;Courtney Meier;cmeier@battelleecology.org;support-copernicus-gbov@acri-st.fr;NEON;1685;Grasslands;40.1775894165039;-112.452438354492;20160920T000000Z;2.0;ONAQ_060;-999;-999;-999;-999;-999;-999;-999;-999;-999;-999;-999;-999;0.0101;0.0011;0.0102;0.0012;0.99;0.16;0.0148;0.0027;0.0150;0.0028;0.99;0.26;-999;0
GBOV_RM7_735;OnaquiAult;Courtney Meier;cmeier@battelleecology.org;support-copernicus-gbov@acri-st.fr;NEON;1685;Grasslands;40.1775894165039;-112.452438354492;20161004T000000Z;2.0;ONAQ_060;-999;-999;-999;-999;-999;-999;-999;-999;-999;-999;-999;-999;0.0180;0.0018;0.0182;0.0019;0.99;0.14;0.024;0.004;0.024;0.004;0.99;0.23;-999;0
GBOV_RM7_735;OnaquiAult;Courtney Meier;cmeier@battelleecology.org;support-copernicus-gbov@acri-st.fr;NEON;1685;Grasslands;40.1775894165039;-112.452438354492;20161019T000000Z;2.0;ONAQ_060;-999;-999;-999;-999;-999;-999;-999;-999;-999;-999;-999;-999;0.0175;0.0015;0.0176;0.0015;0.99;0.12;0.024;0.004;0.024;0.004;0.99;0.22;-999;0
GBOV_RM7_735;OnaquiAult;Courtney Meier;cmeier@battelleecology.org;support-copernicus-gbov@acri-st.fr;NEON;1685;Grasslands;40.1775894165039;-112.452438354492;20170322T000000Z;2.0;ONAQ_060;-999;-999;-999;-999;-999;-999;-999;-999;-999;-999;-999;-999;0.00031;0.00007;0.00031;0.00007;1.00;0.30;0.00045;0.00018;0.00045;0.00018;1.0;0.6;-999;0
GBOV_RM7_735;OnaquiAult;Courtney Meier;cmeier@battelleecology.org;support-copernicus-gbov@acri-st.fr;NEON;1685;Grasslands;40.1775894165039;-112.452438354492;20170405T000000Z;2.0;ONAQ_060;-999;-999;-999;-999;-999;-999;-999;-999;-999;-999;-999;-999;0.0470;0.0035;0.048;0.004;0.99;0.11;0.058;0.007;0.059;0.007;0.98;0.16;-999;0
GBOV_RM7_735;OnaquiAult;Courtney Meier;cmeier@battelleecology.org;support-copernicus-gbov@acri-st.fr;NEON;1685;Grasslands;40.1775894165039;-112.452438354492;20170417T000000Z;2.0;ONAQ_060;-999;-999;-999;-999;-999;-999;-999;-999;-999;-999;-999;-999;0.039;0.004;0.040;0.004;0.98;0.13;0.045;0.006;0.046;0.006;0.98;0.19;-999;0
GBOV_RM7_735;OnaquiAult;Courtney Meier;cmeier@battelleecology.org;support-copernicus-gbov@acri-st.fr;NEON;1685;Grasslands;40.1775894165039;-112.452438354492;20170503T000000Z;2.0;ONAQ_060;-999;-999;-999;-999;-999;-999;-999;-999;-999;-999;-999;-999;0.082;0.008;0.088;0.009;0.94;0.14;0.084;0.014;0.088;0.015;0.95;0.22;-999;0
GBOV_RM7_735;OnaquiAult;Courtney Meier;cmeier@battelleecology.org;support-copernicus-gbov@acri-st.fr;NEON;1685;Grasslands;40.1775894165039;-112.452438354492;20170516T000000Z;2.0;ONAQ_060;-999;-999;-999;-999;-999;-999;-999;-999;-999;-999;-999;-999;0.044;0.006;0.048;0.007;0.92;0.18;0.032;0.006;0.034;0.006;0.95;0.25;-999;0
GBOV_RM7_735;OnaquiAult;Courtney Meier;cmeier@battelleecology.org;support-copernicus-gbov@acri-st.fr;NEON;1685;Grasslands;40.1775894165039;-112.452438354492;20170615T000000Z;2.0;ONAQ_060;-999;-999;-999;-999;-999;-999;-999;-999;-999;-999;-999;-999;0.108;0.026;0.16;0.05;0.66;0.25;0.094;0.035;0.11;0.05;0.8;0.5;-999;0
GBOV_RM7_735;OnaquiAult;Courtney Meier;cmeier@battelleecology.org;support-copernicus-gbov@acri-st.fr;NEON;1685;Grasslands;40.1775894165039;-112.452438354492;20170628T000000Z;2.0;ONAQ_060;-999;-999;-999;-999;-999;-999;-999;-999;-999;-999;-999;-999;0.0233;0.0025;0.0238;0.0025;0.98;0.15;0.035;0.006;0.036;0.006;0.97;0.23;-999;0
GBOV_RM7_735;OnaquiAult;Courtney Meier;cmeier@battelleecology.org;support-copernicus-gbov@acri-st.fr;NEON;1685;Grasslands;40.1775894165039;-112.452438354492;20170712T000000Z;2.0;ONAQ_060;-999;-999;-999;-999;-999;-999;-999;-999;-999;-999;-999;-999;0.0132;0.0014;0.0133;0.0015;0.99;0.15;0.022;0.004;0.022;0.004;0.99;0.24;-999;0
GBOV_RM7_735;OnaquiAult;Courtney Meier;cmeier@battelleecology.org;support-copernicus-gbov@acri-st.fr;NEON;1685;Grasslands;40.1775894165039;-112.452438354492;20170724T000000Z;2.0;ONAQ_060;-999;-999;-999;-999;-999;-999;-999;-999;-999;-999;-999;-999;0.0094;0.0012;0.0095;0.0012;0.99;0.18;0.0160;0.0033;0.0162;0.0034;0.99;0.29;-999;0
GBOV_RM7_735;OnaquiAult;Courtney Meier;cmeier@battelleecology.org;support-copernicus-gbov@acri-st.fr;NEON;1685;Grasslands;40.1775894165039;-112.452438354492;20170809T000000Z;2.0;ONAQ_060;-999;-999;-999;-999;-999;-999;-999;-999;-999;-999;-999;-999;0.0108;0.0010;0.0108;0.0010;0.99;0.14;0.0163;0.0026;0.0165;0.0027;0.99;0.23;-999;0
GBOV_RM7_735;OnaquiAult;Courtney Meier;cmeier@battelleecology.org;support-copernicus-gbov@acri-st.fr;NEON;1685;Grasslands;40.1775894165039;-112.452438354492;20170823T000000Z;2.0;ONAQ_060;-999;-999;-999;-999;-999;-999;-999;-999;-999;-999;-999;-999;0.0229;0.0019;0.0231;0.0019;0.99;0.11;0.034;0.004;0.035;0.005;0.99;0.18;-999;0
GBOV_RM7_735;OnaquiAult;Courtney Meier;cmeier@battelleecology.org;support-copernicus-gbov@acri-st.fr;NEON;1685;Grasslands;40.1775894165039;-112.452438354492;20170906T000000Z;2.0;ONAQ_060;-999;-999;-999;-999;-999;-999;-999;-999;-999;-999;-999;-999;0.0079;0.0010;0.0080;0.0010;0.99;0.17;0.0130;0.0028;0.0131;0.0028;0.99;0.30;-999;0
GBOV_RM7_735;OnaquiAult;Courtney Meier;cmeier@battelleecology.org;support-copernicus-gbov@acri-st.fr;NEON;1685;Grasslands;40.1775894165039;-112.452438354492;20170920T000000Z;2.0;ONAQ_060;-999;-999;-999;-999;-999;-999;-999;-999;-999;-999;-999;-999;0.0212;0.0015;0.0214;0.0015;0.99;0.10;0.0297;0.0033;0.0300;0.0033;0.99;0.15;-999;0
GBOV_RM7_735;OnaquiAult;Courtney Meier;cmeier@battelleecology.org;support-copernicus-gbov@acri-st.fr;NEON;1685;Grasslands;40.1775894165039;-112.452438354492;20171005T000000Z;2.0;ONAQ_060;-999;-999;-999;-999;-999;-999;-999;-999;-999;-999;-999;-999;0.0235;0.0016;0.0236;0.0016;0.99;0.10;0.0309;0.0031;0.0311;0.0032;0.99;0.14;-999;0
GBOV_RM7_735;OnaquiAult;Courtney Meier;cmeier@battelleecology.org;support-copernicus-gbov@acri-st.fr;NEON;1685;Grasslands;40.1775894165039;-112.452438354492;20171016T000000Z;2.0;ONAQ_060;-999;-999;-999;-999;-999;-999;-999;-999;-999;-999;-999;-999;0.0281;0.0016;0.0283;0.0016;0.99;0.08;0.0392;0.0030;0.0394;0.0031;0.99;0.11;-999;0
GBOV_RM7_735;OnaquiAult;Courtney Meier;cmeier@battelleecology.org;support-copernicus-gbov@acri-st.fr;NEON;1685;Grasslands;40.1775894165039;-112.452438354492;20180321T000000Z;2.0;ONAQ_060;-999;-999;-999;-999;-999;-999;-999;-999;-999;-999;-999;-999;0.0333;0.0021;0.0336;0.0021;0.99;0.09;0.043;0.005;0.044;0.005;0.99;0.15;-999;0
GBOV_RM7_735;OnaquiAult;Courtney Meier;cmeier@battelleecology.org;support-copernicus-gbov@acri-st.fr;NEON;1685;Grasslands;40.1775894165039;-112.452438354492;20180404T000000Z;2.0;ONAQ_060;-999;-999;-999;-999;-999;-999;-999;-999;-999;-999;-999;-999;0.0095;0.0008;0.0095;0.0008;0.99;0.12;0.0129;0.0017;0.0130;0.0017;1.00;0.18;-999;0
GBOV_RM7_735;OnaquiAult;Courtney Meier;cmeier@battelleecology.org;support-copernicus-gbov@acri-st.fr;NEON;1685;Grasslands;40.1775894165039;-112.452438354492;20180416T000000Z;2.0;ONAQ_060;-999;-999;-999;-999;-999;-999;-999;-999;-999;-999;-999;-999;0.0547;0.0031;0.0555;0.0031;0.99;0.08;0.066;0.006;0.067;0.006;0.98;0.13;-999;0
GBOV_RM7_735;OnaquiAult;Courtney Meier;cmeier@battelleecology.org;support-copernicus-gbov@acri-st.fr;NEON;1685;Grasslands;40.1775894165039;-112.452438354492;20180503T000000Z;2.0;ONAQ_060;-999;-999;-999;-999;-999;-999;-999;-999;-999;-999;-999;-999;0.0303;0.0028;0.0311;0.0029;0.98;0.13;0.0303;0.0035;0.031;0.004;0.98;0.16;-999;0
GBOV_RM7_735;OnaquiAult;Courtney Meier;cmeier@battelleecology.org;support-copernicus-gbov@acri-st.fr;NEON;1685;Grasslands;40.1775894165039;-112.452438354492;20180516T000000Z;2.0;ONAQ_060;-999;-999;-999;-999;-999;-999;-999;-999;-999;-999;-999;-999;0.057;0.005;0.059;0.005;0.96;0.12;0.070;0.009;0.073;0.009;0.96;0.17;-999;0
GBOV_RM7_735;OnaquiAult;Courtney Meier;cmeier@battelleecology.org;support-copernicus-gbov@acri-st.fr;NEON;1685;Grasslands;40.1775894165039;-112.452438354492;20180605T000000Z;2.0;ONAQ_060;-999;-999;-999;-999;-999;-999;-999;-999;-999;-999;-999;-999;0.042;0.005;0.043;0.005;0.97;0.16;0.051;0.010;0.053;0.010;0.97;0.26;-999;0
GBOV_RM7_735;OnaquiAult;Courtney Meier;cmeier@battelleecology.org;support-copernicus-gbov@acri-st.fr;NEON;1685;Grasslands;40.1775894165039;-112.452438354492;20180613T000000Z;2.0;ONAQ_060;-999;-999;-999;-999;-999;-999;-999;-999;-999;-999;-999;-999;0.0260;0.0030;0.0265;0.0031;0.98;0.16;0.038;0.007;0.039;0.007;0.97;0.25;-999;0
GBOV_RM7_735;OnaquiAult;Courtney Meier;cmeier@battelleecology.org;support-copernicus-gbov@acri-st.fr;NEON;1685;Grasslands;40.1775894165039;-112.452438354492;20180628T000000Z;2.0;ONAQ_060;-999;-999;-999;-999;-999;-999;-999;-999;-999;-999;-999;-999;0.0160;0.0019;0.0162;0.0019;0.99;0.16;0.024;0.004;0.024;0.004;0.99;0.25;-999;0
GBOV_RM7_735;OnaquiAult;Courtney Meier;cmeier@battelleecology.org;support-copernicus-gbov@acri-st.fr;NEON;1685;Grasslands;40.1775894165039;-112.452438354492;20180711T000000Z;2.0;ONAQ_060;-999;-999;-999;-999;-999;-999;-999;-999;-999;-999;-999;-999;0.0108;0.0014;0.0109;0.0014;0.99;0.18;0.0167;0.0034;0.0170;0.0035;0.99;0.29;-999;0
GBOV_RM7_735;OnaquiAult;Courtney Meier;cmeier@battelleecology.org;support-copernicus-gbov@acri-st.fr;NEON;1685;Grasslands;40.1775894165039;-112.452438354492;20180725T000000Z;2.0;ONAQ_060;-999;-999;-999;-999;-999;-999;-999;-999;-999;-999;-999;-999;0.0068;0.0008;0.0068;0.0008;0.99;0.16;0.0104;0.0021;0.0105;0.0021;0.99;0.28;-999;0
GBOV_RM7_735;OnaquiAult;Courtney Meier;cmeier@battelleecology.org;support-copernicus-gbov@acri-st.fr;NEON;1685;Grasslands;40.1775894165039;-112.452438354492;20180808T000000Z;2.0;ONAQ_060;-999;-999;-999;-999;-999;-999;-999;-999;-999;-999;-999;-999;0.0101;0.0010;0.0102;0.0010;0.99;0.14;0.0146;0.0025;0.0147;0.0025;0.99;0.24;-999;0
GBOV_RM7_735;OnaquiAult;Courtney Meier;cmeier@battelleecology.org;support-copernicus-gbov@acri-st.fr;NEON;1685;Grasslands;40.1775894165039;-112.452438354492;20180822T000000Z;2.0;ONAQ_060;-999;-999;-999;-999;-999;-999;-999;-999;-999;-999;-999;-999;0.0036;0.0005;0.0036;0.0005;1.00;0.20;0.0047;0.0010;0.0047;0.0010;1.00;0.30;-999;0
GBOV_RM7_735;OnaquiAult;Courtney Meier;cmeier@battelleecology.org;support-copernicus-gbov@acri-st.fr;NEON;1685;Grasslands;40.1775894165039;-112.452438354492;20180905T000000Z;2.0;ONAQ_060;-999;-999;-999;-999;-999;-999;-999;-999;-999;-999;-999;-999;0.0118;0.0013;0.0119;0.0013;0.99;0.16;0.0159;0.0029;0.0161;0.0029;0.99;0.25;-999;0
GBOV_RM7_735;OnaquiAult;Courtney Meier;cmeier@battelleecology.org;support-copernicus-gbov@acri-st.fr;NEON;1685;Grasslands;40.1775894165039;-112.452438354492;20180919T000000Z;2.0;ONAQ_060;-999;-999;-999;-999;-999;-999;-999;-999;-999;-999;-999;-999;0.0155;0.0016;0.0157;0.0016;0.99;0.14;0.024;0.004;0.024;0.004;0.99;0.26;-999;0
GBOV_RM7_735;OnaquiAult;Courtney Meier;cmeier@battelleecology.org;support-copernicus-gbov@acri-st.fr;NEON;1685;Grasslands;40.1775894165039;-112.452438354492;20181001T000000Z;2.0;ONAQ_060;-999;-999;-999;-999;-999;-999;-999;-999;-999;-999;-999;-999;0.0073;0.0008;0.0073;0.0008;0.99;0.16;0.0106;0.0019;0.0106;0.0019;0.99;0.25;-999;0
GBOV_RM7_735;OnaquiAult;Courtney Meier;cmeier@battelleecology.org;support-copernicus-gbov@acri-st.fr;NEON;1685;Grasslands;40.1775894165039;-112.452438354492;20190320T154700Z;2.0;ONAQ_060;-999;-999;-999;-999;-999;-999;-999;-999;-999;-999;-999;-999;0.0288;0.0015;0.0289;0.0015;0.99;0.08;0.0375;0.0029;0.0378;0.0029;0.99;0.11;-999;0
GBOV_RM7_735;OnaquiAult;Courtney Meier;cmeier@battelleecology.org;support-copernicus-gbov@acri-st.fr;NEON;1685;Grasslands;40.1775894165039;-112.452438354492;20190403T150900Z;2.0;ONAQ_060;-999;-999;-999;-999;-999;-999;-999;-999;-999;-999;-999;-999;0.0259;0.0018;0.0261;0.0018;0.99;0.10;0.0270;0.0026;0.0272;0.0027;0.99;0.14;-999;0
GBOV_RM7_735;OnaquiAult;Courtney Meier;cmeier@battelleecology.org;support-copernicus-gbov@acri-st.fr;NEON;1685;Grasslands;40.1775894165039;-112.452438354492;20190418T161400Z;2.0;ONAQ_060;-999;-999;-999;-999;-999;-999;-999;-999;-999;-999;-999;-999;0.107;0.006;0.110;0.006;0.97;0.08;0.104;0.010;0.107;0.011;0.98;0.14;-999;0
GBOV_RM7_735;OnaquiAult;Courtney Meier;cmeier@battelleecology.org;support-copernicus-gbov@acri-st.fr;NEON;1685;Grasslands;40.1775894165039;-112.452438354492;20190502T153000Z;2.0;ONAQ_060;-999;-999;-999;-999;-999;-999;-999;-999;-999;-999;-999;-999;0.121;0.010;0.129;0.011;0.94;0.11;0.108;0.015;0.115;0.017;0.94;0.19;-999;0
GBOV_RM7_735;OnaquiAult;Courtney Meier;cmeier@battelleecology.org;support-copernicus-gbov@acri-st.fr;NEON;1685;Grasslands;40.1775894165039;-112.452438354492;20190517T124500Z;2.0;ONAQ_060;-999;-999;-999;-999;-999;-999;-999;-999;-999;-999;-999;-999;0.069;0.006;0.072;0.007;0.95;0.13;0.066;0.010;0.070;0.011;0.95;0.21;-999;0
GBOV_RM7_735;OnaquiAult;Courtney Meier;cmeier@battelleecology.org;support-copernicus-gbov@acri-st.fr;NEON;1685;Grasslands;40.1775894165039;-112.452438354492;20190530T123400Z;2.0;ONAQ_060;-999;-999;-999;-999;-999;-999;-999;-999;-999;-999;-999;-999;0.049;0.006;0.052;0.007;0.94;0.17;0.038;0.008;0.040;0.009;0.95;0.30;-999;0
GBOV_RM7_735;OnaquiAult;Courtney Meier;cmeier@battelleecology.org;support-copernicus-gbov@acri-st.fr;NEON;1685;Grasslands;40.1775894165039;-112.452438354492;20190627T143600Z;2.0;ONAQ_060;-999;-999;-999;-999;-999;-999;-999;-999;-999;-999;-999;-999;0.0202;0.0029;0.0207;0.0030;0.97;0.20;0.027;0.005;0.028;0.006;0.97;0.27;-999;0
GBOV_RM7_735;OnaquiAult;Courtney Meier;cmeier@battelleecology.org;support-copernicus-gbov@acri-st.fr;NEON;1685;Grasslands;40.1775894165039;-112.452438354492;20190711T123100Z;2.0;ONAQ_060;-999;-999;-999;-999;-999;-999;-999;-999;-999;-999;-999;-999;0.0216;0.0025;0.0220;0.0025;0.98;0.16;0.032;0.006;0.033;0.006;0.97;0.25;-999;0
GBOV_RM7_735;OnaquiAult;Courtney Meier;cmeier@battelleecology.org;support-copernicus-gbov@acri-st.fr;NEON;1685;Grasslands;40.1775894165039;-112.452438354492;20190724T162500Z;2.0;ONAQ_060;-999;-999;-999;-999;-999;-999;-999;-999;-999;-999;-999;-999;0.0095;0.0017;0.0097;0.0017;0.99;0.25;0.0104;0.0028;0.0105;0.0029;1.0;0.4;-999;0
GBOV_RM7_735;OnaquiAult;Courtney Meier;cmeier@battelleecology.org;support-copernicus-gbov@acri-st.fr;NEON;1685;Grasslands;40.1775894165039;-112.452438354492;20190808T141500Z;2.0;ONAQ_060;-999;-999;-999;-999;-999;-999;-999;-999;-999;-999;-999;-999;0.0047;0.0007;0.0047;0.0007;0.99;0.21;0.0064;0.0014;0.0065;0.0014;0.99;0.30;-999;0
GBOV_RM7_735;OnaquiAult;Courtney Meier;cmeier@battelleecology.org;support-copernicus-gbov@acri-st.fr;NEON;1685;Grasslands;40.1775894165039;-112.452438354492;20190821T113800Z;2.0;ONAQ_060;-999;-999;-999;-999;-999;-999;-999;-999;-999;-999;-999;-999;0.0054;0.0007;0.0055;0.0007;0.99;0.18;0.0089;0.0018;0.0090;0.0018;0.99;0.28;-999;0
GBOV_RM7_735;OnaquiAult;Courtney Meier;cmeier@battelleecology.org;support-copernicus-gbov@acri-st.fr;NEON;1685;Grasslands;40.1775894165039;-112.452438354492;20190905T120500Z;2.0;ONAQ_060;-999;-999;-999;-999;-999;-999;-999;-999;-999;-999;-999;-999;0.00262;0.00035;0.0026;0.0004;0.99;0.19;0.0043;0.0009;0.0043;0.0009;0.99;0.30;-999;0
