GBOV_ID;Site;GROUND_DATA_PI;GROUND_DATA_PIs_Email;GBOV_Email;Network;Elevation;IGBP_class;Lat_IS;Lon_IS;TIME_IS;Version;PLOT_ID;LAIe_Miller_up;LAIe_Miller_up_err;LAI_Miller_up;LAI_Miller_up_err;clumping_Miller_up;clumping_Miller_up_err;LAIe_Warren_up;LAIe_Warren_up_err;LAI_Warren_up;LAI_Warren_up_err;clumping_Warren_up;clumping_Warren_up_err;LAIe_Miller_down;LAIe_Miller_down_err;LAI_Miller_down;LAI_Miller_down_err;clumping_Miller_down;clumping_Miller_down_err;LAIe_Warren_down;LAIe_Warren_down_err;LAI_Warren_down;LAI_Warren_down_err;clumping_Warren_down;clumping_Warren_down_err;up_flag;down_flag
GBOV_RM7_381;Woodworth;Courtney Meier;cmeier@battelleecology.org;support-copernicus-gbov@acri-st.fr;NEON;579;Croplands;47.128231048584;-99.2413635253906;20140508T000000Z;2.0;WOOD_044;-999;-999;-999;-999;-999;-999;-999;-999;-999;-999;-999;-999;0.0325;0.0017;0.0327;0.0018;0.99;0.07;0.0269;0.0026;0.0272;0.0028;0.99;0.14;-999;0
GBOV_RM7_381;Woodworth;Courtney Meier;cmeier@battelleecology.org;support-copernicus-gbov@acri-st.fr;NEON;579;Croplands;47.128231048584;-99.2413635253906;20140522T000000Z;2.0;WOOD_044;-999;-999;-999;-999;-999;-999;-999;-999;-999;-999;-999;-999;0.063;0.004;0.064;0.004;0.98;0.08;0.047;0.006;0.048;0.006;0.97;0.18;-999;0
GBOV_RM7_381;Woodworth;Courtney Meier;cmeier@battelleecology.org;support-copernicus-gbov@acri-st.fr;NEON;579;Croplands;47.128231048584;-99.2413635253906;20140619T000000Z;2.0;WOOD_044;-999;-999;-999;-999;-999;-999;-999;-999;-999;-999;-999;-999;1.55;0.09;1.81;0.11;0.86;0.07;1.39;0.17;1.67;0.19;0.83;0.14;-999;0
GBOV_RM7_381;Woodworth;Courtney Meier;cmeier@battelleecology.org;support-copernicus-gbov@acri-st.fr;NEON;579;Croplands;47.128231048584;-99.2413635253906;20140708T000000Z;2.0;WOOD_044;-999;-999;-999;-999;-999;-999;-999;-999;-999;-999;-999;-999;1.63;0.06;1.77;0.07;0.92;0.05;1.30;0.08;1.40;0.08;0.93;0.08;-999;0
GBOV_RM7_381;Woodworth;Courtney Meier;cmeier@battelleecology.org;support-copernicus-gbov@acri-st.fr;NEON;579;Croplands;47.128231048584;-99.2413635253906;20140717T000000Z;2.0;WOOD_044;-999;-999;-999;-999;-999;-999;-999;-999;-999;-999;-999;-999;1.44;0.04;1.54;0.05;0.94;0.04;1.02;0.05;1.08;0.05;0.94;0.06;-999;0
GBOV_RM7_381;Woodworth;Courtney Meier;cmeier@battelleecology.org;support-copernicus-gbov@acri-st.fr;NEON;579;Croplands;47.128231048584;-99.2413635253906;20140731T000000Z;2.0;WOOD_044;-999;-999;-999;-999;-999;-999;-999;-999;-999;-999;-999;-999;1.02;0.04;1.11;0.04;0.92;0.05;0.71;0.06;0.77;0.06;0.92;0.11;-999;0
GBOV_RM7_381;Woodworth;Courtney Meier;cmeier@battelleecology.org;support-copernicus-gbov@acri-st.fr;NEON;579;Croplands;47.128231048584;-99.2413635253906;20140814T000000Z;2.0;WOOD_044;-999;-999;-999;-999;-999;-999;-999;-999;-999;-999;-999;-999;0.711;0.030;0.752;0.033;0.95;0.06;0.50;0.04;0.53;0.05;0.95;0.11;-999;0
GBOV_RM7_381;Woodworth;Courtney Meier;cmeier@battelleecology.org;support-copernicus-gbov@acri-st.fr;NEON;579;Croplands;47.128231048584;-99.2413635253906;20140905T000000Z;2.0;WOOD_044;-999;-999;-999;-999;-999;-999;-999;-999;-999;-999;-999;-999;0.690;0.021;0.716;0.022;0.96;0.04;0.467;0.032;0.486;0.035;0.96;0.10;-999;0
GBOV_RM7_381;Woodworth;Courtney Meier;cmeier@battelleecology.org;support-copernicus-gbov@acri-st.fr;NEON;579;Croplands;47.128231048584;-99.2413635253906;20140911T000000Z;2.0;WOOD_044;-999;-999;-999;-999;-999;-999;-999;-999;-999;-999;-999;-999;0.369;0.012;0.379;0.013;0.97;0.05;0.222;0.013;0.227;0.013;0.98;0.08;-999;0
GBOV_RM7_381;Woodworth;Courtney Meier;cmeier@battelleecology.org;support-copernicus-gbov@acri-st.fr;NEON;579;Croplands;47.128231048584;-99.2413635253906;20140926T000000Z;2.0;WOOD_044;-999;-999;-999;-999;-999;-999;-999;-999;-999;-999;-999;-999;0.214;0.009;0.220;0.010;0.97;0.06;0.159;0.012;0.163;0.013;0.98;0.11;-999;0
GBOV_RM7_381;Woodworth;Courtney Meier;cmeier@battelleecology.org;support-copernicus-gbov@acri-st.fr;NEON;579;Croplands;47.128231048584;-99.2413635253906;20141009T000000Z;2.0;WOOD_044;-999;-999;-999;-999;-999;-999;-999;-999;-999;-999;-999;-999;0.171;0.007;0.174;0.007;0.98;0.05;0.127;0.008;0.130;0.009;0.98;0.09;-999;0
GBOV_RM7_381;Woodworth;Courtney Meier;cmeier@battelleecology.org;support-copernicus-gbov@acri-st.fr;NEON;579;Croplands;47.128231048584;-99.2413635253906;20141022T000000Z;2.0;WOOD_044;-999;-999;-999;-999;-999;-999;-999;-999;-999;-999;-999;-999;0.0433;0.0025;0.0437;0.0025;0.99;0.08;0.0282;0.0034;0.0285;0.0034;0.99;0.17;-999;0
GBOV_RM7_381;Woodworth;Courtney Meier;cmeier@battelleecology.org;support-copernicus-gbov@acri-st.fr;NEON;579;Croplands;47.128231048584;-99.2413635253906;20150403T000000Z;2.0;WOOD_044;-999;-999;-999;-999;-999;-999;-999;-999;-999;-999;-999;-999;0.0326;0.0021;0.0328;0.0021;0.99;0.09;0.035;0.004;0.036;0.004;0.99;0.14;-999;0
GBOV_RM7_381;Woodworth;Courtney Meier;cmeier@battelleecology.org;support-copernicus-gbov@acri-st.fr;NEON;579;Croplands;47.128231048584;-99.2413635253906;20150415T000000Z;2.0;WOOD_044;-999;-999;-999;-999;-999;-999;-999;-999;-999;-999;-999;-999;0.0494;0.0020;0.0497;0.0021;0.99;0.06;0.058;0.004;0.058;0.004;0.99;0.09;-999;0
GBOV_RM7_381;Woodworth;Courtney Meier;cmeier@battelleecology.org;support-copernicus-gbov@acri-st.fr;NEON;579;Croplands;47.128231048584;-99.2413635253906;20150430T000000Z;2.0;WOOD_044;-999;-999;-999;-999;-999;-999;-999;-999;-999;-999;-999;-999;0.0280;0.0017;0.0282;0.0018;0.99;0.09;0.0318;0.0030;0.0321;0.0030;0.99;0.13;-999;0
GBOV_RM7_381;Woodworth;Courtney Meier;cmeier@battelleecology.org;support-copernicus-gbov@acri-st.fr;NEON;579;Croplands;47.128231048584;-99.2413635253906;20150520T000000Z;2.0;WOOD_044;-999;-999;-999;-999;-999;-999;-999;-999;-999;-999;-999;-999;0.0680;0.0035;0.069;0.004;0.99;0.07;0.073;0.006;0.074;0.006;0.98;0.12;-999;0
GBOV_RM7_381;Woodworth;Courtney Meier;cmeier@battelleecology.org;support-copernicus-gbov@acri-st.fr;NEON;579;Croplands;47.128231048584;-99.2413635253906;20150603T000000Z;2.0;WOOD_044;-999;-999;-999;-999;-999;-999;-999;-999;-999;-999;-999;-999;0.272;0.017;0.285;0.018;0.95;0.08;0.259;0.033;0.28;0.04;0.93;0.17;-999;0
GBOV_RM7_381;Woodworth;Courtney Meier;cmeier@battelleecology.org;support-copernicus-gbov@acri-st.fr;NEON;579;Croplands;47.128231048584;-99.2413635253906;20150617T000000Z;2.0;WOOD_044;-999;-999;-999;-999;-999;-999;-999;-999;-999;-999;-999;-999;0.728;0.032;0.771;0.033;0.94;0.06;0.73;0.06;0.78;0.07;0.93;0.12;-999;0
GBOV_RM7_381;Woodworth;Courtney Meier;cmeier@battelleecology.org;support-copernicus-gbov@acri-st.fr;NEON;579;Croplands;47.128231048584;-99.2413635253906;20150701T000000Z;2.0;WOOD_044;-999;-999;-999;-999;-999;-999;-999;-999;-999;-999;-999;-999;1.75;0.05;1.88;0.06;0.93;0.04;1.53;0.07;1.63;0.07;0.94;0.06;-999;0
GBOV_RM7_381;Woodworth;Courtney Meier;cmeier@battelleecology.org;support-copernicus-gbov@acri-st.fr;NEON;579;Croplands;47.128231048584;-99.2413635253906;20150715T000000Z;2.0;WOOD_044;-999;-999;-999;-999;-999;-999;-999;-999;-999;-999;-999;-999;1.64;0.05;1.77;0.06;0.93;0.04;1.26;0.07;1.34;0.08;0.94;0.08;-999;16
GBOV_RM7_381;Woodworth;Courtney Meier;cmeier@battelleecology.org;support-copernicus-gbov@acri-st.fr;NEON;579;Croplands;47.128231048584;-99.2413635253906;20150729T000000Z;2.0;WOOD_044;-999;-999;-999;-999;-999;-999;-999;-999;-999;-999;-999;-999;0.307;0.011;0.317;0.011;0.97;0.05;0.241;0.015;0.249;0.016;0.97;0.09;-999;0
GBOV_RM7_381;Woodworth;Courtney Meier;cmeier@battelleecology.org;support-copernicus-gbov@acri-st.fr;NEON;579;Croplands;47.128231048584;-99.2413635253906;20150812T000000Z;2.0;WOOD_044;-999;-999;-999;-999;-999;-999;-999;-999;-999;-999;-999;-999;0.104;0.006;0.106;0.006;0.98;0.08;0.089;0.011;0.092;0.011;0.97;0.16;-999;0
GBOV_RM7_381;Woodworth;Courtney Meier;cmeier@battelleecology.org;support-copernicus-gbov@acri-st.fr;NEON;579;Croplands;47.128231048584;-99.2413635253906;20150827T000000Z;2.0;WOOD_044;-999;-999;-999;-999;-999;-999;-999;-999;-999;-999;-999;-999;0.272;0.015;0.287;0.016;0.95;0.07;0.213;0.025;0.226;0.027;0.94;0.16;-999;0
GBOV_RM7_381;Woodworth;Courtney Meier;cmeier@battelleecology.org;support-copernicus-gbov@acri-st.fr;NEON;579;Croplands;47.128231048584;-99.2413635253906;20150910T000000Z;2.0;WOOD_044;-999;-999;-999;-999;-999;-999;-999;-999;-999;-999;-999;-999;0.625;0.023;0.665;0.027;0.94;0.05;0.517;0.033;0.545;0.034;0.95;0.08;-999;0
GBOV_RM7_381;Woodworth;Courtney Meier;cmeier@battelleecology.org;support-copernicus-gbov@acri-st.fr;NEON;579;Croplands;47.128231048584;-99.2413635253906;20150928T000000Z;2.0;WOOD_044;-999;-999;-999;-999;-999;-999;-999;-999;-999;-999;-999;-999;0.271;0.018;0.294;0.023;0.92;0.09;0.196;0.017;0.205;0.019;0.95;0.12;-999;0
GBOV_RM7_381;Woodworth;Courtney Meier;cmeier@battelleecology.org;support-copernicus-gbov@acri-st.fr;NEON;579;Croplands;47.128231048584;-99.2413635253906;20151009T000000Z;2.0;WOOD_044;-999;-999;-999;-999;-999;-999;-999;-999;-999;-999;-999;-999;0.204;0.013;0.214;0.014;0.95;0.09;0.142;0.020;0.151;0.024;0.94;0.20;-999;0
