GBOV_ID;Site;GROUND_DATA_PI;GROUND_DATA_PIs_Email;GBOV_Email;Network;Elevation;IGBP_class;Lat_IS;Lon_IS;TIME_IS;Version;PLOT_ID;LAIe_Miller_up;LAIe_Miller_up_err;LAI_Miller_up;LAI_Miller_up_err;clumping_Miller_up;clumping_Miller_up_err;LAIe_Warren_up;LAIe_Warren_up_err;LAI_Warren_up;LAI_Warren_up_err;clumping_Warren_up;clumping_Warren_up_err;LAIe_Miller_down;LAIe_Miller_down_err;LAI_Miller_down;LAI_Miller_down_err;clumping_Miller_down;clumping_Miller_down_err;LAIe_Warren_down;LAIe_Warren_down_err;LAI_Warren_down;LAI_Warren_down_err;clumping_Warren_down;clumping_Warren_down_err;up_flag;down_flag
GBOV_RM7_466;TalladegaNationalForest;Courtney Meier;cmeier@battelleecology.org;support-copernicus-gbov@acri-st.fr;NEON;135;Mixed Forest;32.9504585266113;-87.3932723999023;20140516T000000Z;2.0;TALL_049;1.41;0.04;1.92;0.06;0.736;0.033;1.40;0.07;1.94;0.12;0.72;0.06;-999;-999;-999;-999;-999;-999;-999;-999;-999;-999;-999;-999;0;-999
GBOV_RM7_466;TalladegaNationalForest;Courtney Meier;cmeier@battelleecology.org;support-copernicus-gbov@acri-st.fr;NEON;135;Mixed Forest;32.9504585266113;-87.3932723999023;20140530T000000Z;2.0;TALL_049;1.40;0.05;1.96;0.08;0.71;0.04;1.55;0.10;2.32;0.21;0.67;0.07;-999;-999;-999;-999;-999;-999;-999;-999;-999;-999;-999;-999;0;-999
GBOV_RM7_466;TalladegaNationalForest;Courtney Meier;cmeier@battelleecology.org;support-copernicus-gbov@acri-st.fr;NEON;135;Mixed Forest;32.9504585266113;-87.3932723999023;20140618T000000Z;2.0;TALL_049;1.48;0.05;2.03;0.08;0.73;0.04;1.49;0.09;2.09;0.17;0.71;0.07;-999;-999;-999;-999;-999;-999;-999;-999;-999;-999;-999;-999;0;-999
GBOV_RM7_466;TalladegaNationalForest;Courtney Meier;cmeier@battelleecology.org;support-copernicus-gbov@acri-st.fr;NEON;135;Mixed Forest;32.9504585266113;-87.3932723999023;20140627T000000Z;2.0;TALL_049;1.50;0.05;2.03;0.09;0.74;0.04;1.69;0.09;2.28;0.18;0.74;0.07;-999;-999;-999;-999;-999;-999;-999;-999;-999;-999;-999;-999;32;-999
GBOV_RM7_466;TalladegaNationalForest;Courtney Meier;cmeier@battelleecology.org;support-copernicus-gbov@acri-st.fr;NEON;135;Mixed Forest;32.9504585266113;-87.3932723999023;20140711T000000Z;2.0;TALL_049;1.47;0.05;1.99;0.08;0.74;0.04;1.60;0.08;2.17;0.15;0.74;0.06;-999;-999;-999;-999;-999;-999;-999;-999;-999;-999;-999;-999;0;-999
GBOV_RM7_466;TalladegaNationalForest;Courtney Meier;cmeier@battelleecology.org;support-copernicus-gbov@acri-st.fr;NEON;135;Mixed Forest;32.9504585266113;-87.3932723999023;20140725T000000Z;2.0;TALL_049;1.55;0.05;2.17;0.11;0.71;0.04;1.71;0.09;2.42;0.20;0.71;0.07;-999;-999;-999;-999;-999;-999;-999;-999;-999;-999;-999;-999;0;-999
GBOV_RM7_466;TalladegaNationalForest;Courtney Meier;cmeier@battelleecology.org;support-copernicus-gbov@acri-st.fr;NEON;135;Mixed Forest;32.9504585266113;-87.3932723999023;20140808T000000Z;2.0;TALL_049;1.56;0.05;2.18;0.09;0.71;0.04;1.81;0.10;2.56;0.18;0.71;0.06;-999;-999;-999;-999;-999;-999;-999;-999;-999;-999;-999;-999;0;-999
GBOV_RM7_466;TalladegaNationalForest;Courtney Meier;cmeier@battelleecology.org;support-copernicus-gbov@acri-st.fr;NEON;135;Mixed Forest;32.9504585266113;-87.3932723999023;20140822T000000Z;2.0;TALL_049;1.58;0.05;2.21;0.09;0.71;0.04;1.64;0.10;2.37;0.17;0.69;0.07;-999;-999;-999;-999;-999;-999;-999;-999;-999;-999;-999;-999;0;-999
GBOV_RM7_466;TalladegaNationalForest;Courtney Meier;cmeier@battelleecology.org;support-copernicus-gbov@acri-st.fr;NEON;135;Mixed Forest;32.9504585266113;-87.3932723999023;20140905T000000Z;2.0;TALL_049;1.64;0.06;2.35;0.14;0.70;0.05;1.88;0.10;2.67;0.20;0.71;0.07;-999;-999;-999;-999;-999;-999;-999;-999;-999;-999;-999;-999;0;-999
GBOV_RM7_466;TalladegaNationalForest;Courtney Meier;cmeier@battelleecology.org;support-copernicus-gbov@acri-st.fr;NEON;135;Mixed Forest;32.9504585266113;-87.3932723999023;20140919T000000Z;2.0;TALL_049;1.62;0.06;2.28;0.14;0.71;0.05;1.74;0.09;2.35;0.19;0.74;0.07;-999;-999;-999;-999;-999;-999;-999;-999;-999;-999;-999;-999;0;-999
GBOV_RM7_466;TalladegaNationalForest;Courtney Meier;cmeier@battelleecology.org;support-copernicus-gbov@acri-st.fr;NEON;135;Mixed Forest;32.9504585266113;-87.3932723999023;20141006T000000Z;2.0;TALL_049;1.69;0.07;2.47;0.15;0.69;0.05;1.80;0.09;2.55;0.21;0.70;0.07;-999;-999;-999;-999;-999;-999;-999;-999;-999;-999;-999;-999;0;-999
GBOV_RM7_466;TalladegaNationalForest;Courtney Meier;cmeier@battelleecology.org;support-copernicus-gbov@acri-st.fr;NEON;135;Mixed Forest;32.9504585266113;-87.3932723999023;20141017T000000Z;2.0;TALL_049;1.56;0.05;2.17;0.09;0.72;0.04;1.55;0.08;2.13;0.15;0.73;0.06;-999;-999;-999;-999;-999;-999;-999;-999;-999;-999;-999;-999;0;-999
GBOV_RM7_466;TalladegaNationalForest;Courtney Meier;cmeier@battelleecology.org;support-copernicus-gbov@acri-st.fr;NEON;135;Mixed Forest;32.9504585266113;-87.3932723999023;20141031T000000Z;2.0;TALL_049;1.57;0.05;2.15;0.09;0.73;0.04;1.69;0.09;2.26;0.15;0.75;0.06;-999;-999;-999;-999;-999;-999;-999;-999;-999;-999;-999;-999;0;-999
GBOV_RM7_466;TalladegaNationalForest;Courtney Meier;cmeier@battelleecology.org;support-copernicus-gbov@acri-st.fr;NEON;135;Mixed Forest;32.9504585266113;-87.3932723999023;20150320T000000Z;2.0;TALL_049;1.23;0.04;1.56;0.05;0.786;0.033;1.50;0.06;1.96;0.11;0.77;0.05;-999;-999;-999;-999;-999;-999;-999;-999;-999;-999;-999;-999;0;-999
GBOV_RM7_466;TalladegaNationalForest;Courtney Meier;cmeier@battelleecology.org;support-copernicus-gbov@acri-st.fr;NEON;135;Mixed Forest;32.9504585266113;-87.3932723999023;20150402T000000Z;2.0;TALL_049;1.25;0.04;1.57;0.05;0.796;0.033;1.56;0.06;2.06;0.10;0.76;0.05;-999;-999;-999;-999;-999;-999;-999;-999;-999;-999;-999;-999;0;-999
GBOV_RM7_466;TalladegaNationalForest;Courtney Meier;cmeier@battelleecology.org;support-copernicus-gbov@acri-st.fr;NEON;135;Mixed Forest;32.9504585266113;-87.3932723999023;20150416T000000Z;2.0;TALL_049;1.46;0.05;1.89;0.07;0.77;0.04;1.57;0.07;2.14;0.13;0.73;0.06;-999;-999;-999;-999;-999;-999;-999;-999;-999;-999;-999;-999;0;-999
GBOV_RM7_466;TalladegaNationalForest;Courtney Meier;cmeier@battelleecology.org;support-copernicus-gbov@acri-st.fr;NEON;135;Mixed Forest;32.9504585266113;-87.3932723999023;20150430T000000Z;2.0;TALL_049;1.59;0.06;2.24;0.12;0.71;0.05;1.58;0.09;2.20;0.17;0.71;0.07;-999;-999;-999;-999;-999;-999;-999;-999;-999;-999;-999;-999;0;-999
GBOV_RM7_466;TalladegaNationalForest;Courtney Meier;cmeier@battelleecology.org;support-copernicus-gbov@acri-st.fr;NEON;135;Mixed Forest;32.9504585266113;-87.3932723999023;20150514T000000Z;2.0;TALL_049;1.55;0.05;2.14;0.08;0.73;0.04;1.83;0.08;2.45;0.16;0.75;0.06;-999;-999;-999;-999;-999;-999;-999;-999;-999;-999;-999;-999;0;-999
GBOV_RM7_466;TalladegaNationalForest;Courtney Meier;cmeier@battelleecology.org;support-copernicus-gbov@acri-st.fr;NEON;135;Mixed Forest;32.9504585266113;-87.3932723999023;20150611T000000Z;2.0;TALL_049;1.51;0.05;1.99;0.07;0.76;0.04;1.48;0.07;1.98;0.14;0.75;0.06;-999;-999;-999;-999;-999;-999;-999;-999;-999;-999;-999;-999;0;-999
GBOV_RM7_466;TalladegaNationalForest;Courtney Meier;cmeier@battelleecology.org;support-copernicus-gbov@acri-st.fr;NEON;135;Mixed Forest;32.9504585266113;-87.3932723999023;20150625T000000Z;2.0;TALL_049;1.41;0.04;1.87;0.06;0.754;0.035;1.45;0.07;1.92;0.12;0.76;0.06;-999;-999;-999;-999;-999;-999;-999;-999;-999;-999;-999;-999;0;-999
GBOV_RM7_466;TalladegaNationalForest;Courtney Meier;cmeier@battelleecology.org;support-copernicus-gbov@acri-st.fr;NEON;135;Mixed Forest;32.9504585266113;-87.3932723999023;20150709T000000Z;2.0;TALL_049;1.42;0.04;1.82;0.06;0.777;0.034;1.45;0.07;1.84;0.12;0.79;0.06;-999;-999;-999;-999;-999;-999;-999;-999;-999;-999;-999;-999;0;-999
GBOV_RM7_466;TalladegaNationalForest;Courtney Meier;cmeier@battelleecology.org;support-copernicus-gbov@acri-st.fr;NEON;135;Mixed Forest;32.9504585266113;-87.3932723999023;20150806T000000Z;2.0;TALL_049;1.48;0.04;1.96;0.06;0.757;0.033;1.73;0.10;2.41;0.15;0.72;0.06;-999;-999;-999;-999;-999;-999;-999;-999;-999;-999;-999;-999;0;-999
GBOV_RM7_466;TalladegaNationalForest;Courtney Meier;cmeier@battelleecology.org;support-copernicus-gbov@acri-st.fr;NEON;135;Mixed Forest;32.9504585266113;-87.3932723999023;20150820T000000Z;2.0;TALL_049;1.38;0.04;1.78;0.06;0.774;0.033;1.68;0.08;2.27;0.13;0.74;0.05;-999;-999;-999;-999;-999;-999;-999;-999;-999;-999;-999;-999;0;-999
GBOV_RM7_466;TalladegaNationalForest;Courtney Meier;cmeier@battelleecology.org;support-copernicus-gbov@acri-st.fr;NEON;135;Mixed Forest;32.9504585266113;-87.3932723999023;20150903T000000Z;2.0;TALL_049;1.49;0.05;1.98;0.06;0.753;0.034;1.56;0.07;2.15;0.13;0.73;0.06;-999;-999;-999;-999;-999;-999;-999;-999;-999;-999;-999;-999;0;-999
GBOV_RM7_466;TalladegaNationalForest;Courtney Meier;cmeier@battelleecology.org;support-copernicus-gbov@acri-st.fr;NEON;135;Mixed Forest;32.9504585266113;-87.3932723999023;20150917T000000Z;2.0;TALL_049;1.48;0.04;1.94;0.06;0.762;0.032;1.49;0.06;1.91;0.11;0.78;0.05;-999;-999;-999;-999;-999;-999;-999;-999;-999;-999;-999;-999;0;-999
GBOV_RM7_466;TalladegaNationalForest;Courtney Meier;cmeier@battelleecology.org;support-copernicus-gbov@acri-st.fr;NEON;135;Mixed Forest;32.9504585266113;-87.3932723999023;20151001T000000Z;2.0;TALL_049;1.48;0.05;1.96;0.06;0.753;0.033;1.54;0.08;2.17;0.12;0.71;0.05;-999;-999;-999;-999;-999;-999;-999;-999;-999;-999;-999;-999;0;-999
GBOV_RM7_466;TalladegaNationalForest;Courtney Meier;cmeier@battelleecology.org;support-copernicus-gbov@acri-st.fr;NEON;135;Mixed Forest;32.9504585266113;-87.3932723999023;20151015T000000Z;2.0;TALL_049;1.45;0.04;1.85;0.05;0.781;0.032;1.40;0.06;1.80;0.10;0.78;0.05;-999;-999;-999;-999;-999;-999;-999;-999;-999;-999;-999;-999;0;-999
GBOV_RM7_466;TalladegaNationalForest;Courtney Meier;cmeier@battelleecology.org;support-copernicus-gbov@acri-st.fr;NEON;135;Mixed Forest;32.9504585266113;-87.3932723999023;20151029T000000Z;2.0;TALL_049;1.41;0.04;1.79;0.05;0.787;0.032;1.67;0.06;2.11;0.10;0.79;0.05;-999;-999;-999;-999;-999;-999;-999;-999;-999;-999;-999;-999;0;-999
GBOV_RM7_466;TalladegaNationalForest;Courtney Meier;cmeier@battelleecology.org;support-copernicus-gbov@acri-st.fr;NEON;135;Mixed Forest;32.9504585266113;-87.3932723999023;20160317T000000Z;2.0;TALL_049;1.060;0.034;1.43;0.05;0.741;0.035;1.14;0.05;1.60;0.10;0.71;0.06;0.174;0.007;0.175;0.007;0.99;0.05;0.150;0.011;0.151;0.011;0.99;0.10;0;0
GBOV_RM7_466;TalladegaNationalForest;Courtney Meier;cmeier@battelleecology.org;support-copernicus-gbov@acri-st.fr;NEON;135;Mixed Forest;32.9504585266113;-87.3932723999023;20160401T000000Z;2.0;TALL_049;1.065;0.032;1.33;0.04;0.800;0.034;1.37;0.05;1.75;0.09;0.78;0.05;-999;-999;-999;-999;-999;-999;-999;-999;-999;-999;-999;-999;0;-999
GBOV_RM7_466;TalladegaNationalForest;Courtney Meier;cmeier@battelleecology.org;support-copernicus-gbov@acri-st.fr;NEON;135;Mixed Forest;32.9504585266113;-87.3932723999023;20160414T000000Z;2.0;TALL_049;1.21;0.04;1.53;0.05;0.792;0.033;1.38;0.06;1.83;0.10;0.75;0.05;0.243;0.009;0.252;0.010;0.96;0.05;0.193;0.017;0.201;0.019;0.96;0.12;0;0
GBOV_RM7_466;TalladegaNationalForest;Courtney Meier;cmeier@battelleecology.org;support-copernicus-gbov@acri-st.fr;NEON;135;Mixed Forest;32.9504585266113;-87.3932723999023;20160428T000000Z;2.0;TALL_049;1.39;0.04;1.80;0.06;0.773;0.033;1.57;0.07;1.99;0.10;0.79;0.05;0.95;0.04;1.19;0.06;0.79;0.05;0.68;0.06;0.81;0.07;0.83;0.10;0;0
GBOV_RM7_466;TalladegaNationalForest;Courtney Meier;cmeier@battelleecology.org;support-copernicus-gbov@acri-st.fr;NEON;135;Mixed Forest;32.9504585266113;-87.3932723999023;20160511T000000Z;2.0;TALL_049;1.34;0.04;1.89;0.07;0.708;0.034;1.29;0.06;1.89;0.12;0.69;0.05;-999;-999;-999;-999;-999;-999;-999;-999;-999;-999;-999;-999;0;-999
GBOV_RM7_466;TalladegaNationalForest;Courtney Meier;cmeier@battelleecology.org;support-copernicus-gbov@acri-st.fr;NEON;135;Mixed Forest;32.9504585266113;-87.3932723999023;20160608T000000Z;2.0;TALL_049;1.59;0.06;2.39;0.13;0.66;0.04;1.55;0.10;2.25;0.22;0.69;0.08;2.17;0.09;2.87;0.12;0.76;0.05;1.49;0.07;1.94;0.13;0.77;0.06;0;2
GBOV_RM7_466;TalladegaNationalForest;Courtney Meier;cmeier@battelleecology.org;support-copernicus-gbov@acri-st.fr;NEON;135;Mixed Forest;32.9504585266113;-87.3932723999023;20160621T000000Z;2.0;TALL_049;1.37;0.04;1.80;0.06;0.76;0.04;1.43;0.07;1.87;0.12;0.76;0.06;-999;-999;-999;-999;-999;-999;-999;-999;-999;-999;-999;-999;0;-999
GBOV_RM7_466;TalladegaNationalForest;Courtney Meier;cmeier@battelleecology.org;support-copernicus-gbov@acri-st.fr;NEON;135;Mixed Forest;32.9504585266113;-87.3932723999023;20160707T000000Z;2.0;TALL_049;1.41;0.05;1.86;0.07;0.76;0.04;1.45;0.08;1.94;0.15;0.75;0.07;1.94;0.08;2.53;0.14;0.77;0.05;1.60;0.11;2.00;0.18;0.80;0.09;0;32
GBOV_RM7_466;TalladegaNationalForest;Courtney Meier;cmeier@battelleecology.org;support-copernicus-gbov@acri-st.fr;NEON;135;Mixed Forest;32.9504585266113;-87.3932723999023;20160719T000000Z;2.0;TALL_049;1.40;0.04;1.90;0.07;0.734;0.035;1.36;0.06;1.85;0.14;0.74;0.06;-999;-999;-999;-999;-999;-999;-999;-999;-999;-999;-999;-999;0;-999
GBOV_RM7_466;TalladegaNationalForest;Courtney Meier;cmeier@battelleecology.org;support-copernicus-gbov@acri-st.fr;NEON;135;Mixed Forest;32.9504585266113;-87.3932723999023;20160804T000000Z;2.0;TALL_049;1.41;0.04;1.87;0.06;0.753;0.034;1.29;0.07;1.67;0.11;0.77;0.07;-999;-999;-999;-999;-999;-999;-999;-999;-999;-999;-999;-999;0;-999
GBOV_RM7_466;TalladegaNationalForest;Courtney Meier;cmeier@battelleecology.org;support-copernicus-gbov@acri-st.fr;NEON;135;Mixed Forest;32.9504585266113;-87.3932723999023;20160819T000000Z;2.0;TALL_049;1.12;0.04;1.55;0.06;0.72;0.04;1.14;0.06;1.70;0.13;0.67;0.06;0.68;0.07;1.16;0.14;0.58;0.09;0.69;0.10;1.25;0.25;0.56;0.14;1;-999
GBOV_RM7_466;TalladegaNationalForest;Courtney Meier;cmeier@battelleecology.org;support-copernicus-gbov@acri-st.fr;NEON;135;Mixed Forest;32.9504585266113;-87.3932723999023;20160830T000000Z;2.0;TALL_049;1.66;0.05;2.30;0.07;0.721;0.031;1.61;0.07;2.16;0.12;0.75;0.05;-999;-999;-999;-999;-999;-999;-999;-999;-999;-999;-999;-999;1;-999
GBOV_RM7_466;TalladegaNationalForest;Courtney Meier;cmeier@battelleecology.org;support-copernicus-gbov@acri-st.fr;NEON;135;Mixed Forest;32.9504585266113;-87.3932723999023;20160913T000000Z;2.0;TALL_049;1.82;0.05;2.64;0.08;0.688;0.030;1.83;0.07;2.44;0.11;0.75;0.05;0.466;0.032;0.57;0.05;0.82;0.09;0.28;0.04;0.33;0.04;0.88;0.17;65;65
GBOV_RM7_466;TalladegaNationalForest;Courtney Meier;cmeier@battelleecology.org;support-copernicus-gbov@acri-st.fr;NEON;135;Mixed Forest;32.9504585266113;-87.3932723999023;20160929T000000Z;2.0;TALL_049;1.79;0.06;2.52;0.08;0.708;0.033;1.78;0.08;2.39;0.13;0.74;0.05;-999;-999;-999;-999;-999;-999;-999;-999;-999;-999;-999;-999;1;-999
GBOV_RM7_466;TalladegaNationalForest;Courtney Meier;cmeier@battelleecology.org;support-copernicus-gbov@acri-st.fr;NEON;135;Mixed Forest;32.9504585266113;-87.3932723999023;20161013T000000Z;2.0;TALL_049;1.44;0.04;1.95;0.06;0.737;0.033;1.34;0.06;1.86;0.11;0.72;0.05;-999;-999;-999;-999;-999;-999;-999;-999;-999;-999;-999;-999;1;-999
GBOV_RM7_466;TalladegaNationalForest;Courtney Meier;cmeier@battelleecology.org;support-copernicus-gbov@acri-st.fr;NEON;135;Mixed Forest;32.9504585266113;-87.3932723999023;20161025T000000Z;2.0;TALL_049;1.59;0.05;2.20;0.07;0.721;0.033;1.43;0.08;1.84;0.12;0.78;0.07;0.46;0.04;0.66;0.09;0.70;0.12;0.33;0.05;0.45;0.09;0.74;0.19;1;1
GBOV_RM7_466;TalladegaNationalForest;Courtney Meier;cmeier@battelleecology.org;support-copernicus-gbov@acri-st.fr;NEON;135;Mixed Forest;32.9504585266113;-87.3932723999023;20161110T000000Z;2.0;TALL_049;1.66;0.05;2.32;0.08;0.715;0.033;1.50;0.08;2.03;0.13;0.74;0.06;-999;-999;-999;-999;-999;-999;-999;-999;-999;-999;-999;-999;1;1
GBOV_RM7_466;TalladegaNationalForest;Courtney Meier;cmeier@battelleecology.org;support-copernicus-gbov@acri-st.fr;NEON;135;Mixed Forest;32.9504585266113;-87.3932723999023;20161122T000000Z;2.0;TALL_049;1.52;0.05;2.03;0.06;0.751;0.032;1.34;0.06;1.70;0.11;0.79;0.06;0.331;0.013;0.361;0.015;0.92;0.05;0.215;0.015;0.231;0.018;0.93;0.10;1;1
GBOV_RM7_466;TalladegaNationalForest;Courtney Meier;cmeier@battelleecology.org;support-copernicus-gbov@acri-st.fr;NEON;135;Mixed Forest;32.9504585266113;-87.3932723999023;20170324T000000Z;2.0;TALL_049;1.172;0.034;1.51;0.05;0.777;0.032;1.38;0.06;1.81;0.13;0.76;0.06;-999;-999;-999;-999;-999;-999;-999;-999;-999;-999;-999;-999;0;0
GBOV_RM7_466;TalladegaNationalForest;Courtney Meier;cmeier@battelleecology.org;support-copernicus-gbov@acri-st.fr;NEON;135;Mixed Forest;32.9504585266113;-87.3932723999023;20170406T000000Z;2.0;TALL_049;1.217;0.035;1.56;0.05;0.779;0.034;1.17;0.06;1.44;0.09;0.81;0.06;-999;-999;-999;-999;-999;-999;-999;-999;-999;-999;-999;-999;0;-999
GBOV_RM7_466;TalladegaNationalForest;Courtney Meier;cmeier@battelleecology.org;support-copernicus-gbov@acri-st.fr;NEON;135;Mixed Forest;32.9504585266113;-87.3932723999023;20170419T000000Z;2.0;TALL_049;1.55;0.05;2.19;0.09;0.71;0.04;1.49;0.07;2.07;0.14;0.72;0.06;-999;-999;-999;-999;-999;-999;-999;-999;-999;-999;-999;-999;1;-999
GBOV_RM7_466;TalladegaNationalForest;Courtney Meier;cmeier@battelleecology.org;support-copernicus-gbov@acri-st.fr;NEON;135;Mixed Forest;32.9504585266113;-87.3932723999023;20170503T000000Z;2.0;TALL_049;1.36;0.04;1.84;0.06;0.743;0.035;1.30;0.05;1.60;0.08;0.81;0.05;-999;-999;-999;-999;-999;-999;-999;-999;-999;-999;-999;-999;0;-999
GBOV_RM7_466;TalladegaNationalForest;Courtney Meier;cmeier@battelleecology.org;support-copernicus-gbov@acri-st.fr;NEON;135;Mixed Forest;32.9504585266113;-87.3932723999023;20170519T000000Z;2.0;TALL_049;1.49;0.05;2.12;0.08;0.70;0.04;1.39;0.07;1.90;0.13;0.74;0.06;-999;-999;-999;-999;-999;-999;-999;-999;-999;-999;-999;-999;1;-999
GBOV_RM7_466;TalladegaNationalForest;Courtney Meier;cmeier@battelleecology.org;support-copernicus-gbov@acri-st.fr;NEON;135;Mixed Forest;32.9504585266113;-87.3932723999023;20170602T000000Z;2.0;TALL_049;1.53;0.05;2.14;0.07;0.714;0.034;1.66;0.07;2.39;0.13;0.69;0.05;-999;-999;-999;-999;-999;-999;-999;-999;-999;-999;-999;-999;1;-999
GBOV_RM7_466;TalladegaNationalForest;Courtney Meier;cmeier@battelleecology.org;support-copernicus-gbov@acri-st.fr;NEON;135;Mixed Forest;32.9504585266113;-87.3932723999023;20170613T000000Z;2.0;TALL_049;1.36;0.04;1.79;0.06;0.76;0.04;1.25;0.06;1.66;0.12;0.75;0.07;-999;-999;-999;-999;-999;-999;-999;-999;-999;-999;-999;-999;1;-999
GBOV_RM7_466;TalladegaNationalForest;Courtney Meier;cmeier@battelleecology.org;support-copernicus-gbov@acri-st.fr;NEON;135;Mixed Forest;32.9504585266113;-87.3932723999023;20170628T000000Z;2.0;TALL_049;1.39;0.04;1.89;0.06;0.735;0.034;1.36;0.07;1.80;0.12;0.76;0.06;-999;-999;-999;-999;-999;-999;-999;-999;-999;-999;-999;-999;0;-999
GBOV_RM7_466;TalladegaNationalForest;Courtney Meier;cmeier@battelleecology.org;support-copernicus-gbov@acri-st.fr;NEON;135;Mixed Forest;32.9504585266113;-87.3932723999023;20170712T000000Z;2.0;TALL_049;1.41;0.04;1.94;0.06;0.729;0.033;1.36;0.06;1.86;0.13;0.73;0.06;-999;-999;-999;-999;-999;-999;-999;-999;-999;-999;-999;-999;0;-999
GBOV_RM7_466;TalladegaNationalForest;Courtney Meier;cmeier@battelleecology.org;support-copernicus-gbov@acri-st.fr;NEON;135;Mixed Forest;32.9504585266113;-87.3932723999023;20170726T000000Z;2.0;TALL_049;1.44;0.04;1.87;0.05;0.770;0.031;1.63;0.06;2.12;0.12;0.77;0.05;-999;-999;-999;-999;-999;-999;-999;-999;-999;-999;-999;-999;0;-999
GBOV_RM7_466;TalladegaNationalForest;Courtney Meier;cmeier@battelleecology.org;support-copernicus-gbov@acri-st.fr;NEON;135;Mixed Forest;32.9504585266113;-87.3932723999023;20170809T000000Z;2.0;TALL_049;1.45;0.04;1.94;0.06;0.747;0.033;1.77;0.07;2.45;0.14;0.72;0.05;-999;-999;-999;-999;-999;-999;-999;-999;-999;-999;-999;-999;0;-999
GBOV_RM7_466;TalladegaNationalForest;Courtney Meier;cmeier@battelleecology.org;support-copernicus-gbov@acri-st.fr;NEON;135;Mixed Forest;32.9504585266113;-87.3932723999023;20170825T000000Z;2.0;TALL_049;1.50;0.05;2.04;0.07;0.734;0.033;1.52;0.06;2.00;0.11;0.76;0.05;-999;-999;-999;-999;-999;-999;-999;-999;-999;-999;-999;-999;0;-999
GBOV_RM7_466;TalladegaNationalForest;Courtney Meier;cmeier@battelleecology.org;support-copernicus-gbov@acri-st.fr;NEON;135;Mixed Forest;32.9504585266113;-87.3932723999023;20170906T000000Z;2.0;TALL_049;1.47;0.04;1.93;0.06;0.761;0.032;1.71;0.07;2.29;0.12;0.75;0.05;-999;-999;-999;-999;-999;-999;-999;-999;-999;-999;-999;-999;0;-999
GBOV_RM7_466;TalladegaNationalForest;Courtney Meier;cmeier@battelleecology.org;support-copernicus-gbov@acri-st.fr;NEON;135;Mixed Forest;32.9504585266113;-87.3932723999023;20170919T000000Z;2.0;TALL_049;1.48;0.04;2.02;0.06;0.733;0.032;1.53;0.07;2.08;0.11;0.74;0.05;-999;-999;-999;-999;-999;-999;-999;-999;-999;-999;-999;-999;0;-999
GBOV_RM7_466;TalladegaNationalForest;Courtney Meier;cmeier@battelleecology.org;support-copernicus-gbov@acri-st.fr;NEON;135;Mixed Forest;32.9504585266113;-87.3932723999023;20171003T000000Z;2.0;TALL_049;1.45;0.04;1.93;0.06;0.751;0.032;1.46;0.06;1.92;0.11;0.76;0.05;-999;-999;-999;-999;-999;-999;-999;-999;-999;-999;-999;-999;0;-999
GBOV_RM7_466;TalladegaNationalForest;Courtney Meier;cmeier@battelleecology.org;support-copernicus-gbov@acri-st.fr;NEON;135;Mixed Forest;32.9504585266113;-87.3932723999023;20171017T000000Z;2.0;TALL_049;1.49;0.05;2.02;0.06;0.741;0.032;1.36;0.06;1.78;0.10;0.76;0.05;-999;-999;-999;-999;-999;-999;-999;-999;-999;-999;-999;-999;1;-999
GBOV_RM7_466;TalladegaNationalForest;Courtney Meier;cmeier@battelleecology.org;support-copernicus-gbov@acri-st.fr;NEON;135;Mixed Forest;32.9504585266113;-87.3932723999023;20171101T000000Z;2.0;TALL_049;1.42;0.04;1.85;0.06;0.767;0.034;1.61;0.08;2.13;0.13;0.75;0.06;-999;-999;-999;-999;-999;-999;-999;-999;-999;-999;-999;-999;0;-999
GBOV_RM7_466;TalladegaNationalForest;Courtney Meier;cmeier@battelleecology.org;support-copernicus-gbov@acri-st.fr;NEON;135;Mixed Forest;32.9504585266113;-87.3932723999023;20180321T000000Z;2.0;TALL_049;1.160;0.035;1.56;0.05;0.743;0.033;1.25;0.05;1.67;0.10;0.75;0.05;0.0266;0.0019;0.0270;0.0019;0.99;0.10;0.0214;0.0024;0.0216;0.0025;0.99;0.16;0;0
GBOV_RM7_466;TalladegaNationalForest;Courtney Meier;cmeier@battelleecology.org;support-copernicus-gbov@acri-st.fr;NEON;135;Mixed Forest;32.9504585266113;-87.3932723999023;20180403T000000Z;2.0;TALL_049;1.25;0.04;1.62;0.05;0.771;0.033;1.54;0.08;2.00;0.13;0.77;0.06;0.067;0.007;0.071;0.008;0.94;0.15;0.056;0.013;0.058;0.013;0.96;0.31;0;0
GBOV_RM7_466;TalladegaNationalForest;Courtney Meier;cmeier@battelleecology.org;support-copernicus-gbov@acri-st.fr;NEON;135;Mixed Forest;32.9504585266113;-87.3932723999023;20180418T000000Z;2.0;TALL_049;1.39;0.04;1.83;0.06;0.760;0.032;1.39;0.06;1.84;0.11;0.76;0.05;0.74;0.04;0.87;0.05;0.85;0.06;0.57;0.05;0.71;0.08;0.80;0.11;0;0
GBOV_RM7_466;TalladegaNationalForest;Courtney Meier;cmeier@battelleecology.org;support-copernicus-gbov@acri-st.fr;NEON;135;Mixed Forest;32.9504585266113;-87.3932723999023;20180502T000000Z;2.0;TALL_049;1.42;0.04;1.90;0.06;0.744;0.032;1.35;0.06;1.71;0.09;0.79;0.05;0.0343;0.0024;0.0345;0.0025;0.99;0.10;0.050;0.005;0.051;0.005;0.99;0.14;0;0
GBOV_RM7_466;TalladegaNationalForest;Courtney Meier;cmeier@battelleecology.org;support-copernicus-gbov@acri-st.fr;NEON;135;Mixed Forest;32.9504585266113;-87.3932723999023;20180516T000000Z;2.0;TALL_049;1.39;0.04;1.82;0.06;0.764;0.032;1.38;0.06;1.72;0.11;0.80;0.06;0.157;0.009;0.171;0.012;0.91;0.08;0.143;0.012;0.152;0.014;0.94;0.12;0;0
GBOV_RM7_466;TalladegaNationalForest;Courtney Meier;cmeier@battelleecology.org;support-copernicus-gbov@acri-st.fr;NEON;135;Mixed Forest;32.9504585266113;-87.3932723999023;20180601T000000Z;2.0;TALL_049;1.43;0.04;1.94;0.06;0.739;0.033;1.57;0.08;2.11;0.13;0.75;0.06;0.65;0.04;0.86;0.05;0.75;0.06;0.49;0.05;0.60;0.07;0.82;0.13;0;0
GBOV_RM7_466;TalladegaNationalForest;Courtney Meier;cmeier@battelleecology.org;support-copernicus-gbov@acri-st.fr;NEON;135;Mixed Forest;32.9504585266113;-87.3932723999023;20180613T000000Z;2.0;TALL_049;1.43;0.04;1.94;0.06;0.736;0.033;1.48;0.06;1.92;0.10;0.77;0.05;1.05;0.04;1.40;0.07;0.75;0.05;0.84;0.06;1.07;0.10;0.78;0.09;0;0
GBOV_RM7_466;TalladegaNationalForest;Courtney Meier;cmeier@battelleecology.org;support-copernicus-gbov@acri-st.fr;NEON;135;Mixed Forest;32.9504585266113;-87.3932723999023;20180627T000000Z;2.0;TALL_049;1.45;0.04;1.95;0.06;0.741;0.032;1.35;0.05;1.78;0.11;0.76;0.05;1.25;0.05;1.62;0.07;0.77;0.04;1.17;0.07;1.49;0.10;0.79;0.07;0;0
GBOV_RM7_466;TalladegaNationalForest;Courtney Meier;cmeier@battelleecology.org;support-copernicus-gbov@acri-st.fr;NEON;135;Mixed Forest;32.9504585266113;-87.3932723999023;20180711T000000Z;2.0;TALL_049;1.44;0.04;1.94;0.06;0.743;0.032;1.42;0.06;1.87;0.10;0.76;0.05;1.63;0.07;2.16;0.10;0.76;0.05;1.37;0.09;1.80;0.13;0.76;0.07;0;0
GBOV_RM7_466;TalladegaNationalForest;Courtney Meier;cmeier@battelleecology.org;support-copernicus-gbov@acri-st.fr;NEON;135;Mixed Forest;32.9504585266113;-87.3932723999023;20180724T000000Z;2.0;TALL_049;1.43;0.04;1.92;0.06;0.742;0.032;1.41;0.05;1.87;0.10;0.75;0.05;1.92;0.08;2.74;0.12;0.70;0.04;1.53;0.10;2.08;0.15;0.74;0.07;0;0
GBOV_RM7_466;TalladegaNationalForest;Courtney Meier;cmeier@battelleecology.org;support-copernicus-gbov@acri-st.fr;NEON;135;Mixed Forest;32.9504585266113;-87.3932723999023;20180808T000000Z;2.0;TALL_049;1.46;0.04;1.93;0.06;0.759;0.033;1.59;0.06;2.14;0.11;0.74;0.05;1.31;0.05;1.63;0.06;0.80;0.04;1.13;0.07;1.43;0.10;0.80;0.08;0;0
GBOV_RM7_466;TalladegaNationalForest;Courtney Meier;cmeier@battelleecology.org;support-copernicus-gbov@acri-st.fr;NEON;135;Mixed Forest;32.9504585266113;-87.3932723999023;20180821T000000Z;2.0;TALL_049;-999;-999;-999;-999;-999;-999;-999;-999;-999;-999;-999;-999;1.49;0.06;1.92;0.09;0.78;0.05;1.15;0.07;1.40;0.09;0.82;0.07;-999;0
GBOV_RM7_466;TalladegaNationalForest;Courtney Meier;cmeier@battelleecology.org;support-copernicus-gbov@acri-st.fr;NEON;135;Mixed Forest;32.9504585266113;-87.3932723999023;20180907T000000Z;2.0;TALL_049;1.53;0.05;2.10;0.07;0.730;0.034;1.46;0.06;1.91;0.09;0.76;0.05;1.35;0.07;1.87;0.12;0.72;0.06;1.18;0.10;1.57;0.16;0.75;0.10;0;0
GBOV_RM7_466;TalladegaNationalForest;Courtney Meier;cmeier@battelleecology.org;support-copernicus-gbov@acri-st.fr;NEON;135;Mixed Forest;32.9504585266113;-87.3932723999023;20180918T000000Z;2.0;TALL_049;1.53;0.05;2.04;0.07;0.750;0.034;1.53;0.06;2.01;0.11;0.76;0.05;1.29;0.07;1.77;0.10;0.73;0.06;1.05;0.08;1.41;0.12;0.74;0.09;0;0
GBOV_RM7_466;TalladegaNationalForest;Courtney Meier;cmeier@battelleecology.org;support-copernicus-gbov@acri-st.fr;NEON;135;Mixed Forest;32.9504585266113;-87.3932723999023;20181002T000000Z;2.0;TALL_049;1.48;0.05;1.98;0.07;0.749;0.035;1.41;0.06;1.86;0.10;0.76;0.05;1.32;0.07;1.75;0.10;0.75;0.06;1.14;0.09;1.42;0.13;0.80;0.10;0;0
GBOV_RM7_466;TalladegaNationalForest;Courtney Meier;cmeier@battelleecology.org;support-copernicus-gbov@acri-st.fr;NEON;135;Mixed Forest;32.9504585266113;-87.3932723999023;20181016T000000Z;2.0;TALL_049;1.58;0.05;2.11;0.06;0.747;0.032;1.78;0.07;2.36;0.11;0.76;0.05;1.01;0.05;1.28;0.07;0.80;0.06;0.71;0.05;0.88;0.08;0.81;0.09;0;0
GBOV_RM7_466;TalladegaNationalForest;Courtney Meier;cmeier@battelleecology.org;support-copernicus-gbov@acri-st.fr;NEON;135;Mixed Forest;32.9504585266113;-87.3932723999023;20181030T000000Z;2.0;TALL_049;1.51;0.05;2.01;0.06;0.752;0.032;1.51;0.06;2.00;0.10;0.75;0.05;0.83;0.05;1.12;0.09;0.74;0.08;0.65;0.06;0.86;0.11;0.76;0.12;64;0
GBOV_RM7_466;TalladegaNationalForest;Courtney Meier;cmeier@battelleecology.org;support-copernicus-gbov@acri-st.fr;NEON;135;Mixed Forest;32.9504585266113;-87.3932723999023;20190319T063200Z;2.0;TALL_049;1.25;0.04;1.66;0.05;0.749;0.032;1.26;0.06;1.62;0.09;0.78;0.05;0.0318;0.0016;0.0323;0.0017;0.99;0.07;0.0404;0.0030;0.0409;0.0031;0.99;0.11;0;0
GBOV_RM7_466;TalladegaNationalForest;Courtney Meier;cmeier@battelleecology.org;support-copernicus-gbov@acri-st.fr;NEON;135;Mixed Forest;32.9504585266113;-87.3932723999023;20190402T055500Z;2.0;TALL_049;1.26;0.04;1.66;0.05;0.758;0.032;1.29;0.05;1.62;0.08;0.79;0.05;0.067;0.004;0.069;0.004;0.98;0.08;0.071;0.006;0.073;0.007;0.98;0.13;0;0
GBOV_RM7_466;TalladegaNationalForest;Courtney Meier;cmeier@battelleecology.org;support-copernicus-gbov@acri-st.fr;NEON;135;Mixed Forest;32.9504585266113;-87.3932723999023;20190417T055200Z;2.0;TALL_049;1.47;0.04;1.95;0.06;0.757;0.032;1.60;0.06;2.12;0.10;0.76;0.05;0.477;0.026;0.57;0.04;0.84;0.07;0.36;0.04;0.42;0.07;0.85;0.17;0;0
GBOV_RM7_466;TalladegaNationalForest;Courtney Meier;cmeier@battelleecology.org;support-copernicus-gbov@acri-st.fr;NEON;135;Mixed Forest;32.9504585266113;-87.3932723999023;20190430T052100Z;2.0;TALL_049;1.49;0.04;2.06;0.07;0.725;0.032;1.37;0.06;1.77;0.10;0.77;0.06;1.71;0.07;2.20;0.09;0.78;0.05;1.40;0.11;1.78;0.15;0.78;0.09;0;0
GBOV_RM7_466;TalladegaNationalForest;Courtney Meier;cmeier@battelleecology.org;support-copernicus-gbov@acri-st.fr;NEON;135;Mixed Forest;32.9504585266113;-87.3932723999023;20190515T050000Z;2.0;TALL_049;1.49;0.04;2.06;0.07;0.725;0.032;1.37;0.05;1.85;0.12;0.74;0.05;2.24;0.09;3.03;0.13;0.74;0.04;1.76;0.13;2.33;0.17;0.76;0.08;0;0
GBOV_RM7_466;TalladegaNationalForest;Courtney Meier;cmeier@battelleecology.org;support-copernicus-gbov@acri-st.fr;NEON;135;Mixed Forest;32.9504585266113;-87.3932723999023;20190530T045200Z;2.0;TALL_049;1.48;0.04;2.00;0.07;0.740;0.033;1.37;0.05;1.82;0.10;0.75;0.05;2.56;0.10;3.36;0.13;0.76;0.04;1.96;0.10;2.43;0.13;0.81;0.06;0;0
GBOV_RM7_466;TalladegaNationalForest;Courtney Meier;cmeier@battelleecology.org;support-copernicus-gbov@acri-st.fr;NEON;135;Mixed Forest;32.9504585266113;-87.3932723999023;20190611T044700Z;2.0;TALL_049;1.47;0.04;2.01;0.07;0.731;0.033;1.33;0.05;1.74;0.10;0.77;0.05;2.44;0.09;3.13;0.11;0.78;0.04;1.93;0.11;2.46;0.12;0.79;0.06;0;0
GBOV_RM7_466;TalladegaNationalForest;Courtney Meier;cmeier@battelleecology.org;support-copernicus-gbov@acri-st.fr;NEON;135;Mixed Forest;32.9504585266113;-87.3932723999023;20190625T050100Z;2.0;TALL_049;1.45;0.05;1.97;0.07;0.738;0.035;1.41;0.06;1.90;0.11;0.74;0.05;2.00;0.10;2.71;0.12;0.74;0.05;1.79;0.14;2.34;0.19;0.76;0.09;0;0
GBOV_RM7_466;TalladegaNationalForest;Courtney Meier;cmeier@battelleecology.org;support-copernicus-gbov@acri-st.fr;NEON;135;Mixed Forest;32.9504585266113;-87.3932723999023;20190711T051100Z;2.0;TALL_049;1.44;0.04;1.93;0.07;0.747;0.034;1.38;0.06;1.81;0.10;0.76;0.06;1.99;0.08;2.60;0.11;0.77;0.04;1.89;0.11;2.42;0.15;0.78;0.07;0;0
GBOV_RM7_466;TalladegaNationalForest;Courtney Meier;cmeier@battelleecology.org;support-copernicus-gbov@acri-st.fr;NEON;135;Mixed Forest;32.9504585266113;-87.3932723999023;20190724T051200Z;2.0;TALL_049;1.47;0.04;1.95;0.07;0.752;0.034;1.37;0.05;1.78;0.10;0.77;0.05;2.28;0.09;2.97;0.11;0.77;0.04;1.71;0.14;2.26;0.15;0.76;0.08;0;0
GBOV_RM7_466;TalladegaNationalForest;Courtney Meier;cmeier@battelleecology.org;support-copernicus-gbov@acri-st.fr;NEON;135;Mixed Forest;32.9504585266113;-87.3932723999023;20190806T051000Z;2.0;TALL_049;1.52;0.05;2.06;0.07;0.739;0.033;1.46;0.07;1.99;0.13;0.73;0.06;2.13;0.08;2.77;0.09;0.77;0.04;1.78;0.10;2.23;0.14;0.80;0.07;0;0
GBOV_RM7_466;TalladegaNationalForest;Courtney Meier;cmeier@battelleecology.org;support-copernicus-gbov@acri-st.fr;NEON;135;Mixed Forest;32.9504585266113;-87.3932723999023;20190820T053400Z;2.0;TALL_049;1.51;0.04;2.03;0.07;0.745;0.033;1.46;0.06;1.94;0.10;0.75;0.05;2.06;0.07;2.47;0.08;0.84;0.04;1.53;0.08;1.81;0.10;0.84;0.07;0;0
GBOV_RM7_466;TalladegaNationalForest;Courtney Meier;cmeier@battelleecology.org;support-copernicus-gbov@acri-st.fr;NEON;135;Mixed Forest;32.9504585266113;-87.3932723999023;20190904T053700Z;2.0;TALL_049;1.51;0.04;2.04;0.07;0.740;0.033;1.47;0.06;1.95;0.13;0.75;0.06;1.56;0.08;2.00;0.10;0.78;0.06;1.28;0.11;1.71;0.16;0.75;0.09;0;0
GBOV_RM7_466;TalladegaNationalForest;Courtney Meier;cmeier@battelleecology.org;support-copernicus-gbov@acri-st.fr;NEON;135;Mixed Forest;32.9504585266113;-87.3932723999023;20190917T054400Z;2.0;TALL_049;1.57;0.04;2.11;0.07;0.741;0.032;1.50;0.07;1.92;0.11;0.78;0.06;1.11;0.05;1.41;0.06;0.79;0.05;1.04;0.07;1.32;0.09;0.79;0.07;0;0
GBOV_RM7_466;TalladegaNationalForest;Courtney Meier;cmeier@battelleecology.org;support-copernicus-gbov@acri-st.fr;NEON;135;Mixed Forest;32.9504585266113;-87.3932723999023;20191001T054900Z;2.0;TALL_049;1.52;0.04;2.06;0.07;0.739;0.032;1.46;0.06;1.97;0.11;0.74;0.05;0.99;0.06;1.31;0.09;0.76;0.07;0.88;0.07;1.08;0.09;0.81;0.10;0;0
GBOV_RM7_466;TalladegaNationalForest;Courtney Meier;cmeier@battelleecology.org;support-copernicus-gbov@acri-st.fr;NEON;135;Mixed Forest;32.9504585266113;-87.3932723999023;20191016T061200Z;2.0;TALL_049;1.50;0.04;1.97;0.06;0.762;0.033;1.69;0.07;2.27;0.14;0.74;0.05;0.73;0.04;0.88;0.05;0.84;0.07;0.53;0.06;0.63;0.07;0.84;0.14;0;0
GBOV_RM7_466;TalladegaNationalForest;Courtney Meier;cmeier@battelleecology.org;support-copernicus-gbov@acri-st.fr;NEON;135;Mixed Forest;32.9504585266113;-87.3932723999023;20191029T061500Z;2.0;TALL_049;1.43;0.04;1.87;0.06;0.762;0.033;1.36;0.05;1.72;0.08;0.79;0.05;0.406;0.021;0.469;0.026;0.86;0.07;0.328;0.031;0.38;0.04;0.87;0.13;0;0
