GBOV_ID;Site;GROUND_DATA_PI;GROUND_DATA_PIs_Email;GBOV_Email;Network;Elevation;IGBP_class;Lat_IS;Lon_IS;TIME_IS;Version;PLOT_ID;LAIe_Miller_up;LAIe_Miller_up_err;LAI_Miller_up;LAI_Miller_up_err;clumping_Miller_up;clumping_Miller_up_err;LAIe_Warren_up;LAIe_Warren_up_err;LAI_Warren_up;LAI_Warren_up_err;clumping_Warren_up;clumping_Warren_up_err;LAIe_Miller_down;LAIe_Miller_down_err;LAI_Miller_down;LAI_Miller_down_err;clumping_Miller_down;clumping_Miller_down_err;LAIe_Warren_down;LAIe_Warren_down_err;LAI_Warren_down;LAI_Warren_down_err;clumping_Warren_down;clumping_Warren_down_err;up_flag;down_flag
GBOV_RM7_790;BartlettExperimentalForest;Courtney Meier;cmeier@battelleecology.org;support-copernicus-gbov@acri-st.fr;NEON;232;Mixed Forest;44.063901;-71.287308;20140508T000000Z;2.0;BART_041;1.08;0.07;2.04;0.14;0.53;0.05;0.93;0.05;1.63;0.12;0.57;0.05;0.0333;0.0017;0.0336;0.0018;0.99;0.07;0.051;0.004;0.051;0.004;0.99;0.12;0;0
GBOV_RM7_790;BartlettExperimentalForest;Courtney Meier;cmeier@battelleecology.org;support-copernicus-gbov@acri-st.fr;NEON;232;Mixed Forest;44.063901;-71.287308;20140521T000000Z;2.0;BART_041;3.20;0.10;4.58;0.14;0.699;0.031;2.70;0.10;3.80;0.17;0.71;0.04;0.349;0.019;0.396;0.027;0.88;0.08;0.327;0.029;0.39;0.06;0.85;0.15;0;0
GBOV_RM7_790;BartlettExperimentalForest;Courtney Meier;cmeier@battelleecology.org;support-copernicus-gbov@acri-st.fr;NEON;232;Mixed Forest;44.063901;-71.287308;20140604T000000Z;2.0;BART_041;4.18;0.11;5.50;0.14;0.761;0.027;3.39;0.14;4.40;0.17;0.77;0.04;0.393;0.026;0.461;0.034;0.85;0.08;0.37;0.04;0.41;0.05;0.89;0.14;64;0
GBOV_RM7_790;BartlettExperimentalForest;Courtney Meier;cmeier@battelleecology.org;support-copernicus-gbov@acri-st.fr;NEON;232;Mixed Forest;44.063901;-71.287308;20140619T000000Z;2.0;BART_041;4.22;0.12;5.90;0.16;0.715;0.028;3.22;0.14;4.64;0.22;0.69;0.04;0.708;0.033;0.80;0.04;0.88;0.06;0.56;0.05;0.63;0.07;0.90;0.13;0;0
GBOV_RM7_790;BartlettExperimentalForest;Courtney Meier;cmeier@battelleecology.org;support-copernicus-gbov@acri-st.fr;NEON;232;Mixed Forest;44.063901;-71.287308;20140702T000000Z;2.0;BART_041;4.28;0.12;6.05;0.16;0.707;0.028;3.65;0.18;5.18;0.23;0.71;0.05;0.395;0.027;0.460;0.035;0.86;0.09;0.35;0.04;0.41;0.07;0.84;0.17;0;0
GBOV_RM7_790;BartlettExperimentalForest;Courtney Meier;cmeier@battelleecology.org;support-copernicus-gbov@acri-st.fr;NEON;232;Mixed Forest;44.063901;-71.287308;20140716T000000Z;2.0;BART_041;4.70;0.13;6.19;0.16;0.759;0.029;3.88;0.16;5.03;0.18;0.77;0.04;0.288;0.024;0.351;0.033;0.82;0.10;0.25;0.04;0.29;0.05;0.86;0.19;0;0
GBOV_RM7_790;BartlettExperimentalForest;Courtney Meier;cmeier@battelleecology.org;support-copernicus-gbov@acri-st.fr;NEON;232;Mixed Forest;44.063901;-71.287308;20140730T000000Z;2.0;BART_041;4.41;0.12;6.02;0.16;0.732;0.028;3.91;0.18;5.25;0.25;0.75;0.05;0.435;0.026;0.492;0.032;0.88;0.08;0.35;0.04;0.38;0.04;0.93;0.14;0;0
GBOV_RM7_790;BartlettExperimentalForest;Courtney Meier;cmeier@battelleecology.org;support-copernicus-gbov@acri-st.fr;NEON;232;Mixed Forest;44.063901;-71.287308;20140826T000000Z;2.0;BART_041;4.65;0.12;6.21;0.15;0.748;0.027;3.67;0.16;4.79;0.21;0.77;0.05;0.909;0.032;0.97;0.04;0.94;0.05;0.67;0.04;0.72;0.05;0.92;0.09;0;16
GBOV_RM7_790;BartlettExperimentalForest;Courtney Meier;cmeier@battelleecology.org;support-copernicus-gbov@acri-st.fr;NEON;232;Mixed Forest;44.063901;-71.287308;20140910T000000Z;2.0;BART_041;4.58;0.11;6.08;0.15;0.752;0.026;3.77;0.19;5.11;0.22;0.74;0.05;0.306;0.020;0.343;0.026;0.89;0.09;0.266;0.024;0.295;0.032;0.90;0.13;0;0
GBOV_RM7_790;BartlettExperimentalForest;Courtney Meier;cmeier@battelleecology.org;support-copernicus-gbov@acri-st.fr;NEON;232;Mixed Forest;44.063901;-71.287308;20140924T000000Z;2.0;BART_041;3.53;0.10;4.69;0.12;0.752;0.029;2.62;0.10;3.38;0.13;0.78;0.04;0.679;0.030;0.74;0.04;0.92;0.06;0.56;0.05;0.63;0.07;0.90;0.12;64;0
GBOV_RM7_790;BartlettExperimentalForest;Courtney Meier;cmeier@battelleecology.org;support-copernicus-gbov@acri-st.fr;NEON;232;Mixed Forest;44.063901;-71.287308;20141009T000000Z;2.0;BART_041;3.41;0.11;4.98;0.15;0.686;0.030;2.72;0.12;3.96;0.17;0.69;0.04;0.238;0.020;0.281;0.028;0.85;0.11;0.212;0.030;0.28;0.07;0.77;0.22;0;0
GBOV_RM7_790;BartlettExperimentalForest;Courtney Meier;cmeier@battelleecology.org;support-copernicus-gbov@acri-st.fr;NEON;232;Mixed Forest;44.063901;-71.287308;20150519T000000Z;2.0;BART_041;3.52;0.11;4.75;0.15;0.741;0.032;3.34;0.13;4.61;0.20;0.72;0.04;0.196;0.018;0.225;0.022;0.87;0.12;0.21;0.04;0.24;0.04;0.88;0.23;0;0
GBOV_RM7_790;BartlettExperimentalForest;Courtney Meier;cmeier@battelleecology.org;support-copernicus-gbov@acri-st.fr;NEON;232;Mixed Forest;44.063901;-71.287308;20150602T000000Z;2.0;BART_041;4.42;0.11;5.76;0.15;0.766;0.028;3.92;0.13;4.99;0.21;0.78;0.04;0.292;0.027;0.349;0.034;0.84;0.11;0.28;0.05;0.34;0.07;0.82;0.22;0;2
GBOV_RM7_790;BartlettExperimentalForest;Courtney Meier;cmeier@battelleecology.org;support-copernicus-gbov@acri-st.fr;NEON;232;Mixed Forest;44.063901;-71.287308;20150616T000000Z;2.0;BART_041;4.78;0.13;6.31;0.15;0.757;0.027;4.07;0.14;5.27;0.19;0.77;0.04;0.275;0.025;0.351;0.035;0.78;0.11;0.23;0.05;0.39;0.11;0.60;0.21;1;9
GBOV_RM7_790;BartlettExperimentalForest;Courtney Meier;cmeier@battelleecology.org;support-copernicus-gbov@acri-st.fr;NEON;232;Mixed Forest;44.063901;-71.287308;20150628T000000Z;2.0;BART_041;4.19;0.11;5.52;0.14;0.758;0.027;3.55;0.16;4.75;0.22;0.75;0.05;0.281;0.025;0.342;0.034;0.82;0.11;0.26;0.05;0.35;0.09;0.74;0.23;0;0
GBOV_RM7_790;BartlettExperimentalForest;Courtney Meier;cmeier@battelleecology.org;support-copernicus-gbov@acri-st.fr;NEON;232;Mixed Forest;44.063901;-71.287308;20150714T000000Z;2.0;BART_041;4.44;0.13;6.20;0.18;0.717;0.029;3.53;0.17;5.05;0.23;0.70;0.05;0.411;0.027;0.462;0.034;0.89;0.09;0.38;0.04;0.43;0.06;0.88;0.16;8;32
GBOV_RM7_790;BartlettExperimentalForest;Courtney Meier;cmeier@battelleecology.org;support-copernicus-gbov@acri-st.fr;NEON;232;Mixed Forest;44.063901;-71.287308;20150729T000000Z;2.0;BART_041;4.83;0.12;6.37;0.16;0.759;0.027;3.90;0.14;4.97;0.19;0.78;0.04;0.307;0.023;0.352;0.029;0.87;0.10;0.273;0.030;0.298;0.035;0.92;0.15;8;0
GBOV_RM7_790;BartlettExperimentalForest;Courtney Meier;cmeier@battelleecology.org;support-copernicus-gbov@acri-st.fr;NEON;232;Mixed Forest;44.063901;-71.287308;20150811T000000Z;2.0;BART_041;4.63;0.12;6.21;0.16;0.746;0.027;3.82;0.14;4.92;0.20;0.78;0.04;0.606;0.023;0.651;0.029;0.93;0.05;0.470;0.027;0.50;0.04;0.94;0.09;0;0
GBOV_RM7_790;BartlettExperimentalForest;Courtney Meier;cmeier@battelleecology.org;support-copernicus-gbov@acri-st.fr;NEON;232;Mixed Forest;44.063901;-71.287308;20150827T000000Z;2.0;BART_041;4.73;0.13;6.27;0.16;0.754;0.027;3.65;0.13;4.80;0.19;0.76;0.04;0.594;0.022;0.619;0.025;0.96;0.05;0.476;0.031;0.50;0.04;0.95;0.10;8;0
GBOV_RM7_790;BartlettExperimentalForest;Courtney Meier;cmeier@battelleecology.org;support-copernicus-gbov@acri-st.fr;NEON;232;Mixed Forest;44.063901;-71.287308;20150909T000000Z;2.0;BART_041;4.34;0.11;5.69;0.15;0.762;0.028;3.73;0.12;4.79;0.17;0.78;0.04;0.456;0.018;0.473;0.020;0.96;0.06;0.367;0.024;0.380;0.028;0.97;0.09;8;8
GBOV_RM7_790;BartlettExperimentalForest;Courtney Meier;cmeier@battelleecology.org;support-copernicus-gbov@acri-st.fr;NEON;232;Mixed Forest;44.063901;-71.287308;20150922T000000Z;2.0;BART_041;4.23;0.12;5.69;0.16;0.744;0.029;3.57;0.16;4.74;0.20;0.75;0.05;0.497;0.020;0.520;0.022;0.96;0.06;0.395;0.026;0.410;0.031;0.96;0.10;0;0
GBOV_RM7_790;BartlettExperimentalForest;Courtney Meier;cmeier@battelleecology.org;support-copernicus-gbov@acri-st.fr;NEON;232;Mixed Forest;44.063901;-71.287308;20151005T000000Z;2.0;BART_041;4.32;0.12;5.70;0.15;0.757;0.028;3.45;0.13;4.47;0.16;0.77;0.04;0.246;0.018;0.272;0.021;0.91;0.10;0.247;0.030;0.27;0.04;0.90;0.17;0;0
GBOV_RM7_790;BartlettExperimentalForest;Courtney Meier;cmeier@battelleecology.org;support-copernicus-gbov@acri-st.fr;NEON;232;Mixed Forest;44.063901;-71.287308;20151019T000000Z;2.0;BART_041;3.15;0.10;4.55;0.15;0.692;0.032;2.56;0.12;3.48;0.16;0.73;0.05;0.202;0.014;0.220;0.017;0.92;0.09;0.230;0.024;0.255;0.032;0.90;0.15;8;0
GBOV_RM7_790;BartlettExperimentalForest;Courtney Meier;cmeier@battelleecology.org;support-copernicus-gbov@acri-st.fr;NEON;232;Mixed Forest;44.063901;-71.287308;20160517T000000Z;2.0;BART_041;1.25;0.06;2.25;0.13;0.56;0.04;1.17;0.08;2.13;0.17;0.55;0.06;0.263;0.012;0.272;0.013;0.97;0.06;0.242;0.016;0.247;0.017;0.98;0.09;0;0
GBOV_RM7_790;BartlettExperimentalForest;Courtney Meier;cmeier@battelleecology.org;support-copernicus-gbov@acri-st.fr;NEON;232;Mixed Forest;44.063901;-71.287308;20160601T000000Z;2.0;BART_041;4.42;0.11;5.86;0.15;0.755;0.027;3.27;0.13;4.32;0.16;0.76;0.04;0.629;0.032;0.69;0.04;0.91;0.07;0.49;0.04;0.53;0.04;0.93;0.10;0;0
GBOV_RM7_790;BartlettExperimentalForest;Courtney Meier;cmeier@battelleecology.org;support-copernicus-gbov@acri-st.fr;NEON;232;Mixed Forest;44.063901;-71.287308;20160614T000000Z;2.0;BART_041;4.27;0.12;5.79;0.15;0.739;0.029;3.44;0.17;4.69;0.22;0.73;0.05;0.253;0.021;0.294;0.027;0.86;0.11;0.24;0.04;0.29;0.06;0.82;0.20;0;16
GBOV_RM7_790;BartlettExperimentalForest;Courtney Meier;cmeier@battelleecology.org;support-copernicus-gbov@acri-st.fr;NEON;232;Mixed Forest;44.063901;-71.287308;20160628T000000Z;2.0;BART_041;4.45;0.13;5.94;0.15;0.749;0.029;3.44;0.14;4.63;0.18;0.74;0.04;0.556;0.027;0.593;0.031;0.94;0.07;0.44;0.04;0.47;0.04;0.95;0.12;0;0
GBOV_RM7_790;BartlettExperimentalForest;Courtney Meier;cmeier@battelleecology.org;support-copernicus-gbov@acri-st.fr;NEON;232;Mixed Forest;44.063901;-71.287308;20160712T000000Z;2.0;BART_041;4.43;0.12;5.89;0.15;0.753;0.028;3.42;0.15;4.58;0.18;0.75;0.04;0.441;0.029;0.49;0.04;0.89;0.09;0.38;0.05;0.44;0.07;0.87;0.18;0;0
GBOV_RM7_790;BartlettExperimentalForest;Courtney Meier;cmeier@battelleecology.org;support-copernicus-gbov@acri-st.fr;NEON;232;Mixed Forest;44.063901;-71.287308;20160726T000000Z;2.0;BART_041;4.41;0.12;5.83;0.16;0.758;0.029;3.42;0.13;4.49;0.18;0.76;0.04;0.458;0.033;0.53;0.05;0.87;0.10;0.39;0.05;0.45;0.08;0.86;0.18;0;0
GBOV_RM7_790;BartlettExperimentalForest;Courtney Meier;cmeier@battelleecology.org;support-copernicus-gbov@acri-st.fr;NEON;232;Mixed Forest;44.063901;-71.287308;20160809T000000Z;2.0;BART_041;4.61;0.12;6.13;0.16;0.751;0.028;3.68;0.14;4.85;0.19;0.76;0.04;0.671;0.023;0.696;0.026;0.96;0.05;0.496;0.031;0.52;0.04;0.96;0.10;0;0
GBOV_RM7_790;BartlettExperimentalForest;Courtney Meier;cmeier@battelleecology.org;support-copernicus-gbov@acri-st.fr;NEON;232;Mixed Forest;44.063901;-71.287308;20160823T000000Z;2.0;BART_041;4.41;0.12;5.83;0.15;0.757;0.028;3.40;0.13;4.47;0.20;0.76;0.04;0.618;0.023;0.645;0.027;0.96;0.05;0.490;0.030;0.51;0.04;0.95;0.09;0;0
GBOV_RM7_790;BartlettExperimentalForest;Courtney Meier;cmeier@battelleecology.org;support-copernicus-gbov@acri-st.fr;NEON;232;Mixed Forest;44.063901;-71.287308;20160907T000000Z;2.0;BART_041;4.37;0.12;5.98;0.16;0.730;0.028;3.29;0.12;4.58;0.17;0.72;0.04;0.377;0.027;0.433;0.033;0.87;0.09;0.324;0.031;0.38;0.05;0.84;0.14;8;0
GBOV_RM7_790;BartlettExperimentalForest;Courtney Meier;cmeier@battelleecology.org;support-copernicus-gbov@acri-st.fr;NEON;232;Mixed Forest;44.063901;-71.287308;20160919T000000Z;2.0;BART_041;4.14;0.11;5.45;0.14;0.759;0.028;3.52;0.13;4.67;0.17;0.75;0.04;0.353;0.019;0.389;0.025;0.91;0.08;0.267;0.026;0.29;0.04;0.92;0.14;0;0
GBOV_RM7_790;BartlettExperimentalForest;Courtney Meier;cmeier@battelleecology.org;support-copernicus-gbov@acri-st.fr;NEON;232;Mixed Forest;44.063901;-71.287308;20161004T000000Z;2.0;BART_041;4.15;0.11;5.30;0.15;0.783;0.031;3.80;0.18;4.91;0.21;0.78;0.05;0.156;0.013;0.177;0.016;0.89;0.11;0.159;0.022;0.171;0.025;0.93;0.19;0;0
GBOV_RM7_790;BartlettExperimentalForest;Courtney Meier;cmeier@battelleecology.org;support-copernicus-gbov@acri-st.fr;NEON;232;Mixed Forest;44.063901;-71.287308;20161018T000000Z;2.0;BART_041;2.84;0.09;4.22;0.14;0.673;0.031;2.66;0.11;3.73;0.15;0.71;0.04;0.102;0.012;0.120;0.015;0.85;0.15;0.102;0.021;0.114;0.026;0.90;0.28;0;0
GBOV_RM7_790;BartlettExperimentalForest;Courtney Meier;cmeier@battelleecology.org;support-copernicus-gbov@acri-st.fr;NEON;232;Mixed Forest;44.063901;-71.287308;20170502T000000Z;2.0;BART_041;1.02;0.05;1.74;0.10;0.58;0.04;1.11;0.07;1.85;0.12;0.60;0.05;0.0285;0.0029;0.0299;0.0034;0.96;0.14;0.034;0.004;0.035;0.004;0.98;0.15;0;0
GBOV_RM7_790;BartlettExperimentalForest;Courtney Meier;cmeier@battelleecology.org;support-copernicus-gbov@acri-st.fr;NEON;232;Mixed Forest;44.063901;-71.287308;20170516T000000Z;2.0;BART_041;1.89;0.07;2.78;0.11;0.68;0.04;1.65;0.07;2.42;0.14;0.68;0.05;0.054;0.004;0.056;0.004;0.96;0.10;0.060;0.006;0.061;0.006;0.98;0.14;0;0
GBOV_RM7_790;BartlettExperimentalForest;Courtney Meier;cmeier@battelleecology.org;support-copernicus-gbov@acri-st.fr;NEON;232;Mixed Forest;44.063901;-71.287308;20170601T000000Z;2.0;BART_041;3.70;0.11;5.24;0.15;0.706;0.029;2.97;0.13;4.19;0.18;0.71;0.04;0.530;0.029;0.60;0.04;0.88;0.07;0.47;0.04;0.50;0.04;0.93;0.11;8;0
GBOV_RM7_790;BartlettExperimentalForest;Courtney Meier;cmeier@battelleecology.org;support-copernicus-gbov@acri-st.fr;NEON;232;Mixed Forest;44.063901;-71.287308;20170614T000000Z;2.0;BART_041;3.82;0.11;5.22;0.14;0.732;0.029;2.93;0.16;4.10;0.16;0.71;0.05;0.511;0.026;0.537;0.027;0.95;0.07;0.392;0.031;0.407;0.033;0.96;0.11;0;8
GBOV_RM7_790;BartlettExperimentalForest;Courtney Meier;cmeier@battelleecology.org;support-copernicus-gbov@acri-st.fr;NEON;232;Mixed Forest;44.063901;-71.287308;20170627T000000Z;2.0;BART_041;3.86;0.11;5.31;0.15;0.728;0.030;3.17;0.16;4.39;0.21;0.72;0.05;0.462;0.034;0.53;0.04;0.86;0.09;0.42;0.05;0.51;0.09;0.82;0.18;0;0
GBOV_RM7_790;BartlettExperimentalForest;Courtney Meier;cmeier@battelleecology.org;support-copernicus-gbov@acri-st.fr;NEON;232;Mixed Forest;44.063901;-71.287308;20170711T000000Z;2.0;BART_041;3.95;0.11;5.43;0.14;0.728;0.029;3.25;0.17;4.44;0.18;0.73;0.05;0.184;0.019;0.225;0.025;0.82;0.12;0.164;0.025;0.183;0.030;0.90;0.20;0;0
GBOV_RM7_790;BartlettExperimentalForest;Courtney Meier;cmeier@battelleecology.org;support-copernicus-gbov@acri-st.fr;NEON;232;Mixed Forest;44.063901;-71.287308;20170725T000000Z;2.0;BART_041;4.10;0.11;5.47;0.15;0.750;0.029;3.18;0.19;4.24;0.20;0.75;0.06;0.788;0.029;0.83;0.04;0.94;0.05;0.60;0.04;0.63;0.05;0.96;0.10;0;0
GBOV_RM7_790;BartlettExperimentalForest;Courtney Meier;cmeier@battelleecology.org;support-copernicus-gbov@acri-st.fr;NEON;232;Mixed Forest;44.063901;-71.287308;20170809T000000Z;2.0;BART_041;4.02;0.12;5.58;0.16;0.720;0.030;3.25;0.14;4.37;0.20;0.74;0.05;0.396;0.026;0.45;0.04;0.88;0.09;0.38;0.04;0.44;0.05;0.87;0.14;64;0
GBOV_RM7_790;BartlettExperimentalForest;Courtney Meier;cmeier@battelleecology.org;support-copernicus-gbov@acri-st.fr;NEON;232;Mixed Forest;44.063901;-71.287308;20170822T000000Z;2.0;BART_041;4.05;0.14;5.63;0.19;0.719;0.035;3.24;0.29;4.54;0.32;0.71;0.08;0.222;0.019;0.260;0.024;0.86;0.11;0.209;0.030;0.227;0.035;0.92;0.19;64;0
GBOV_RM7_790;BartlettExperimentalForest;Courtney Meier;cmeier@battelleecology.org;support-copernicus-gbov@acri-st.fr;NEON;232;Mixed Forest;44.063901;-71.287308;20170906T000000Z;2.0;BART_041;3.89;0.11;5.29;0.15;0.734;0.030;3.40;0.16;4.67;0.24;0.73;0.05;0.137;0.015;0.162;0.020;0.85;0.14;0.136;0.024;0.16;0.04;0.85;0.25;0;0
GBOV_RM7_790;BartlettExperimentalForest;Courtney Meier;cmeier@battelleecology.org;support-copernicus-gbov@acri-st.fr;NEON;232;Mixed Forest;44.063901;-71.287308;20170919T000000Z;2.0;BART_041;3.51;0.11;4.85;0.14;0.723;0.030;3.15;0.16;4.35;0.21;0.72;0.05;0.181;0.018;0.208;0.022;0.87;0.13;0.171;0.028;0.22;0.06;0.77;0.24;0;0
GBOV_RM7_790;BartlettExperimentalForest;Courtney Meier;cmeier@battelleecology.org;support-copernicus-gbov@acri-st.fr;NEON;232;Mixed Forest;44.063901;-71.287308;20171002T000000Z;2.0;BART_041;3.61;0.11;4.94;0.15;0.732;0.031;2.82;0.11;3.74;0.15;0.75;0.04;0.187;0.016;0.216;0.021;0.87;0.11;0.172;0.023;0.185;0.026;0.93;0.18;0;16
GBOV_RM7_790;BartlettExperimentalForest;Courtney Meier;cmeier@battelleecology.org;support-copernicus-gbov@acri-st.fr;NEON;232;Mixed Forest;44.063901;-71.287308;20171017T000000Z;2.0;BART_041;2.73;0.10;4.10;0.15;0.667;0.034;2.37;0.11;3.38;0.16;0.70;0.05;0.160;0.013;0.180;0.016;0.89;0.11;0.157;0.020;0.19;0.05;0.82;0.23;0;0
GBOV_RM7_790;BartlettExperimentalForest;Courtney Meier;cmeier@battelleecology.org;support-copernicus-gbov@acri-st.fr;NEON;232;Mixed Forest;44.063901;-71.287308;20180501T000000Z;2.0;BART_041;1.16;0.06;2.05;0.11;0.57;0.04;1.18;0.07;1.91;0.12;0.62;0.05;0.0173;0.0016;0.0178;0.0018;0.97;0.13;0.0236;0.0035;0.025;0.005;0.95;0.23;0;0
GBOV_RM7_790;BartlettExperimentalForest;Courtney Meier;cmeier@battelleecology.org;support-copernicus-gbov@acri-st.fr;NEON;232;Mixed Forest;44.063901;-71.287308;20180530T000000Z;2.0;BART_041;3.94;0.12;5.64;0.16;0.699;0.029;3.13;0.15;4.51;0.21;0.69;0.05;0.613;0.035;0.72;0.05;0.85;0.07;0.47;0.05;0.53;0.06;0.90;0.13;0;0
GBOV_RM7_790;BartlettExperimentalForest;Courtney Meier;cmeier@battelleecology.org;support-copernicus-gbov@acri-st.fr;NEON;232;Mixed Forest;44.063901;-71.287308;20180612T074400Z;2.0;BART_041;4.33;0.13;5.92;0.17;0.731;0.030;3.37;0.16;4.49;0.19;0.75;0.05;0.89;0.04;1.00;0.06;0.89;0.06;0.66;0.05;0.71;0.06;0.93;0.10;0;0
GBOV_RM7_790;BartlettExperimentalForest;Courtney Meier;cmeier@battelleecology.org;support-copernicus-gbov@acri-st.fr;NEON;232;Mixed Forest;44.063901;-71.287308;20180626T053900Z;2.0;BART_041;4.20;0.12;5.95;0.17;0.705;0.028;3.35;0.18;4.75;0.23;0.70;0.05;0.73;0.04;0.82;0.05;0.88;0.07;0.57;0.05;0.62;0.07;0.91;0.13;0;0
GBOV_RM7_790;BartlettExperimentalForest;Courtney Meier;cmeier@battelleecology.org;support-copernicus-gbov@acri-st.fr;NEON;232;Mixed Forest;44.063901;-71.287308;20180710T000000Z;2.0;BART_041;4.47;0.13;6.23;0.16;0.717;0.028;3.78;0.23;5.32;0.22;0.71;0.05;0.293;0.029;0.40;0.05;0.74;0.13;0.26;0.04;0.39;0.14;0.66;0.25;0;0
GBOV_RM7_790;BartlettExperimentalForest;Courtney Meier;cmeier@battelleecology.org;support-copernicus-gbov@acri-st.fr;NEON;232;Mixed Forest;44.063901;-71.287308;20180724T000000Z;2.0;BART_041;4.33;0.12;5.89;0.16;0.734;0.029;3.68;0.18;5.18;0.22;0.71;0.05;0.250;0.027;0.32;0.04;0.77;0.13;0.23;0.04;0.30;0.07;0.76;0.24;0;0
GBOV_RM7_790;BartlettExperimentalForest;Courtney Meier;cmeier@battelleecology.org;support-copernicus-gbov@acri-st.fr;NEON;232;Mixed Forest;44.063901;-71.287308;20180821T000000Z;2.0;BART_041;4.50;0.13;6.18;0.17;0.728;0.029;3.67;0.16;5.12;0.21;0.72;0.04;0.267;0.027;0.34;0.04;0.79;0.12;0.226;0.035;0.27;0.05;0.84;0.21;0;0
GBOV_RM7_790;BartlettExperimentalForest;Courtney Meier;cmeier@battelleecology.org;support-copernicus-gbov@acri-st.fr;NEON;232;Mixed Forest;44.063901;-71.287308;20180905T000000Z;2.0;BART_041;4.33;0.13;6.07;0.17;0.714;0.029;3.61;0.20;4.97;0.20;0.73;0.05;0.327;0.022;0.365;0.027;0.90;0.09;0.287;0.032;0.32;0.05;0.88;0.16;0;0
GBOV_RM7_790;BartlettExperimentalForest;Courtney Meier;cmeier@battelleecology.org;support-copernicus-gbov@acri-st.fr;NEON;232;Mixed Forest;44.063901;-71.287308;20180918T000000Z;2.0;BART_041;3.96;0.12;5.67;0.16;0.698;0.029;3.38;0.22;5.08;0.24;0.67;0.05;0.39;0.04;0.53;0.07;0.74;0.12;0.30;0.04;0.36;0.07;0.83;0.19;64;0
GBOV_RM7_790;BartlettExperimentalForest;Courtney Meier;cmeier@battelleecology.org;support-copernicus-gbov@acri-st.fr;NEON;232;Mixed Forest;44.063901;-71.287308;20181001T000000Z;2.0;BART_041;4.18;0.12;5.71;0.16;0.733;0.030;3.81;0.18;4.93;0.19;0.77;0.05;0.326;0.023;0.384;0.033;0.85;0.09;0.28;0.04;0.34;0.07;0.84;0.21;0;0
GBOV_RM7_790;BartlettExperimentalForest;Courtney Meier;cmeier@battelleecology.org;support-copernicus-gbov@acri-st.fr;NEON;232;Mixed Forest;44.063901;-71.287308;20181016T000000Z;2.0;BART_041;2.74;0.10;4.24;0.15;0.646;0.032;2.45;0.12;3.63;0.19;0.68;0.05;0.163;0.019;0.221;0.029;0.73;0.13;0.119;0.020;0.141;0.028;0.85;0.22;0;0
GBOV_RM7_790;BartlettExperimentalForest;Courtney Meier;cmeier@battelleecology.org;support-copernicus-gbov@acri-st.fr;NEON;232;Mixed Forest;44.063901;-71.287308;20190429T181700Z;2.0;BART_041;1.12;0.06;2.02;0.12;0.56;0.05;1.07;0.06;1.73;0.10;0.62;0.05;0.0093;0.0010;0.0095;0.0010;0.99;0.15;0.0110;0.0021;0.0111;0.0021;0.99;0.27;0;0
GBOV_RM7_790;BartlettExperimentalForest;Courtney Meier;cmeier@battelleecology.org;support-copernicus-gbov@acri-st.fr;NEON;232;Mixed Forest;44.063901;-71.287308;20190513T144000Z;2.0;BART_041;1.22;0.05;2.02;0.10;0.60;0.04;1.41;0.08;2.25;0.14;0.63;0.05;0.064;0.004;0.065;0.004;0.99;0.08;0.068;0.007;0.069;0.007;0.99;0.14;0;0
GBOV_RM7_790;BartlettExperimentalForest;Courtney Meier;cmeier@battelleecology.org;support-copernicus-gbov@acri-st.fr;NEON;232;Mixed Forest;44.063901;-71.287308;20190529T060300Z;2.0;BART_041;2.95;0.09;4.07;0.12;0.725;0.030;2.93;0.12;4.05;0.15;0.72;0.04;0.240;0.021;0.287;0.028;0.84;0.11;0.207;0.028;0.25;0.06;0.83;0.22;0;0
GBOV_RM7_790;BartlettExperimentalForest;Courtney Meier;cmeier@battelleecology.org;support-copernicus-gbov@acri-st.fr;NEON;232;Mixed Forest;44.063901;-71.287308;20190610T165000Z;2.0;BART_041;4.18;0.12;5.71;0.15;0.732;0.028;3.21;0.14;4.32;0.16;0.74;0.04;0.38;0.04;0.52;0.06;0.72;0.12;0.33;0.07;0.50;0.15;0.65;0.24;0;0
GBOV_RM7_790;BartlettExperimentalForest;Courtney Meier;cmeier@battelleecology.org;support-copernicus-gbov@acri-st.fr;NEON;232;Mixed Forest;44.063901;-71.287308;20190624T184400Z;2.0;BART_041;3.98;0.12;5.56;0.15;0.717;0.029;3.18;0.17;4.42;0.19;0.72;0.05;0.90;0.04;1.07;0.07;0.84;0.07;0.67;0.06;0.84;0.14;0.80;0.15;0;0
GBOV_RM7_790;BartlettExperimentalForest;Courtney Meier;cmeier@battelleecology.org;support-copernicus-gbov@acri-st.fr;NEON;232;Mixed Forest;44.063901;-71.287308;20190708T195000Z;2.0;BART_041;3.76;0.11;5.16;0.14;0.728;0.029;3.04;0.13;4.03;0.16;0.75;0.04;0.56;0.04;0.69;0.05;0.81;0.08;0.46;0.06;0.56;0.09;0.82;0.17;0;0
GBOV_RM7_790;BartlettExperimentalForest;Courtney Meier;cmeier@battelleecology.org;support-copernicus-gbov@acri-st.fr;NEON;232;Mixed Forest;44.063901;-71.287308;20190722T141800Z;2.0;BART_041;4.47;0.12;6.18;0.16;0.722;0.028;3.80;0.19;5.10;0.23;0.75;0.05;0.244;0.027;0.30;0.04;0.81;0.13;0.24;0.05;0.33;0.08;0.72;0.23;0;0
GBOV_RM7_790;BartlettExperimentalForest;Courtney Meier;cmeier@battelleecology.org;support-copernicus-gbov@acri-st.fr;NEON;232;Mixed Forest;44.063901;-71.287308;20190805T163700Z;2.0;BART_041;4.40;0.13;6.02;0.16;0.731;0.029;3.50;0.17;4.64;0.17;0.75;0.05;0.91;0.07;1.14;0.09;0.80;0.08;0.70;0.09;0.88;0.14;0.80;0.17;0;8
GBOV_RM7_790;BartlettExperimentalForest;Courtney Meier;cmeier@battelleecology.org;support-copernicus-gbov@acri-st.fr;NEON;232;Mixed Forest;44.063901;-71.287308;20190819T171200Z;2.0;BART_041;4.35;0.13;5.99;0.16;0.726;0.029;3.40;0.16;4.64;0.21;0.73;0.05;0.239;0.029;0.31;0.04;0.78;0.14;0.21;0.04;0.28;0.08;0.74;0.27;0;0
GBOV_RM7_790;BartlettExperimentalForest;Courtney Meier;cmeier@battelleecology.org;support-copernicus-gbov@acri-st.fr;NEON;232;Mixed Forest;44.063901;-71.287308;20190903T175800Z;2.0;BART_041;4.41;0.12;5.88;0.15;0.750;0.028;3.27;0.17;4.35;0.17;0.75;0.05;0.51;0.04;0.60;0.05;0.85;0.10;0.42;0.06;0.51;0.10;0.83;0.20;0;2
GBOV_RM7_790;BartlettExperimentalForest;Courtney Meier;cmeier@battelleecology.org;support-copernicus-gbov@acri-st.fr;NEON;232;Mixed Forest;44.063901;-71.287308;20190916T164100Z;2.0;BART_041;4.14;0.12;5.74;0.16;0.721;0.029;3.50;0.21;4.95;0.20;0.71;0.05;0.472;0.032;0.55;0.04;0.86;0.09;0.42;0.05;0.46;0.05;0.91;0.15;0;0
GBOV_RM7_790;BartlettExperimentalForest;Courtney Meier;cmeier@battelleecology.org;support-copernicus-gbov@acri-st.fr;NEON;232;Mixed Forest;44.063901;-71.287308;20190930T150900Z;2.0;BART_041;4.06;0.12;5.45;0.15;0.745;0.029;3.34;0.16;4.40;0.18;0.76;0.05;0.172;0.019;0.222;0.027;0.77;0.13;0.149;0.028;0.17;0.04;0.86;0.24;0;0
GBOV_RM7_790;BartlettExperimentalForest;Courtney Meier;cmeier@battelleecology.org;support-copernicus-gbov@acri-st.fr;NEON;232;Mixed Forest;44.063901;-71.287308;20191014T164900Z;2.0;BART_041;3.48;0.10;5.06;0.16;0.687;0.029;3.07;0.19;4.52;0.18;0.68;0.05;0.109;0.016;0.140;0.023;0.78;0.17;0.082;0.021;0.12;0.05;0.7;0.4;0;0
