GBOV_ID;Site;GROUND_DATA_PI;GROUND_DATA_PIs_Email;GBOV_Email;Network;Elevation;IGBP_class;Lat_IS;Lon_IS;TIME_IS;Version;PLOT_ID;LAIe_Miller_up;LAIe_Miller_up_err;LAI_Miller_up;LAI_Miller_up_err;clumping_Miller_up;clumping_Miller_up_err;LAIe_Warren_up;LAIe_Warren_up_err;LAI_Warren_up;LAI_Warren_up_err;clumping_Warren_up;clumping_Warren_up_err;LAIe_Miller_down;LAIe_Miller_down_err;LAI_Miller_down;LAI_Miller_down_err;clumping_Miller_down;clumping_Miller_down_err;LAIe_Warren_down;LAIe_Warren_down_err;LAI_Warren_down;LAI_Warren_down_err;clumping_Warren_down;clumping_Warren_down_err;up_flag;down_flag
GBOV_RM7_217;SmithsonianEnvironmentalResearchCenter;Courtney Meier;cmeier@battelleecology.org;support-copernicus-gbov@acri-st.fr;NEON;15;Croplands;38.89016;-76.5601;20150419T000000Z;2.0;SERC_061;0.565;0.018;0.669;0.024;0.84;0.04;0.85;0.05;1.12;0.07;0.76;0.07;-999;-999;-999;-999;-999;-999;-999;-999;-999;-999;-999;-999;0;-999
GBOV_RM7_217;SmithsonianEnvironmentalResearchCenter;Courtney Meier;cmeier@battelleecology.org;support-copernicus-gbov@acri-st.fr;NEON;15;Croplands;38.89016;-76.5601;20150504T000000Z;2.0;SERC_061;1.60;0.05;2.16;0.07;0.740;0.033;1.67;0.09;2.43;0.13;0.69;0.05;-999;-999;-999;-999;-999;-999;-999;-999;-999;-999;-999;-999;0;-999
GBOV_RM7_217;SmithsonianEnvironmentalResearchCenter;Courtney Meier;cmeier@battelleecology.org;support-copernicus-gbov@acri-st.fr;NEON;15;Croplands;38.89016;-76.5601;20150518T000000Z;2.0;SERC_061;3.34;0.11;5.08;0.14;0.657;0.029;3.35;0.18;5.05;0.20;0.66;0.04;-999;-999;-999;-999;-999;-999;-999;-999;-999;-999;-999;-999;0;-999
GBOV_RM7_217;SmithsonianEnvironmentalResearchCenter;Courtney Meier;cmeier@battelleecology.org;support-copernicus-gbov@acri-st.fr;NEON;15;Croplands;38.89016;-76.5601;20150616T000000Z;2.0;SERC_061;4.06;0.15;6.10;0.17;0.664;0.030;3.73;0.20;5.32;0.19;0.70;0.05;-999;-999;-999;-999;-999;-999;-999;-999;-999;-999;-999;-999;8;-999
GBOV_RM7_217;SmithsonianEnvironmentalResearchCenter;Courtney Meier;cmeier@battelleecology.org;support-copernicus-gbov@acri-st.fr;NEON;15;Croplands;38.89016;-76.5601;20150629T000000Z;2.0;SERC_061;2.99;0.17;4.85;0.25;0.62;0.05;2.5;0.4;4.3;0.5;0.58;0.11;-999;-999;-999;-999;-999;-999;-999;-999;-999;-999;-999;-999;8;-999
GBOV_RM7_217;SmithsonianEnvironmentalResearchCenter;Courtney Meier;cmeier@battelleecology.org;support-copernicus-gbov@acri-st.fr;NEON;15;Croplands;38.89016;-76.5601;20150713T000000Z;2.0;SERC_061;4.85;0.17;6.79;0.18;0.715;0.031;4.16;0.27;5.92;0.29;0.70;0.06;-999;-999;-999;-999;-999;-999;-999;-999;-999;-999;-999;-999;0;-999
GBOV_RM7_217;SmithsonianEnvironmentalResearchCenter;Courtney Meier;cmeier@battelleecology.org;support-copernicus-gbov@acri-st.fr;NEON;15;Croplands;38.89016;-76.5601;20150727T000000Z;2.0;SERC_061;3.69;0.13;5.52;0.16;0.668;0.030;3.36;0.20;4.81;0.19;0.70;0.05;-999;-999;-999;-999;-999;-999;-999;-999;-999;-999;-999;-999;8;-999
GBOV_RM7_217;SmithsonianEnvironmentalResearchCenter;Courtney Meier;cmeier@battelleecology.org;support-copernicus-gbov@acri-st.fr;NEON;15;Croplands;38.89016;-76.5601;20150811T000000Z;2.0;SERC_061;3.91;0.14;5.88;0.16;0.664;0.030;3.80;0.24;5.51;0.20;0.69;0.05;-999;-999;-999;-999;-999;-999;-999;-999;-999;-999;-999;-999;0;-999
GBOV_RM7_217;SmithsonianEnvironmentalResearchCenter;Courtney Meier;cmeier@battelleecology.org;support-copernicus-gbov@acri-st.fr;NEON;15;Croplands;38.89016;-76.5601;20150824T000000Z;2.0;SERC_061;3.80;0.13;5.87;0.16;0.647;0.028;3.76;0.27;6.00;0.21;0.63;0.05;-999;-999;-999;-999;-999;-999;-999;-999;-999;-999;-999;-999;0;-999
GBOV_RM7_217;SmithsonianEnvironmentalResearchCenter;Courtney Meier;cmeier@battelleecology.org;support-copernicus-gbov@acri-st.fr;NEON;15;Croplands;38.89016;-76.5601;20150908T000000Z;2.0;SERC_061;3.59;0.12;5.31;0.16;0.676;0.031;3.26;0.14;4.61;0.19;0.71;0.04;-999;-999;-999;-999;-999;-999;-999;-999;-999;-999;-999;-999;0;-999
GBOV_RM7_217;SmithsonianEnvironmentalResearchCenter;Courtney Meier;cmeier@battelleecology.org;support-copernicus-gbov@acri-st.fr;NEON;15;Croplands;38.89016;-76.5601;20150921T000000Z;2.0;SERC_061;3.36;0.11;5.06;0.15;0.664;0.029;3.27;0.14;4.76;0.16;0.69;0.04;-999;-999;-999;-999;-999;-999;-999;-999;-999;-999;-999;-999;32;-999
GBOV_RM7_217;SmithsonianEnvironmentalResearchCenter;Courtney Meier;cmeier@battelleecology.org;support-copernicus-gbov@acri-st.fr;NEON;15;Croplands;38.89016;-76.5601;20151006T000000Z;2.0;SERC_061;2.91;0.10;4.39;0.14;0.664;0.031;2.90;0.15;4.41;0.21;0.66;0.05;-999;-999;-999;-999;-999;-999;-999;-999;-999;-999;-999;-999;8;-999
GBOV_RM7_217;SmithsonianEnvironmentalResearchCenter;Courtney Meier;cmeier@battelleecology.org;support-copernicus-gbov@acri-st.fr;NEON;15;Croplands;38.89016;-76.5601;20151021T000000Z;2.0;SERC_061;2.14;0.07;3.11;0.11;0.688;0.032;1.91;0.09;2.92;0.16;0.65;0.05;-999;-999;-999;-999;-999;-999;-999;-999;-999;-999;-999;-999;0;-999
GBOV_RM7_217;SmithsonianEnvironmentalResearchCenter;Courtney Meier;cmeier@battelleecology.org;support-copernicus-gbov@acri-st.fr;NEON;15;Croplands;38.89016;-76.5601;20151104T000000Z;2.0;SERC_061;0.930;0.033;1.29;0.06;0.72;0.04;0.90;0.05;1.30;0.12;0.70;0.07;-999;-999;-999;-999;-999;-999;-999;-999;-999;-999;-999;-999;0;-999
GBOV_RM7_217;SmithsonianEnvironmentalResearchCenter;Courtney Meier;cmeier@battelleecology.org;support-copernicus-gbov@acri-st.fr;NEON;15;Croplands;38.89016;-76.5601;20160414T000000Z;2.0;SERC_061;0.568;0.017;0.667;0.025;0.85;0.04;0.663;0.030;0.80;0.04;0.83;0.06;-999;-999;-999;-999;-999;-999;-999;-999;-999;-999;-999;-999;0;-999
GBOV_RM7_217;SmithsonianEnvironmentalResearchCenter;Courtney Meier;cmeier@battelleecology.org;support-copernicus-gbov@acri-st.fr;NEON;15;Croplands;38.89016;-76.5601;20160428T000000Z;2.0;SERC_061;1.75;0.05;2.29;0.07;0.763;0.034;2.02;0.10;2.92;0.14;0.69;0.05;-999;-999;-999;-999;-999;-999;-999;-999;-999;-999;-999;-999;0;-999
GBOV_RM7_217;SmithsonianEnvironmentalResearchCenter;Courtney Meier;cmeier@battelleecology.org;support-copernicus-gbov@acri-st.fr;NEON;15;Croplands;38.89016;-76.5601;20160512T000000Z;2.0;SERC_061;2.76;0.09;4.01;0.13;0.689;0.031;2.93;0.13;4.24;0.16;0.69;0.04;-999;-999;-999;-999;-999;-999;-999;-999;-999;-999;-999;-999;0;-999
GBOV_RM7_217;SmithsonianEnvironmentalResearchCenter;Courtney Meier;cmeier@battelleecology.org;support-copernicus-gbov@acri-st.fr;NEON;15;Croplands;38.89016;-76.5601;20160525T000000Z;2.0;SERC_061;3.01;0.10;4.51;0.14;0.668;0.029;2.70;0.13;4.12;0.19;0.66;0.04;-999;-999;-999;-999;-999;-999;-999;-999;-999;-999;-999;-999;0;-999
GBOV_RM7_217;SmithsonianEnvironmentalResearchCenter;Courtney Meier;cmeier@battelleecology.org;support-copernicus-gbov@acri-st.fr;NEON;15;Croplands;38.89016;-76.5601;20160607T000000Z;2.0;SERC_061;3.75;0.13;5.69;0.18;0.658;0.032;3.37;0.20;4.88;0.23;0.69;0.05;-999;-999;-999;-999;-999;-999;-999;-999;-999;-999;-999;-999;8;-999
GBOV_RM7_217;SmithsonianEnvironmentalResearchCenter;Courtney Meier;cmeier@battelleecology.org;support-copernicus-gbov@acri-st.fr;NEON;15;Croplands;38.89016;-76.5601;20160622T000000Z;2.0;SERC_061;3.82;0.13;5.70;0.17;0.671;0.030;3.54;0.20;5.04;0.21;0.70;0.05;-999;-999;-999;-999;-999;-999;-999;-999;-999;-999;-999;-999;0;-999
GBOV_RM7_217;SmithsonianEnvironmentalResearchCenter;Courtney Meier;cmeier@battelleecology.org;support-copernicus-gbov@acri-st.fr;NEON;15;Croplands;38.89016;-76.5601;20160707T212200Z;2.0;SERC_061;3.77;0.12;5.58;0.16;0.676;0.029;3.28;0.16;4.75;0.18;0.69;0.04;-999;-999;-999;-999;-999;-999;-999;-999;-999;-999;-999;-999;0;0
GBOV_RM7_217;SmithsonianEnvironmentalResearchCenter;Courtney Meier;cmeier@battelleecology.org;support-copernicus-gbov@acri-st.fr;NEON;15;Croplands;38.89016;-76.5601;20160721T211400Z;2.0;SERC_061;3.70;0.12;5.45;0.16;0.679;0.029;3.39;0.18;4.90;0.18;0.69;0.05;-999;-999;-999;-999;-999;-999;-999;-999;-999;-999;-999;-999;0;0
GBOV_RM7_217;SmithsonianEnvironmentalResearchCenter;Courtney Meier;cmeier@battelleecology.org;support-copernicus-gbov@acri-st.fr;NEON;15;Croplands;38.89016;-76.5601;20160818T000000Z;2.0;SERC_061;3.63;0.12;5.32;0.16;0.682;0.030;3.38;0.18;4.91;0.22;0.69;0.05;-999;-999;-999;-999;-999;-999;-999;-999;-999;-999;-999;-999;0;-999
GBOV_RM7_217;SmithsonianEnvironmentalResearchCenter;Courtney Meier;cmeier@battelleecology.org;support-copernicus-gbov@acri-st.fr;NEON;15;Croplands;38.89016;-76.5601;20160901T200200Z;2.0;SERC_061;3.43;0.10;5.08;0.14;0.676;0.028;3.23;0.15;4.63;0.17;0.70;0.04;-999;-999;-999;-999;-999;-999;-999;-999;-999;-999;-999;-999;0;0
GBOV_RM7_217;SmithsonianEnvironmentalResearchCenter;Courtney Meier;cmeier@battelleecology.org;support-copernicus-gbov@acri-st.fr;NEON;15;Croplands;38.89016;-76.5601;20160915T165200Z;2.0;SERC_061;3.41;0.11;5.09;0.16;0.669;0.031;3.26;0.18;4.86;0.21;0.67;0.05;-999;-999;-999;-999;-999;-999;-999;-999;-999;-999;-999;-999;0;0
GBOV_RM7_217;SmithsonianEnvironmentalResearchCenter;Courtney Meier;cmeier@battelleecology.org;support-copernicus-gbov@acri-st.fr;NEON;15;Croplands;38.89016;-76.5601;20161007T000000Z;2.0;SERC_061;2.80;0.09;4.22;0.13;0.664;0.030;2.83;0.14;4.41;0.22;0.64;0.05;-999;-999;-999;-999;-999;-999;-999;-999;-999;-999;-999;-999;0;-999
GBOV_RM7_217;SmithsonianEnvironmentalResearchCenter;Courtney Meier;cmeier@battelleecology.org;support-copernicus-gbov@acri-st.fr;NEON;15;Croplands;38.89016;-76.5601;20161012T000000Z;2.0;SERC_061;2.60;0.09;3.70;0.12;0.702;0.033;2.26;0.13;3.30;0.16;0.68;0.05;-999;-999;-999;-999;-999;-999;-999;-999;-999;-999;-999;-999;0;-999
GBOV_RM7_217;SmithsonianEnvironmentalResearchCenter;Courtney Meier;cmeier@battelleecology.org;support-copernicus-gbov@acri-st.fr;NEON;15;Croplands;38.89016;-76.5601;20161027T000000Z;2.0;SERC_061;1.74;0.06;2.48;0.10;0.70;0.04;1.77;0.11;2.75;0.18;0.64;0.06;-999;-999;-999;-999;-999;-999;-999;-999;-999;-999;-999;-999;0;-999
GBOV_RM7_217;SmithsonianEnvironmentalResearchCenter;Courtney Meier;cmeier@battelleecology.org;support-copernicus-gbov@acri-st.fr;NEON;15;Croplands;38.89016;-76.5601;20170322T000000Z;2.0;SERC_061;0.454;0.015;0.522;0.020;0.87;0.04;0.474;0.023;0.60;0.05;0.79;0.08;-999;-999;-999;-999;-999;-999;-999;-999;-999;-999;-999;-999;0;-999
GBOV_RM7_217;SmithsonianEnvironmentalResearchCenter;Courtney Meier;cmeier@battelleecology.org;support-copernicus-gbov@acri-st.fr;NEON;15;Croplands;38.89016;-76.5601;20170406T000000Z;2.0;SERC_061;0.467;0.015;0.539;0.021;0.87;0.04;0.529;0.028;0.68;0.07;0.77;0.09;-999;-999;-999;-999;-999;-999;-999;-999;-999;-999;-999;-999;0;-999
GBOV_RM7_217;SmithsonianEnvironmentalResearchCenter;Courtney Meier;cmeier@battelleecology.org;support-copernicus-gbov@acri-st.fr;NEON;15;Croplands;38.89016;-76.5601;20170419T000000Z;2.0;SERC_061;1.120;0.035;1.34;0.05;0.84;0.04;1.37;0.07;1.86;0.10;0.74;0.05;-999;-999;-999;-999;-999;-999;-999;-999;-999;-999;-999;-999;0;-999
GBOV_RM7_217;SmithsonianEnvironmentalResearchCenter;Courtney Meier;cmeier@battelleecology.org;support-copernicus-gbov@acri-st.fr;NEON;15;Croplands;38.89016;-76.5601;20170504T200800Z;2.0;SERC_061;2.85;0.09;4.04;0.14;0.705;0.033;2.88;0.14;3.99;0.17;0.72;0.05;-999;-999;-999;-999;-999;-999;-999;-999;-999;-999;-999;-999;0;0
GBOV_RM7_217;SmithsonianEnvironmentalResearchCenter;Courtney Meier;cmeier@battelleecology.org;support-copernicus-gbov@acri-st.fr;NEON;15;Croplands;38.89016;-76.5601;20170524T174500Z;2.0;SERC_061;3.61;0.13;5.42;0.18;0.665;0.032;3.58;0.23;5.31;0.24;0.68;0.05;-999;-999;-999;-999;-999;-999;-999;-999;-999;-999;-999;-999;0;0
GBOV_RM7_217;SmithsonianEnvironmentalResearchCenter;Courtney Meier;cmeier@battelleecology.org;support-copernicus-gbov@acri-st.fr;NEON;15;Croplands;38.89016;-76.5601;20170606T194900Z;2.0;SERC_061;3.70;0.11;5.41;0.15;0.684;0.029;3.23;0.17;4.64;0.20;0.70;0.05;-999;-999;-999;-999;-999;-999;-999;-999;-999;-999;-999;-999;0;0
GBOV_RM7_217;SmithsonianEnvironmentalResearchCenter;Courtney Meier;cmeier@battelleecology.org;support-copernicus-gbov@acri-st.fr;NEON;15;Croplands;38.89016;-76.5601;20170615T211400Z;2.0;SERC_061;3.84;0.14;5.69;0.19;0.675;0.033;3.46;0.20;4.92;0.21;0.70;0.05;-999;-999;-999;-999;-999;-999;-999;-999;-999;-999;-999;-999;0;0
GBOV_RM7_217;SmithsonianEnvironmentalResearchCenter;Courtney Meier;cmeier@battelleecology.org;support-copernicus-gbov@acri-st.fr;NEON;15;Croplands;38.89016;-76.5601;20170628T205800Z;2.0;SERC_061;4.01;0.13;5.88;0.17;0.682;0.029;3.51;0.22;5.05;0.23;0.70;0.05;-999;-999;-999;-999;-999;-999;-999;-999;-999;-999;-999;-999;0;0
GBOV_RM7_217;SmithsonianEnvironmentalResearchCenter;Courtney Meier;cmeier@battelleecology.org;support-copernicus-gbov@acri-st.fr;NEON;15;Croplands;38.89016;-76.5601;20170711T000000Z;2.0;SERC_061;3.87;0.13;5.78;0.17;0.670;0.030;3.57;0.19;5.21;0.20;0.68;0.04;-999;-999;-999;-999;-999;-999;-999;-999;-999;-999;-999;-999;0;-999
GBOV_RM7_217;SmithsonianEnvironmentalResearchCenter;Courtney Meier;cmeier@battelleecology.org;support-copernicus-gbov@acri-st.fr;NEON;15;Croplands;38.89016;-76.5601;20170731T000000Z;2.0;SERC_061;3.94;0.14;5.76;0.16;0.683;0.031;3.29;0.22;4.96;0.28;0.66;0.06;-999;-999;-999;-999;-999;-999;-999;-999;-999;-999;-999;-999;0;-999
GBOV_RM7_217;SmithsonianEnvironmentalResearchCenter;Courtney Meier;cmeier@battelleecology.org;support-copernicus-gbov@acri-st.fr;NEON;15;Croplands;38.89016;-76.5601;20170809T000000Z;2.0;SERC_061;3.69;0.11;5.36;0.15;0.688;0.029;3.13;0.20;4.65;0.20;0.67;0.05;-999;-999;-999;-999;-999;-999;-999;-999;-999;-999;-999;-999;0;-999
GBOV_RM7_217;SmithsonianEnvironmentalResearchCenter;Courtney Meier;cmeier@battelleecology.org;support-copernicus-gbov@acri-st.fr;NEON;15;Croplands;38.89016;-76.5601;20170830T000000Z;2.0;SERC_061;3.64;0.11;5.38;0.15;0.677;0.028;3.41;0.17;4.85;0.20;0.70;0.04;-999;-999;-999;-999;-999;-999;-999;-999;-999;-999;-999;-999;0;-999
GBOV_RM7_217;SmithsonianEnvironmentalResearchCenter;Courtney Meier;cmeier@battelleecology.org;support-copernicus-gbov@acri-st.fr;NEON;15;Croplands;38.89016;-76.5601;20170905T000000Z;2.0;SERC_061;3.65;0.12;5.45;0.16;0.670;0.029;3.46;0.22;5.20;0.23;0.67;0.05;-999;-999;-999;-999;-999;-999;-999;-999;-999;-999;-999;-999;0;-999
GBOV_RM7_217;SmithsonianEnvironmentalResearchCenter;Courtney Meier;cmeier@battelleecology.org;support-copernicus-gbov@acri-st.fr;NEON;15;Croplands;38.89016;-76.5601;20170921T000000Z;2.0;SERC_061;3.34;0.11;4.92;0.16;0.678;0.032;3.03;0.15;4.36;0.19;0.70;0.05;-999;-999;-999;-999;-999;-999;-999;-999;-999;-999;-999;-999;0;-999
GBOV_RM7_217;SmithsonianEnvironmentalResearchCenter;Courtney Meier;cmeier@battelleecology.org;support-copernicus-gbov@acri-st.fr;NEON;15;Croplands;38.89016;-76.5601;20171003T000000Z;2.0;SERC_061;3.12;0.12;4.72;0.17;0.662;0.034;2.57;0.16;3.90;0.20;0.66;0.05;-999;-999;-999;-999;-999;-999;-999;-999;-999;-999;-999;-999;0;-999
GBOV_RM7_217;SmithsonianEnvironmentalResearchCenter;Courtney Meier;cmeier@battelleecology.org;support-copernicus-gbov@acri-st.fr;NEON;15;Croplands;38.89016;-76.5601;20171018T000000Z;2.0;SERC_061;2.41;0.10;3.54;0.14;0.68;0.04;2.13;0.11;3.14;0.15;0.68;0.05;-999;-999;-999;-999;-999;-999;-999;-999;-999;-999;-999;-999;0;-999
GBOV_RM7_217;SmithsonianEnvironmentalResearchCenter;Courtney Meier;cmeier@battelleecology.org;support-copernicus-gbov@acri-st.fr;NEON;15;Croplands;38.89016;-76.5601;20180323T000000Z;2.0;SERC_061;0.451;0.015;0.526;0.021;0.86;0.05;0.501;0.025;0.61;0.04;0.82;0.07;-999;-999;-999;-999;-999;-999;-999;-999;-999;-999;-999;-999;0;-999
GBOV_RM7_217;SmithsonianEnvironmentalResearchCenter;Courtney Meier;cmeier@battelleecology.org;support-copernicus-gbov@acri-st.fr;NEON;15;Croplands;38.89016;-76.5601;20180403T000000Z;2.0;SERC_061;0.450;0.015;0.521;0.021;0.86;0.04;0.664;0.034;0.83;0.06;0.80;0.07;-999;-999;-999;-999;-999;-999;-999;-999;-999;-999;-999;-999;0;-999
GBOV_RM7_217;SmithsonianEnvironmentalResearchCenter;Courtney Meier;cmeier@battelleecology.org;support-copernicus-gbov@acri-st.fr;NEON;15;Croplands;38.89016;-76.5601;20180419T000000Z;2.0;SERC_061;0.502;0.016;0.582;0.022;0.86;0.04;0.562;0.030;0.75;0.07;0.75;0.08;-999;-999;-999;-999;-999;-999;-999;-999;-999;-999;-999;-999;1;-999
GBOV_RM7_217;SmithsonianEnvironmentalResearchCenter;Courtney Meier;cmeier@battelleecology.org;support-copernicus-gbov@acri-st.fr;NEON;15;Croplands;38.89016;-76.5601;20180503T000000Z;2.0;SERC_061;1.71;0.06;2.22;0.08;0.77;0.04;1.65;0.08;2.32;0.15;0.71;0.06;-999;-999;-999;-999;-999;-999;-999;-999;-999;-999;-999;-999;1;-999
GBOV_RM7_217;SmithsonianEnvironmentalResearchCenter;Courtney Meier;cmeier@battelleecology.org;support-copernicus-gbov@acri-st.fr;NEON;15;Croplands;38.89016;-76.5601;20180521T000000Z;2.0;SERC_061;3.40;0.12;5.02;0.16;0.677;0.032;3.04;0.18;4.40;0.19;0.69;0.05;-999;-999;-999;-999;-999;-999;-999;-999;-999;-999;-999;-999;0;-999
GBOV_RM7_217;SmithsonianEnvironmentalResearchCenter;Courtney Meier;cmeier@battelleecology.org;support-copernicus-gbov@acri-st.fr;NEON;15;Croplands;38.89016;-76.5601;20180531T000000Z;2.0;SERC_061;3.81;0.14;5.78;0.18;0.660;0.031;3.71;0.26;5.49;0.25;0.67;0.06;-999;-999;-999;-999;-999;-999;-999;-999;-999;-999;-999;-999;0;-999
GBOV_RM7_217;SmithsonianEnvironmentalResearchCenter;Courtney Meier;cmeier@battelleecology.org;support-copernicus-gbov@acri-st.fr;NEON;15;Croplands;38.89016;-76.5601;20180613T000000Z;2.0;SERC_061;4.15;0.15;6.15;0.19;0.675;0.031;3.95;0.25;5.61;0.22;0.70;0.05;-999;-999;-999;-999;-999;-999;-999;-999;-999;-999;-999;-999;0;-999
GBOV_RM7_217;SmithsonianEnvironmentalResearchCenter;Courtney Meier;cmeier@battelleecology.org;support-copernicus-gbov@acri-st.fr;NEON;15;Croplands;38.89016;-76.5601;20180627T000000Z;2.0;SERC_061;3.87;0.13;5.74;0.17;0.675;0.029;3.41;0.23;5.13;0.23;0.66;0.05;-999;-999;-999;-999;-999;-999;-999;-999;-999;-999;-999;-999;0;-999
GBOV_RM7_217;SmithsonianEnvironmentalResearchCenter;Courtney Meier;cmeier@battelleecology.org;support-copernicus-gbov@acri-st.fr;NEON;15;Croplands;38.89016;-76.5601;20180712T000000Z;2.0;SERC_061;4.12;0.14;5.98;0.17;0.689;0.030;3.57;0.19;5.16;0.22;0.69;0.05;-999;-999;-999;-999;-999;-999;-999;-999;-999;-999;-999;-999;0;-999
GBOV_RM7_217;SmithsonianEnvironmentalResearchCenter;Courtney Meier;cmeier@battelleecology.org;support-copernicus-gbov@acri-st.fr;NEON;15;Croplands;38.89016;-76.5601;20180726T000000Z;2.0;SERC_061;4.02;0.13;5.88;0.17;0.685;0.030;3.43;0.21;5.08;0.23;0.68;0.05;-999;-999;-999;-999;-999;-999;-999;-999;-999;-999;-999;-999;0;-999
GBOV_RM7_217;SmithsonianEnvironmentalResearchCenter;Courtney Meier;cmeier@battelleecology.org;support-copernicus-gbov@acri-st.fr;NEON;15;Croplands;38.89016;-76.5601;20180806T000000Z;2.0;SERC_061;4.00;0.13;5.85;0.16;0.684;0.029;3.28;0.24;5.12;0.23;0.64;0.06;-999;-999;-999;-999;-999;-999;-999;-999;-999;-999;-999;-999;0;-999
GBOV_RM7_217;SmithsonianEnvironmentalResearchCenter;Courtney Meier;cmeier@battelleecology.org;support-copernicus-gbov@acri-st.fr;NEON;15;Croplands;38.89016;-76.5601;20180906T000000Z;2.0;SERC_061;3.68;0.12;5.51;0.17;0.668;0.031;3.33;0.17;4.84;0.22;0.69;0.05;-999;-999;-999;-999;-999;-999;-999;-999;-999;-999;-999;-999;0;-999
GBOV_RM7_217;SmithsonianEnvironmentalResearchCenter;Courtney Meier;cmeier@battelleecology.org;support-copernicus-gbov@acri-st.fr;NEON;15;Croplands;38.89016;-76.5601;20180920T000000Z;2.0;SERC_061;3.32;0.12;4.91;0.16;0.678;0.033;2.99;0.22;4.28;0.22;0.70;0.06;-999;-999;-999;-999;-999;-999;-999;-999;-999;-999;-999;-999;0;-999
GBOV_RM7_217;SmithsonianEnvironmentalResearchCenter;Courtney Meier;cmeier@battelleecology.org;support-copernicus-gbov@acri-st.fr;NEON;15;Croplands;38.89016;-76.5601;20181004T000000Z;2.0;SERC_061;2.93;0.10;4.37;0.14;0.669;0.030;2.87;0.14;4.26;0.19;0.67;0.04;-999;-999;-999;-999;-999;-999;-999;-999;-999;-999;-999;-999;0;-999
GBOV_RM7_217;SmithsonianEnvironmentalResearchCenter;Courtney Meier;cmeier@battelleecology.org;support-copernicus-gbov@acri-st.fr;NEON;15;Croplands;38.89016;-76.5601;20181018T000000Z;2.0;SERC_061;2.30;0.09;3.41;0.12;0.674;0.035;1.94;0.14;3.01;0.17;0.64;0.06;-999;-999;-999;-999;-999;-999;-999;-999;-999;-999;-999;-999;0;-999
GBOV_RM7_217;SmithsonianEnvironmentalResearchCenter;Courtney Meier;cmeier@battelleecology.org;support-copernicus-gbov@acri-st.fr;NEON;15;Croplands;38.89016;-76.5601;20190404T181600Z;2.0;SERC_061;0.434;0.015;0.512;0.019;0.85;0.04;0.79;0.05;1.03;0.07;0.77;0.07;-999;-999;-999;-999;-999;-999;-999;-999;-999;-999;-999;-999;0;0
GBOV_RM7_217;SmithsonianEnvironmentalResearchCenter;Courtney Meier;cmeier@battelleecology.org;support-copernicus-gbov@acri-st.fr;NEON;15;Croplands;38.89016;-76.5601;20190416T062900Z;2.0;SERC_061;0.613;0.019;0.726;0.025;0.84;0.04;0.73;0.04;0.91;0.06;0.80;0.07;-999;-999;-999;-999;-999;-999;-999;-999;-999;-999;-999;-999;0;0
GBOV_RM7_217;SmithsonianEnvironmentalResearchCenter;Courtney Meier;cmeier@battelleecology.org;support-copernicus-gbov@acri-st.fr;NEON;15;Croplands;38.89016;-76.5601;20190430T184100Z;2.0;SERC_061;2.45;0.08;3.57;0.11;0.687;0.031;2.32;0.14;3.74;0.21;0.62;0.05;-999;-999;-999;-999;-999;-999;-999;-999;-999;-999;-999;-999;0;0
GBOV_RM7_217;SmithsonianEnvironmentalResearchCenter;Courtney Meier;cmeier@battelleecology.org;support-copernicus-gbov@acri-st.fr;NEON;15;Croplands;38.89016;-76.5601;20190611T203700Z;2.0;SERC_061;3.79;0.12;5.64;0.16;0.671;0.029;3.13;0.20;4.95;0.23;0.63;0.05;-999;-999;-999;-999;-999;-999;-999;-999;-999;-999;-999;-999;0;0
GBOV_RM7_217;SmithsonianEnvironmentalResearchCenter;Courtney Meier;cmeier@battelleecology.org;support-copernicus-gbov@acri-st.fr;NEON;15;Croplands;38.89016;-76.5601;20190624T203600Z;2.0;SERC_061;3.60;0.12;5.51;0.17;0.654;0.030;3.29;0.22;5.19;0.28;0.63;0.05;-999;-999;-999;-999;-999;-999;-999;-999;-999;-999;-999;-999;0;0
GBOV_RM7_217;SmithsonianEnvironmentalResearchCenter;Courtney Meier;cmeier@battelleecology.org;support-copernicus-gbov@acri-st.fr;NEON;15;Croplands;38.89016;-76.5601;20190708T203700Z;2.0;SERC_061;3.67;0.12;5.45;0.16;0.673;0.030;3.19;0.18;4.80;0.26;0.66;0.05;-999;-999;-999;-999;-999;-999;-999;-999;-999;-999;-999;-999;0;0
GBOV_RM7_217;SmithsonianEnvironmentalResearchCenter;Courtney Meier;cmeier@battelleecology.org;support-copernicus-gbov@acri-st.fr;NEON;15;Croplands;38.89016;-76.5601;20190723T194500Z;2.0;SERC_061;3.77;0.13;5.66;0.17;0.665;0.031;3.35;0.24;5.41;0.28;0.62;0.06;-999;-999;-999;-999;-999;-999;-999;-999;-999;-999;-999;-999;0;0
GBOV_RM7_217;SmithsonianEnvironmentalResearchCenter;Courtney Meier;cmeier@battelleecology.org;support-copernicus-gbov@acri-st.fr;NEON;15;Croplands;38.89016;-76.5601;20190806T191800Z;2.0;SERC_061;3.47;0.11;5.10;0.15;0.680;0.029;2.95;0.16;4.50;0.22;0.66;0.05;-999;-999;-999;-999;-999;-999;-999;-999;-999;-999;-999;-999;0;0
GBOV_RM7_217;SmithsonianEnvironmentalResearchCenter;Courtney Meier;cmeier@battelleecology.org;support-copernicus-gbov@acri-st.fr;NEON;15;Croplands;38.89016;-76.5601;20190820T183400Z;2.0;SERC_061;3.58;0.12;5.55;0.17;0.644;0.029;3.14;0.22;5.26;0.25;0.60;0.05;-999;-999;-999;-999;-999;-999;-999;-999;-999;-999;-999;-999;0;0
GBOV_RM7_217;SmithsonianEnvironmentalResearchCenter;Courtney Meier;cmeier@battelleecology.org;support-copernicus-gbov@acri-st.fr;NEON;15;Croplands;38.89016;-76.5601;20190903T192800Z;2.0;SERC_061;4.18;0.15;5.76;0.16;0.725;0.033;2.83;0.21;4.29;0.22;0.66;0.06;-999;-999;-999;-999;-999;-999;-999;-999;-999;-999;-999;-999;0;0
GBOV_RM7_217;SmithsonianEnvironmentalResearchCenter;Courtney Meier;cmeier@battelleecology.org;support-copernicus-gbov@acri-st.fr;NEON;15;Croplands;38.89016;-76.5601;20190917T193100Z;2.0;SERC_061;3.39;0.12;5.00;0.18;0.678;0.034;2.74;0.18;4.26;0.27;0.64;0.06;-999;-999;-999;-999;-999;-999;-999;-999;-999;-999;-999;-999;0;0
GBOV_RM7_217;SmithsonianEnvironmentalResearchCenter;Courtney Meier;cmeier@battelleecology.org;support-copernicus-gbov@acri-st.fr;NEON;15;Croplands;38.89016;-76.5601;20191001T183100Z;2.0;SERC_061;2.80;0.10;4.05;0.14;0.691;0.034;2.27;0.14;3.46;0.21;0.66;0.06;-999;-999;-999;-999;-999;-999;-999;-999;-999;-999;-999;-999;0;0
GBOV_RM7_217;SmithsonianEnvironmentalResearchCenter;Courtney Meier;cmeier@battelleecology.org;support-copernicus-gbov@acri-st.fr;NEON;15;Croplands;38.89016;-76.5601;20191015T182600Z;2.0;SERC_061;2.03;0.07;2.97;0.11;0.68;0.04;1.89;0.11;2.85;0.15;0.66;0.05;-999;-999;-999;-999;-999;-999;-999;-999;-999;-999;-999;-999;0;0
GBOV_RM7_217;SmithsonianEnvironmentalResearchCenter;Courtney Meier;cmeier@battelleecology.org;support-copernicus-gbov@acri-st.fr;NEON;15;Croplands;38.89016;-76.5601;20191029T072800Z;2.0;SERC_061;1.30;0.04;1.88;0.08;0.69;0.04;1.19;0.07;1.96;0.15;0.61;0.06;-999;-999;-999;-999;-999;-999;-999;-999;-999;-999;-999;-999;0;0
