GBOV_ID;Site;GROUND_DATA_PI;GROUND_DATA_PIs_Email;GBOV_Email;Network;Elevation;IGBP_class;Lat_IS;Lon_IS;TIME_IS;Version;PLOT_ID;LAIe_Miller_up;LAIe_Miller_up_err;LAI_Miller_up;LAI_Miller_up_err;clumping_Miller_up;clumping_Miller_up_err;LAIe_Warren_up;LAIe_Warren_up_err;LAI_Warren_up;LAI_Warren_up_err;clumping_Warren_up;clumping_Warren_up_err;LAIe_Miller_down;LAIe_Miller_down_err;LAI_Miller_down;LAI_Miller_down_err;clumping_Miller_down;clumping_Miller_down_err;LAIe_Warren_down;LAIe_Warren_down_err;LAI_Warren_down;LAI_Warren_down_err;clumping_Warren_down;clumping_Warren_down_err;up_flag;down_flag
GBOV_RM7_375;TalladegaNationalForest;Courtney Meier;cmeier@battelleecology.org;support-copernicus-gbov@acri-st.fr;NEON;135;Mixed Forest;32.9504585266113;-87.3932723999023;20140516T000000Z;2.0;TALL_046;3.15;0.11;4.35;0.14;0.725;0.034;2.51;0.14;3.87;0.20;0.65;0.05;0.78;0.05;1.06;0.07;0.74;0.06;0.67;0.07;0.86;0.11;0.78;0.13;0;32
GBOV_RM7_375;TalladegaNationalForest;Courtney Meier;cmeier@battelleecology.org;support-copernicus-gbov@acri-st.fr;NEON;135;Mixed Forest;32.9504585266113;-87.3932723999023;20140530T000000Z;2.0;TALL_046;3.40;0.10;4.73;0.15;0.719;0.032;2.93;0.17;4.51;0.31;0.65;0.06;0.90;0.04;1.17;0.06;0.77;0.06;0.61;0.06;0.81;0.13;0.75;0.14;0;0
GBOV_RM7_375;TalladegaNationalForest;Courtney Meier;cmeier@battelleecology.org;support-copernicus-gbov@acri-st.fr;NEON;135;Mixed Forest;32.9504585266113;-87.3932723999023;20140613T000000Z;2.0;TALL_046;3.22;0.11;4.44;0.15;0.725;0.034;2.83;0.15;4.09;0.23;0.69;0.05;0.68;0.05;1.02;0.10;0.67;0.08;0.56;0.08;0.81;0.13;0.70;0.15;0;0
GBOV_RM7_375;TalladegaNationalForest;Courtney Meier;cmeier@battelleecology.org;support-copernicus-gbov@acri-st.fr;NEON;135;Mixed Forest;32.9504585266113;-87.3932723999023;20140627T000000Z;2.0;TALL_046;3.57;0.11;4.89;0.15;0.729;0.032;3.02;0.15;4.51;0.22;0.67;0.05;0.74;0.05;1.04;0.08;0.72;0.08;0.52;0.06;0.69;0.11;0.75;0.15;0;0
GBOV_RM7_375;TalladegaNationalForest;Courtney Meier;cmeier@battelleecology.org;support-copernicus-gbov@acri-st.fr;NEON;135;Mixed Forest;32.9504585266113;-87.3932723999023;20140711T000000Z;2.0;TALL_046;3.45;0.12;4.75;0.15;0.726;0.034;3.05;0.19;4.45;0.26;0.69;0.06;0.59;0.04;0.74;0.05;0.80;0.07;0.48;0.04;0.57;0.05;0.84;0.11;32;32
GBOV_RM7_375;TalladegaNationalForest;Courtney Meier;cmeier@battelleecology.org;support-copernicus-gbov@acri-st.fr;NEON;135;Mixed Forest;32.9504585266113;-87.3932723999023;20140725T000000Z;2.0;TALL_046;3.47;0.11;4.76;0.14;0.729;0.032;3.04;0.17;4.12;0.23;0.74;0.06;0.66;0.04;0.83;0.05;0.80;0.07;0.504;0.032;0.60;0.05;0.84;0.08;0;0
GBOV_RM7_375;TalladegaNationalForest;Courtney Meier;cmeier@battelleecology.org;support-copernicus-gbov@acri-st.fr;NEON;135;Mixed Forest;32.9504585266113;-87.3932723999023;20140808T000000Z;2.0;TALL_046;3.32;0.12;4.75;0.14;0.699;0.032;2.76;0.16;4.32;0.20;0.64;0.05;0.70;0.04;0.85;0.05;0.82;0.06;0.56;0.04;0.67;0.06;0.84;0.10;0;0
GBOV_RM7_375;TalladegaNationalForest;Courtney Meier;cmeier@battelleecology.org;support-copernicus-gbov@acri-st.fr;NEON;135;Mixed Forest;32.9504585266113;-87.3932723999023;20140822T000000Z;2.0;TALL_046;3.13;0.11;4.29;0.14;0.730;0.034;2.65;0.16;3.82;0.20;0.69;0.06;0.84;0.04;1.01;0.05;0.83;0.06;0.61;0.06;0.73;0.09;0.83;0.13;0;0
GBOV_RM7_375;TalladegaNationalForest;Courtney Meier;cmeier@battelleecology.org;support-copernicus-gbov@acri-st.fr;NEON;135;Mixed Forest;32.9504585266113;-87.3932723999023;20140905T000000Z;2.0;TALL_046;3.39;0.11;4.59;0.14;0.738;0.033;3.18;0.15;4.50;0.19;0.71;0.05;0.490;0.034;0.60;0.04;0.82;0.08;0.34;0.05;0.40;0.06;0.86;0.17;0;0
GBOV_RM7_375;TalladegaNationalForest;Courtney Meier;cmeier@battelleecology.org;support-copernicus-gbov@acri-st.fr;NEON;135;Mixed Forest;32.9504585266113;-87.3932723999023;20140919T000000Z;2.0;TALL_046;2.87;0.09;3.80;0.12;0.756;0.032;2.57;0.12;3.59;0.18;0.72;0.05;0.54;0.04;0.65;0.05;0.82;0.09;0.46;0.04;0.54;0.06;0.86;0.13;0;0
GBOV_RM7_375;TalladegaNationalForest;Courtney Meier;cmeier@battelleecology.org;support-copernicus-gbov@acri-st.fr;NEON;135;Mixed Forest;32.9504585266113;-87.3932723999023;20141006T000000Z;2.0;TALL_046;2.94;0.09;3.92;0.12;0.750;0.034;2.76;0.16;3.86;0.21;0.72;0.06;0.52;0.04;0.63;0.04;0.82;0.08;0.32;0.04;0.37;0.05;0.86;0.15;0;32
GBOV_RM7_375;TalladegaNationalForest;Courtney Meier;cmeier@battelleecology.org;support-copernicus-gbov@acri-st.fr;NEON;135;Mixed Forest;32.9504585266113;-87.3932723999023;20141017T000000Z;2.0;TALL_046;2.92;0.10;3.99;0.13;0.733;0.034;2.62;0.13;3.75;0.16;0.70;0.05;0.66;0.04;0.79;0.05;0.83;0.07;0.46;0.04;0.51;0.05;0.90;0.12;0;0
GBOV_RM7_375;TalladegaNationalForest;Courtney Meier;cmeier@battelleecology.org;support-copernicus-gbov@acri-st.fr;NEON;135;Mixed Forest;32.9504585266113;-87.3932723999023;20141031T000000Z;2.0;TALL_046;2.58;0.08;3.62;0.12;0.712;0.033;2.45;0.14;3.86;0.21;0.63;0.05;0.421;0.035;0.52;0.04;0.82;0.10;0.264;0.030;0.30;0.04;0.87;0.14;0;0
GBOV_RM7_375;TalladegaNationalForest;Courtney Meier;cmeier@battelleecology.org;support-copernicus-gbov@acri-st.fr;NEON;135;Mixed Forest;32.9504585266113;-87.3932723999023;20150320T000000Z;2.0;TALL_046;1.40;0.04;1.86;0.06;0.755;0.034;1.68;0.10;2.53;0.14;0.66;0.05;0.127;0.014;0.148;0.018;0.86;0.14;0.084;0.016;0.096;0.022;0.87;0.26;0;32
GBOV_RM7_375;TalladegaNationalForest;Courtney Meier;cmeier@battelleecology.org;support-copernicus-gbov@acri-st.fr;NEON;135;Mixed Forest;32.9504585266113;-87.3932723999023;20150402T000000Z;2.0;TALL_046;1.55;0.05;2.11;0.07;0.735;0.034;1.76;0.08;2.84;0.16;0.62;0.05;0.121;0.014;0.144;0.018;0.84;0.14;0.085;0.013;0.110;0.029;0.77;0.24;0;0
GBOV_RM7_375;TalladegaNationalForest;Courtney Meier;cmeier@battelleecology.org;support-copernicus-gbov@acri-st.fr;NEON;135;Mixed Forest;32.9504585266113;-87.3932723999023;20150416T000000Z;2.0;TALL_046;2.71;0.10;3.70;0.12;0.73;0.04;2.53;0.15;3.68;0.19;0.69;0.05;0.65;0.04;0.87;0.05;0.75;0.06;0.40;0.04;0.48;0.05;0.84;0.12;0;0
GBOV_RM7_375;TalladegaNationalForest;Courtney Meier;cmeier@battelleecology.org;support-copernicus-gbov@acri-st.fr;NEON;135;Mixed Forest;32.9504585266113;-87.3932723999023;20150430T000000Z;2.0;TALL_046;3.10;0.11;4.37;0.13;0.711;0.032;2.70;0.14;3.95;0.19;0.68;0.05;0.87;0.06;1.26;0.08;0.69;0.07;0.61;0.06;0.78;0.09;0.79;0.12;0;0
GBOV_RM7_375;TalladegaNationalForest;Courtney Meier;cmeier@battelleecology.org;support-copernicus-gbov@acri-st.fr;NEON;135;Mixed Forest;32.9504585266113;-87.3932723999023;20150514T000000Z;2.0;TALL_046;3.37;0.12;4.78;0.15;0.706;0.034;3.22;0.18;4.63;0.27;0.70;0.06;0.315;0.029;0.41;0.05;0.76;0.11;0.28;0.04;0.33;0.06;0.85;0.20;0;0
GBOV_RM7_375;TalladegaNationalForest;Courtney Meier;cmeier@battelleecology.org;support-copernicus-gbov@acri-st.fr;NEON;135;Mixed Forest;32.9504585266113;-87.3932723999023;20150611T000000Z;2.0;TALL_046;3.76;0.11;5.12;0.15;0.734;0.031;3.08;0.12;4.27;0.17;0.72;0.04;0.743;0.032;0.82;0.04;0.91;0.06;0.51;0.04;0.55;0.05;0.92;0.11;0;0
GBOV_RM7_375;TalladegaNationalForest;Courtney Meier;cmeier@battelleecology.org;support-copernicus-gbov@acri-st.fr;NEON;135;Mixed Forest;32.9504585266113;-87.3932723999023;20150625T000000Z;2.0;TALL_046;3.48;0.11;4.90;0.14;0.710;0.031;3.02;0.14;4.30;0.19;0.70;0.05;0.613;0.023;0.642;0.027;0.96;0.05;0.446;0.024;0.460;0.027;0.97;0.08;0;0
GBOV_RM7_375;TalladegaNationalForest;Courtney Meier;cmeier@battelleecology.org;support-copernicus-gbov@acri-st.fr;NEON;135;Mixed Forest;32.9504585266113;-87.3932723999023;20150709T000000Z;2.0;TALL_046;3.81;0.11;5.08;0.13;0.749;0.029;2.87;0.13;4.10;0.15;0.70;0.04;0.346;0.028;0.45;0.04;0.78;0.10;0.25;0.04;0.33;0.08;0.74;0.21;0;0
GBOV_RM7_375;TalladegaNationalForest;Courtney Meier;cmeier@battelleecology.org;support-copernicus-gbov@acri-st.fr;NEON;135;Mixed Forest;32.9504585266113;-87.3932723999023;20150806T000000Z;2.0;TALL_046;3.22;0.10;4.44;0.14;0.724;0.031;3.11;0.14;4.61;0.23;0.68;0.05;0.508;0.027;0.556;0.031;0.91;0.07;0.38;0.04;0.40;0.04;0.93;0.13;0;0
GBOV_RM7_375;TalladegaNationalForest;Courtney Meier;cmeier@battelleecology.org;support-copernicus-gbov@acri-st.fr;NEON;135;Mixed Forest;32.9504585266113;-87.3932723999023;20150820T000000Z;2.0;TALL_046;3.17;0.09;4.34;0.12;0.730;0.030;2.83;0.16;4.45;0.25;0.64;0.05;0.376;0.034;0.49;0.04;0.76;0.10;0.24;0.04;0.33;0.08;0.74;0.21;0;0
GBOV_RM7_375;TalladegaNationalForest;Courtney Meier;cmeier@battelleecology.org;support-copernicus-gbov@acri-st.fr;NEON;135;Mixed Forest;32.9504585266113;-87.3932723999023;20150903T000000Z;2.0;TALL_046;3.05;0.09;4.15;0.12;0.734;0.031;2.67;0.15;3.92;0.24;0.68;0.06;0.48;0.05;0.65;0.07;0.74;0.11;0.31;0.05;0.39;0.09;0.80;0.22;0;0
GBOV_RM7_375;TalladegaNationalForest;Courtney Meier;cmeier@battelleecology.org;support-copernicus-gbov@acri-st.fr;NEON;135;Mixed Forest;32.9504585266113;-87.3932723999023;20150917T000000Z;2.0;TALL_046;3.02;0.10;4.23;0.14;0.715;0.033;2.68;0.16;3.81;0.19;0.70;0.05;0.495;0.033;0.56;0.04;0.89;0.08;0.34;0.04;0.37;0.05;0.92;0.16;0;0
GBOV_RM7_375;TalladegaNationalForest;Courtney Meier;cmeier@battelleecology.org;support-copernicus-gbov@acri-st.fr;NEON;135;Mixed Forest;32.9504585266113;-87.3932723999023;20151001T000000Z;2.0;TALL_046;2.94;0.09;4.02;0.12;0.733;0.032;2.86;0.14;4.28;0.20;0.67;0.05;0.449;0.026;0.482;0.028;0.93;0.08;0.333;0.035;0.35;0.04;0.94;0.14;0;8
GBOV_RM7_375;TalladegaNationalForest;Courtney Meier;cmeier@battelleecology.org;support-copernicus-gbov@acri-st.fr;NEON;135;Mixed Forest;32.9504585266113;-87.3932723999023;20151015T000000Z;2.0;TALL_046;2.86;0.09;3.75;0.11;0.762;0.033;2.41;0.11;3.40;0.14;0.71;0.04;0.340;0.029;0.40;0.04;0.84;0.10;0.26;0.04;0.32;0.06;0.82;0.21;0;0
GBOV_RM7_375;TalladegaNationalForest;Courtney Meier;cmeier@battelleecology.org;support-copernicus-gbov@acri-st.fr;NEON;135;Mixed Forest;32.9504585266113;-87.3932723999023;20151029T000000Z;2.0;TALL_046;2.12;0.07;2.76;0.09;0.767;0.035;2.38;0.12;3.44;0.17;0.69;0.05;0.245;0.023;0.293;0.029;0.84;0.11;0.160;0.028;0.181;0.035;0.88;0.23;0;0
GBOV_RM7_375;TalladegaNationalForest;Courtney Meier;cmeier@battelleecology.org;support-copernicus-gbov@acri-st.fr;NEON;135;Mixed Forest;32.9504585266113;-87.3932723999023;20160317T000000Z;2.0;TALL_046;1.039;0.033;1.46;0.05;0.711;0.034;1.02;0.05;1.64;0.11;0.62;0.05;0.127;0.012;0.141;0.015;0.90;0.12;0.125;0.020;0.136;0.024;0.92;0.22;0;0
GBOV_RM7_375;TalladegaNationalForest;Courtney Meier;cmeier@battelleecology.org;support-copernicus-gbov@acri-st.fr;NEON;135;Mixed Forest;32.9504585266113;-87.3932723999023;20160401T000000Z;2.0;TALL_046;1.06;0.04;1.56;0.06;0.68;0.04;1.03;0.06;1.81;0.14;0.57;0.05;0.100;0.011;0.111;0.013;0.90;0.14;0.062;0.011;0.067;0.012;0.94;0.23;36;0
GBOV_RM7_375;TalladegaNationalForest;Courtney Meier;cmeier@battelleecology.org;support-copernicus-gbov@acri-st.fr;NEON;135;Mixed Forest;32.9504585266113;-87.3932723999023;20160414T000000Z;2.0;TALL_046;1.64;0.06;2.35;0.09;0.699;0.035;1.65;0.09;2.70;0.17;0.61;0.05;0.306;0.019;0.354;0.024;0.86;0.08;0.286;0.035;0.33;0.04;0.88;0.16;0;0
GBOV_RM7_375;TalladegaNationalForest;Courtney Meier;cmeier@battelleecology.org;support-copernicus-gbov@acri-st.fr;NEON;135;Mixed Forest;32.9504585266113;-87.3932723999023;20160428T000000Z;2.0;TALL_046;2.55;0.09;3.56;0.13;0.72;0.04;2.57;0.11;3.67;0.16;0.70;0.04;0.448;0.031;0.59;0.05;0.76;0.08;0.316;0.032;0.38;0.04;0.84;0.13;0;0
GBOV_RM7_375;TalladegaNationalForest;Courtney Meier;cmeier@battelleecology.org;support-copernicus-gbov@acri-st.fr;NEON;135;Mixed Forest;32.9504585266113;-87.3932723999023;20160511T000000Z;2.0;TALL_046;2.45;0.09;3.64;0.13;0.673;0.035;2.38;0.12;3.51;0.16;0.68;0.05;0.435;0.031;0.55;0.05;0.79;0.09;0.334;0.034;0.39;0.04;0.86;0.13;0;0
GBOV_RM7_375;TalladegaNationalForest;Courtney Meier;cmeier@battelleecology.org;support-copernicus-gbov@acri-st.fr;NEON;135;Mixed Forest;32.9504585266113;-87.3932723999023;20160608T000000Z;2.0;TALL_046;2.75;0.11;4.07;0.15;0.68;0.04;2.41;0.12;3.52;0.17;0.69;0.05;0.63;0.04;0.78;0.06;0.81;0.08;0.60;0.06;0.75;0.10;0.79;0.14;0;0
GBOV_RM7_375;TalladegaNationalForest;Courtney Meier;cmeier@battelleecology.org;support-copernicus-gbov@acri-st.fr;NEON;135;Mixed Forest;32.9504585266113;-87.3932723999023;20160621T000000Z;2.0;TALL_046;2.71;0.10;3.95;0.14;0.687;0.034;2.55;0.13;3.73;0.15;0.69;0.04;0.51;0.04;0.64;0.05;0.80;0.09;0.40;0.04;0.46;0.05;0.86;0.14;0;0
GBOV_RM7_375;TalladegaNationalForest;Courtney Meier;cmeier@battelleecology.org;support-copernicus-gbov@acri-st.fr;NEON;135;Mixed Forest;32.9504585266113;-87.3932723999023;20160719T000000Z;2.0;TALL_046;2.74;0.11;4.09;0.15;0.67;0.04;2.51;0.13;3.73;0.20;0.67;0.05;0.63;0.04;0.73;0.05;0.86;0.07;0.554;0.035;0.62;0.04;0.90;0.08;0;0
GBOV_RM7_375;TalladegaNationalForest;Courtney Meier;cmeier@battelleecology.org;support-copernicus-gbov@acri-st.fr;NEON;135;Mixed Forest;32.9504585266113;-87.3932723999023;20160804T000000Z;2.0;TALL_046;2.46;0.10;3.79;0.15;0.65;0.04;2.37;0.11;3.63;0.16;0.65;0.04;0.74;0.04;0.87;0.05;0.86;0.07;0.53;0.04;0.60;0.05;0.89;0.10;0;0
GBOV_RM7_375;TalladegaNationalForest;Courtney Meier;cmeier@battelleecology.org;support-copernicus-gbov@acri-st.fr;NEON;135;Mixed Forest;32.9504585266113;-87.3932723999023;20160819T000000Z;2.0;TALL_046;2.10;0.07;2.95;0.10;0.714;0.035;1.97;0.12;2.86;0.17;0.69;0.06;0.487;0.029;0.62;0.04;0.78;0.07;0.315;0.031;0.37;0.04;0.85;0.12;65;9
GBOV_RM7_375;TalladegaNationalForest;Courtney Meier;cmeier@battelleecology.org;support-copernicus-gbov@acri-st.fr;NEON;135;Mixed Forest;32.9504585266113;-87.3932723999023;20160830T000000Z;2.0;TALL_046;3.27;0.12;4.98;0.18;0.657;0.034;2.72;0.15;4.17;0.20;0.65;0.05;0.483;0.031;0.63;0.05;0.77;0.07;0.35;0.04;0.44;0.06;0.79;0.13;1;1
GBOV_RM7_375;TalladegaNationalForest;Courtney Meier;cmeier@battelleecology.org;support-copernicus-gbov@acri-st.fr;NEON;135;Mixed Forest;32.9504585266113;-87.3932723999023;20160913T000000Z;2.0;TALL_046;2.74;0.11;4.03;0.15;0.68;0.04;2.47;0.13;3.60;0.17;0.69;0.05;0.53;0.04;0.68;0.05;0.78;0.08;0.39;0.04;0.49;0.07;0.79;0.14;1;1
GBOV_RM7_375;TalladegaNationalForest;Courtney Meier;cmeier@battelleecology.org;support-copernicus-gbov@acri-st.fr;NEON;135;Mixed Forest;32.9504585266113;-87.3932723999023;20160929T000000Z;2.0;TALL_046;3.03;0.11;4.39;0.16;0.69;0.04;2.71;0.14;3.86;0.18;0.70;0.05;0.398;0.028;0.52;0.04;0.77;0.08;0.273;0.033;0.35;0.06;0.78;0.16;1;9
GBOV_RM7_375;TalladegaNationalForest;Courtney Meier;cmeier@battelleecology.org;support-copernicus-gbov@acri-st.fr;NEON;135;Mixed Forest;32.9504585266113;-87.3932723999023;20161013T000000Z;2.0;TALL_046;2.46;0.09;3.50;0.12;0.704;0.035;2.24;0.10;3.27;0.14;0.69;0.04;0.387;0.022;0.469;0.029;0.83;0.07;0.260;0.030;0.33;0.06;0.79;0.16;1;9
GBOV_RM7_375;TalladegaNationalForest;Courtney Meier;cmeier@battelleecology.org;support-copernicus-gbov@acri-st.fr;NEON;135;Mixed Forest;32.9504585266113;-87.3932723999023;20161025T000000Z;2.0;TALL_046;2.09;0.08;3.04;0.12;0.69;0.04;1.88;0.10;2.92;0.15;0.64;0.05;0.261;0.018;0.305;0.023;0.85;0.09;0.179;0.024;0.206;0.030;0.87;0.17;1;9
GBOV_RM7_375;TalladegaNationalForest;Courtney Meier;cmeier@battelleecology.org;support-copernicus-gbov@acri-st.fr;NEON;135;Mixed Forest;32.9504585266113;-87.3932723999023;20161110T000000Z;2.0;TALL_046;2.11;0.07;2.87;0.09;0.736;0.033;1.87;0.10;2.75;0.13;0.68;0.05;0.182;0.015;0.215;0.018;0.85;0.10;0.106;0.017;0.129;0.029;0.83;0.23;1;1
GBOV_RM7_375;TalladegaNationalForest;Courtney Meier;cmeier@battelleecology.org;support-copernicus-gbov@acri-st.fr;NEON;135;Mixed Forest;32.9504585266113;-87.3932723999023;20161122T000000Z;2.0;TALL_046;2.15;0.07;2.84;0.10;0.76;0.04;1.89;0.10;2.77;0.15;0.68;0.05;0.188;0.012;0.211;0.015;0.89;0.08;0.125;0.014;0.145;0.024;0.86;0.17;1;1
GBOV_RM7_375;TalladegaNationalForest;Courtney Meier;cmeier@battelleecology.org;support-copernicus-gbov@acri-st.fr;NEON;135;Mixed Forest;32.9504585266113;-87.3932723999023;20170324T000000Z;2.0;TALL_046;1.19;0.04;1.56;0.05;0.760;0.035;1.39;0.06;2.02;0.11;0.69;0.05;0.096;0.008;0.106;0.010;0.90;0.11;0.076;0.012;0.081;0.014;0.95;0.22;0;0
GBOV_RM7_375;TalladegaNationalForest;Courtney Meier;cmeier@battelleecology.org;support-copernicus-gbov@acri-st.fr;NEON;135;Mixed Forest;32.9504585266113;-87.3932723999023;20170406T000000Z;2.0;TALL_046;1.41;0.05;1.81;0.06;0.78;0.04;1.32;0.06;1.87;0.09;0.70;0.05;0.245;0.014;0.276;0.018;0.89;0.08;0.214;0.023;0.233;0.029;0.92;0.15;0;0
GBOV_RM7_375;TalladegaNationalForest;Courtney Meier;cmeier@battelleecology.org;support-copernicus-gbov@acri-st.fr;NEON;135;Mixed Forest;32.9504585266113;-87.3932723999023;20170419T000000Z;2.0;TALL_046;2.51;0.09;3.60;0.12;0.699;0.034;2.40;0.11;3.49;0.17;0.69;0.05;0.341;0.032;0.45;0.05;0.75;0.10;0.34;0.05;0.49;0.09;0.71;0.16;1;1
GBOV_RM7_375;TalladegaNationalForest;Courtney Meier;cmeier@battelleecology.org;support-copernicus-gbov@acri-st.fr;NEON;135;Mixed Forest;32.9504585266113;-87.3932723999023;20170503T000000Z;2.0;TALL_046;2.48;0.10;3.62;0.13;0.68;0.04;2.20;0.10;3.05;0.14;0.72;0.05;0.70;0.04;1.00;0.07;0.70;0.07;0.53;0.04;0.76;0.10;0.69;0.10;0;0
GBOV_RM7_375;TalladegaNationalForest;Courtney Meier;cmeier@battelleecology.org;support-copernicus-gbov@acri-st.fr;NEON;135;Mixed Forest;32.9504585266113;-87.3932723999023;20170519T000000Z;2.0;TALL_046;2.54;0.10;3.93;0.15;0.645;0.035;2.09;0.11;3.29;0.17;0.63;0.05;0.55;0.05;0.82;0.07;0.67;0.08;0.49;0.07;0.77;0.15;0.63;0.15;1;1
GBOV_RM7_375;TalladegaNationalForest;Courtney Meier;cmeier@battelleecology.org;support-copernicus-gbov@acri-st.fr;NEON;135;Mixed Forest;32.9504585266113;-87.3932723999023;20170602T000000Z;2.0;TALL_046;2.49;0.10;3.82;0.15;0.65;0.04;2.64;0.12;3.97;0.18;0.66;0.04;0.63;0.04;0.86;0.06;0.74;0.07;0.38;0.04;0.54;0.08;0.70;0.12;1;9
GBOV_RM7_375;TalladegaNationalForest;Courtney Meier;cmeier@battelleecology.org;support-copernicus-gbov@acri-st.fr;NEON;135;Mixed Forest;32.9504585266113;-87.3932723999023;20170613T000000Z;2.0;TALL_046;2.35;0.11;3.73;0.16;0.63;0.04;2.13;0.12;3.37;0.16;0.63;0.05;0.59;0.04;0.84;0.07;0.70;0.07;0.37;0.04;0.48;0.07;0.76;0.15;1;1
GBOV_RM7_375;TalladegaNationalForest;Courtney Meier;cmeier@battelleecology.org;support-copernicus-gbov@acri-st.fr;NEON;135;Mixed Forest;32.9504585266113;-87.3932723999023;20170628T000000Z;2.0;TALL_046;2.41;0.10;3.88;0.15;0.62;0.04;2.09;0.12;3.37;0.18;0.62;0.05;0.63;0.05;0.86;0.07;0.73;0.08;0.54;0.06;0.68;0.08;0.79;0.12;0;0
GBOV_RM7_375;TalladegaNationalForest;Courtney Meier;cmeier@battelleecology.org;support-copernicus-gbov@acri-st.fr;NEON;135;Mixed Forest;32.9504585266113;-87.3932723999023;20170712T000000Z;2.0;TALL_046;2.33;0.10;3.81;0.14;0.611;0.034;2.10;0.10;3.46;0.17;0.61;0.04;0.68;0.05;0.95;0.08;0.71;0.08;0.51;0.05;0.68;0.08;0.76;0.11;0;0
GBOV_RM7_375;TalladegaNationalForest;Courtney Meier;cmeier@battelleecology.org;support-copernicus-gbov@acri-st.fr;NEON;135;Mixed Forest;32.9504585266113;-87.3932723999023;20170726T000000Z;2.0;TALL_046;2.68;0.11;4.07;0.14;0.659;0.035;2.52;0.14;3.75;0.16;0.67;0.05;0.49;0.04;0.58;0.04;0.84;0.09;0.51;0.05;0.59;0.06;0.86;0.12;0;0
GBOV_RM7_375;TalladegaNationalForest;Courtney Meier;cmeier@battelleecology.org;support-copernicus-gbov@acri-st.fr;NEON;135;Mixed Forest;32.9504585266113;-87.3932723999023;20170809T000000Z;2.0;TALL_046;2.51;0.10;3.93;0.14;0.639;0.034;2.53;0.12;4.05;0.20;0.63;0.04;0.426;0.035;0.56;0.05;0.77;0.09;0.41;0.05;0.54;0.08;0.75;0.15;0;0
GBOV_RM7_375;TalladegaNationalForest;Courtney Meier;cmeier@battelleecology.org;support-copernicus-gbov@acri-st.fr;NEON;135;Mixed Forest;32.9504585266113;-87.3932723999023;20170825T000000Z;2.0;TALL_046;2.74;0.11;4.17;0.15;0.66;0.04;2.41;0.14;3.69;0.17;0.65;0.05;0.49;0.04;0.62;0.05;0.79;0.09;0.41;0.06;0.48;0.07;0.85;0.17;0;0
GBOV_RM7_375;TalladegaNationalForest;Courtney Meier;cmeier@battelleecology.org;support-copernicus-gbov@acri-st.fr;NEON;135;Mixed Forest;32.9504585266113;-87.3932723999023;20170906T000000Z;2.0;TALL_046;2.55;0.10;3.76;0.13;0.679;0.035;2.74;0.13;3.85;0.19;0.71;0.05;0.405;0.031;0.50;0.04;0.82;0.09;0.38;0.05;0.47;0.07;0.79;0.16;0;0
GBOV_RM7_375;TalladegaNationalForest;Courtney Meier;cmeier@battelleecology.org;support-copernicus-gbov@acri-st.fr;NEON;135;Mixed Forest;32.9504585266113;-87.3932723999023;20170919T000000Z;2.0;TALL_046;2.45;0.09;3.63;0.13;0.674;0.035;2.35;0.11;3.47;0.16;0.68;0.04;0.359;0.029;0.45;0.04;0.80;0.10;0.32;0.04;0.39;0.05;0.82;0.14;0;0
GBOV_RM7_375;TalladegaNationalForest;Courtney Meier;cmeier@battelleecology.org;support-copernicus-gbov@acri-st.fr;NEON;135;Mixed Forest;32.9504585266113;-87.3932723999023;20171003T000000Z;2.0;TALL_046;2.36;0.09;3.57;0.14;0.66;0.04;2.21;0.10;3.26;0.16;0.68;0.05;0.402;0.032;0.49;0.04;0.82;0.10;0.39;0.05;0.46;0.06;0.85;0.15;0;0
GBOV_RM7_375;TalladegaNationalForest;Courtney Meier;cmeier@battelleecology.org;support-copernicus-gbov@acri-st.fr;NEON;135;Mixed Forest;32.9504585266113;-87.3932723999023;20171017T000000Z;2.0;TALL_046;2.23;0.09;3.18;0.12;0.70;0.04;2.06;0.09;2.94;0.15;0.70;0.05;0.39;0.04;0.54;0.05;0.73;0.10;0.33;0.04;0.43;0.07;0.77;0.16;1;1
GBOV_RM7_375;TalladegaNationalForest;Courtney Meier;cmeier@battelleecology.org;support-copernicus-gbov@acri-st.fr;NEON;135;Mixed Forest;32.9504585266113;-87.3932723999023;20171101T000000Z;2.0;TALL_046;2.31;0.09;3.32;0.12;0.697;0.035;2.32;0.11;3.36;0.18;0.69;0.05;0.168;0.015;0.191;0.017;0.88;0.11;0.130;0.018;0.140;0.020;0.93;0.19;0;0
GBOV_RM7_375;TalladegaNationalForest;Courtney Meier;cmeier@battelleecology.org;support-copernicus-gbov@acri-st.fr;NEON;135;Mixed Forest;32.9504585266113;-87.3932723999023;20180321T000000Z;2.0;TALL_046;1.10;0.04;1.49;0.05;0.74;0.04;1.09;0.05;1.68;0.10;0.65;0.05;0.108;0.011;0.120;0.013;0.90;0.13;0.084;0.013;0.093;0.017;0.90;0.22;0;0
GBOV_RM7_375;TalladegaNationalForest;Courtney Meier;cmeier@battelleecology.org;support-copernicus-gbov@acri-st.fr;NEON;135;Mixed Forest;32.9504585266113;-87.3932723999023;20180403T000000Z;2.0;TALL_046;1.29;0.05;1.65;0.07;0.78;0.04;1.54;0.06;2.03;0.10;0.76;0.05;0.149;0.018;0.176;0.023;0.85;0.15;0.147;0.032;0.18;0.04;0.83;0.26;0;0
GBOV_RM7_375;TalladegaNationalForest;Courtney Meier;cmeier@battelleecology.org;support-copernicus-gbov@acri-st.fr;NEON;135;Mixed Forest;32.9504585266113;-87.3932723999023;20180418T000000Z;2.0;TALL_046;2.23;0.09;3.31;0.13;0.67;0.04;2.09;0.10;3.18;0.17;0.66;0.05;0.50;0.05;0.75;0.08;0.67;0.10;0.51;0.07;0.72;0.11;0.71;0.15;0;0
GBOV_RM7_375;TalladegaNationalForest;Courtney Meier;cmeier@battelleecology.org;support-copernicus-gbov@acri-st.fr;NEON;135;Mixed Forest;32.9504585266113;-87.3932723999023;20180502T000000Z;2.0;TALL_046;2.63;0.10;4.08;0.15;0.646;0.035;2.31;0.12;3.41;0.19;0.68;0.05;0.50;0.06;0.77;0.11;0.65;0.12;0.45;0.11;0.66;0.18;0.68;0.25;0;0
GBOV_RM7_375;TalladegaNationalForest;Courtney Meier;cmeier@battelleecology.org;support-copernicus-gbov@acri-st.fr;NEON;135;Mixed Forest;32.9504585266113;-87.3932723999023;20180516T000000Z;2.0;TALL_046;2.23;0.09;3.40;0.13;0.657;0.035;2.14;0.13;3.38;0.16;0.63;0.05;0.42;0.06;0.64;0.10;0.65;0.14;0.37;0.10;0.55;0.16;0.67;0.27;0;0
GBOV_RM7_375;TalladegaNationalForest;Courtney Meier;cmeier@battelleecology.org;support-copernicus-gbov@acri-st.fr;NEON;135;Mixed Forest;32.9504585266113;-87.3932723999023;20180601T000000Z;2.0;TALL_046;2.74;0.11;4.41;0.17;0.620;0.035;2.74;0.12;4.08;0.18;0.67;0.04;0.50;0.06;0.71;0.09;0.70;0.12;0.46;0.10;0.62;0.14;0.75;0.23;0;0
GBOV_RM7_375;TalladegaNationalForest;Courtney Meier;cmeier@battelleecology.org;support-copernicus-gbov@acri-st.fr;NEON;135;Mixed Forest;32.9504585266113;-87.3932723999023;20180613T000000Z;2.0;TALL_046;2.66;0.12;4.29;0.17;0.62;0.04;2.50;0.12;3.75;0.17;0.67;0.04;0.52;0.05;0.72;0.07;0.73;0.10;0.43;0.07;0.58;0.11;0.73;0.18;0;0
GBOV_RM7_375;TalladegaNationalForest;Courtney Meier;cmeier@battelleecology.org;support-copernicus-gbov@acri-st.fr;NEON;135;Mixed Forest;32.9504585266113;-87.3932723999023;20180627T000000Z;2.0;TALL_046;2.79;0.11;4.53;0.17;0.616;0.035;2.50;0.12;3.93;0.17;0.64;0.04;0.55;0.06;0.81;0.10;0.68;0.11;0.44;0.08;0.58;0.12;0.75;0.21;0;0
GBOV_RM7_375;TalladegaNationalForest;Courtney Meier;cmeier@battelleecology.org;support-copernicus-gbov@acri-st.fr;NEON;135;Mixed Forest;32.9504585266113;-87.3932723999023;20180711T000000Z;2.0;TALL_046;2.73;0.11;4.28;0.16;0.639;0.035;2.70;0.14;3.85;0.16;0.70;0.05;0.70;0.06;0.92;0.08;0.75;0.09;0.60;0.09;0.76;0.13;0.79;0.18;0;0
GBOV_RM7_375;TalladegaNationalForest;Courtney Meier;cmeier@battelleecology.org;support-copernicus-gbov@acri-st.fr;NEON;135;Mixed Forest;32.9504585266113;-87.3932723999023;20180724T000000Z;2.0;TALL_046;2.71;0.12;4.34;0.17;0.63;0.04;2.50;0.11;3.77;0.15;0.66;0.04;0.68;0.06;0.94;0.09;0.72;0.09;0.63;0.08;0.88;0.14;0.72;0.15;0;0
GBOV_RM7_375;TalladegaNationalForest;Courtney Meier;cmeier@battelleecology.org;support-copernicus-gbov@acri-st.fr;NEON;135;Mixed Forest;32.9504585266113;-87.3932723999023;20180808T000000Z;2.0;TALL_046;2.85;0.11;4.24;0.14;0.672;0.034;2.81;0.14;4.12;0.17;0.68;0.04;0.42;0.04;0.51;0.05;0.83;0.11;0.35;0.06;0.41;0.08;0.84;0.22;0;0
GBOV_RM7_375;TalladegaNationalForest;Courtney Meier;cmeier@battelleecology.org;support-copernicus-gbov@acri-st.fr;NEON;135;Mixed Forest;32.9504585266113;-87.3932723999023;20180821T000000Z;2.0;TALL_046;2.86;0.11;4.34;0.15;0.659;0.035;2.72;0.14;4.00;0.19;0.68;0.05;0.48;0.05;0.67;0.07;0.72;0.11;0.40;0.08;0.52;0.11;0.77;0.22;0;0
GBOV_RM7_375;TalladegaNationalForest;Courtney Meier;cmeier@battelleecology.org;support-copernicus-gbov@acri-st.fr;NEON;135;Mixed Forest;32.9504585266113;-87.3932723999023;20180907T000000Z;2.0;TALL_046;2.79;0.11;4.36;0.15;0.640;0.033;2.73;0.14;4.01;0.18;0.68;0.05;0.47;0.04;0.65;0.07;0.72;0.10;0.38;0.06;0.49;0.09;0.78;0.19;0;0
GBOV_RM7_375;TalladegaNationalForest;Courtney Meier;cmeier@battelleecology.org;support-copernicus-gbov@acri-st.fr;NEON;135;Mixed Forest;32.9504585266113;-87.3932723999023;20180918T000000Z;2.0;TALL_046;2.77;0.10;4.16;0.14;0.666;0.034;2.73;0.12;4.09;0.17;0.67;0.04;0.53;0.04;0.66;0.06;0.81;0.09;0.48;0.07;0.58;0.09;0.83;0.17;2;0
GBOV_RM7_375;TalladegaNationalForest;Courtney Meier;cmeier@battelleecology.org;support-copernicus-gbov@acri-st.fr;NEON;135;Mixed Forest;32.9504585266113;-87.3932723999023;20181002T000000Z;2.0;TALL_046;2.81;0.11;4.32;0.15;0.650;0.034;2.71;0.12;4.02;0.17;0.67;0.04;0.54;0.04;0.66;0.05;0.82;0.08;0.48;0.06;0.56;0.07;0.86;0.15;0;0
GBOV_RM7_375;TalladegaNationalForest;Courtney Meier;cmeier@battelleecology.org;support-copernicus-gbov@acri-st.fr;NEON;135;Mixed Forest;32.9504585266113;-87.3932723999023;20181016T000000Z;2.0;TALL_046;2.69;0.10;4.06;0.14;0.662;0.033;2.98;0.16;4.33;0.15;0.69;0.04;0.414;0.031;0.52;0.04;0.79;0.09;0.29;0.04;0.34;0.04;0.86;0.15;0;0
GBOV_RM7_375;TalladegaNationalForest;Courtney Meier;cmeier@battelleecology.org;support-copernicus-gbov@acri-st.fr;NEON;135;Mixed Forest;32.9504585266113;-87.3932723999023;20181030T000000Z;2.0;TALL_046;2.58;0.10;3.83;0.13;0.675;0.035;2.56;0.13;3.68;0.16;0.69;0.05;0.366;0.029;0.44;0.04;0.83;0.10;0.31;0.04;0.35;0.05;0.88;0.17;0;0
GBOV_RM7_375;TalladegaNationalForest;Courtney Meier;cmeier@battelleecology.org;support-copernicus-gbov@acri-st.fr;NEON;135;Mixed Forest;32.9504585266113;-87.3932723999023;20190319T062900Z;2.0;TALL_046;1.00;0.04;1.32;0.06;0.76;0.04;1.15;0.05;1.61;0.12;0.71;0.06;0.157;0.021;0.183;0.025;0.86;0.16;0.144;0.029;0.164;0.034;0.88;0.25;0;0
GBOV_RM7_375;TalladegaNationalForest;Courtney Meier;cmeier@battelleecology.org;support-copernicus-gbov@acri-st.fr;NEON;135;Mixed Forest;32.9504585266113;-87.3932723999023;20190402T055200Z;2.0;TALL_046;1.26;0.05;1.68;0.08;0.75;0.05;1.40;0.05;1.87;0.10;0.75;0.05;0.229;0.025;0.276;0.031;0.83;0.13;0.199;0.033;0.22;0.04;0.89;0.21;0;0
GBOV_RM7_375;TalladegaNationalForest;Courtney Meier;cmeier@battelleecology.org;support-copernicus-gbov@acri-st.fr;NEON;135;Mixed Forest;32.9504585266113;-87.3932723999023;20190417T054400Z;2.0;TALL_046;2.35;0.08;3.39;0.12;0.692;0.034;2.50;0.11;3.53;0.14;0.71;0.04;0.39;0.04;0.60;0.08;0.64;0.11;0.38;0.06;0.55;0.11;0.69;0.18;0;0
GBOV_RM7_375;TalladegaNationalForest;Courtney Meier;cmeier@battelleecology.org;support-copernicus-gbov@acri-st.fr;NEON;135;Mixed Forest;32.9504585266113;-87.3932723999023;20190430T052000Z;2.0;TALL_046;2.74;0.11;4.30;0.15;0.637;0.033;2.40;0.11;3.69;0.16;0.65;0.04;1.07;0.07;1.58;0.11;0.67;0.07;0.73;0.11;1.10;0.17;0.66;0.14;0;0
GBOV_RM7_375;TalladegaNationalForest;Courtney Meier;cmeier@battelleecology.org;support-copernicus-gbov@acri-st.fr;NEON;135;Mixed Forest;32.9504585266113;-87.3932723999023;20190515T051400Z;2.0;TALL_046;2.83;0.12;4.45;0.16;0.636;0.034;2.49;0.12;3.77;0.15;0.66;0.04;1.13;0.06;1.61;0.09;0.70;0.05;0.76;0.08;1.13;0.14;0.67;0.11;0;0
GBOV_RM7_375;TalladegaNationalForest;Courtney Meier;cmeier@battelleecology.org;support-copernicus-gbov@acri-st.fr;NEON;135;Mixed Forest;32.9504585266113;-87.3932723999023;20190530T045200Z;2.0;TALL_046;2.99;0.12;4.80;0.16;0.624;0.033;2.69;0.12;4.04;0.15;0.67;0.04;0.85;0.06;1.21;0.09;0.70;0.07;0.65;0.09;0.86;0.11;0.76;0.15;0;0
GBOV_RM7_375;TalladegaNationalForest;Courtney Meier;cmeier@battelleecology.org;support-copernicus-gbov@acri-st.fr;NEON;135;Mixed Forest;32.9504585266113;-87.3932723999023;20190611T044600Z;2.0;TALL_046;2.99;0.12;4.74;0.17;0.632;0.033;2.70;0.12;3.95;0.16;0.68;0.04;0.91;0.05;1.20;0.07;0.75;0.06;0.75;0.09;0.99;0.11;0.76;0.12;0;0
GBOV_RM7_375;TalladegaNationalForest;Courtney Meier;cmeier@battelleecology.org;support-copernicus-gbov@acri-st.fr;NEON;135;Mixed Forest;32.9504585266113;-87.3932723999023;20190625T050000Z;2.0;TALL_046;3.01;0.12;4.67;0.16;0.643;0.033;2.78;0.15;4.05;0.17;0.69;0.05;0.62;0.06;0.90;0.09;0.69;0.10;0.52;0.09;0.70;0.13;0.74;0.19;0;0
GBOV_RM7_375;TalladegaNationalForest;Courtney Meier;cmeier@battelleecology.org;support-copernicus-gbov@acri-st.fr;NEON;135;Mixed Forest;32.9504585266113;-87.3932723999023;20190711T050700Z;2.0;TALL_046;3.02;0.12;4.74;0.16;0.637;0.033;2.78;0.14;4.28;0.18;0.65;0.04;0.81;0.05;1.10;0.07;0.73;0.07;0.68;0.08;0.90;0.11;0.76;0.13;0;0
GBOV_RM7_375;TalladegaNationalForest;Courtney Meier;cmeier@battelleecology.org;support-copernicus-gbov@acri-st.fr;NEON;135;Mixed Forest;32.9504585266113;-87.3932723999023;20190724T050800Z;2.0;TALL_046;2.96;0.13;4.68;0.17;0.633;0.035;2.68;0.14;4.23;0.18;0.63;0.04;0.88;0.06;1.17;0.08;0.75;0.07;0.66;0.08;0.81;0.09;0.81;0.14;0;0
GBOV_RM7_375;TalladegaNationalForest;Courtney Meier;cmeier@battelleecology.org;support-copernicus-gbov@acri-st.fr;NEON;135;Mixed Forest;32.9504585266113;-87.3932723999023;20190806T051000Z;2.0;TALL_046;3.05;0.12;4.74;0.16;0.643;0.033;2.76;0.14;4.15;0.17;0.67;0.04;0.82;0.05;1.06;0.07;0.77;0.07;0.77;0.07;0.98;0.09;0.79;0.11;0;0
GBOV_RM7_375;TalladegaNationalForest;Courtney Meier;cmeier@battelleecology.org;support-copernicus-gbov@acri-st.fr;NEON;135;Mixed Forest;32.9504585266113;-87.3932723999023;20190820T053300Z;2.0;TALL_046;2.83;0.12;4.40;0.16;0.643;0.035;2.67;0.11;4.01;0.17;0.66;0.04;0.93;0.07;1.31;0.09;0.71;0.07;0.72;0.08;0.95;0.10;0.76;0.11;0;0
GBOV_RM7_375;TalladegaNationalForest;Courtney Meier;cmeier@battelleecology.org;support-copernicus-gbov@acri-st.fr;NEON;135;Mixed Forest;32.9504585266113;-87.3932723999023;20190904T053600Z;2.0;TALL_046;2.87;0.12;4.53;0.16;0.634;0.034;2.66;0.12;4.06;0.17;0.66;0.04;0.72;0.04;0.94;0.06;0.77;0.06;0.63;0.06;0.81;0.08;0.78;0.11;0;0
GBOV_RM7_375;TalladegaNationalForest;Courtney Meier;cmeier@battelleecology.org;support-copernicus-gbov@acri-st.fr;NEON;135;Mixed Forest;32.9504585266113;-87.3932723999023;20190917T054300Z;2.0;TALL_046;2.85;0.12;4.47;0.16;0.638;0.035;2.58;0.12;3.91;0.16;0.66;0.04;0.51;0.04;0.67;0.05;0.76;0.09;0.47;0.07;0.58;0.08;0.81;0.16;0;0
GBOV_RM7_375;TalladegaNationalForest;Courtney Meier;cmeier@battelleecology.org;support-copernicus-gbov@acri-st.fr;NEON;135;Mixed Forest;32.9504585266113;-87.3932723999023;20191001T054600Z;2.0;TALL_046;2.71;0.11;4.17;0.14;0.651;0.035;2.47;0.12;3.87;0.15;0.64;0.04;0.45;0.04;0.57;0.05;0.80;0.09;0.45;0.06;0.54;0.07;0.83;0.15;0;0
GBOV_RM7_375;TalladegaNationalForest;Courtney Meier;cmeier@battelleecology.org;support-copernicus-gbov@acri-st.fr;NEON;135;Mixed Forest;32.9504585266113;-87.3932723999023;20191016T061000Z;2.0;TALL_046;2.54;0.09;3.52;0.12;0.721;0.035;2.64;0.11;3.73;0.14;0.71;0.04;0.55;0.05;0.71;0.06;0.77;0.10;0.36;0.06;0.45;0.08;0.79;0.20;0;0
GBOV_RM7_375;TalladegaNationalForest;Courtney Meier;cmeier@battelleecology.org;support-copernicus-gbov@acri-st.fr;NEON;135;Mixed Forest;32.9504585266113;-87.3932723999023;20191029T061000Z;2.0;TALL_046;2.39;0.09;3.47;0.12;0.69;0.04;2.28;0.10;3.27;0.13;0.70;0.04;0.46;0.04;0.57;0.05;0.81;0.10;0.40;0.06;0.46;0.07;0.87;0.19;0;0
