GBOV_ID;Site;GROUND_DATA_PI;GROUND_DATA_PIs_Email;GBOV_Email;Network;Elevation;IGBP_class;Lat_IS;Lon_IS;TIME_IS;Version;PLOT_ID;LAIe_Miller_up;LAIe_Miller_up_err;LAI_Miller_up;LAI_Miller_up_err;clumping_Miller_up;clumping_Miller_up_err;LAIe_Warren_up;LAIe_Warren_up_err;LAI_Warren_up;LAI_Warren_up_err;clumping_Warren_up;clumping_Warren_up_err;LAIe_Miller_down;LAIe_Miller_down_err;LAI_Miller_down;LAI_Miller_down_err;clumping_Miller_down;clumping_Miller_down_err;LAIe_Warren_down;LAIe_Warren_down_err;LAI_Warren_down;LAI_Warren_down_err;clumping_Warren_down;clumping_Warren_down_err;up_flag;down_flag
GBOV_RM7_553;CentralPlainsExperimentalRange;Courtney Meier;cmeier@battelleecology.org;support-copernicus-gbov@acri-st.fr;NEON;1648;Grasslands;40.81555;-104.74566;20140326T000000Z;2.0;CPER_062;-999;-999;-999;-999;-999;-999;-999;-999;-999;-999;-999;-999;0.0459;0.0014;0.0460;0.0014;1.00;0.04;0.0551;0.0026;0.0553;0.0027;1.00;0.07;-999;0
GBOV_RM7_553;CentralPlainsExperimentalRange;Courtney Meier;cmeier@battelleecology.org;support-copernicus-gbov@acri-st.fr;NEON;1648;Grasslands;40.81555;-104.74566;20140409T000000Z;2.0;CPER_062;-999;-999;-999;-999;-999;-999;-999;-999;-999;-999;-999;-999;0.0218;0.0009;0.0219;0.0010;1.00;0.06;0.0265;0.0016;0.0266;0.0016;1.00;0.09;-999;32
GBOV_RM7_553;CentralPlainsExperimentalRange;Courtney Meier;cmeier@battelleecology.org;support-copernicus-gbov@acri-st.fr;NEON;1648;Grasslands;40.81555;-104.74566;20140423T000000Z;2.0;CPER_062;-999;-999;-999;-999;-999;-999;-999;-999;-999;-999;-999;-999;0.0855;0.0027;0.0860;0.0028;0.99;0.05;0.098;0.004;0.099;0.004;0.99;0.06;-999;0
GBOV_RM7_553;CentralPlainsExperimentalRange;Courtney Meier;cmeier@battelleecology.org;support-copernicus-gbov@acri-st.fr;NEON;1648;Grasslands;40.81555;-104.74566;20140507T000000Z;2.0;CPER_062;-999;-999;-999;-999;-999;-999;-999;-999;-999;-999;-999;-999;0.126;0.004;0.128;0.004;0.99;0.05;0.133;0.006;0.134;0.006;0.99;0.07;-999;0
GBOV_RM7_553;CentralPlainsExperimentalRange;Courtney Meier;cmeier@battelleecology.org;support-copernicus-gbov@acri-st.fr;NEON;1648;Grasslands;40.81555;-104.74566;20140521T000000Z;2.0;CPER_062;-999;-999;-999;-999;-999;-999;-999;-999;-999;-999;-999;-999;0.530;0.013;0.543;0.014;0.975;0.035;0.581;0.020;0.595;0.020;0.98;0.05;-999;0
GBOV_RM7_553;CentralPlainsExperimentalRange;Courtney Meier;cmeier@battelleecology.org;support-copernicus-gbov@acri-st.fr;NEON;1648;Grasslands;40.81555;-104.74566;20140604T000000Z;2.0;CPER_062;-999;-999;-999;-999;-999;-999;-999;-999;-999;-999;-999;-999;0.701;0.022;0.732;0.023;0.96;0.04;0.79;0.04;0.83;0.04;0.96;0.06;-999;0
GBOV_RM7_553;CentralPlainsExperimentalRange;Courtney Meier;cmeier@battelleecology.org;support-copernicus-gbov@acri-st.fr;NEON;1648;Grasslands;40.81555;-104.74566;20140618T000000Z;2.0;CPER_062;-999;-999;-999;-999;-999;-999;-999;-999;-999;-999;-999;-999;0.090;0.007;0.094;0.007;0.96;0.10;0.076;0.008;0.078;0.009;0.97;0.15;-999;0
GBOV_RM7_553;CentralPlainsExperimentalRange;Courtney Meier;cmeier@battelleecology.org;support-copernicus-gbov@acri-st.fr;NEON;1648;Grasslands;40.81555;-104.74566;20140702T000000Z;2.0;CPER_062;-999;-999;-999;-999;-999;-999;-999;-999;-999;-999;-999;-999;0.230;0.013;0.238;0.014;0.96;0.08;0.201;0.018;0.207;0.019;0.97;0.12;-999;0
GBOV_RM7_553;CentralPlainsExperimentalRange;Courtney Meier;cmeier@battelleecology.org;support-copernicus-gbov@acri-st.fr;NEON;1648;Grasslands;40.81555;-104.74566;20140716T000000Z;2.0;CPER_062;-999;-999;-999;-999;-999;-999;-999;-999;-999;-999;-999;-999;0.292;0.012;0.301;0.013;0.97;0.06;0.247;0.015;0.254;0.016;0.97;0.08;-999;0
GBOV_RM7_553;CentralPlainsExperimentalRange;Courtney Meier;cmeier@battelleecology.org;support-copernicus-gbov@acri-st.fr;NEON;1648;Grasslands;40.81555;-104.74566;20140801T000000Z;2.0;CPER_062;-999;-999;-999;-999;-999;-999;-999;-999;-999;-999;-999;-999;0.241;0.009;0.245;0.009;0.98;0.05;0.216;0.011;0.218;0.011;0.99;0.07;-999;0
GBOV_RM7_553;CentralPlainsExperimentalRange;Courtney Meier;cmeier@battelleecology.org;support-copernicus-gbov@acri-st.fr;NEON;1648;Grasslands;40.81555;-104.74566;20140813T000000Z;2.0;CPER_062;-999;-999;-999;-999;-999;-999;-999;-999;-999;-999;-999;-999;0.129;0.004;0.130;0.004;0.99;0.04;0.113;0.005;0.115;0.005;0.99;0.06;-999;0
GBOV_RM7_553;CentralPlainsExperimentalRange;Courtney Meier;cmeier@battelleecology.org;support-copernicus-gbov@acri-st.fr;NEON;1648;Grasslands;40.81555;-104.74566;20140827T000000Z;2.0;CPER_062;-999;-999;-999;-999;-999;-999;-999;-999;-999;-999;-999;-999;0.0456;0.0018;0.0458;0.0018;0.99;0.06;0.0440;0.0028;0.0443;0.0029;0.99;0.09;-999;0
GBOV_RM7_553;CentralPlainsExperimentalRange;Courtney Meier;cmeier@battelleecology.org;support-copernicus-gbov@acri-st.fr;NEON;1648;Grasslands;40.81555;-104.74566;20140910T000000Z;2.0;CPER_062;-999;-999;-999;-999;-999;-999;-999;-999;-999;-999;-999;-999;0.0191;0.0010;0.0191;0.0010;1.00;0.07;0.0179;0.0020;0.0180;0.0020;1.00;0.16;-999;0
GBOV_RM7_553;CentralPlainsExperimentalRange;Courtney Meier;cmeier@battelleecology.org;support-copernicus-gbov@acri-st.fr;NEON;1648;Grasslands;40.81555;-104.74566;20140924T000000Z;2.0;CPER_062;-999;-999;-999;-999;-999;-999;-999;-999;-999;-999;-999;-999;0.0297;0.0011;0.0298;0.0011;1.00;0.05;0.0319;0.0018;0.0320;0.0018;1.00;0.08;-999;0
GBOV_RM7_553;CentralPlainsExperimentalRange;Courtney Meier;cmeier@battelleecology.org;support-copernicus-gbov@acri-st.fr;NEON;1648;Grasslands;40.81555;-104.74566;20141008T000000Z;2.0;CPER_062;-999;-999;-999;-999;-999;-999;-999;-999;-999;-999;-999;-999;0.0154;0.0008;0.0154;0.0008;1.00;0.07;0.0162;0.0015;0.0162;0.0015;1.00;0.13;-999;0
GBOV_RM7_553;CentralPlainsExperimentalRange;Courtney Meier;cmeier@battelleecology.org;support-copernicus-gbov@acri-st.fr;NEON;1648;Grasslands;40.81555;-104.74566;20141021T000000Z;2.0;CPER_062;-999;-999;-999;-999;-999;-999;-999;-999;-999;-999;-999;-999;0.0485;0.0013;0.0486;0.0013;1.00;0.04;0.0521;0.0020;0.0522;0.0020;1.00;0.05;-999;0
GBOV_RM7_553;CentralPlainsExperimentalRange;Courtney Meier;cmeier@battelleecology.org;support-copernicus-gbov@acri-st.fr;NEON;1648;Grasslands;40.81555;-104.74566;20141105T000000Z;2.0;CPER_062;-999;-999;-999;-999;-999;-999;-999;-999;-999;-999;-999;-999;0.0567;0.0016;0.0568;0.0016;1.00;0.04;0.0634;0.0026;0.0636;0.0026;1.00;0.06;-999;0
GBOV_RM7_553;CentralPlainsExperimentalRange;Courtney Meier;cmeier@battelleecology.org;support-copernicus-gbov@acri-st.fr;NEON;1648;Grasslands;40.81555;-104.74566;20141204T000000Z;2.0;CPER_062;-999;-999;-999;-999;-999;-999;-999;-999;-999;-999;-999;-999;0.0660;0.0017;0.0661;0.0017;1.00;0.04;0.0475;0.0019;0.0476;0.0019;1.00;0.06;-999;0
GBOV_RM7_553;CentralPlainsExperimentalRange;Courtney Meier;cmeier@battelleecology.org;support-copernicus-gbov@acri-st.fr;NEON;1648;Grasslands;40.81555;-104.74566;20150327T000000Z;2.0;CPER_062;-999;-999;-999;-999;-999;-999;-999;-999;-999;-999;-999;-999;0.0150;0.0007;0.0150;0.0007;1.00;0.06;0.0197;0.0015;0.0197;0.0015;1.00;0.11;-999;0
GBOV_RM7_553;CentralPlainsExperimentalRange;Courtney Meier;cmeier@battelleecology.org;support-copernicus-gbov@acri-st.fr;NEON;1648;Grasslands;40.81555;-104.74566;20150410T000000Z;2.0;CPER_062;-999;-999;-999;-999;-999;-999;-999;-999;-999;-999;-999;-999;0.0212;0.0006;0.0212;0.0006;1.00;0.04;0.0259;0.0015;0.0260;0.0015;1.00;0.08;-999;0
GBOV_RM7_553;CentralPlainsExperimentalRange;Courtney Meier;cmeier@battelleecology.org;support-copernicus-gbov@acri-st.fr;NEON;1648;Grasslands;40.81555;-104.74566;20150422T000000Z;2.0;CPER_062;-999;-999;-999;-999;-999;-999;-999;-999;-999;-999;-999;-999;0.0319;0.0010;0.0320;0.0010;1.00;0.04;0.0370;0.0018;0.0371;0.0019;1.00;0.07;-999;0
GBOV_RM7_553;CentralPlainsExperimentalRange;Courtney Meier;cmeier@battelleecology.org;support-copernicus-gbov@acri-st.fr;NEON;1648;Grasslands;40.81555;-104.74566;20150511T000000Z;2.0;CPER_062;-999;-999;-999;-999;-999;-999;-999;-999;-999;-999;-999;-999;0.154;0.005;0.156;0.005;0.99;0.04;0.139;0.005;0.140;0.006;0.99;0.06;-999;0
GBOV_RM7_553;CentralPlainsExperimentalRange;Courtney Meier;cmeier@battelleecology.org;support-copernicus-gbov@acri-st.fr;NEON;1648;Grasslands;40.81555;-104.74566;20150520T000000Z;2.0;CPER_062;-999;-999;-999;-999;-999;-999;-999;-999;-999;-999;-999;-999;0.173;0.006;0.176;0.006;0.98;0.05;0.151;0.008;0.154;0.008;0.99;0.07;-999;0
GBOV_RM7_553;CentralPlainsExperimentalRange;Courtney Meier;cmeier@battelleecology.org;support-copernicus-gbov@acri-st.fr;NEON;1648;Grasslands;40.81555;-104.74566;20150603T000000Z;2.0;CPER_062;-999;-999;-999;-999;-999;-999;-999;-999;-999;-999;-999;-999;0.402;0.014;0.418;0.015;0.96;0.05;0.413;0.026;0.432;0.029;0.96;0.09;-999;0
GBOV_RM7_553;CentralPlainsExperimentalRange;Courtney Meier;cmeier@battelleecology.org;support-copernicus-gbov@acri-st.fr;NEON;1648;Grasslands;40.81555;-104.74566;20150617T000000Z;2.0;CPER_062;-999;-999;-999;-999;-999;-999;-999;-999;-999;-999;-999;-999;0.896;0.028;0.951;0.030;0.94;0.04;0.88;0.04;0.94;0.04;0.94;0.06;-999;0
GBOV_RM7_553;CentralPlainsExperimentalRange;Courtney Meier;cmeier@battelleecology.org;support-copernicus-gbov@acri-st.fr;NEON;1648;Grasslands;40.81555;-104.74566;20150701T000000Z;2.0;CPER_062;-999;-999;-999;-999;-999;-999;-999;-999;-999;-999;-999;-999;0.561;0.018;0.581;0.019;0.97;0.04;0.496;0.028;0.521;0.029;0.95;0.08;-999;0
GBOV_RM7_553;CentralPlainsExperimentalRange;Courtney Meier;cmeier@battelleecology.org;support-copernicus-gbov@acri-st.fr;NEON;1648;Grasslands;40.81555;-104.74566;20150716T000000Z;2.0;CPER_062;-999;-999;-999;-999;-999;-999;-999;-999;-999;-999;-999;-999;0.154;0.006;0.156;0.006;0.99;0.05;0.125;0.007;0.127;0.007;0.99;0.08;-999;0
GBOV_RM7_553;CentralPlainsExperimentalRange;Courtney Meier;cmeier@battelleecology.org;support-copernicus-gbov@acri-st.fr;NEON;1648;Grasslands;40.81555;-104.74566;20150729T000000Z;2.0;CPER_062;-999;-999;-999;-999;-999;-999;-999;-999;-999;-999;-999;-999;0.0202;0.0011;0.0204;0.0011;0.99;0.08;0.0137;0.0014;0.0138;0.0014;0.99;0.14;-999;0
GBOV_RM7_553;CentralPlainsExperimentalRange;Courtney Meier;cmeier@battelleecology.org;support-copernicus-gbov@acri-st.fr;NEON;1648;Grasslands;40.81555;-104.74566;20150813T000000Z;2.0;CPER_062;-999;-999;-999;-999;-999;-999;-999;-999;-999;-999;-999;-999;0.0229;0.0009;0.0230;0.0009;1.00;0.05;0.0210;0.0013;0.0211;0.0014;1.00;0.09;-999;0
GBOV_RM7_553;CentralPlainsExperimentalRange;Courtney Meier;cmeier@battelleecology.org;support-copernicus-gbov@acri-st.fr;NEON;1648;Grasslands;40.81555;-104.74566;20150826T000000Z;2.0;CPER_062;-999;-999;-999;-999;-999;-999;-999;-999;-999;-999;-999;-999;0.0108;0.0005;0.0108;0.0005;1.00;0.06;0.0122;0.0007;0.0122;0.0007;1.00;0.08;-999;0
GBOV_RM7_553;CentralPlainsExperimentalRange;Courtney Meier;cmeier@battelleecology.org;support-copernicus-gbov@acri-st.fr;NEON;1648;Grasslands;40.81555;-104.74566;20150909T000000Z;2.0;CPER_062;-999;-999;-999;-999;-999;-999;-999;-999;-999;-999;-999;-999;0.0165;0.0006;0.0165;0.0006;1.00;0.05;0.0151;0.0009;0.0151;0.0009;1.00;0.09;-999;0
GBOV_RM7_553;CentralPlainsExperimentalRange;Courtney Meier;cmeier@battelleecology.org;support-copernicus-gbov@acri-st.fr;NEON;1648;Grasslands;40.81555;-104.74566;20151007T000000Z;2.0;CPER_062;-999;-999;-999;-999;-999;-999;-999;-999;-999;-999;-999;-999;0.0874;0.0024;0.0877;0.0024;1.00;0.04;0.0726;0.0029;0.0729;0.0029;1.00;0.06;-999;0
GBOV_RM7_553;CentralPlainsExperimentalRange;Courtney Meier;cmeier@battelleecology.org;support-copernicus-gbov@acri-st.fr;NEON;1648;Grasslands;40.81555;-104.74566;20151020T000000Z;2.0;CPER_062;-999;-999;-999;-999;-999;-999;-999;-999;-999;-999;-999;-999;0.0282;0.0009;0.0282;0.0009;1.00;0.04;0.0200;0.0010;0.0200;0.0011;1.00;0.07;-999;0
GBOV_RM7_553;CentralPlainsExperimentalRange;Courtney Meier;cmeier@battelleecology.org;support-copernicus-gbov@acri-st.fr;NEON;1648;Grasslands;40.81555;-104.74566;20160406T000000Z;2.0;CPER_062;-999;-999;-999;-999;-999;-999;-999;-999;-999;-999;-999;-999;0.0642;0.0018;0.0644;0.0018;1.00;0.04;0.0556;0.0027;0.0559;0.0027;1.00;0.07;-999;0
GBOV_RM7_553;CentralPlainsExperimentalRange;Courtney Meier;cmeier@battelleecology.org;support-copernicus-gbov@acri-st.fr;NEON;1648;Grasslands;40.81555;-104.74566;20160420T000000Z;2.0;CPER_062;-999;-999;-999;-999;-999;-999;-999;-999;-999;-999;-999;-999;0.0898;0.0025;0.0901;0.0026;1.00;0.04;0.0735;0.0035;0.074;0.004;0.99;0.07;-999;0
GBOV_RM7_553;CentralPlainsExperimentalRange;Courtney Meier;cmeier@battelleecology.org;support-copernicus-gbov@acri-st.fr;NEON;1648;Grasslands;40.81555;-104.74566;20160504T000000Z;2.0;CPER_062;-999;-999;-999;-999;-999;-999;-999;-999;-999;-999;-999;-999;0.0987;0.0032;0.0998;0.0033;0.99;0.05;0.088;0.004;0.089;0.004;0.99;0.06;-999;0
GBOV_RM7_553;CentralPlainsExperimentalRange;Courtney Meier;cmeier@battelleecology.org;support-copernicus-gbov@acri-st.fr;NEON;1648;Grasslands;40.81555;-104.74566;20160518T000000Z;2.0;CPER_062;-999;-999;-999;-999;-999;-999;-999;-999;-999;-999;-999;-999;0.269;0.008;0.272;0.008;0.99;0.04;0.266;0.010;0.270;0.011;0.99;0.05;-999;0
GBOV_RM7_553;CentralPlainsExperimentalRange;Courtney Meier;cmeier@battelleecology.org;support-copernicus-gbov@acri-st.fr;NEON;1648;Grasslands;40.81555;-104.74566;20160601T000000Z;2.0;CPER_062;-999;-999;-999;-999;-999;-999;-999;-999;-999;-999;-999;-999;0.553;0.015;0.565;0.015;0.98;0.04;0.564;0.020;0.579;0.020;0.98;0.05;-999;32
GBOV_RM7_553;CentralPlainsExperimentalRange;Courtney Meier;cmeier@battelleecology.org;support-copernicus-gbov@acri-st.fr;NEON;1648;Grasslands;40.81555;-104.74566;20160615T000000Z;2.0;CPER_062;-999;-999;-999;-999;-999;-999;-999;-999;-999;-999;-999;-999;0.046;0.004;0.046;0.004;0.98;0.12;0.034;0.008;0.035;0.008;0.97;0.32;-999;0
GBOV_RM7_553;CentralPlainsExperimentalRange;Courtney Meier;cmeier@battelleecology.org;support-copernicus-gbov@acri-st.fr;NEON;1648;Grasslands;40.81555;-104.74566;20160629T000000Z;2.0;CPER_062;-999;-999;-999;-999;-999;-999;-999;-999;-999;-999;-999;-999;0.0064;0.0004;0.0064;0.0004;1.00;0.08;0.0036;0.0007;0.0036;0.0007;0.99;0.26;-999;0
GBOV_RM7_553;CentralPlainsExperimentalRange;Courtney Meier;cmeier@battelleecology.org;support-copernicus-gbov@acri-st.fr;NEON;1648;Grasslands;40.81555;-104.74566;20160713T000000Z;2.0;CPER_062;-999;-999;-999;-999;-999;-999;-999;-999;-999;-999;-999;-999;0.0170;0.0006;0.0170;0.0006;1.00;0.05;0.0185;0.0011;0.0185;0.0011;1.00;0.08;-999;0
GBOV_RM7_553;CentralPlainsExperimentalRange;Courtney Meier;cmeier@battelleecology.org;support-copernicus-gbov@acri-st.fr;NEON;1648;Grasslands;40.81555;-104.74566;20160728T000000Z;2.0;CPER_062;-999;-999;-999;-999;-999;-999;-999;-999;-999;-999;-999;-999;0.0395;0.0030;0.0397;0.0030;0.99;0.11;0.026;0.004;0.027;0.004;0.99;0.19;-999;0
GBOV_RM7_553;CentralPlainsExperimentalRange;Courtney Meier;cmeier@battelleecology.org;support-copernicus-gbov@acri-st.fr;NEON;1648;Grasslands;40.81555;-104.74566;20160824T000000Z;2.0;CPER_062;-999;-999;-999;-999;-999;-999;-999;-999;-999;-999;-999;-999;0.0177;0.0007;0.0177;0.0007;1.00;0.05;0.0170;0.0017;0.0172;0.0018;0.99;0.14;-999;0
GBOV_RM7_553;CentralPlainsExperimentalRange;Courtney Meier;cmeier@battelleecology.org;support-copernicus-gbov@acri-st.fr;NEON;1648;Grasslands;40.81555;-104.74566;20160908T000000Z;2.0;CPER_062;-999;-999;-999;-999;-999;-999;-999;-999;-999;-999;-999;-999;0.0426;0.0013;0.0428;0.0013;0.99;0.04;0.0324;0.0019;0.0327;0.0019;0.99;0.08;-999;0
GBOV_RM7_553;CentralPlainsExperimentalRange;Courtney Meier;cmeier@battelleecology.org;support-copernicus-gbov@acri-st.fr;NEON;1648;Grasslands;40.81555;-104.74566;20160921T000000Z;2.0;CPER_062;-999;-999;-999;-999;-999;-999;-999;-999;-999;-999;-999;-999;0.00648;0.00030;0.00649;0.00030;1.00;0.07;0.0074;0.0006;0.0074;0.0006;1.00;0.12;-999;0
GBOV_RM7_553;CentralPlainsExperimentalRange;Courtney Meier;cmeier@battelleecology.org;support-copernicus-gbov@acri-st.fr;NEON;1648;Grasslands;40.81555;-104.74566;20161005T000000Z;2.0;CPER_062;-999;-999;-999;-999;-999;-999;-999;-999;-999;-999;-999;-999;0.0229;0.0007;0.0230;0.0007;1.00;0.04;0.0275;0.0016;0.0276;0.0016;1.00;0.08;-999;0
GBOV_RM7_553;CentralPlainsExperimentalRange;Courtney Meier;cmeier@battelleecology.org;support-copernicus-gbov@acri-st.fr;NEON;1648;Grasslands;40.81555;-104.74566;20161021T000000Z;2.0;CPER_062;-999;-999;-999;-999;-999;-999;-999;-999;-999;-999;-999;-999;0.0152;0.0005;0.0152;0.0005;1.00;0.05;0.0184;0.0011;0.0184;0.0011;1.00;0.09;-999;0
GBOV_RM7_553;CentralPlainsExperimentalRange;Courtney Meier;cmeier@battelleecology.org;support-copernicus-gbov@acri-st.fr;NEON;1648;Grasslands;40.81555;-104.74566;20161102T000000Z;2.0;CPER_062;-999;-999;-999;-999;-999;-999;-999;-999;-999;-999;-999;-999;0.0177;0.0006;0.0177;0.0006;1.00;0.05;0.0207;0.0015;0.0207;0.0015;1.00;0.10;-999;0
GBOV_RM7_553;CentralPlainsExperimentalRange;Courtney Meier;cmeier@battelleecology.org;support-copernicus-gbov@acri-st.fr;NEON;1648;Grasslands;40.81555;-104.74566;20170412T000000Z;2.0;CPER_062;-999;-999;-999;-999;-999;-999;-999;-999;-999;-999;-999;-999;0.0312;0.0013;0.0313;0.0013;1.00;0.06;0.0355;0.0021;0.0356;0.0021;1.00;0.08;-999;0
GBOV_RM7_553;CentralPlainsExperimentalRange;Courtney Meier;cmeier@battelleecology.org;support-copernicus-gbov@acri-st.fr;NEON;1648;Grasslands;40.81555;-104.74566;20170426T000000Z;2.0;CPER_062;-999;-999;-999;-999;-999;-999;-999;-999;-999;-999;-999;-999;0.0177;0.0007;0.0178;0.0007;1.00;0.06;0.0190;0.0014;0.0191;0.0015;0.99;0.11;-999;0
GBOV_RM7_553;CentralPlainsExperimentalRange;Courtney Meier;cmeier@battelleecology.org;support-copernicus-gbov@acri-st.fr;NEON;1648;Grasslands;40.81555;-104.74566;20170510T000000Z;2.0;CPER_062;-999;-999;-999;-999;-999;-999;-999;-999;-999;-999;-999;-999;0.0512;0.0024;0.0521;0.0025;0.98;0.07;0.0461;0.0031;0.0465;0.0032;0.99;0.10;-999;0
GBOV_RM7_553;CentralPlainsExperimentalRange;Courtney Meier;cmeier@battelleecology.org;support-copernicus-gbov@acri-st.fr;NEON;1648;Grasslands;40.81555;-104.74566;20170525T000000Z;2.0;CPER_062;-999;-999;-999;-999;-999;-999;-999;-999;-999;-999;-999;-999;0.116;0.005;0.119;0.005;0.97;0.06;0.109;0.007;0.112;0.008;0.97;0.09;-999;0
GBOV_RM7_553;CentralPlainsExperimentalRange;Courtney Meier;cmeier@battelleecology.org;support-copernicus-gbov@acri-st.fr;NEON;1648;Grasslands;40.81555;-104.74566;20170607T000000Z;2.0;CPER_062;-999;-999;-999;-999;-999;-999;-999;-999;-999;-999;-999;-999;0.0618;0.0032;0.0640;0.0035;0.97;0.07;0.067;0.006;0.069;0.007;0.97;0.13;-999;0
GBOV_RM7_553;CentralPlainsExperimentalRange;Courtney Meier;cmeier@battelleecology.org;support-copernicus-gbov@acri-st.fr;NEON;1648;Grasslands;40.81555;-104.74566;20170621T000000Z;2.0;CPER_062;-999;-999;-999;-999;-999;-999;-999;-999;-999;-999;-999;-999;0.176;0.007;0.182;0.008;0.96;0.06;0.194;0.013;0.200;0.014;0.97;0.09;-999;0
GBOV_RM7_553;CentralPlainsExperimentalRange;Courtney Meier;cmeier@battelleecology.org;support-copernicus-gbov@acri-st.fr;NEON;1648;Grasslands;40.81555;-104.74566;20170705T000000Z;2.0;CPER_062;-999;-999;-999;-999;-999;-999;-999;-999;-999;-999;-999;-999;0.165;0.006;0.169;0.007;0.98;0.05;0.178;0.013;0.184;0.014;0.97;0.10;-999;0
GBOV_RM7_553;CentralPlainsExperimentalRange;Courtney Meier;cmeier@battelleecology.org;support-copernicus-gbov@acri-st.fr;NEON;1648;Grasslands;40.81555;-104.74566;20170719T000000Z;2.0;CPER_062;-999;-999;-999;-999;-999;-999;-999;-999;-999;-999;-999;-999;0.119;0.005;0.121;0.006;0.98;0.06;0.133;0.009;0.136;0.009;0.98;0.09;-999;0
GBOV_RM7_553;CentralPlainsExperimentalRange;Courtney Meier;cmeier@battelleecology.org;support-copernicus-gbov@acri-st.fr;NEON;1648;Grasslands;40.81555;-104.74566;20170802T000000Z;2.0;CPER_062;-999;-999;-999;-999;-999;-999;-999;-999;-999;-999;-999;-999;0.124;0.004;0.126;0.005;0.98;0.05;0.137;0.006;0.139;0.006;0.99;0.06;-999;0
GBOV_RM7_553;CentralPlainsExperimentalRange;Courtney Meier;cmeier@battelleecology.org;support-copernicus-gbov@acri-st.fr;NEON;1648;Grasslands;40.81555;-104.74566;20170816T000000Z;2.0;CPER_062;-999;-999;-999;-999;-999;-999;-999;-999;-999;-999;-999;-999;0.175;0.006;0.177;0.006;0.99;0.05;0.183;0.009;0.186;0.009;0.99;0.07;-999;0
GBOV_RM7_553;CentralPlainsExperimentalRange;Courtney Meier;cmeier@battelleecology.org;support-copernicus-gbov@acri-st.fr;NEON;1648;Grasslands;40.81555;-104.74566;20170830T000000Z;2.0;CPER_062;-999;-999;-999;-999;-999;-999;-999;-999;-999;-999;-999;-999;0.0526;0.0022;0.0529;0.0022;0.99;0.06;0.058;0.004;0.059;0.005;0.99;0.11;-999;0
GBOV_RM7_553;CentralPlainsExperimentalRange;Courtney Meier;cmeier@battelleecology.org;support-copernicus-gbov@acri-st.fr;NEON;1648;Grasslands;40.81555;-104.74566;20170913T000000Z;2.0;CPER_062;-999;-999;-999;-999;-999;-999;-999;-999;-999;-999;-999;-999;0.0508;0.0019;0.0510;0.0019;1.00;0.05;0.0520;0.0035;0.052;0.004;0.99;0.10;-999;0
GBOV_RM7_553;CentralPlainsExperimentalRange;Courtney Meier;cmeier@battelleecology.org;support-copernicus-gbov@acri-st.fr;NEON;1648;Grasslands;40.81555;-104.74566;20170927T000000Z;2.0;CPER_062;-999;-999;-999;-999;-999;-999;-999;-999;-999;-999;-999;-999;0.0308;0.0013;0.0309;0.0013;1.00;0.06;0.0241;0.0016;0.0242;0.0016;1.00;0.10;-999;0
GBOV_RM7_553;CentralPlainsExperimentalRange;Courtney Meier;cmeier@battelleecology.org;support-copernicus-gbov@acri-st.fr;NEON;1648;Grasslands;40.81555;-104.74566;20171011T000000Z;2.0;CPER_062;-999;-999;-999;-999;-999;-999;-999;-999;-999;-999;-999;-999;0.0774;0.0024;0.0777;0.0024;1.00;0.04;0.089;0.004;0.090;0.004;1.00;0.06;-999;0
GBOV_RM7_553;CentralPlainsExperimentalRange;Courtney Meier;cmeier@battelleecology.org;support-copernicus-gbov@acri-st.fr;NEON;1648;Grasslands;40.81555;-104.74566;20171025T000000Z;2.0;CPER_062;-999;-999;-999;-999;-999;-999;-999;-999;-999;-999;-999;-999;0.0618;0.0019;0.0620;0.0019;1.00;0.04;0.076;0.004;0.077;0.004;1.00;0.07;-999;0
GBOV_RM7_553;CentralPlainsExperimentalRange;Courtney Meier;cmeier@battelleecology.org;support-copernicus-gbov@acri-st.fr;NEON;1648;Grasslands;40.81555;-104.74566;20180328T000000Z;2.0;CPER_062;-999;-999;-999;-999;-999;-999;-999;-999;-999;-999;-999;-999;0.0205;0.0012;0.0206;0.0012;1.00;0.08;0.0269;0.0026;0.0270;0.0026;1.00;0.14;-999;0
GBOV_RM7_553;CentralPlainsExperimentalRange;Courtney Meier;cmeier@battelleecology.org;support-copernicus-gbov@acri-st.fr;NEON;1648;Grasslands;40.81555;-104.74566;20180411T000000Z;2.0;CPER_062;-999;-999;-999;-999;-999;-999;-999;-999;-999;-999;-999;-999;0.0457;0.0014;0.0458;0.0014;1.00;0.04;0.0540;0.0027;0.0542;0.0027;1.00;0.07;-999;0
GBOV_RM7_553;CentralPlainsExperimentalRange;Courtney Meier;cmeier@battelleecology.org;support-copernicus-gbov@acri-st.fr;NEON;1648;Grasslands;40.81555;-104.74566;20180425T000000Z;2.0;CPER_062;-999;-999;-999;-999;-999;-999;-999;-999;-999;-999;-999;-999;0.0680;0.0017;0.0683;0.0018;1.00;0.04;0.0773;0.0030;0.0776;0.0030;1.00;0.05;-999;0
GBOV_RM7_553;CentralPlainsExperimentalRange;Courtney Meier;cmeier@battelleecology.org;support-copernicus-gbov@acri-st.fr;NEON;1648;Grasslands;40.81555;-104.74566;20180508T000000Z;2.0;CPER_062;-999;-999;-999;-999;-999;-999;-999;-999;-999;-999;-999;-999;0.0694;0.0024;0.0700;0.0024;0.99;0.05;0.0530;0.0027;0.0533;0.0028;0.99;0.07;-999;0
GBOV_RM7_553;CentralPlainsExperimentalRange;Courtney Meier;cmeier@battelleecology.org;support-copernicus-gbov@acri-st.fr;NEON;1648;Grasslands;40.81555;-104.74566;20180523T000000Z;2.0;CPER_062;-999;-999;-999;-999;-999;-999;-999;-999;-999;-999;-999;-999;0.531;0.015;0.547;0.016;0.97;0.04;0.500;0.021;0.515;0.021;0.97;0.06;-999;0
GBOV_RM7_553;CentralPlainsExperimentalRange;Courtney Meier;cmeier@battelleecology.org;support-copernicus-gbov@acri-st.fr;NEON;1648;Grasslands;40.81555;-104.74566;20180606T000000Z;2.0;CPER_062;-999;-999;-999;-999;-999;-999;-999;-999;-999;-999;-999;-999;0.387;0.011;0.395;0.011;0.98;0.04;0.402;0.016;0.413;0.017;0.97;0.06;-999;0
GBOV_RM7_553;CentralPlainsExperimentalRange;Courtney Meier;cmeier@battelleecology.org;support-copernicus-gbov@acri-st.fr;NEON;1648;Grasslands;40.81555;-104.74566;20180621T000000Z;2.0;CPER_062;-999;-999;-999;-999;-999;-999;-999;-999;-999;-999;-999;-999;0.102;0.004;0.104;0.004;0.99;0.05;0.104;0.006;0.105;0.006;0.99;0.08;-999;0
GBOV_RM7_553;CentralPlainsExperimentalRange;Courtney Meier;cmeier@battelleecology.org;support-copernicus-gbov@acri-st.fr;NEON;1648;Grasslands;40.81555;-104.74566;20180703T000000Z;2.0;CPER_062;-999;-999;-999;-999;-999;-999;-999;-999;-999;-999;-999;-999;0.0407;0.0013;0.0409;0.0013;1.00;0.05;0.0473;0.0030;0.0477;0.0031;0.99;0.09;-999;0
GBOV_RM7_553;CentralPlainsExperimentalRange;Courtney Meier;cmeier@battelleecology.org;support-copernicus-gbov@acri-st.fr;NEON;1648;Grasslands;40.81555;-104.74566;20180718T000000Z;2.0;CPER_062;-999;-999;-999;-999;-999;-999;-999;-999;-999;-999;-999;-999;0.0254;0.0009;0.0255;0.0009;1.00;0.05;0.0318;0.0021;0.0320;0.0022;0.99;0.09;-999;0
GBOV_RM7_553;CentralPlainsExperimentalRange;Courtney Meier;cmeier@battelleecology.org;support-copernicus-gbov@acri-st.fr;NEON;1648;Grasslands;40.81555;-104.74566;20180801T000000Z;2.0;CPER_062;-999;-999;-999;-999;-999;-999;-999;-999;-999;-999;-999;-999;0.0181;0.0007;0.0182;0.0007;1.00;0.05;0.0256;0.0016;0.0258;0.0016;0.99;0.09;-999;0
GBOV_RM7_553;CentralPlainsExperimentalRange;Courtney Meier;cmeier@battelleecology.org;support-copernicus-gbov@acri-st.fr;NEON;1648;Grasslands;40.81555;-104.74566;20180815T000000Z;2.0;CPER_062;-999;-999;-999;-999;-999;-999;-999;-999;-999;-999;-999;-999;0.0128;0.0005;0.0129;0.0005;1.00;0.06;0.0173;0.0013;0.0173;0.0013;1.00;0.11;-999;0
GBOV_RM7_553;CentralPlainsExperimentalRange;Courtney Meier;cmeier@battelleecology.org;support-copernicus-gbov@acri-st.fr;NEON;1648;Grasslands;40.81555;-104.74566;20180829T000000Z;2.0;CPER_062;-999;-999;-999;-999;-999;-999;-999;-999;-999;-999;-999;-999;0.0290;0.0010;0.0291;0.0010;1.00;0.05;0.0366;0.0018;0.0368;0.0018;1.00;0.07;-999;0
GBOV_RM7_553;CentralPlainsExperimentalRange;Courtney Meier;cmeier@battelleecology.org;support-copernicus-gbov@acri-st.fr;NEON;1648;Grasslands;40.81555;-104.74566;20180912T000000Z;2.0;CPER_062;-999;-999;-999;-999;-999;-999;-999;-999;-999;-999;-999;-999;0.0438;0.0013;0.0439;0.0013;1.00;0.04;0.0568;0.0025;0.0570;0.0025;1.00;0.06;-999;0
GBOV_RM7_553;CentralPlainsExperimentalRange;Courtney Meier;cmeier@battelleecology.org;support-copernicus-gbov@acri-st.fr;NEON;1648;Grasslands;40.81555;-104.74566;20180926T000000Z;2.0;CPER_062;-999;-999;-999;-999;-999;-999;-999;-999;-999;-999;-999;-999;0.0044;0.0004;0.0044;0.0004;1.00;0.13;0.0030;0.0004;0.0030;0.0004;1.00;0.18;-999;0
GBOV_RM7_553;CentralPlainsExperimentalRange;Courtney Meier;cmeier@battelleecology.org;support-copernicus-gbov@acri-st.fr;NEON;1648;Grasslands;40.81555;-104.74566;20181010T000000Z;2.0;CPER_062;-999;-999;-999;-999;-999;-999;-999;-999;-999;-999;-999;-999;0.0060;0.0004;0.0060;0.0004;1.00;0.09;0.0072;0.0008;0.0073;0.0008;1.00;0.15;-999;0
GBOV_RM7_553;CentralPlainsExperimentalRange;Courtney Meier;cmeier@battelleecology.org;support-copernicus-gbov@acri-st.fr;NEON;1648;Grasslands;40.81555;-104.74566;20181024T000000Z;2.0;CPER_062;-999;-999;-999;-999;-999;-999;-999;-999;-999;-999;-999;-999;0.0092;0.0006;0.0093;0.0006;1.00;0.09;0.0129;0.0012;0.0130;0.0012;1.00;0.13;-999;0
GBOV_RM7_553;CentralPlainsExperimentalRange;Courtney Meier;cmeier@battelleecology.org;support-copernicus-gbov@acri-st.fr;NEON;1648;Grasslands;40.81555;-104.74566;20190326T135100Z;2.0;CPER_062;-999;-999;-999;-999;-999;-999;-999;-999;-999;-999;-999;-999;0.0325;0.0010;0.0326;0.0010;1.00;0.04;0.0423;0.0019;0.0425;0.0019;1.00;0.06;-999;0
GBOV_RM7_553;CentralPlainsExperimentalRange;Courtney Meier;cmeier@battelleecology.org;support-copernicus-gbov@acri-st.fr;NEON;1648;Grasslands;40.81555;-104.74566;20190409T101100Z;2.0;CPER_062;-999;-999;-999;-999;-999;-999;-999;-999;-999;-999;-999;-999;0.0245;0.0007;0.0245;0.0007;1.00;0.04;0.0325;0.0015;0.0326;0.0015;1.00;0.06;-999;0
GBOV_RM7_553;CentralPlainsExperimentalRange;Courtney Meier;cmeier@battelleecology.org;support-copernicus-gbov@acri-st.fr;NEON;1648;Grasslands;40.81555;-104.74566;20190424T100100Z;2.0;CPER_062;-999;-999;-999;-999;-999;-999;-999;-999;-999;-999;-999;-999;0.0160;0.0008;0.0160;0.0008;1.00;0.07;0.0210;0.0020;0.0211;0.0020;1.00;0.14;-999;0
GBOV_RM7_553;CentralPlainsExperimentalRange;Courtney Meier;cmeier@battelleecology.org;support-copernicus-gbov@acri-st.fr;NEON;1648;Grasslands;40.81555;-104.74566;20190510T091100Z;2.0;CPER_062;-999;-999;-999;-999;-999;-999;-999;-999;-999;-999;-999;-999;0.0666;0.0022;0.0671;0.0022;0.99;0.05;0.0746;0.0027;0.0750;0.0027;0.99;0.05;-999;0
GBOV_RM7_553;CentralPlainsExperimentalRange;Courtney Meier;cmeier@battelleecology.org;support-copernicus-gbov@acri-st.fr;NEON;1648;Grasslands;40.81555;-104.74566;20190522T092400Z;2.0;CPER_062;-999;-999;-999;-999;-999;-999;-999;-999;-999;-999;-999;-999;0.122;0.005;0.124;0.005;0.99;0.05;0.117;0.007;0.118;0.007;0.99;0.08;-999;0
GBOV_RM7_553;CentralPlainsExperimentalRange;Courtney Meier;cmeier@battelleecology.org;support-copernicus-gbov@acri-st.fr;NEON;1648;Grasslands;40.81555;-104.74566;20190605T105000Z;2.0;CPER_062;-999;-999;-999;-999;-999;-999;-999;-999;-999;-999;-999;-999;0.281;0.009;0.289;0.009;0.97;0.04;0.269;0.012;0.273;0.013;0.98;0.06;-999;0
GBOV_RM7_553;CentralPlainsExperimentalRange;Courtney Meier;cmeier@battelleecology.org;support-copernicus-gbov@acri-st.fr;NEON;1648;Grasslands;40.81555;-104.74566;20190619T112200Z;2.0;CPER_062;-999;-999;-999;-999;-999;-999;-999;-999;-999;-999;-999;-999;0.505;0.019;0.528;0.020;0.96;0.05;0.482;0.030;0.506;0.033;0.95;0.09;-999;0
GBOV_RM7_553;CentralPlainsExperimentalRange;Courtney Meier;cmeier@battelleecology.org;support-copernicus-gbov@acri-st.fr;NEON;1648;Grasslands;40.81555;-104.74566;20190703T160400Z;2.0;CPER_062;-999;-999;-999;-999;-999;-999;-999;-999;-999;-999;-999;-999;0.643;0.019;0.664;0.020;0.97;0.04;0.619;0.025;0.636;0.025;0.97;0.06;-999;0
GBOV_RM7_553;CentralPlainsExperimentalRange;Courtney Meier;cmeier@battelleecology.org;support-copernicus-gbov@acri-st.fr;NEON;1648;Grasslands;40.81555;-104.74566;20190717T120700Z;2.0;CPER_062;-999;-999;-999;-999;-999;-999;-999;-999;-999;-999;-999;-999;0.175;0.008;0.178;0.008;0.98;0.06;0.181;0.013;0.184;0.013;0.98;0.10;-999;0
GBOV_RM7_553;CentralPlainsExperimentalRange;Courtney Meier;cmeier@battelleecology.org;support-copernicus-gbov@acri-st.fr;NEON;1648;Grasslands;40.81555;-104.74566;20190801T152500Z;2.0;CPER_062;-999;-999;-999;-999;-999;-999;-999;-999;-999;-999;-999;-999;0.0118;0.0007;0.0119;0.0007;1.00;0.09;0.0150;0.0018;0.0151;0.0019;0.99;0.17;-999;0
GBOV_RM7_553;CentralPlainsExperimentalRange;Courtney Meier;cmeier@battelleecology.org;support-copernicus-gbov@acri-st.fr;NEON;1648;Grasslands;40.81555;-104.74566;20190814T145400Z;2.0;CPER_062;-999;-999;-999;-999;-999;-999;-999;-999;-999;-999;-999;-999;0.0084;0.0007;0.0085;0.0008;1.00;0.13;0.0110;0.0011;0.0111;0.0011;1.00;0.14;-999;0
GBOV_RM7_553;CentralPlainsExperimentalRange;Courtney Meier;cmeier@battelleecology.org;support-copernicus-gbov@acri-st.fr;NEON;1648;Grasslands;40.81555;-104.74566;20190828T155100Z;2.0;CPER_062;-999;-999;-999;-999;-999;-999;-999;-999;-999;-999;-999;-999;0.0228;0.0010;0.0229;0.0010;1.00;0.06;0.0292;0.0020;0.0293;0.0020;1.00;0.10;-999;0
GBOV_RM7_553;CentralPlainsExperimentalRange;Courtney Meier;cmeier@battelleecology.org;support-copernicus-gbov@acri-st.fr;NEON;1648;Grasslands;40.81555;-104.74566;20190911T141200Z;2.0;CPER_062;-999;-999;-999;-999;-999;-999;-999;-999;-999;-999;-999;-999;0.0223;0.0008;0.0223;0.0008;1.00;0.05;0.0287;0.0019;0.0288;0.0019;1.00;0.09;-999;0
GBOV_RM7_553;CentralPlainsExperimentalRange;Courtney Meier;cmeier@battelleecology.org;support-copernicus-gbov@acri-st.fr;NEON;1648;Grasslands;40.81555;-104.74566;20190926T134700Z;2.0;CPER_062;-999;-999;-999;-999;-999;-999;-999;-999;-999;-999;-999;-999;0.0222;0.0009;0.0222;0.0009;1.00;0.06;0.0273;0.0016;0.0274;0.0016;1.00;0.08;-999;0
GBOV_RM7_553;CentralPlainsExperimentalRange;Courtney Meier;cmeier@battelleecology.org;support-copernicus-gbov@acri-st.fr;NEON;1648;Grasslands;40.81555;-104.74566;20191009T131700Z;2.0;CPER_062;-999;-999;-999;-999;-999;-999;-999;-999;-999;-999;-999;-999;0.0236;0.0009;0.0236;0.0009;1.00;0.05;0.0279;0.0018;0.0280;0.0018;1.00;0.09;-999;0
GBOV_RM7_553;CentralPlainsExperimentalRange;Courtney Meier;cmeier@battelleecology.org;support-copernicus-gbov@acri-st.fr;NEON;1648;Grasslands;40.81555;-104.74566;20191022T113100Z;2.0;CPER_062;-999;-999;-999;-999;-999;-999;-999;-999;-999;-999;-999;-999;0.0309;0.0012;0.0309;0.0012;1.00;0.06;0.0405;0.0029;0.0407;0.0029;1.00;0.10;-999;0
