GBOV_ID;Site;GROUND_DATA_PI;GROUND_DATA_PIs_Email;GBOV_Email;Network;Elevation;IGBP_class;Lat_IS;Lon_IS;TIME_IS;Version;PLOT_ID;LAIe_Miller_up;LAIe_Miller_up_err;LAI_Miller_up;LAI_Miller_up_err;clumping_Miller_up;clumping_Miller_up_err;LAIe_Warren_up;LAIe_Warren_up_err;LAI_Warren_up;LAI_Warren_up_err;clumping_Warren_up;clumping_Warren_up_err;LAIe_Miller_down;LAIe_Miller_down_err;LAI_Miller_down;LAI_Miller_down_err;clumping_Miller_down;clumping_Miller_down_err;LAIe_Warren_down;LAIe_Warren_down_err;LAI_Warren_down;LAI_Warren_down_err;clumping_Warren_down;clumping_Warren_down_err;up_flag;down_flag
GBOV_RM7_1455;DeadLake;Courtney Meier;cmeier@battelleecology.org;support-copernicus-gbov@acri-st.fr;NEON;22;Evergreen Broadleaf;32.54172;-87.80389;20170512T051800Z;2.0;DELA_051;3.52;0.10;4.85;0.13;0.726;0.028;3.04;0.13;4.13;0.17;0.74;0.04;0.102;0.014;0.126;0.020;0.82;0.17;0.080;0.027;0.15;0.08;0.54;0.34;1;1
GBOV_RM7_1455;DeadLake;Courtney Meier;cmeier@battelleecology.org;support-copernicus-gbov@acri-st.fr;NEON;22;Evergreen Broadleaf;32.54172;-87.80389;20170523T051900Z;2.0;DELA_051;4.09;0.11;5.60;0.15;0.730;0.027;3.90;0.21;5.38;0.20;0.72;0.05;0.130;0.017;0.160;0.022;0.81;0.15;0.095;0.030;0.12;0.05;0.8;0.4;1;1
GBOV_RM7_1455;DeadLake;Courtney Meier;cmeier@battelleecology.org;support-copernicus-gbov@acri-st.fr;NEON;22;Evergreen Broadleaf;32.54172;-87.80389;20170606T054300Z;2.0;DELA_051;2.71;0.08;3.59;0.11;0.756;0.032;2.24;0.11;3.15;0.15;0.71;0.05;0.147;0.019;0.190;0.028;0.78;0.15;0.132;0.033;0.22;0.08;0.60;0.27;1;1
GBOV_RM7_1455;DeadLake;Courtney Meier;cmeier@battelleecology.org;support-copernicus-gbov@acri-st.fr;NEON;22;Evergreen Broadleaf;32.54172;-87.80389;20170706T060900Z;2.0;DELA_051;3.65;0.10;4.87;0.13;0.748;0.029;3.05;0.16;4.01;0.21;0.76;0.05;0.802;0.021;0.815;0.022;0.98;0.04;0.574;0.029;0.585;0.032;0.98;0.07;0;0
GBOV_RM7_1455;DeadLake;Courtney Meier;cmeier@battelleecology.org;support-copernicus-gbov@acri-st.fr;NEON;22;Evergreen Broadleaf;32.54172;-87.80389;20170719T062100Z;2.0;DELA_051;3.68;0.10;4.81;0.13;0.766;0.029;2.96;0.13;3.94;0.15;0.75;0.04;0.227;0.015;0.241;0.017;0.94;0.09;0.211;0.023;0.223;0.027;0.94;0.15;0;0
GBOV_RM7_1455;DeadLake;Courtney Meier;cmeier@battelleecology.org;support-copernicus-gbov@acri-st.fr;NEON;22;Evergreen Broadleaf;32.54172;-87.80389;20170801T062400Z;2.0;DELA_051;3.64;0.10;4.75;0.13;0.766;0.030;2.93;0.11;3.85;0.16;0.76;0.04;0.507;0.019;0.532;0.023;0.95;0.05;0.385;0.022;0.397;0.023;0.97;0.08;0;0
GBOV_RM7_1455;DeadLake;Courtney Meier;cmeier@battelleecology.org;support-copernicus-gbov@acri-st.fr;NEON;22;Evergreen Broadleaf;32.54172;-87.80389;20170816T062600Z;2.0;DELA_051;3.47;0.10;4.57;0.13;0.761;0.030;2.96;0.16;3.94;0.20;0.75;0.06;0.192;0.014;0.213;0.018;0.90;0.10;0.194;0.027;0.22;0.04;0.88;0.20;0;0
GBOV_RM7_1455;DeadLake;Courtney Meier;cmeier@battelleecology.org;support-copernicus-gbov@acri-st.fr;NEON;22;Evergreen Broadleaf;32.54172;-87.80389;20170831T053800Z;2.0;DELA_051;3.43;0.09;4.53;0.12;0.758;0.029;2.86;0.12;3.88;0.15;0.74;0.04;0.555;0.020;0.574;0.021;0.97;0.05;0.421;0.025;0.434;0.027;0.97;0.08;0;0
GBOV_RM7_1455;DeadLake;Courtney Meier;cmeier@battelleecology.org;support-copernicus-gbov@acri-st.fr;NEON;22;Evergreen Broadleaf;32.54172;-87.80389;20170913T065900Z;2.0;DELA_051;3.22;0.09;4.22;0.12;0.763;0.030;2.82;0.13;3.80;0.16;0.74;0.05;0.162;0.011;0.174;0.012;0.93;0.09;0.159;0.015;0.165;0.016;0.96;0.13;0;0
GBOV_RM7_1455;DeadLake;Courtney Meier;cmeier@battelleecology.org;support-copernicus-gbov@acri-st.fr;NEON;22;Evergreen Broadleaf;32.54172;-87.80389;20170925T070900Z;2.0;DELA_051;2.89;0.08;3.87;0.11;0.747;0.030;2.48;0.11;3.31;0.14;0.75;0.04;0.066;0.005;0.070;0.006;0.94;0.11;0.058;0.005;0.059;0.005;0.98;0.11;0;0
GBOV_RM7_1455;DeadLake;Courtney Meier;cmeier@battelleecology.org;support-copernicus-gbov@acri-st.fr;NEON;22;Evergreen Broadleaf;32.54172;-87.80389;20171010T070200Z;2.0;DELA_051;2.41;0.07;3.22;0.09;0.750;0.031;2.16;0.10;3.06;0.15;0.71;0.05;0.0496;0.0035;0.052;0.004;0.96;0.10;0.042;0.006;0.043;0.007;0.97;0.20;0;0
GBOV_RM7_1455;DeadLake;Courtney Meier;cmeier@battelleecology.org;support-copernicus-gbov@acri-st.fr;NEON;22;Evergreen Broadleaf;32.54172;-87.80389;20171024T060200Z;2.0;DELA_051;2.57;0.07;3.53;0.11;0.728;0.030;2.19;0.08;2.98;0.13;0.74;0.04;0.061;0.004;0.065;0.005;0.94;0.10;0.058;0.009;0.062;0.009;0.95;0.20;1;1
GBOV_RM7_1455;DeadLake;Courtney Meier;cmeier@battelleecology.org;support-copernicus-gbov@acri-st.fr;NEON;22;Evergreen Broadleaf;32.54172;-87.80389;20180314T060800Z;2.0;DELA_051;0.471;0.015;0.527;0.018;0.89;0.04;0.422;0.020;0.476;0.025;0.88;0.06;0.0098;0.0013;0.0099;0.0013;0.99;0.18;0.0224;0.0035;0.023;0.004;0.99;0.22;0;0
GBOV_RM7_1455;DeadLake;Courtney Meier;cmeier@battelleecology.org;support-copernicus-gbov@acri-st.fr;NEON;22;Evergreen Broadleaf;32.54172;-87.80389;20180327T060700Z;2.0;DELA_051;0.700;0.026;0.840;0.032;0.83;0.04;0.91;0.04;1.18;0.09;0.77;0.07;0.0159;0.0010;0.0160;0.0010;0.99;0.09;0.0292;0.0033;0.0295;0.0034;0.99;0.16;0;0
GBOV_RM7_1455;DeadLake;Courtney Meier;cmeier@battelleecology.org;support-copernicus-gbov@acri-st.fr;NEON;22;Evergreen Broadleaf;32.54172;-87.80389;20180411T053700Z;2.0;DELA_051;2.37;0.07;3.39;0.11;0.699;0.031;2.11;0.09;2.81;0.13;0.75;0.05;0.251;0.013;0.259;0.014;0.97;0.07;0.228;0.015;0.234;0.016;0.97;0.09;0;0
GBOV_RM7_1455;DeadLake;Courtney Meier;cmeier@battelleecology.org;support-copernicus-gbov@acri-st.fr;NEON;22;Evergreen Broadleaf;32.54172;-87.80389;20180510T051400Z;2.0;DELA_051;3.84;0.10;5.25;0.14;0.732;0.028;3.19;0.13;4.41;0.18;0.72;0.04;0.032;0.004;0.035;0.005;0.92;0.18;0.025;0.006;0.026;0.006;0.96;0.32;1;1
GBOV_RM7_1455;DeadLake;Courtney Meier;cmeier@battelleecology.org;support-copernicus-gbov@acri-st.fr;NEON;22;Evergreen Broadleaf;32.54172;-87.80389;20180523T045500Z;2.0;DELA_051;4.10;0.11;5.54;0.14;0.739;0.028;3.40;0.13;4.48;0.17;0.76;0.04;0.540;0.022;0.565;0.026;0.96;0.06;0.415;0.030;0.431;0.034;0.96;0.10;0;0
GBOV_RM7_1455;DeadLake;Courtney Meier;cmeier@battelleecology.org;support-copernicus-gbov@acri-st.fr;NEON;22;Evergreen Broadleaf;32.54172;-87.80389;20180605T045400Z;2.0;DELA_051;4.16;0.11;5.62;0.15;0.740;0.028;3.62;0.19;4.83;0.19;0.75;0.05;0.227;0.016;0.251;0.021;0.90;0.10;0.209;0.025;0.222;0.028;0.94;0.16;0;0
GBOV_RM7_1455;DeadLake;Courtney Meier;cmeier@battelleecology.org;support-copernicus-gbov@acri-st.fr;NEON;22;Evergreen Broadleaf;32.54172;-87.80389;20180619T044900Z;2.0;DELA_051;4.06;0.11;5.57;0.15;0.729;0.027;3.45;0.19;4.86;0.23;0.71;0.05;0.378;0.019;0.405;0.024;0.93;0.07;0.325;0.028;0.344;0.032;0.94;0.12;64;0
GBOV_RM7_1455;DeadLake;Courtney Meier;cmeier@battelleecology.org;support-copernicus-gbov@acri-st.fr;NEON;22;Evergreen Broadleaf;32.54172;-87.80389;20180703T045100Z;2.0;DELA_051;3.37;0.10;4.60;0.13;0.733;0.030;3.24;0.15;4.43;0.19;0.73;0.05;0.288;0.018;0.317;0.024;0.91;0.09;0.252;0.025;0.269;0.030;0.94;0.14;0;0
GBOV_RM7_1455;DeadLake;Courtney Meier;cmeier@battelleecology.org;support-copernicus-gbov@acri-st.fr;NEON;22;Evergreen Broadleaf;32.54172;-87.80389;20180718T050500Z;2.0;DELA_051;3.63;0.10;5.04;0.13;0.721;0.027;3.17;0.14;4.38;0.19;0.72;0.04;0.156;0.013;0.174;0.015;0.90;0.11;0.161;0.022;0.178;0.026;0.90;0.18;0;0
GBOV_RM7_1455;DeadLake;Courtney Meier;cmeier@battelleecology.org;support-copernicus-gbov@acri-st.fr;NEON;22;Evergreen Broadleaf;32.54172;-87.80389;20180801T053200Z;2.0;DELA_051;3.50;0.10;4.65;0.13;0.752;0.029;3.30;0.15;4.49;0.20;0.73;0.05;0.182;0.013;0.200;0.016;0.91;0.10;0.186;0.020;0.204;0.026;0.91;0.15;0;0
GBOV_RM7_1455;DeadLake;Courtney Meier;cmeier@battelleecology.org;support-copernicus-gbov@acri-st.fr;NEON;22;Evergreen Broadleaf;32.54172;-87.80389;20180814T052700Z;2.0;DELA_051;3.51;0.09;4.82;0.13;0.729;0.028;3.20;0.17;4.55;0.20;0.70;0.05;0.121;0.010;0.133;0.012;0.91;0.11;0.123;0.016;0.139;0.025;0.88;0.20;0;0
GBOV_RM7_1455;DeadLake;Courtney Meier;cmeier@battelleecology.org;support-copernicus-gbov@acri-st.fr;NEON;22;Evergreen Broadleaf;32.54172;-87.80389;20180828T052500Z;2.0;DELA_051;3.41;0.09;4.67;0.12;0.730;0.028;2.92;0.13;3.96;0.16;0.74;0.04;0.443;0.025;0.471;0.031;0.94;0.08;0.36;0.04;0.39;0.06;0.93;0.18;0;0
GBOV_RM7_1455;DeadLake;Courtney Meier;cmeier@battelleecology.org;support-copernicus-gbov@acri-st.fr;NEON;22;Evergreen Broadleaf;32.54172;-87.80389;20180912T053500Z;2.0;DELA_051;3.13;0.09;4.29;0.12;0.730;0.029;2.76;0.12;3.81;0.17;0.72;0.04;0.174;0.010;0.185;0.011;0.94;0.08;0.158;0.014;0.168;0.018;0.94;0.13;0;0
GBOV_RM7_1455;DeadLake;Courtney Meier;cmeier@battelleecology.org;support-copernicus-gbov@acri-st.fr;NEON;22;Evergreen Broadleaf;32.54172;-87.80389;20180925T055100Z;2.0;DELA_051;2.88;0.09;3.96;0.11;0.726;0.030;2.83;0.14;3.90;0.17;0.73;0.05;0.151;0.011;0.163;0.013;0.93;0.10;0.131;0.017;0.139;0.020;0.94;0.18;0;0
GBOV_RM7_1455;DeadLake;Courtney Meier;cmeier@battelleecology.org;support-copernicus-gbov@acri-st.fr;NEON;22;Evergreen Broadleaf;32.54172;-87.80389;20181009T055800Z;2.0;DELA_051;2.70;0.08;3.65;0.10;0.740;0.029;2.31;0.10;3.13;0.13;0.74;0.04;0.112;0.008;0.119;0.009;0.94;0.10;0.110;0.012;0.113;0.012;0.97;0.15;0;0
GBOV_RM7_1455;DeadLake;Courtney Meier;cmeier@battelleecology.org;support-copernicus-gbov@acri-st.fr;NEON;22;Evergreen Broadleaf;32.54172;-87.80389;20181023T061000Z;2.0;DELA_051;2.50;0.07;3.34;0.09;0.750;0.029;2.39;0.10;3.24;0.15;0.74;0.05;0.050;0.004;0.052;0.005;0.95;0.12;0.046;0.007;0.055;0.018;0.84;0.30;0;0
GBOV_RM7_1455;DeadLake;Courtney Meier;cmeier@battelleecology.org;support-copernicus-gbov@acri-st.fr;NEON;22;Evergreen Broadleaf;32.54172;-87.80389;20190313T062700Z;2.0;DELA_051;0.477;0.015;0.535;0.018;0.89;0.04;0.513;0.026;0.59;0.04;0.87;0.07;0.00286;0.00034;0.00287;0.00034;1.00;0.17;0.0062;0.0011;0.0062;0.0011;1.00;0.25;0;0
GBOV_RM7_1455;DeadLake;Courtney Meier;cmeier@battelleecology.org;support-copernicus-gbov@acri-st.fr;NEON;22;Evergreen Broadleaf;32.54172;-87.80389;20190326T061700Z;2.0;DELA_051;0.949;0.031;1.19;0.04;0.80;0.04;1.18;0.05;1.49;0.07;0.79;0.05;0.0158;0.0010;0.0160;0.0010;0.99;0.09;0.0241;0.0021;0.0243;0.0022;0.99;0.13;0;0
GBOV_RM7_1455;DeadLake;Courtney Meier;cmeier@battelleecology.org;support-copernicus-gbov@acri-st.fr;NEON;22;Evergreen Broadleaf;32.54172;-87.80389;20190409T051600Z;2.0;DELA_051;2.32;0.08;3.38;0.11;0.686;0.031;2.33;0.11;3.32;0.14;0.70;0.04;-999;-999;-999;-999;-999;-999;-999;-999;-999;-999;-999;-999;0;-999
GBOV_RM7_1455;DeadLake;Courtney Meier;cmeier@battelleecology.org;support-copernicus-gbov@acri-st.fr;NEON;22;Evergreen Broadleaf;32.54172;-87.80389;20190425T061200Z;2.0;DELA_051;3.75;0.11;5.20;0.14;0.720;0.029;3.31;0.15;4.39;0.19;0.75;0.05;0.074;0.007;0.076;0.007;0.97;0.13;0.099;0.013;0.102;0.014;0.97;0.19;0;0
GBOV_RM7_1455;DeadLake;Courtney Meier;cmeier@battelleecology.org;support-copernicus-gbov@acri-st.fr;NEON;22;Evergreen Broadleaf;32.54172;-87.80389;20190508T051700Z;2.0;DELA_051;4.02;0.11;5.51;0.16;0.730;0.029;3.26;0.19;4.43;0.21;0.74;0.05;0.228;0.014;0.241;0.015;0.95;0.08;0.196;0.020;0.23;0.05;0.87;0.20;0;0
GBOV_RM7_1455;DeadLake;Courtney Meier;cmeier@battelleecology.org;support-copernicus-gbov@acri-st.fr;NEON;22;Evergreen Broadleaf;32.54172;-87.80389;20190522T050900Z;2.0;DELA_051;4.03;0.11;5.51;0.14;0.732;0.028;3.21;0.16;4.41;0.19;0.73;0.05;0.284;0.015;0.299;0.017;0.95;0.07;0.264;0.023;0.285;0.035;0.93;0.14;0;0
GBOV_RM7_1455;DeadLake;Courtney Meier;cmeier@battelleecology.org;support-copernicus-gbov@acri-st.fr;NEON;22;Evergreen Broadleaf;32.54172;-87.80389;20190605T050600Z;2.0;DELA_051;4.27;0.12;5.94;0.16;0.719;0.029;3.84;0.19;5.13;0.22;0.75;0.05;0.117;0.012;0.128;0.014;0.91;0.14;0.125;0.024;0.133;0.026;0.93;0.26;0;0
GBOV_RM7_1455;DeadLake;Courtney Meier;cmeier@battelleecology.org;support-copernicus-gbov@acri-st.fr;NEON;22;Evergreen Broadleaf;32.54172;-87.80389;20190618T051300Z;2.0;DELA_051;4.25;0.12;5.69;0.15;0.747;0.029;3.90;0.17;5.12;0.18;0.76;0.04;0.155;0.016;0.180;0.022;0.86;0.14;0.140;0.022;0.152;0.026;0.92;0.22;0;0
GBOV_RM7_1455;DeadLake;Courtney Meier;cmeier@battelleecology.org;support-copernicus-gbov@acri-st.fr;NEON;22;Evergreen Broadleaf;32.54172;-87.80389;20190702T050500Z;2.0;DELA_051;3.95;0.11;5.38;0.15;0.734;0.029;3.30;0.15;4.45;0.21;0.74;0.05;0.242;0.019;0.282;0.027;0.86;0.11;0.199;0.023;0.213;0.027;0.94;0.16;0;0
GBOV_RM7_1455;DeadLake;Courtney Meier;cmeier@battelleecology.org;support-copernicus-gbov@acri-st.fr;NEON;22;Evergreen Broadleaf;32.54172;-87.80389;20190717T051300Z;2.0;DELA_051;4.01;0.11;5.53;0.15;0.724;0.028;3.43;0.13;4.40;0.17;0.78;0.04;0.285;0.017;0.308;0.020;0.93;0.08;0.222;0.021;0.230;0.023;0.96;0.13;0;0
GBOV_RM7_1455;DeadLake;Courtney Meier;cmeier@battelleecology.org;support-copernicus-gbov@acri-st.fr;NEON;22;Evergreen Broadleaf;32.54172;-87.80389;20190731T053100Z;2.0;DELA_051;3.84;0.15;5.09;0.20;0.75;0.04;2.90;0.18;3.47;0.25;0.84;0.08;0.101;0.010;0.113;0.012;0.90;0.13;0.078;0.010;0.081;0.011;0.96;0.18;1;0
GBOV_RM7_1455;DeadLake;Courtney Meier;cmeier@battelleecology.org;support-copernicus-gbov@acri-st.fr;NEON;22;Evergreen Broadleaf;32.54172;-87.80389;20190815T053400Z;2.0;DELA_051;3.88;0.10;5.18;0.14;0.750;0.028;3.22;0.13;4.22;0.20;0.76;0.05;0.136;0.007;0.139;0.007;0.97;0.07;0.145;0.011;0.148;0.012;0.98;0.11;0;0
GBOV_RM7_1455;DeadLake;Courtney Meier;cmeier@battelleecology.org;support-copernicus-gbov@acri-st.fr;NEON;22;Evergreen Broadleaf;32.54172;-87.80389;20190829T053400Z;2.0;DELA_051;3.44;0.10;4.51;0.13;0.762;0.031;2.79;0.14;3.66;0.20;0.76;0.06;0.178;0.006;0.181;0.006;0.98;0.05;0.164;0.008;0.168;0.008;0.98;0.07;0;0
GBOV_RM7_1455;DeadLake;Courtney Meier;cmeier@battelleecology.org;support-copernicus-gbov@acri-st.fr;NEON;22;Evergreen Broadleaf;32.54172;-87.80389;20190911T054100Z;2.0;DELA_051;3.17;0.09;4.26;0.12;0.744;0.029;2.83;0.11;3.76;0.17;0.75;0.05;0.0444;0.0022;0.0449;0.0023;0.99;0.07;0.064;0.005;0.065;0.006;0.99;0.12;0;0
GBOV_RM7_1455;DeadLake;Courtney Meier;cmeier@battelleecology.org;support-copernicus-gbov@acri-st.fr;NEON;22;Evergreen Broadleaf;32.54172;-87.80389;20190926T054200Z;2.0;DELA_051;2.69;0.08;3.63;0.10;0.740;0.030;2.37;0.12;3.27;0.16;0.73;0.05;0.0913;0.0034;0.0921;0.0035;0.99;0.05;0.120;0.008;0.122;0.009;0.98;0.10;0;0
GBOV_RM7_1455;DeadLake;Courtney Meier;cmeier@battelleecology.org;support-copernicus-gbov@acri-st.fr;NEON;22;Evergreen Broadleaf;32.54172;-87.80389;20191009T055200Z;2.0;DELA_051;2.05;0.06;2.80;0.09;0.734;0.032;1.87;0.10;2.73;0.18;0.69;0.06;0.0271;0.0015;0.0273;0.0015;0.99;0.08;0.044;0.004;0.044;0.004;0.99;0.13;0;0
GBOV_RM7_1455;DeadLake;Courtney Meier;cmeier@battelleecology.org;support-copernicus-gbov@acri-st.fr;NEON;22;Evergreen Broadleaf;32.54172;-87.80389;20191023T055800Z;2.0;DELA_051;2.04;0.06;2.78;0.09;0.731;0.031;1.61;0.08;2.29;0.15;0.70;0.06;0.0618;0.0022;0.0622;0.0022;0.99;0.05;0.080;0.005;0.080;0.005;0.99;0.09;0;64
