GBOV_ID;Site;GROUND_DATA_PI;GROUND_DATA_PIs_Email;GBOV_Email;Network;Elevation;IGBP_class;Lat_IS;Lon_IS;TIME_IS;Version;PLOT_ID;LAIe_Miller_up;LAIe_Miller_up_err;LAI_Miller_up;LAI_Miller_up_err;clumping_Miller_up;clumping_Miller_up_err;LAIe_Warren_up;LAIe_Warren_up_err;LAI_Warren_up;LAI_Warren_up_err;clumping_Warren_up;clumping_Warren_up_err;LAIe_Miller_down;LAIe_Miller_down_err;LAI_Miller_down;LAI_Miller_down_err;clumping_Miller_down;clumping_Miller_down_err;LAIe_Warren_down;LAIe_Warren_down_err;LAI_Warren_down;LAI_Warren_down_err;clumping_Warren_down;clumping_Warren_down_err;up_flag;down_flag
GBOV_RM7_619;DisneyWildernessPreserve;Courtney Meier;cmeier@battelleecology.org;support-copernicus-gbov@acri-st.fr;NEON;15;Woody Savannas;28.1250400543213;-81.43625;20130211T000000Z;2.0;DSNY_066;-999;-999;-999;-999;-999;-999;-999;-999;-999;-999;-999;-999;1.45;0.07;1.70;0.09;0.85;0.06;1.16;0.10;1.35;0.12;0.86;0.11;-999;0
GBOV_RM7_619;DisneyWildernessPreserve;Courtney Meier;cmeier@battelleecology.org;support-copernicus-gbov@acri-st.fr;NEON;15;Woody Savannas;28.1250400543213;-81.43625;20130421T000000Z;2.0;DSNY_066;-999;-999;-999;-999;-999;-999;-999;-999;-999;-999;-999;-999;0.78;0.05;0.91;0.05;0.86;0.07;0.59;0.06;0.71;0.07;0.84;0.12;-999;0
GBOV_RM7_619;DisneyWildernessPreserve;Courtney Meier;cmeier@battelleecology.org;support-copernicus-gbov@acri-st.fr;NEON;15;Woody Savannas;28.1250400543213;-81.43625;20130515T000000Z;2.0;DSNY_066;-999;-999;-999;-999;-999;-999;-999;-999;-999;-999;-999;-999;1.18;0.05;1.34;0.05;0.88;0.05;0.95;0.08;1.10;0.09;0.87;0.10;-999;0
GBOV_RM7_619;DisneyWildernessPreserve;Courtney Meier;cmeier@battelleecology.org;support-copernicus-gbov@acri-st.fr;NEON;15;Woody Savannas;28.1250400543213;-81.43625;20130604T000000Z;2.0;DSNY_066;-999;-999;-999;-999;-999;-999;-999;-999;-999;-999;-999;-999;1.18;0.05;1.33;0.05;0.89;0.05;0.99;0.09;1.10;0.10;0.90;0.12;-999;0
GBOV_RM7_619;DisneyWildernessPreserve;Courtney Meier;cmeier@battelleecology.org;support-copernicus-gbov@acri-st.fr;NEON;15;Woody Savannas;28.1250400543213;-81.43625;20130620T000000Z;2.0;DSNY_066;-999;-999;-999;-999;-999;-999;-999;-999;-999;-999;-999;-999;1.96;0.11;2.37;0.12;0.83;0.06;1.53;0.15;1.78;0.15;0.86;0.11;-999;18
GBOV_RM7_619;DisneyWildernessPreserve;Courtney Meier;cmeier@battelleecology.org;support-copernicus-gbov@acri-st.fr;NEON;15;Woody Savannas;28.1250400543213;-81.43625;20130702T000000Z;2.0;DSNY_066;-999;-999;-999;-999;-999;-999;-999;-999;-999;-999;-999;-999;1.49;0.08;1.96;0.14;0.76;0.07;1.30;0.15;1.65;0.17;0.79;0.12;-999;0
GBOV_RM7_619;DisneyWildernessPreserve;Courtney Meier;cmeier@battelleecology.org;support-copernicus-gbov@acri-st.fr;NEON;15;Woody Savannas;28.1250400543213;-81.43625;20130814T000000Z;2.0;DSNY_066;-999;-999;-999;-999;-999;-999;-999;-999;-999;-999;-999;-999;2.60;0.09;2.89;0.09;0.90;0.04;2.21;0.11;2.39;0.11;0.92;0.06;-999;0
GBOV_RM7_619;DisneyWildernessPreserve;Courtney Meier;cmeier@battelleecology.org;support-copernicus-gbov@acri-st.fr;NEON;15;Woody Savannas;28.1250400543213;-81.43625;20130827T000000Z;2.0;DSNY_066;-999;-999;-999;-999;-999;-999;-999;-999;-999;-999;-999;-999;1.37;0.06;1.49;0.07;0.92;0.06;1.08;0.08;1.16;0.08;0.93;0.09;-999;0
GBOV_RM7_619;DisneyWildernessPreserve;Courtney Meier;cmeier@battelleecology.org;support-copernicus-gbov@acri-st.fr;NEON;15;Woody Savannas;28.1250400543213;-81.43625;20130909T000000Z;2.0;DSNY_066;-999;-999;-999;-999;-999;-999;-999;-999;-999;-999;-999;-999;2.69;0.09;2.97;0.10;0.91;0.04;2.09;0.11;2.23;0.11;0.94;0.07;-999;0
GBOV_RM7_619;DisneyWildernessPreserve;Courtney Meier;cmeier@battelleecology.org;support-copernicus-gbov@acri-st.fr;NEON;15;Woody Savannas;28.1250400543213;-81.43625;20130925T000000Z;2.0;DSNY_066;-999;-999;-999;-999;-999;-999;-999;-999;-999;-999;-999;-999;3.99;0.14;4.50;0.13;0.89;0.04;2.59;0.14;2.77;0.11;0.93;0.06;-999;0
GBOV_RM7_619;DisneyWildernessPreserve;Courtney Meier;cmeier@battelleecology.org;support-copernicus-gbov@acri-st.fr;NEON;15;Woody Savannas;28.1250400543213;-81.43625;20131008T000000Z;2.0;DSNY_066;-999;-999;-999;-999;-999;-999;-999;-999;-999;-999;-999;-999;2.63;0.08;2.93;0.09;0.90;0.04;1.78;0.08;1.93;0.08;0.92;0.06;-999;0
GBOV_RM7_619;DisneyWildernessPreserve;Courtney Meier;cmeier@battelleecology.org;support-copernicus-gbov@acri-st.fr;NEON;15;Woody Savannas;28.1250400543213;-81.43625;20131101T000000Z;2.0;DSNY_066;-999;-999;-999;-999;-999;-999;-999;-999;-999;-999;-999;-999;0.58;0.05;0.71;0.06;0.82;0.09;0.45;0.07;0.54;0.08;0.83;0.18;-999;0
GBOV_RM7_619;DisneyWildernessPreserve;Courtney Meier;cmeier@battelleecology.org;support-copernicus-gbov@acri-st.fr;NEON;15;Woody Savannas;28.1250400543213;-81.43625;20131114T000000Z;2.0;DSNY_066;-999;-999;-999;-999;-999;-999;-999;-999;-999;-999;-999;-999;0.82;0.06;1.01;0.07;0.81;0.08;0.65;0.10;0.79;0.11;0.82;0.17;-999;0
GBOV_RM7_619;DisneyWildernessPreserve;Courtney Meier;cmeier@battelleecology.org;support-copernicus-gbov@acri-st.fr;NEON;15;Woody Savannas;28.1250400543213;-81.43625;20140327T000000Z;2.0;DSNY_066;-999;-999;-999;-999;-999;-999;-999;-999;-999;-999;-999;-999;0.353;0.018;0.381;0.020;0.93;0.07;0.248;0.022;0.265;0.026;0.93;0.12;-999;0
GBOV_RM7_619;DisneyWildernessPreserve;Courtney Meier;cmeier@battelleecology.org;support-copernicus-gbov@acri-st.fr;NEON;15;Woody Savannas;28.1250400543213;-81.43625;20140730T000000Z;2.0;DSNY_066;-999;-999;-999;-999;-999;-999;-999;-999;-999;-999;-999;-999;1.50;0.05;1.65;0.06;0.90;0.05;1.21;0.07;1.30;0.07;0.93;0.07;-999;0
GBOV_RM7_619;DisneyWildernessPreserve;Courtney Meier;cmeier@battelleecology.org;support-copernicus-gbov@acri-st.fr;NEON;15;Woody Savannas;28.1250400543213;-81.43625;20150310T000000Z;2.0;DSNY_066;0.53;0.04;0.82;0.08;0.64;0.09;0.61;0.09;1.08;0.21;0.57;0.14;-999;-999;-999;-999;-999;-999;-999;-999;-999;-999;-999;-999;128;-999
GBOV_RM7_619;DisneyWildernessPreserve;Courtney Meier;cmeier@battelleecology.org;support-copernicus-gbov@acri-st.fr;NEON;15;Woody Savannas;28.1250400543213;-81.43625;20150326T000000Z;2.0;DSNY_066;0.374;0.030;0.54;0.06;0.69;0.09;0.43;0.06;0.73;0.16;0.59;0.15;-999;-999;-999;-999;-999;-999;-999;-999;-999;-999;-999;-999;128;-999
GBOV_RM7_619;DisneyWildernessPreserve;Courtney Meier;cmeier@battelleecology.org;support-copernicus-gbov@acri-st.fr;NEON;15;Woody Savannas;28.1250400543213;-81.43625;20150408T000000Z;2.0;DSNY_066;-999;-999;-999;-999;-999;-999;-999;-999;-999;-999;-999;-999;0.688;0.026;0.762;0.034;0.90;0.05;0.49;0.04;0.54;0.04;0.91;0.10;-999;0
GBOV_RM7_619;DisneyWildernessPreserve;Courtney Meier;cmeier@battelleecology.org;support-copernicus-gbov@acri-st.fr;NEON;15;Woody Savannas;28.1250400543213;-81.43625;20150421T000000Z;2.0;DSNY_066;0.324;0.029;0.43;0.04;0.76;0.10;0.36;0.06;0.52;0.09;0.69;0.16;-999;-999;-999;-999;-999;-999;-999;-999;-999;-999;-999;-999;128;-999
GBOV_RM7_619;DisneyWildernessPreserve;Courtney Meier;cmeier@battelleecology.org;support-copernicus-gbov@acri-st.fr;NEON;15;Woody Savannas;28.1250400543213;-81.43625;20150506T000000Z;2.0;DSNY_066;-999;-999;-999;-999;-999;-999;-999;-999;-999;-999;-999;-999;0.99;0.04;1.16;0.05;0.85;0.05;0.68;0.06;0.79;0.08;0.85;0.12;-999;16
GBOV_RM7_619;DisneyWildernessPreserve;Courtney Meier;cmeier@battelleecology.org;support-copernicus-gbov@acri-st.fr;NEON;15;Woody Savannas;28.1250400543213;-81.43625;20150521T000000Z;2.0;DSNY_066;-999;-999;-999;-999;-999;-999;-999;-999;-999;-999;-999;-999;1.02;0.05;1.17;0.05;0.87;0.06;0.73;0.06;0.82;0.06;0.90;0.10;-999;48
GBOV_RM7_619;DisneyWildernessPreserve;Courtney Meier;cmeier@battelleecology.org;support-copernicus-gbov@acri-st.fr;NEON;15;Woody Savannas;28.1250400543213;-81.43625;20150603T000000Z;2.0;DSNY_066;-999;-999;-999;-999;-999;-999;-999;-999;-999;-999;-999;-999;1.35;0.06;1.59;0.09;0.85;0.06;0.97;0.06;1.11;0.09;0.87;0.09;-999;16
GBOV_RM7_619;DisneyWildernessPreserve;Courtney Meier;cmeier@battelleecology.org;support-copernicus-gbov@acri-st.fr;NEON;15;Woody Savannas;28.1250400543213;-81.43625;20150617T000000Z;2.0;DSNY_066;-999;-999;-999;-999;-999;-999;-999;-999;-999;-999;-999;-999;0.87;0.04;1.01;0.05;0.87;0.06;0.66;0.05;0.76;0.06;0.87;0.10;-999;16
GBOV_RM7_619;DisneyWildernessPreserve;Courtney Meier;cmeier@battelleecology.org;support-copernicus-gbov@acri-st.fr;NEON;15;Woody Savannas;28.1250400543213;-81.43625;20150630T000000Z;2.0;DSNY_066;0.167;0.020;0.27;0.04;0.63;0.12;0.25;0.05;0.44;0.13;0.56;0.19;-999;-999;-999;-999;-999;-999;-999;-999;-999;-999;-999;-999;128;-999
GBOV_RM7_619;DisneyWildernessPreserve;Courtney Meier;cmeier@battelleecology.org;support-copernicus-gbov@acri-st.fr;NEON;15;Woody Savannas;28.1250400543213;-81.43625;20150716T000000Z;2.0;DSNY_066;0.62;0.06;1.23;0.16;0.50;0.08;0.73;0.12;1.67;0.34;0.44;0.12;-999;-999;-999;-999;-999;-999;-999;-999;-999;-999;-999;-999;128;-999
GBOV_RM7_619;DisneyWildernessPreserve;Courtney Meier;cmeier@battelleecology.org;support-copernicus-gbov@acri-st.fr;NEON;15;Woody Savannas;28.1250400543213;-81.43625;20150729T000000Z;2.0;DSNY_066;-999;-999;-999;-999;-999;-999;-999;-999;-999;-999;-999;-999;1.74;0.07;2.05;0.09;0.85;0.05;1.34;0.11;1.59;0.14;0.84;0.10;-999;0
GBOV_RM7_619;DisneyWildernessPreserve;Courtney Meier;cmeier@battelleecology.org;support-copernicus-gbov@acri-st.fr;NEON;15;Woody Savannas;28.1250400543213;-81.43625;20150814T000000Z;2.0;DSNY_066;-999;-999;-999;-999;-999;-999;-999;-999;-999;-999;-999;-999;1.72;0.05;1.83;0.06;0.94;0.04;1.31;0.06;1.40;0.07;0.94;0.06;-999;32
GBOV_RM7_619;DisneyWildernessPreserve;Courtney Meier;cmeier@battelleecology.org;support-copernicus-gbov@acri-st.fr;NEON;15;Woody Savannas;28.1250400543213;-81.43625;20150825T000000Z;2.0;DSNY_066;0.366;0.030;0.55;0.06;0.66;0.09;0.44;0.06;0.76;0.13;0.58;0.12;-999;-999;-999;-999;-999;-999;-999;-999;-999;-999;-999;-999;128;-999
GBOV_RM7_619;DisneyWildernessPreserve;Courtney Meier;cmeier@battelleecology.org;support-copernicus-gbov@acri-st.fr;NEON;15;Woody Savannas;28.1250400543213;-81.43625;20150908T000000Z;2.0;DSNY_066;0.58;0.07;1.12;0.15;0.52;0.09;0.78;0.15;1.7;0.4;0.47;0.14;-999;-999;-999;-999;-999;-999;-999;-999;-999;-999;-999;-999;128;-999
GBOV_RM7_619;DisneyWildernessPreserve;Courtney Meier;cmeier@battelleecology.org;support-copernicus-gbov@acri-st.fr;NEON;15;Woody Savannas;28.1250400543213;-81.43625;20150921T000000Z;2.0;DSNY_066;0.65;0.05;1.18;0.12;0.55;0.07;0.89;0.11;1.86;0.29;0.48;0.10;-999;-999;-999;-999;-999;-999;-999;-999;-999;-999;-999;-999;128;-999
GBOV_RM7_619;DisneyWildernessPreserve;Courtney Meier;cmeier@battelleecology.org;support-copernicus-gbov@acri-st.fr;NEON;15;Woody Savannas;28.1250400543213;-81.43625;20151006T000000Z;2.0;DSNY_066;0.57;0.05;0.97;0.09;0.58;0.07;0.89;0.12;1.70;0.21;0.52;0.10;-999;-999;-999;-999;-999;-999;-999;-999;-999;-999;-999;-999;128;-999
GBOV_RM7_619;DisneyWildernessPreserve;Courtney Meier;cmeier@battelleecology.org;support-copernicus-gbov@acri-st.fr;NEON;15;Woody Savannas;28.1250400543213;-81.43625;20151021T000000Z;2.0;DSNY_066;0.52;0.04;0.82;0.07;0.63;0.07;0.65;0.07;1.11;0.15;0.58;0.10;-999;-999;-999;-999;-999;-999;-999;-999;-999;-999;-999;-999;128;-999
GBOV_RM7_619;DisneyWildernessPreserve;Courtney Meier;cmeier@battelleecology.org;support-copernicus-gbov@acri-st.fr;NEON;15;Woody Savannas;28.1250400543213;-81.43625;20160311T000000Z;2.0;DSNY_066;-999;-999;-999;-999;-999;-999;-999;-999;-999;-999;-999;-999;0.135;0.016;0.148;0.018;0.91;0.16;0.085;0.018;0.091;0.020;0.93;0.29;-999;0
GBOV_RM7_619;DisneyWildernessPreserve;Courtney Meier;cmeier@battelleecology.org;support-copernicus-gbov@acri-st.fr;NEON;15;Woody Savannas;28.1250400543213;-81.43625;20160321T000000Z;2.0;DSNY_066;-999;-999;-999;-999;-999;-999;-999;-999;-999;-999;-999;-999;0.176;0.011;0.188;0.013;0.94;0.09;0.143;0.016;0.150;0.018;0.95;0.16;-999;0
GBOV_RM7_619;DisneyWildernessPreserve;Courtney Meier;cmeier@battelleecology.org;support-copernicus-gbov@acri-st.fr;NEON;15;Woody Savannas;28.1250400543213;-81.43625;20160407T000000Z;2.0;DSNY_066;-999;-999;-999;-999;-999;-999;-999;-999;-999;-999;-999;-999;0.748;0.035;0.86;0.04;0.87;0.06;0.60;0.04;0.68;0.05;0.88;0.10;-999;0
GBOV_RM7_619;DisneyWildernessPreserve;Courtney Meier;cmeier@battelleecology.org;support-copernicus-gbov@acri-st.fr;NEON;15;Woody Savannas;28.1250400543213;-81.43625;20160418T000000Z;2.0;DSNY_066;-999;-999;-999;-999;-999;-999;-999;-999;-999;-999;-999;-999;1.30;0.06;1.48;0.07;0.88;0.06;1.02;0.08;1.12;0.09;0.91;0.11;-999;16
GBOV_RM7_619;DisneyWildernessPreserve;Courtney Meier;cmeier@battelleecology.org;support-copernicus-gbov@acri-st.fr;NEON;15;Woody Savannas;28.1250400543213;-81.43625;20160502T000000Z;2.0;DSNY_066;-999;-999;-999;-999;-999;-999;-999;-999;-999;-999;-999;-999;1.58;0.07;1.89;0.09;0.84;0.05;1.41;0.09;1.63;0.12;0.87;0.08;-999;0
GBOV_RM7_619;DisneyWildernessPreserve;Courtney Meier;cmeier@battelleecology.org;support-copernicus-gbov@acri-st.fr;NEON;15;Woody Savannas;28.1250400543213;-81.43625;20160516T000000Z;2.0;DSNY_066;-999;-999;-999;-999;-999;-999;-999;-999;-999;-999;-999;-999;1.40;0.07;1.72;0.10;0.81;0.06;1.29;0.11;1.49;0.14;0.86;0.11;-999;0
GBOV_RM7_619;DisneyWildernessPreserve;Courtney Meier;cmeier@battelleecology.org;support-copernicus-gbov@acri-st.fr;NEON;15;Woody Savannas;28.1250400543213;-81.43625;20160601T000000Z;2.0;DSNY_066;-999;-999;-999;-999;-999;-999;-999;-999;-999;-999;-999;-999;1.68;0.07;1.91;0.08;0.88;0.05;1.32;0.08;1.45;0.09;0.91;0.08;-999;0
GBOV_RM7_619;DisneyWildernessPreserve;Courtney Meier;cmeier@battelleecology.org;support-copernicus-gbov@acri-st.fr;NEON;15;Woody Savannas;28.1250400543213;-81.43625;20160614T000000Z;2.0;DSNY_066;-999;-999;-999;-999;-999;-999;-999;-999;-999;-999;-999;-999;2.78;0.10;3.47;0.13;0.80;0.04;2.23;0.13;2.77;0.17;0.81;0.07;-999;4
GBOV_RM7_619;DisneyWildernessPreserve;Courtney Meier;cmeier@battelleecology.org;support-copernicus-gbov@acri-st.fr;NEON;15;Woody Savannas;28.1250400543213;-81.43625;20160629T000000Z;2.0;DSNY_066;-999;-999;-999;-999;-999;-999;-999;-999;-999;-999;-999;-999;1.89;0.07;2.18;0.09;0.87;0.05;1.45;0.08;1.61;0.10;0.90;0.07;-999;0
GBOV_RM7_619;DisneyWildernessPreserve;Courtney Meier;cmeier@battelleecology.org;support-copernicus-gbov@acri-st.fr;NEON;15;Woody Savannas;28.1250400543213;-81.43625;20160714T000000Z;2.0;DSNY_066;-999;-999;-999;-999;-999;-999;-999;-999;-999;-999;-999;-999;2.18;0.10;2.61;0.14;0.84;0.06;1.53;0.13;1.77;0.18;0.86;0.11;-999;16
GBOV_RM7_619;DisneyWildernessPreserve;Courtney Meier;cmeier@battelleecology.org;support-copernicus-gbov@acri-st.fr;NEON;15;Woody Savannas;28.1250400543213;-81.43625;20160728T000000Z;2.0;DSNY_066;-999;-999;-999;-999;-999;-999;-999;-999;-999;-999;-999;-999;1.71;0.07;1.95;0.08;0.88;0.05;1.26;0.11;1.43;0.12;0.88;0.11;-999;0
GBOV_RM7_619;DisneyWildernessPreserve;Courtney Meier;cmeier@battelleecology.org;support-copernicus-gbov@acri-st.fr;NEON;15;Woody Savannas;28.1250400543213;-81.43625;20160808T000000Z;2.0;DSNY_066;-999;-999;-999;-999;-999;-999;-999;-999;-999;-999;-999;-999;2.17;0.07;2.38;0.08;0.91;0.04;1.76;0.08;1.92;0.09;0.92;0.06;-999;0
GBOV_RM7_619;DisneyWildernessPreserve;Courtney Meier;cmeier@battelleecology.org;support-copernicus-gbov@acri-st.fr;NEON;15;Woody Savannas;28.1250400543213;-81.43625;20160822T000000Z;2.0;DSNY_066;-999;-999;-999;-999;-999;-999;-999;-999;-999;-999;-999;-999;1.59;0.06;1.84;0.08;0.86;0.05;1.08;0.09;1.27;0.12;0.85;0.10;-999;16
GBOV_RM7_619;DisneyWildernessPreserve;Courtney Meier;cmeier@battelleecology.org;support-copernicus-gbov@acri-st.fr;NEON;15;Woody Savannas;28.1250400543213;-81.43625;20160907T000000Z;2.0;DSNY_066;-999;-999;-999;-999;-999;-999;-999;-999;-999;-999;-999;-999;1.33;0.06;1.58;0.09;0.84;0.06;0.97;0.07;1.13;0.12;0.86;0.11;-999;0
GBOV_RM7_619;DisneyWildernessPreserve;Courtney Meier;cmeier@battelleecology.org;support-copernicus-gbov@acri-st.fr;NEON;15;Woody Savannas;28.1250400543213;-81.43625;20160920T000000Z;2.0;DSNY_066;-999;-999;-999;-999;-999;-999;-999;-999;-999;-999;-999;-999;1.71;0.07;2.04;0.09;0.84;0.05;1.16;0.10;1.40;0.13;0.83;0.10;-999;0
GBOV_RM7_619;DisneyWildernessPreserve;Courtney Meier;cmeier@battelleecology.org;support-copernicus-gbov@acri-st.fr;NEON;15;Woody Savannas;28.1250400543213;-81.43625;20161004T000000Z;2.0;DSNY_066;-999;-999;-999;-999;-999;-999;-999;-999;-999;-999;-999;-999;1.67;0.06;1.95;0.08;0.86;0.05;1.19;0.08;1.36;0.11;0.88;0.09;-999;0
GBOV_RM7_619;DisneyWildernessPreserve;Courtney Meier;cmeier@battelleecology.org;support-copernicus-gbov@acri-st.fr;NEON;15;Woody Savannas;28.1250400543213;-81.43625;20161021T000000Z;2.0;DSNY_066;-999;-999;-999;-999;-999;-999;-999;-999;-999;-999;-999;-999;0.80;0.04;0.89;0.04;0.90;0.06;0.56;0.06;0.63;0.07;0.89;0.13;-999;0
GBOV_RM7_619;DisneyWildernessPreserve;Courtney Meier;cmeier@battelleecology.org;support-copernicus-gbov@acri-st.fr;NEON;15;Woody Savannas;28.1250400543213;-81.43625;20161103T000000Z;2.0;DSNY_066;-999;-999;-999;-999;-999;-999;-999;-999;-999;-999;-999;-999;0.85;0.04;0.98;0.06;0.87;0.07;0.60;0.05;0.66;0.06;0.91;0.10;-999;0
GBOV_RM7_619;DisneyWildernessPreserve;Courtney Meier;cmeier@battelleecology.org;support-copernicus-gbov@acri-st.fr;NEON;15;Woody Savannas;28.1250400543213;-81.43625;20161115T000000Z;2.0;DSNY_066;-999;-999;-999;-999;-999;-999;-999;-999;-999;-999;-999;-999;0.515;0.018;0.526;0.019;0.98;0.05;0.361;0.022;0.370;0.023;0.98;0.09;-999;0
GBOV_RM7_619;DisneyWildernessPreserve;Courtney Meier;cmeier@battelleecology.org;support-copernicus-gbov@acri-st.fr;NEON;15;Woody Savannas;28.1250400543213;-81.43625;20170316T000000Z;2.0;DSNY_066;0.366;0.033;0.49;0.06;0.75;0.12;0.49;0.08;0.75;0.18;0.65;0.19;0.180;0.024;0.198;0.027;0.91;0.17;0.18;0.04;0.20;0.05;0.92;0.30;128;-999
GBOV_RM7_619;DisneyWildernessPreserve;Courtney Meier;cmeier@battelleecology.org;support-copernicus-gbov@acri-st.fr;NEON;15;Woody Savannas;28.1250400543213;-81.43625;20170329T000000Z;2.0;DSNY_066;0.202;0.017;0.279;0.029;0.72;0.10;0.304;0.035;0.45;0.06;0.68;0.13;0.0113;0.0020;0.0116;0.0021;0.97;0.25;0.028;0.007;0.029;0.007;0.97;0.35;128;-999
GBOV_RM7_619;DisneyWildernessPreserve;Courtney Meier;cmeier@battelleecology.org;support-copernicus-gbov@acri-st.fr;NEON;15;Woody Savannas;28.1250400543213;-81.43625;20170411T000000Z;2.0;DSNY_066;0.399;0.029;0.53;0.04;0.75;0.08;0.51;0.06;0.82;0.11;0.62;0.11;0.040;0.004;0.042;0.004;0.96;0.13;0.067;0.011;0.072;0.013;0.93;0.22;128;-999
GBOV_RM7_619;DisneyWildernessPreserve;Courtney Meier;cmeier@battelleecology.org;support-copernicus-gbov@acri-st.fr;NEON;15;Woody Savannas;28.1250400543213;-81.43625;20170510T000000Z;2.0;DSNY_066;-999;-999;-999;-999;-999;-999;-999;-999;-999;-999;-999;-999;0.242;0.014;0.253;0.015;0.96;0.08;0.169;0.019;0.175;0.020;0.97;0.16;-999;0
GBOV_RM7_619;DisneyWildernessPreserve;Courtney Meier;cmeier@battelleecology.org;support-copernicus-gbov@acri-st.fr;NEON;15;Woody Savannas;28.1250400543213;-81.43625;20170523T000000Z;2.0;DSNY_066;-999;-999;-999;-999;-999;-999;-999;-999;-999;-999;-999;-999;0.061;0.005;0.063;0.005;0.96;0.12;0.042;0.007;0.043;0.007;0.97;0.21;-999;0
GBOV_RM7_619;DisneyWildernessPreserve;Courtney Meier;cmeier@battelleecology.org;support-copernicus-gbov@acri-st.fr;NEON;15;Woody Savannas;28.1250400543213;-81.43625;20170620T000000Z;2.0;DSNY_066;-999;-999;-999;-999;-999;-999;-999;-999;-999;-999;-999;-999;0.482;0.028;0.539;0.033;0.89;0.07;0.329;0.029;0.356;0.033;0.92;0.12;-999;0
GBOV_RM7_619;DisneyWildernessPreserve;Courtney Meier;cmeier@battelleecology.org;support-copernicus-gbov@acri-st.fr;NEON;15;Woody Savannas;28.1250400543213;-81.43625;20170706T000000Z;2.0;DSNY_066;-999;-999;-999;-999;-999;-999;-999;-999;-999;-999;-999;-999;0.83;0.04;0.95;0.05;0.87;0.06;0.52;0.06;0.59;0.07;0.88;0.14;-999;16
GBOV_RM7_619;DisneyWildernessPreserve;Courtney Meier;cmeier@battelleecology.org;support-copernicus-gbov@acri-st.fr;NEON;15;Woody Savannas;28.1250400543213;-81.43625;20170718T000000Z;2.0;DSNY_066;-999;-999;-999;-999;-999;-999;-999;-999;-999;-999;-999;-999;0.686;0.034;0.77;0.04;0.89;0.06;0.51;0.04;0.56;0.05;0.90;0.11;-999;0
GBOV_RM7_619;DisneyWildernessPreserve;Courtney Meier;cmeier@battelleecology.org;support-copernicus-gbov@acri-st.fr;NEON;15;Woody Savannas;28.1250400543213;-81.43625;20170801T000000Z;2.0;DSNY_066;-999;-999;-999;-999;-999;-999;-999;-999;-999;-999;-999;-999;1.05;0.05;1.19;0.05;0.88;0.06;0.69;0.06;0.78;0.07;0.89;0.11;-999;0
GBOV_RM7_619;DisneyWildernessPreserve;Courtney Meier;cmeier@battelleecology.org;support-copernicus-gbov@acri-st.fr;NEON;15;Woody Savannas;28.1250400543213;-81.43625;20170816T000000Z;2.0;DSNY_066;-999;-999;-999;-999;-999;-999;-999;-999;-999;-999;-999;-999;0.88;0.04;0.97;0.05;0.90;0.06;0.60;0.04;0.65;0.05;0.93;0.09;-999;0
GBOV_RM7_619;DisneyWildernessPreserve;Courtney Meier;cmeier@battelleecology.org;support-copernicus-gbov@acri-st.fr;NEON;15;Woody Savannas;28.1250400543213;-81.43625;20170828T000000Z;2.0;DSNY_066;-999;-999;-999;-999;-999;-999;-999;-999;-999;-999;-999;-999;0.94;0.04;1.04;0.05;0.90;0.05;0.59;0.04;0.65;0.05;0.91;0.09;-999;0
GBOV_RM7_619;DisneyWildernessPreserve;Courtney Meier;cmeier@battelleecology.org;support-copernicus-gbov@acri-st.fr;NEON;15;Woody Savannas;28.1250400543213;-81.43625;20170919T000000Z;2.0;DSNY_066;-999;-999;-999;-999;-999;-999;-999;-999;-999;-999;-999;-999;0.410;0.019;0.440;0.020;0.93;0.06;0.309;0.024;0.333;0.027;0.93;0.10;-999;0
GBOV_RM7_619;DisneyWildernessPreserve;Courtney Meier;cmeier@battelleecology.org;support-copernicus-gbov@acri-st.fr;NEON;15;Woody Savannas;28.1250400543213;-81.43625;20170925T000000Z;2.0;DSNY_066;-999;-999;-999;-999;-999;-999;-999;-999;-999;-999;-999;-999;0.480;0.021;0.509;0.022;0.94;0.06;0.382;0.029;0.402;0.032;0.95;0.10;-999;0
GBOV_RM7_619;DisneyWildernessPreserve;Courtney Meier;cmeier@battelleecology.org;support-copernicus-gbov@acri-st.fr;NEON;15;Woody Savannas;28.1250400543213;-81.43625;20171010T000000Z;2.0;DSNY_066;-999;-999;-999;-999;-999;-999;-999;-999;-999;-999;-999;-999;0.510;0.021;0.536;0.022;0.95;0.06;0.406;0.027;0.423;0.028;0.96;0.09;-999;16
GBOV_RM7_619;DisneyWildernessPreserve;Courtney Meier;cmeier@battelleecology.org;support-copernicus-gbov@acri-st.fr;NEON;15;Woody Savannas;28.1250400543213;-81.43625;20171024T000000Z;2.0;DSNY_066;-999;-999;-999;-999;-999;-999;-999;-999;-999;-999;-999;-999;0.298;0.014;0.314;0.015;0.95;0.06;0.215;0.014;0.222;0.015;0.96;0.09;-999;0
GBOV_RM7_619;DisneyWildernessPreserve;Courtney Meier;cmeier@battelleecology.org;support-copernicus-gbov@acri-st.fr;NEON;15;Woody Savannas;28.1250400543213;-81.43625;20171206T000000Z;2.0;DSNY_066;-999;-999;-999;-999;-999;-999;-999;-999;-999;-999;-999;-999;0.142;0.007;0.147;0.008;0.97;0.07;0.105;0.007;0.108;0.007;0.98;0.09;-999;16
GBOV_RM7_619;DisneyWildernessPreserve;Courtney Meier;cmeier@battelleecology.org;support-copernicus-gbov@acri-st.fr;NEON;15;Woody Savannas;28.1250400543213;-81.43625;20180104T000000Z;2.0;DSNY_066;-999;-999;-999;-999;-999;-999;-999;-999;-999;-999;-999;-999;0.077;0.004;0.079;0.004;0.98;0.07;0.070;0.006;0.072;0.006;0.98;0.12;-999;0
GBOV_RM7_619;DisneyWildernessPreserve;Courtney Meier;cmeier@battelleecology.org;support-copernicus-gbov@acri-st.fr;NEON;15;Woody Savannas;28.1250400543213;-81.43625;20180130T000000Z;2.0;DSNY_066;-999;-999;-999;-999;-999;-999;-999;-999;-999;-999;-999;-999;0.068;0.004;0.069;0.004;0.98;0.08;0.074;0.005;0.074;0.005;0.99;0.10;-999;0
GBOV_RM7_619;DisneyWildernessPreserve;Courtney Meier;cmeier@battelleecology.org;support-copernicus-gbov@acri-st.fr;NEON;15;Woody Savannas;28.1250400543213;-81.43625;20180227T000000Z;2.0;DSNY_066;-999;-999;-999;-999;-999;-999;-999;-999;-999;-999;-999;-999;0.116;0.006;0.119;0.006;0.98;0.07;0.104;0.008;0.106;0.008;0.98;0.11;-999;0
GBOV_RM7_619;DisneyWildernessPreserve;Courtney Meier;cmeier@battelleecology.org;support-copernicus-gbov@acri-st.fr;NEON;15;Woody Savannas;28.1250400543213;-81.43625;20180319T000000Z;2.0;DSNY_066;-999;-999;-999;-999;-999;-999;-999;-999;-999;-999;-999;-999;0.0185;0.0011;0.0187;0.0012;0.99;0.09;0.0198;0.0021;0.0200;0.0022;0.99;0.15;-999;0
GBOV_RM7_619;DisneyWildernessPreserve;Courtney Meier;cmeier@battelleecology.org;support-copernicus-gbov@acri-st.fr;NEON;15;Woody Savannas;28.1250400543213;-81.43625;20180411T000000Z;2.0;DSNY_066;-999;-999;-999;-999;-999;-999;-999;-999;-999;-999;-999;-999;0.091;0.005;0.094;0.005;0.98;0.08;0.070;0.008;0.072;0.008;0.98;0.15;-999;0
GBOV_RM7_619;DisneyWildernessPreserve;Courtney Meier;cmeier@battelleecology.org;support-copernicus-gbov@acri-st.fr;NEON;15;Woody Savannas;28.1250400543213;-81.43625;20180425T000000Z;2.0;DSNY_066;-999;-999;-999;-999;-999;-999;-999;-999;-999;-999;-999;-999;0.073;0.005;0.076;0.005;0.96;0.10;0.069;0.008;0.072;0.010;0.96;0.17;-999;0
GBOV_RM7_619;DisneyWildernessPreserve;Courtney Meier;cmeier@battelleecology.org;support-copernicus-gbov@acri-st.fr;NEON;15;Woody Savannas;28.1250400543213;-81.43625;20180509T000000Z;2.0;DSNY_066;-999;-999;-999;-999;-999;-999;-999;-999;-999;-999;-999;-999;0.097;0.008;0.103;0.009;0.95;0.12;0.080;0.009;0.083;0.010;0.97;0.16;-999;0
GBOV_RM7_619;DisneyWildernessPreserve;Courtney Meier;cmeier@battelleecology.org;support-copernicus-gbov@acri-st.fr;NEON;15;Woody Savannas;28.1250400543213;-81.43625;20180523T000000Z;2.0;DSNY_066;-999;-999;-999;-999;-999;-999;-999;-999;-999;-999;-999;-999;0.214;0.015;0.231;0.017;0.92;0.10;0.144;0.021;0.156;0.023;0.92;0.19;-999;0
GBOV_RM7_619;DisneyWildernessPreserve;Courtney Meier;cmeier@battelleecology.org;support-copernicus-gbov@acri-st.fr;NEON;15;Woody Savannas;28.1250400543213;-81.43625;20180606T000000Z;2.0;DSNY_066;-999;-999;-999;-999;-999;-999;-999;-999;-999;-999;-999;-999;0.53;0.04;0.64;0.06;0.83;0.10;0.42;0.05;0.47;0.05;0.89;0.14;-999;0
GBOV_RM7_619;DisneyWildernessPreserve;Courtney Meier;cmeier@battelleecology.org;support-copernicus-gbov@acri-st.fr;NEON;15;Woody Savannas;28.1250400543213;-81.43625;20180620T000000Z;2.0;DSNY_066;-999;-999;-999;-999;-999;-999;-999;-999;-999;-999;-999;-999;0.60;0.05;0.72;0.06;0.84;0.10;0.48;0.06;0.54;0.07;0.89;0.17;-999;0
GBOV_RM7_619;DisneyWildernessPreserve;Courtney Meier;cmeier@battelleecology.org;support-copernicus-gbov@acri-st.fr;NEON;15;Woody Savannas;28.1250400543213;-81.43625;20180703T000000Z;2.0;DSNY_066;-999;-999;-999;-999;-999;-999;-999;-999;-999;-999;-999;-999;0.54;0.04;0.62;0.05;0.87;0.10;0.45;0.06;0.51;0.08;0.89;0.18;-999;0
GBOV_RM7_619;DisneyWildernessPreserve;Courtney Meier;cmeier@battelleecology.org;support-copernicus-gbov@acri-st.fr;NEON;15;Woody Savannas;28.1250400543213;-81.43625;20180718T000000Z;2.0;DSNY_066;-999;-999;-999;-999;-999;-999;-999;-999;-999;-999;-999;-999;0.57;0.04;0.66;0.05;0.87;0.10;0.47;0.06;0.54;0.08;0.87;0.18;-999;0
GBOV_RM7_619;DisneyWildernessPreserve;Courtney Meier;cmeier@battelleecology.org;support-copernicus-gbov@acri-st.fr;NEON;15;Woody Savannas;28.1250400543213;-81.43625;20180731T000000Z;2.0;DSNY_066;-999;-999;-999;-999;-999;-999;-999;-999;-999;-999;-999;-999;0.52;0.04;0.59;0.04;0.89;0.09;0.40;0.06;0.45;0.06;0.91;0.18;-999;0
GBOV_RM7_619;DisneyWildernessPreserve;Courtney Meier;cmeier@battelleecology.org;support-copernicus-gbov@acri-st.fr;NEON;15;Woody Savannas;28.1250400543213;-81.43625;20180815T000000Z;2.0;DSNY_066;-999;-999;-999;-999;-999;-999;-999;-999;-999;-999;-999;-999;0.447;0.025;0.481;0.027;0.93;0.07;0.37;0.04;0.40;0.04;0.93;0.14;-999;0
GBOV_RM7_619;DisneyWildernessPreserve;Courtney Meier;cmeier@battelleecology.org;support-copernicus-gbov@acri-st.fr;NEON;15;Woody Savannas;28.1250400543213;-81.43625;20180829T000000Z;2.0;DSNY_066;-999;-999;-999;-999;-999;-999;-999;-999;-999;-999;-999;-999;0.473;0.023;0.505;0.025;0.94;0.07;0.398;0.030;0.419;0.033;0.95;0.10;-999;0
GBOV_RM7_619;DisneyWildernessPreserve;Courtney Meier;cmeier@battelleecology.org;support-copernicus-gbov@acri-st.fr;NEON;15;Woody Savannas;28.1250400543213;-81.43625;20180914T000000Z;2.0;DSNY_066;-999;-999;-999;-999;-999;-999;-999;-999;-999;-999;-999;-999;0.535;0.019;0.564;0.021;0.95;0.05;0.421;0.027;0.444;0.033;0.95;0.09;-999;0
GBOV_RM7_619;DisneyWildernessPreserve;Courtney Meier;cmeier@battelleecology.org;support-copernicus-gbov@acri-st.fr;NEON;15;Woody Savannas;28.1250400543213;-81.43625;20180925T000000Z;2.0;DSNY_066;-999;-999;-999;-999;-999;-999;-999;-999;-999;-999;-999;-999;0.316;0.013;0.334;0.015;0.95;0.06;0.267;0.018;0.283;0.023;0.94;0.10;-999;0
GBOV_RM7_619;DisneyWildernessPreserve;Courtney Meier;cmeier@battelleecology.org;support-copernicus-gbov@acri-st.fr;NEON;15;Woody Savannas;28.1250400543213;-81.43625;20181009T000000Z;2.0;DSNY_066;-999;-999;-999;-999;-999;-999;-999;-999;-999;-999;-999;-999;0.314;0.012;0.330;0.014;0.95;0.05;0.284;0.015;0.303;0.021;0.93;0.08;-999;0
GBOV_RM7_619;DisneyWildernessPreserve;Courtney Meier;cmeier@battelleecology.org;support-copernicus-gbov@acri-st.fr;NEON;15;Woody Savannas;28.1250400543213;-81.43625;20181029T000000Z;2.0;DSNY_066;-999;-999;-999;-999;-999;-999;-999;-999;-999;-999;-999;-999;0.243;0.013;0.253;0.014;0.96;0.07;0.195;0.020;0.204;0.023;0.96;0.15;-999;0
GBOV_RM7_619;DisneyWildernessPreserve;Courtney Meier;cmeier@battelleecology.org;support-copernicus-gbov@acri-st.fr;NEON;15;Woody Savannas;28.1250400543213;-81.43625;20181106T000000Z;2.0;DSNY_066;-999;-999;-999;-999;-999;-999;-999;-999;-999;-999;-999;-999;0.177;0.009;0.185;0.009;0.96;0.07;0.117;0.010;0.122;0.012;0.95;0.13;-999;0
GBOV_RM7_619;DisneyWildernessPreserve;Courtney Meier;cmeier@battelleecology.org;support-copernicus-gbov@acri-st.fr;NEON;15;Woody Savannas;28.1250400543213;-81.43625;20181205T143900Z;2.0;DSNY_066;-999;-999;-999;-999;-999;-999;-999;-999;-999;-999;-999;-999;0.147;0.008;0.152;0.008;0.97;0.08;0.121;0.010;0.123;0.011;0.98;0.12;-999;0
GBOV_RM7_619;DisneyWildernessPreserve;Courtney Meier;cmeier@battelleecology.org;support-copernicus-gbov@acri-st.fr;NEON;15;Woody Savannas;28.1250400543213;-81.43625;20190103T133500Z;2.0;DSNY_066;-999;-999;-999;-999;-999;-999;-999;-999;-999;-999;-999;-999;0.056;0.004;0.057;0.004;0.98;0.09;0.040;0.005;0.041;0.005;0.98;0.18;-999;0
GBOV_RM7_619;DisneyWildernessPreserve;Courtney Meier;cmeier@battelleecology.org;support-copernicus-gbov@acri-st.fr;NEON;15;Woody Savannas;28.1250400543213;-81.43625;20190130T140200Z;2.0;DSNY_066;-999;-999;-999;-999;-999;-999;-999;-999;-999;-999;-999;-999;0.0503;0.0034;0.0514;0.0035;0.98;0.09;0.040;0.004;0.041;0.004;0.99;0.15;-999;0
GBOV_RM7_619;DisneyWildernessPreserve;Courtney Meier;cmeier@battelleecology.org;support-copernicus-gbov@acri-st.fr;NEON;15;Woody Savannas;28.1250400543213;-81.43625;20190226T114000Z;2.0;DSNY_066;-999;-999;-999;-999;-999;-999;-999;-999;-999;-999;-999;-999;0.158;0.008;0.164;0.008;0.96;0.07;0.111;0.010;0.114;0.010;0.97;0.12;-999;0
GBOV_RM7_619;DisneyWildernessPreserve;Courtney Meier;cmeier@battelleecology.org;support-copernicus-gbov@acri-st.fr;NEON;15;Woody Savannas;28.1250400543213;-81.43625;20190312T162200Z;2.0;DSNY_066;-999;-999;-999;-999;-999;-999;-999;-999;-999;-999;-999;-999;0.221;0.011;0.230;0.012;0.96;0.07;0.153;0.012;0.158;0.013;0.97;0.11;-999;0
GBOV_RM7_619;DisneyWildernessPreserve;Courtney Meier;cmeier@battelleecology.org;support-copernicus-gbov@acri-st.fr;NEON;15;Woody Savannas;28.1250400543213;-81.43625;20190327T122000Z;2.0;DSNY_066;-999;-999;-999;-999;-999;-999;-999;-999;-999;-999;-999;-999;0.226;0.015;0.242;0.017;0.94;0.09;0.153;0.021;0.160;0.022;0.96;0.19;-999;0
GBOV_RM7_619;DisneyWildernessPreserve;Courtney Meier;cmeier@battelleecology.org;support-copernicus-gbov@acri-st.fr;NEON;15;Woody Savannas;28.1250400543213;-81.43625;20190410T134400Z;2.0;DSNY_066;-999;-999;-999;-999;-999;-999;-999;-999;-999;-999;-999;-999;0.111;0.005;0.115;0.006;0.97;0.07;0.121;0.008;0.124;0.009;0.98;0.09;-999;0
GBOV_RM7_619;DisneyWildernessPreserve;Courtney Meier;cmeier@battelleecology.org;support-copernicus-gbov@acri-st.fr;NEON;15;Woody Savannas;28.1250400543213;-81.43625;20190424T133700Z;2.0;DSNY_066;-999;-999;-999;-999;-999;-999;-999;-999;-999;-999;-999;-999;0.301;0.013;0.319;0.014;0.94;0.06;0.282;0.018;0.296;0.020;0.95;0.09;-999;0
GBOV_RM7_619;DisneyWildernessPreserve;Courtney Meier;cmeier@battelleecology.org;support-copernicus-gbov@acri-st.fr;NEON;15;Woody Savannas;28.1250400543213;-81.43625;20190506T140900Z;2.0;DSNY_066;-999;-999;-999;-999;-999;-999;-999;-999;-999;-999;-999;-999;0.591;0.027;0.658;0.031;0.90;0.06;0.53;0.05;0.58;0.05;0.91;0.11;-999;0
GBOV_RM7_619;DisneyWildernessPreserve;Courtney Meier;cmeier@battelleecology.org;support-copernicus-gbov@acri-st.fr;NEON;15;Woody Savannas;28.1250400543213;-81.43625;20190522T130100Z;2.0;DSNY_066;-999;-999;-999;-999;-999;-999;-999;-999;-999;-999;-999;-999;0.97;0.04;1.09;0.05;0.89;0.06;0.86;0.07;0.94;0.08;0.91;0.10;-999;0
GBOV_RM7_619;DisneyWildernessPreserve;Courtney Meier;cmeier@battelleecology.org;support-copernicus-gbov@acri-st.fr;NEON;15;Woody Savannas;28.1250400543213;-81.43625;20190605T132500Z;2.0;DSNY_066;-999;-999;-999;-999;-999;-999;-999;-999;-999;-999;-999;-999;0.89;0.05;1.03;0.05;0.87;0.06;0.84;0.08;0.95;0.09;0.88;0.12;-999;0
GBOV_RM7_619;DisneyWildernessPreserve;Courtney Meier;cmeier@battelleecology.org;support-copernicus-gbov@acri-st.fr;NEON;15;Woody Savannas;28.1250400543213;-81.43625;20190617T170500Z;2.0;DSNY_066;-999;-999;-999;-999;-999;-999;-999;-999;-999;-999;-999;-999;2.20;0.08;2.56;0.09;0.86;0.04;1.67;0.10;1.85;0.10;0.90;0.07;-999;0
GBOV_RM7_619;DisneyWildernessPreserve;Courtney Meier;cmeier@battelleecology.org;support-copernicus-gbov@acri-st.fr;NEON;15;Woody Savannas;28.1250400543213;-81.43625;20190702T124200Z;2.0;DSNY_066;-999;-999;-999;-999;-999;-999;-999;-999;-999;-999;-999;-999;1.54;0.06;1.72;0.06;0.90;0.05;1.30;0.05;1.40;0.05;0.93;0.05;-999;0
GBOV_RM7_619;DisneyWildernessPreserve;Courtney Meier;cmeier@battelleecology.org;support-copernicus-gbov@acri-st.fr;NEON;15;Woody Savannas;28.1250400543213;-81.43625;20190717T182800Z;2.0;DSNY_066;-999;-999;-999;-999;-999;-999;-999;-999;-999;-999;-999;-999;2.04;0.07;2.30;0.08;0.89;0.04;1.52;0.08;1.67;0.10;0.91;0.08;-999;0
GBOV_RM7_619;DisneyWildernessPreserve;Courtney Meier;cmeier@battelleecology.org;support-copernicus-gbov@acri-st.fr;NEON;15;Woody Savannas;28.1250400543213;-81.43625;20190730T130300Z;2.0;DSNY_066;-999;-999;-999;-999;-999;-999;-999;-999;-999;-999;-999;-999;1.23;0.04;1.32;0.04;0.93;0.04;1.008;0.035;1.06;0.04;0.95;0.05;-999;0
GBOV_RM7_619;DisneyWildernessPreserve;Courtney Meier;cmeier@battelleecology.org;support-copernicus-gbov@acri-st.fr;NEON;15;Woody Savannas;28.1250400543213;-81.43625;20190813T153000Z;2.0;DSNY_066;-999;-999;-999;-999;-999;-999;-999;-999;-999;-999;-999;-999;1.27;0.05;1.41;0.05;0.90;0.05;0.94;0.05;1.01;0.05;0.93;0.07;-999;0
GBOV_RM7_619;DisneyWildernessPreserve;Courtney Meier;cmeier@battelleecology.org;support-copernicus-gbov@acri-st.fr;NEON;15;Woody Savannas;28.1250400543213;-81.43625;20190828T110900Z;2.0;DSNY_066;-999;-999;-999;-999;-999;-999;-999;-999;-999;-999;-999;-999;0.740;0.030;0.805;0.034;0.92;0.05;0.552;0.032;0.59;0.04;0.93;0.08;-999;0
GBOV_RM7_619;DisneyWildernessPreserve;Courtney Meier;cmeier@battelleecology.org;support-copernicus-gbov@acri-st.fr;NEON;15;Woody Savannas;28.1250400543213;-81.43625;20190909T140500Z;2.0;DSNY_066;-999;-999;-999;-999;-999;-999;-999;-999;-999;-999;-999;-999;1.017;0.033;1.10;0.04;0.92;0.04;0.761;0.031;0.81;0.04;0.94;0.06;-999;0
GBOV_RM7_619;DisneyWildernessPreserve;Courtney Meier;cmeier@battelleecology.org;support-copernicus-gbov@acri-st.fr;NEON;15;Woody Savannas;28.1250400543213;-81.43625;20190924T131200Z;2.0;DSNY_066;-999;-999;-999;-999;-999;-999;-999;-999;-999;-999;-999;-999;0.547;0.018;0.567;0.019;0.96;0.04;0.472;0.024;0.493;0.027;0.96;0.07;-999;0
GBOV_RM7_619;DisneyWildernessPreserve;Courtney Meier;cmeier@battelleecology.org;support-copernicus-gbov@acri-st.fr;NEON;15;Woody Savannas;28.1250400543213;-81.43625;20191008T131600Z;2.0;DSNY_066;-999;-999;-999;-999;-999;-999;-999;-999;-999;-999;-999;-999;0.560;0.022;0.594;0.025;0.94;0.05;0.443;0.028;0.469;0.033;0.94;0.09;-999;0
GBOV_RM7_619;DisneyWildernessPreserve;Courtney Meier;cmeier@battelleecology.org;support-copernicus-gbov@acri-st.fr;NEON;15;Woody Savannas;28.1250400543213;-81.43625;20191022T125600Z;2.0;DSNY_066;-999;-999;-999;-999;-999;-999;-999;-999;-999;-999;-999;-999;0.298;0.013;0.308;0.014;0.97;0.06;0.235;0.019;0.242;0.020;0.97;0.11;-999;0
GBOV_RM7_619;DisneyWildernessPreserve;Courtney Meier;cmeier@battelleecology.org;support-copernicus-gbov@acri-st.fr;NEON;15;Woody Savannas;28.1250400543213;-81.43625;20191105T130500Z;2.0;DSNY_066;-999;-999;-999;-999;-999;-999;-999;-999;-999;-999;-999;-999;0.267;0.011;0.276;0.011;0.97;0.05;0.194;0.011;0.199;0.012;0.97;0.08;-999;0
GBOV_RM7_619;DisneyWildernessPreserve;Courtney Meier;cmeier@battelleecology.org;support-copernicus-gbov@acri-st.fr;NEON;15;Woody Savannas;28.1250400543213;-81.43625;20191203T133000Z;2.0;DSNY_066;-999;-999;-999;-999;-999;-999;-999;-999;-999;-999;-999;-999;0.134;0.006;0.137;0.006;0.98;0.06;0.110;0.008;0.112;0.009;0.98;0.11;-999;0
