GBOV_ID;Site;GROUND_DATA_PI;GROUND_DATA_PIs_Email;GBOV_Email;Network;Elevation;IGBP_class;Lat_IS;Lon_IS;TIME_IS;Version;PLOT_ID;LAIe_Miller_up;LAIe_Miller_up_err;LAI_Miller_up;LAI_Miller_up_err;clumping_Miller_up;clumping_Miller_up_err;LAIe_Warren_up;LAIe_Warren_up_err;LAI_Warren_up;LAI_Warren_up_err;clumping_Warren_up;clumping_Warren_up_err;LAIe_Miller_down;LAIe_Miller_down_err;LAI_Miller_down;LAI_Miller_down_err;clumping_Miller_down;clumping_Miller_down_err;LAIe_Warren_down;LAIe_Warren_down_err;LAI_Warren_down;LAI_Warren_down_err;clumping_Warren_down;clumping_Warren_down_err;up_flag;down_flag
GBOV_RM7_535;Underc;Courtney Meier;cmeier@battelleecology.org;support-copernicus-gbov@acri-st.fr;NEON;518;Mixed Forest;46.233959;-89.53751;20140520T000000Z;2.0;UNDE_053;0.76;0.04;1.17;0.09;0.65;0.06;0.67;0.05;0.98;0.12;0.69;0.10;0.097;0.008;0.104;0.009;0.93;0.11;0.083;0.012;0.088;0.013;0.95;0.20;0;16
GBOV_RM7_535;Underc;Courtney Meier;cmeier@battelleecology.org;support-copernicus-gbov@acri-st.fr;NEON;518;Mixed Forest;46.233959;-89.53751;20140603T000000Z;2.0;UNDE_053;3.28;0.11;4.78;0.14;0.687;0.031;2.36;0.10;3.66;0.15;0.64;0.04;1.28;0.06;1.63;0.11;0.78;0.06;0.94;0.08;1.09;0.11;0.86;0.11;0;16
GBOV_RM7_535;Underc;Courtney Meier;cmeier@battelleecology.org;support-copernicus-gbov@acri-st.fr;NEON;518;Mixed Forest;46.233959;-89.53751;20140616T000000Z;2.0;UNDE_053;3.85;0.13;5.76;0.16;0.668;0.029;2.97;0.15;4.59;0.17;0.65;0.04;1.45;0.08;1.91;0.10;0.76;0.06;0.96;0.10;1.17;0.11;0.82;0.11;0;0
GBOV_RM7_535;Underc;Courtney Meier;cmeier@battelleecology.org;support-copernicus-gbov@acri-st.fr;NEON;518;Mixed Forest;46.233959;-89.53751;20140630T000000Z;2.0;UNDE_053;3.20;0.10;4.77;0.13;0.672;0.028;2.56;0.12;4.14;0.17;0.62;0.04;1.21;0.07;1.63;0.09;0.74;0.06;0.99;0.09;1.31;0.12;0.76;0.09;0;32
GBOV_RM7_535;Underc;Courtney Meier;cmeier@battelleecology.org;support-copernicus-gbov@acri-st.fr;NEON;518;Mixed Forest;46.233959;-89.53751;20140715T000000Z;2.0;UNDE_053;3.66;0.11;5.42;0.16;0.676;0.029;2.92;0.14;4.52;0.19;0.65;0.04;1.25;0.10;1.76;0.11;0.71;0.07;0.91;0.13;1.23;0.15;0.74;0.14;0;16
GBOV_RM7_535;Underc;Courtney Meier;cmeier@battelleecology.org;support-copernicus-gbov@acri-st.fr;NEON;518;Mixed Forest;46.233959;-89.53751;20140729T000000Z;2.0;UNDE_053;-999;-999;-999;-999;-999;-999;-999;-999;-999;-999;-999;-999;1.14;0.09;1.61;0.13;0.71;0.08;0.90;0.12;1.26;0.17;0.72;0.13;-999;16
GBOV_RM7_535;Underc;Courtney Meier;cmeier@battelleecology.org;support-copernicus-gbov@acri-st.fr;NEON;518;Mixed Forest;46.233959;-89.53751;20150430T000000Z;2.0;UNDE_053;0.672;0.026;1.01;0.06;0.67;0.05;0.68;0.04;1.14;0.10;0.60;0.07;0.080;0.005;0.084;0.006;0.96;0.09;0.069;0.005;0.071;0.005;0.98;0.11;8;16
GBOV_RM7_535;Underc;Courtney Meier;cmeier@battelleecology.org;support-copernicus-gbov@acri-st.fr;NEON;518;Mixed Forest;46.233959;-89.53751;20150512T000000Z;2.0;UNDE_053;0.802;0.033;1.16;0.07;0.69;0.05;0.88;0.05;1.28;0.12;0.69;0.08;0.122;0.008;0.129;0.009;0.94;0.09;0.103;0.010;0.107;0.011;0.96;0.14;0;0
GBOV_RM7_535;Underc;Courtney Meier;cmeier@battelleecology.org;support-copernicus-gbov@acri-st.fr;NEON;518;Mixed Forest;46.233959;-89.53751;20150526T000000Z;2.0;UNDE_053;2.56;0.08;3.57;0.12;0.718;0.032;2.10;0.09;3.06;0.13;0.68;0.04;0.51;0.04;0.63;0.06;0.81;0.10;0.40;0.06;0.48;0.10;0.83;0.22;0;0
GBOV_RM7_535;Underc;Courtney Meier;cmeier@battelleecology.org;support-copernicus-gbov@acri-st.fr;NEON;518;Mixed Forest;46.233959;-89.53751;20150610T000000Z;2.0;UNDE_053;3.63;0.11;5.42;0.14;0.669;0.028;2.74;0.12;4.25;0.16;0.64;0.04;-999;-999;-999;-999;-999;-999;-999;-999;-999;-999;-999;-999;8;-999
GBOV_RM7_535;Underc;Courtney Meier;cmeier@battelleecology.org;support-copernicus-gbov@acri-st.fr;NEON;518;Mixed Forest;46.233959;-89.53751;20150624T000000Z;2.0;UNDE_053;3.54;0.11;5.22;0.14;0.679;0.028;2.75;0.14;4.30;0.16;0.64;0.04;0.83;0.05;1.01;0.07;0.82;0.08;0.66;0.07;0.79;0.08;0.83;0.12;8;32
GBOV_RM7_535;Underc;Courtney Meier;cmeier@battelleecology.org;support-copernicus-gbov@acri-st.fr;NEON;518;Mixed Forest;46.233959;-89.53751;20150706T000000Z;2.0;UNDE_053;3.64;0.11;5.19;0.14;0.702;0.029;2.92;0.16;4.41;0.15;0.66;0.04;0.744;0.029;0.819;0.035;0.91;0.05;0.550;0.027;0.589;0.033;0.93;0.07;8;8
GBOV_RM7_535;Underc;Courtney Meier;cmeier@battelleecology.org;support-copernicus-gbov@acri-st.fr;NEON;518;Mixed Forest;46.233959;-89.53751;20150722T000000Z;2.0;UNDE_053;3.77;0.12;5.75;0.15;0.655;0.027;2.74;0.14;4.40;0.17;0.62;0.04;0.73;0.06;1.00;0.09;0.72;0.09;0.55;0.10;0.79;0.15;0.69;0.19;0;0
GBOV_RM7_535;Underc;Courtney Meier;cmeier@battelleecology.org;support-copernicus-gbov@acri-st.fr;NEON;518;Mixed Forest;46.233959;-89.53751;20150805T000000Z;2.0;UNDE_053;3.79;0.12;5.66;0.16;0.669;0.029;2.72;0.12;4.19;0.17;0.65;0.04;0.76;0.05;0.94;0.06;0.80;0.07;0.65;0.08;0.77;0.09;0.85;0.14;0;16
GBOV_RM7_535;Underc;Courtney Meier;cmeier@battelleecology.org;support-copernicus-gbov@acri-st.fr;NEON;518;Mixed Forest;46.233959;-89.53751;20150817T000000Z;2.0;UNDE_053;3.48;0.11;4.99;0.14;0.697;0.029;2.85;0.13;4.23;0.17;0.67;0.04;0.61;0.05;0.76;0.06;0.80;0.09;0.42;0.07;0.53;0.09;0.79;0.19;0;0
