GBOV_ID;Site;GROUND_DATA_PI;GROUND_DATA_PIs_Email;GBOV_Email;Network;Elevation;IGBP_class;Lat_IS;Lon_IS;TIME_IS;Version;PLOT_ID;LAIe_Miller_up;LAIe_Miller_up_err;LAI_Miller_up;LAI_Miller_up_err;clumping_Miller_up;clumping_Miller_up_err;LAIe_Warren_up;LAIe_Warren_up_err;LAI_Warren_up;LAI_Warren_up_err;clumping_Warren_up;clumping_Warren_up_err;LAIe_Miller_down;LAIe_Miller_down_err;LAI_Miller_down;LAI_Miller_down_err;clumping_Miller_down;clumping_Miller_down_err;LAIe_Warren_down;LAIe_Warren_down_err;LAI_Warren_down;LAI_Warren_down_err;clumping_Warren_down;clumping_Warren_down_err;up_flag;down_flag
GBOV_RM7_672;NiwotRidgeMountainResearchStation;Katherine N. Suding;suding@colorado.edu;support-copernicus-gbov@acri-st.fr;NEON;3050;Evergreen Needleleaf;40.0543;-105.58245;20150714T000000Z;2.0;NIWO_060;-999;-999;-999;-999;-999;-999;-999;-999;-999;-999;-999;-999;0.191;0.009;0.195;0.009;0.98;0.06;0.176;0.016;0.182;0.017;0.97;0.13;-999;0
GBOV_RM7_672;NiwotRidgeMountainResearchStation;Katherine N. Suding;suding@colorado.edu;support-copernicus-gbov@acri-st.fr;NEON;3050;Evergreen Needleleaf;40.0543;-105.58245;20150728T000000Z;2.0;NIWO_060;-999;-999;-999;-999;-999;-999;-999;-999;-999;-999;-999;-999;0.110;0.006;0.113;0.006;0.98;0.07;0.110;0.008;0.112;0.008;0.98;0.10;-999;0
GBOV_RM7_672;NiwotRidgeMountainResearchStation;Katherine N. Suding;suding@colorado.edu;support-copernicus-gbov@acri-st.fr;NEON;3050;Evergreen Needleleaf;40.0543;-105.58245;20150814T000000Z;2.0;NIWO_060;-999;-999;-999;-999;-999;-999;-999;-999;-999;-999;-999;-999;0.134;0.005;0.135;0.005;0.99;0.05;0.136;0.007;0.138;0.007;0.99;0.07;-999;0
GBOV_RM7_672;NiwotRidgeMountainResearchStation;Katherine N. Suding;suding@colorado.edu;support-copernicus-gbov@acri-st.fr;NEON;3050;Evergreen Needleleaf;40.0543;-105.58245;20150828T000000Z;2.0;NIWO_060;-999;-999;-999;-999;-999;-999;-999;-999;-999;-999;-999;-999;0.0473;0.0016;0.0475;0.0016;1.00;0.05;0.0552;0.0028;0.0555;0.0029;1.00;0.07;-999;0
GBOV_RM7_672;NiwotRidgeMountainResearchStation;Katherine N. Suding;suding@colorado.edu;support-copernicus-gbov@acri-st.fr;NEON;3050;Evergreen Needleleaf;40.0543;-105.58245;20150911T000000Z;2.0;NIWO_060;-999;-999;-999;-999;-999;-999;-999;-999;-999;-999;-999;-999;0.0404;0.0014;0.0405;0.0014;1.00;0.05;0.0489;0.0026;0.0492;0.0026;0.99;0.08;-999;0
GBOV_RM7_672;NiwotRidgeMountainResearchStation;Katherine N. Suding;suding@colorado.edu;support-copernicus-gbov@acri-st.fr;NEON;3050;Evergreen Needleleaf;40.0543;-105.58245;20150925T000000Z;2.0;NIWO_060;-999;-999;-999;-999;-999;-999;-999;-999;-999;-999;-999;-999;0.0335;0.0011;0.0336;0.0011;1.00;0.05;0.0512;0.0024;0.0514;0.0024;1.00;0.07;-999;0
GBOV_RM7_672;NiwotRidgeMountainResearchStation;Katherine N. Suding;suding@colorado.edu;support-copernicus-gbov@acri-st.fr;NEON;3050;Evergreen Needleleaf;40.0543;-105.58245;20151009T000000Z;2.0;NIWO_060;-999;-999;-999;-999;-999;-999;-999;-999;-999;-999;-999;-999;0.0807;0.0021;0.0810;0.0021;1.00;0.04;0.0825;0.0035;0.0830;0.0035;0.99;0.06;-999;0
GBOV_RM7_672;NiwotRidgeMountainResearchStation;Katherine N. Suding;suding@colorado.edu;support-copernicus-gbov@acri-st.fr;NEON;3050;Evergreen Needleleaf;40.0543;-105.58245;20160624T000000Z;2.0;NIWO_060;-999;-999;-999;-999;-999;-999;-999;-999;-999;-999;-999;-999;0.136;0.007;0.139;0.007;0.98;0.07;0.108;0.007;0.110;0.008;0.99;0.10;-999;0
GBOV_RM7_672;NiwotRidgeMountainResearchStation;Katherine N. Suding;suding@colorado.edu;support-copernicus-gbov@acri-st.fr;NEON;3050;Evergreen Needleleaf;40.0543;-105.58245;20160708T000000Z;2.0;NIWO_060;-999;-999;-999;-999;-999;-999;-999;-999;-999;-999;-999;-999;0.135;0.005;0.137;0.006;0.99;0.06;0.156;0.009;0.159;0.009;0.99;0.08;-999;0
GBOV_RM7_672;NiwotRidgeMountainResearchStation;Katherine N. Suding;suding@colorado.edu;support-copernicus-gbov@acri-st.fr;NEON;3050;Evergreen Needleleaf;40.0543;-105.58245;20160722T000000Z;2.0;NIWO_060;-999;-999;-999;-999;-999;-999;-999;-999;-999;-999;-999;-999;0.122;0.006;0.124;0.007;0.99;0.07;0.139;0.011;0.140;0.011;0.99;0.11;-999;0
GBOV_RM7_672;NiwotRidgeMountainResearchStation;Katherine N. Suding;suding@colorado.edu;support-copernicus-gbov@acri-st.fr;NEON;3050;Evergreen Needleleaf;40.0543;-105.58245;20160808T000000Z;2.0;NIWO_060;-999;-999;-999;-999;-999;-999;-999;-999;-999;-999;-999;-999;0.0749;0.0028;0.0755;0.0028;0.99;0.05;0.081;0.006;0.083;0.007;0.98;0.11;-999;0
GBOV_RM7_672;NiwotRidgeMountainResearchStation;Katherine N. Suding;suding@colorado.edu;support-copernicus-gbov@acri-st.fr;NEON;3050;Evergreen Needleleaf;40.0543;-105.58245;20160907T000000Z;2.0;NIWO_060;-999;-999;-999;-999;-999;-999;-999;-999;-999;-999;-999;-999;0.0425;0.0012;0.0426;0.0012;1.00;0.04;0.0398;0.0020;0.0400;0.0020;0.99;0.07;-999;0
GBOV_RM7_672;NiwotRidgeMountainResearchStation;Katherine N. Suding;suding@colorado.edu;support-copernicus-gbov@acri-st.fr;NEON;3050;Evergreen Needleleaf;40.0543;-105.58245;20160916T000000Z;2.0;NIWO_060;-999;-999;-999;-999;-999;-999;-999;-999;-999;-999;-999;-999;0.0405;0.0012;0.0406;0.0012;1.00;0.04;0.0606;0.0025;0.0609;0.0025;1.00;0.06;-999;0
GBOV_RM7_672;NiwotRidgeMountainResearchStation;Katherine N. Suding;suding@colorado.edu;support-copernicus-gbov@acri-st.fr;NEON;3050;Evergreen Needleleaf;40.0543;-105.58245;20160930T000000Z;2.0;NIWO_060;-999;-999;-999;-999;-999;-999;-999;-999;-999;-999;-999;-999;0.0172;0.0005;0.0172;0.0005;1.00;0.04;0.0295;0.0012;0.0296;0.0012;1.00;0.06;-999;0
GBOV_RM7_672;NiwotRidgeMountainResearchStation;Katherine N. Suding;suding@colorado.edu;support-copernicus-gbov@acri-st.fr;NEON;3050;Evergreen Needleleaf;40.0543;-105.58245;20170605T000000Z;2.0;NIWO_060;-999;-999;-999;-999;-999;-999;-999;-999;-999;-999;-999;-999;0.0410;0.0015;0.0412;0.0015;1.00;0.05;0.0558;0.0024;0.0559;0.0024;1.00;0.06;-999;0
GBOV_RM7_672;NiwotRidgeMountainResearchStation;Katherine N. Suding;suding@colorado.edu;support-copernicus-gbov@acri-st.fr;NEON;3050;Evergreen Needleleaf;40.0543;-105.58245;20170616T000000Z;2.0;NIWO_060;-999;-999;-999;-999;-999;-999;-999;-999;-999;-999;-999;-999;0.110;0.006;0.111;0.006;0.99;0.07;0.105;0.010;0.106;0.010;0.99;0.13;-999;0
GBOV_RM7_672;NiwotRidgeMountainResearchStation;Katherine N. Suding;suding@colorado.edu;support-copernicus-gbov@acri-st.fr;NEON;3050;Evergreen Needleleaf;40.0543;-105.58245;20170630T000000Z;2.0;NIWO_060;-999;-999;-999;-999;-999;-999;-999;-999;-999;-999;-999;-999;0.112;0.004;0.113;0.004;0.99;0.05;0.134;0.006;0.135;0.006;0.99;0.06;-999;0
GBOV_RM7_672;NiwotRidgeMountainResearchStation;Katherine N. Suding;suding@colorado.edu;support-copernicus-gbov@acri-st.fr;NEON;3050;Evergreen Needleleaf;40.0543;-105.58245;20170714T000000Z;2.0;NIWO_060;-999;-999;-999;-999;-999;-999;-999;-999;-999;-999;-999;-999;0.111;0.004;0.113;0.004;0.98;0.05;0.113;0.006;0.114;0.006;0.99;0.07;-999;0
GBOV_RM7_672;NiwotRidgeMountainResearchStation;Katherine N. Suding;suding@colorado.edu;support-copernicus-gbov@acri-st.fr;NEON;3050;Evergreen Needleleaf;40.0543;-105.58245;20170728T000000Z;2.0;NIWO_060;-999;-999;-999;-999;-999;-999;-999;-999;-999;-999;-999;-999;0.148;0.005;0.150;0.005;0.99;0.05;0.158;0.009;0.160;0.009;0.99;0.08;-999;0
GBOV_RM7_672;NiwotRidgeMountainResearchStation;Katherine N. Suding;suding@colorado.edu;support-copernicus-gbov@acri-st.fr;NEON;3050;Evergreen Needleleaf;40.0543;-105.58245;20170811T000000Z;2.0;NIWO_060;-999;-999;-999;-999;-999;-999;-999;-999;-999;-999;-999;-999;0.147;0.004;0.147;0.004;0.99;0.04;0.161;0.006;0.162;0.006;0.99;0.05;-999;0
GBOV_RM7_672;NiwotRidgeMountainResearchStation;Katherine N. Suding;suding@colorado.edu;support-copernicus-gbov@acri-st.fr;NEON;3050;Evergreen Needleleaf;40.0543;-105.58245;20170825T000000Z;2.0;NIWO_060;-999;-999;-999;-999;-999;-999;-999;-999;-999;-999;-999;-999;0.0727;0.0021;0.0730;0.0021;1.00;0.04;0.0731;0.0032;0.0734;0.0033;1.00;0.06;-999;0
GBOV_RM7_672;NiwotRidgeMountainResearchStation;Katherine N. Suding;suding@colorado.edu;support-copernicus-gbov@acri-st.fr;NEON;3050;Evergreen Needleleaf;40.0543;-105.58245;20170908T000000Z;2.0;NIWO_060;-999;-999;-999;-999;-999;-999;-999;-999;-999;-999;-999;-999;0.0310;0.0010;0.0310;0.0010;1.00;0.05;0.0378;0.0018;0.0379;0.0018;1.00;0.07;-999;0
GBOV_RM7_672;NiwotRidgeMountainResearchStation;Katherine N. Suding;suding@colorado.edu;support-copernicus-gbov@acri-st.fr;NEON;3050;Evergreen Needleleaf;40.0543;-105.58245;20170922T000000Z;2.0;NIWO_060;-999;-999;-999;-999;-999;-999;-999;-999;-999;-999;-999;-999;0.0336;0.0010;0.0337;0.0010;1.00;0.04;0.0417;0.0018;0.0418;0.0018;1.00;0.06;-999;0
GBOV_RM7_672;NiwotRidgeMountainResearchStation;Katherine N. Suding;suding@colorado.edu;support-copernicus-gbov@acri-st.fr;NEON;3050;Evergreen Needleleaf;40.0543;-105.58245;20180525T000000Z;2.0;NIWO_060;-999;-999;-999;-999;-999;-999;-999;-999;-999;-999;-999;-999;0.0679;0.0020;0.0684;0.0020;0.99;0.04;0.0904;0.0032;0.0909;0.0032;0.99;0.05;-999;0
GBOV_RM7_672;NiwotRidgeMountainResearchStation;Katherine N. Suding;suding@colorado.edu;support-copernicus-gbov@acri-st.fr;NEON;3050;Evergreen Needleleaf;40.0543;-105.58245;20180608T000000Z;2.0;NIWO_060;-999;-999;-999;-999;-999;-999;-999;-999;-999;-999;-999;-999;0.113;0.004;0.114;0.004;0.99;0.05;0.136;0.006;0.137;0.006;0.99;0.07;-999;0
GBOV_RM7_672;NiwotRidgeMountainResearchStation;Katherine N. Suding;suding@colorado.edu;support-copernicus-gbov@acri-st.fr;NEON;3050;Evergreen Needleleaf;40.0543;-105.58245;20180622T000000Z;2.0;NIWO_060;-999;-999;-999;-999;-999;-999;-999;-999;-999;-999;-999;-999;0.110;0.004;0.111;0.004;0.99;0.06;0.132;0.009;0.134;0.010;0.98;0.10;-999;0
GBOV_RM7_672;NiwotRidgeMountainResearchStation;Katherine N. Suding;suding@colorado.edu;support-copernicus-gbov@acri-st.fr;NEON;3050;Evergreen Needleleaf;40.0543;-105.58245;20180706T000000Z;2.0;NIWO_060;-999;-999;-999;-999;-999;-999;-999;-999;-999;-999;-999;-999;0.167;0.007;0.171;0.008;0.98;0.06;0.191;0.010;0.194;0.011;0.98;0.08;-999;0
GBOV_RM7_672;NiwotRidgeMountainResearchStation;Katherine N. Suding;suding@colorado.edu;support-copernicus-gbov@acri-st.fr;NEON;3050;Evergreen Needleleaf;40.0543;-105.58245;20180720T000000Z;2.0;NIWO_060;-999;-999;-999;-999;-999;-999;-999;-999;-999;-999;-999;-999;0.0709;0.0027;0.0715;0.0028;0.99;0.05;0.075;0.005;0.077;0.007;0.97;0.11;-999;0
GBOV_RM7_672;NiwotRidgeMountainResearchStation;Katherine N. Suding;suding@colorado.edu;support-copernicus-gbov@acri-st.fr;NEON;3050;Evergreen Needleleaf;40.0543;-105.58245;20180803T000000Z;2.0;NIWO_060;-999;-999;-999;-999;-999;-999;-999;-999;-999;-999;-999;-999;0.085;0.004;0.086;0.004;0.99;0.06;0.091;0.007;0.092;0.007;0.99;0.11;-999;0
GBOV_RM7_672;NiwotRidgeMountainResearchStation;Katherine N. Suding;suding@colorado.edu;support-copernicus-gbov@acri-st.fr;NEON;3050;Evergreen Needleleaf;40.0543;-105.58245;20180817T000000Z;2.0;NIWO_060;-999;-999;-999;-999;-999;-999;-999;-999;-999;-999;-999;-999;0.0691;0.0023;0.0695;0.0023;0.99;0.05;0.087;0.005;0.088;0.005;0.99;0.07;-999;0
GBOV_RM7_672;NiwotRidgeMountainResearchStation;Katherine N. Suding;suding@colorado.edu;support-copernicus-gbov@acri-st.fr;NEON;3050;Evergreen Needleleaf;40.0543;-105.58245;20180831T000000Z;2.0;NIWO_060;-999;-999;-999;-999;-999;-999;-999;-999;-999;-999;-999;-999;0.0537;0.0024;0.0539;0.0024;1.00;0.06;0.072;0.005;0.073;0.005;0.99;0.09;-999;0
GBOV_RM7_672;NiwotRidgeMountainResearchStation;Katherine N. Suding;suding@colorado.edu;support-copernicus-gbov@acri-st.fr;NEON;3050;Evergreen Needleleaf;40.0543;-105.58245;20180914T000000Z;2.0;NIWO_060;-999;-999;-999;-999;-999;-999;-999;-999;-999;-999;-999;-999;0.0565;0.0018;0.0566;0.0018;1.00;0.04;0.077;0.004;0.078;0.004;0.99;0.07;-999;0
GBOV_RM7_672;NiwotRidgeMountainResearchStation;Katherine N. Suding;suding@colorado.edu;support-copernicus-gbov@acri-st.fr;NEON;3050;Evergreen Needleleaf;40.0543;-105.58245;20180928T000000Z;2.0;NIWO_060;-999;-999;-999;-999;-999;-999;-999;-999;-999;-999;-999;-999;0.0386;0.0011;0.0387;0.0011;1.00;0.04;0.0566;0.0027;0.0569;0.0027;0.99;0.07;-999;0
GBOV_RM7_672;NiwotRidgeMountainResearchStation;Katherine N. Suding;suding@colorado.edu;support-copernicus-gbov@acri-st.fr;NEON;3050;Evergreen Needleleaf;40.0543;-105.58245;20190531T121300Z;2.0;NIWO_060;-999;-999;-999;-999;-999;-999;-999;-999;-999;-999;-999;-999;0.0138;0.0017;0.0139;0.0017;0.99;0.17;0.024;0.005;0.025;0.005;0.99;0.28;-999;0
GBOV_RM7_672;NiwotRidgeMountainResearchStation;Katherine N. Suding;suding@colorado.edu;support-copernicus-gbov@acri-st.fr;NEON;3050;Evergreen Needleleaf;40.0543;-105.58245;20190617T125200Z;2.0;NIWO_060;-999;-999;-999;-999;-999;-999;-999;-999;-999;-999;-999;-999;0.0358;0.0030;0.0361;0.0030;0.99;0.12;0.045;0.006;0.046;0.006;0.99;0.19;-999;0
GBOV_RM7_672;NiwotRidgeMountainResearchStation;Katherine N. Suding;suding@colorado.edu;support-copernicus-gbov@acri-st.fr;NEON;3050;Evergreen Needleleaf;40.0543;-105.58245;20190701T132300Z;2.0;NIWO_060;-999;-999;-999;-999;-999;-999;-999;-999;-999;-999;-999;-999;0.086;0.005;0.088;0.005;0.98;0.09;0.105;0.011;0.108;0.013;0.97;0.15;-999;0
GBOV_RM7_672;NiwotRidgeMountainResearchStation;Katherine N. Suding;suding@colorado.edu;support-copernicus-gbov@acri-st.fr;NEON;3050;Evergreen Needleleaf;40.0543;-105.58245;20190715T134600Z;2.0;NIWO_060;-999;-999;-999;-999;-999;-999;-999;-999;-999;-999;-999;-999;0.076;0.005;0.077;0.005;0.98;0.08;0.083;0.006;0.085;0.006;0.98;0.10;-999;0
GBOV_RM7_672;NiwotRidgeMountainResearchStation;Katherine N. Suding;suding@colorado.edu;support-copernicus-gbov@acri-st.fr;NEON;3050;Evergreen Needleleaf;40.0543;-105.58245;20190729T144200Z;2.0;NIWO_060;-999;-999;-999;-999;-999;-999;-999;-999;-999;-999;-999;-999;0.095;0.004;0.096;0.004;0.99;0.06;0.113;0.006;0.114;0.006;0.99;0.08;-999;0
GBOV_RM7_672;NiwotRidgeMountainResearchStation;Katherine N. Suding;suding@colorado.edu;support-copernicus-gbov@acri-st.fr;NEON;3050;Evergreen Needleleaf;40.0543;-105.58245;20190812T111000Z;2.0;NIWO_060;-999;-999;-999;-999;-999;-999;-999;-999;-999;-999;-999;-999;0.115;0.004;0.116;0.004;0.99;0.05;0.133;0.006;0.134;0.006;0.99;0.06;-999;0
GBOV_RM7_672;NiwotRidgeMountainResearchStation;Katherine N. Suding;suding@colorado.edu;support-copernicus-gbov@acri-st.fr;NEON;3050;Evergreen Needleleaf;40.0543;-105.58245;20190827T080300Z;2.0;NIWO_060;-999;-999;-999;-999;-999;-999;-999;-999;-999;-999;-999;-999;0.150;0.004;0.151;0.004;0.99;0.04;0.165;0.005;0.166;0.005;0.99;0.04;-999;0
GBOV_RM7_672;NiwotRidgeMountainResearchStation;Katherine N. Suding;suding@colorado.edu;support-copernicus-gbov@acri-st.fr;NEON;3050;Evergreen Needleleaf;40.0543;-105.58245;20190909T112000Z;2.0;NIWO_060;-999;-999;-999;-999;-999;-999;-999;-999;-999;-999;-999;-999;0.0463;0.0021;0.0465;0.0022;1.00;0.07;0.061;0.005;0.062;0.005;0.98;0.11;-999;0
GBOV_RM7_672;NiwotRidgeMountainResearchStation;Katherine N. Suding;suding@colorado.edu;support-copernicus-gbov@acri-st.fr;NEON;3050;Evergreen Needleleaf;40.0543;-105.58245;20190923T131300Z;2.0;NIWO_060;-999;-999;-999;-999;-999;-999;-999;-999;-999;-999;-999;-999;0.0349;0.0010;0.0350;0.0010;1.00;0.04;0.0523;0.0024;0.0526;0.0024;0.99;0.06;-999;0
