GBOV_ID;Site;GROUND_DATA_PI;GROUND_DATA_PIs_Email;GBOV_Email;Network;Elevation;IGBP_class;Lat_IS;Lon_IS;TIME_IS;Version;PLOT_ID;LAIe_Miller_up;LAIe_Miller_up_err;LAI_Miller_up;LAI_Miller_up_err;clumping_Miller_up;clumping_Miller_up_err;LAIe_Warren_up;LAIe_Warren_up_err;LAI_Warren_up;LAI_Warren_up_err;clumping_Warren_up;clumping_Warren_up_err;LAIe_Miller_down;LAIe_Miller_down_err;LAI_Miller_down;LAI_Miller_down_err;clumping_Miller_down;clumping_Miller_down_err;LAIe_Warren_down;LAIe_Warren_down_err;LAI_Warren_down;LAI_Warren_down_err;clumping_Warren_down;clumping_Warren_down_err;up_flag;down_flag
GBOV_RM7_1055;Underc;Courtney Meier;cmeier@battelleecology.org;support-copernicus-gbov@acri-st.fr;NEON;518;Mixed Forest;46.233959;-89.53751;20150902T000000Z;2.0;UNDE_045;3.10;0.09;3.96;0.11;0.783;0.032;2.62;0.13;3.61;0.18;0.72;0.05;0.62;0.05;0.80;0.07;0.78;0.09;0.47;0.07;0.58;0.10;0.80;0.18;32;0
GBOV_RM7_1055;Underc;Courtney Meier;cmeier@battelleecology.org;support-copernicus-gbov@acri-st.fr;NEON;518;Mixed Forest;46.233959;-89.53751;20150915T000000Z;2.0;UNDE_045;2.72;0.08;3.58;0.11;0.760;0.033;2.30;0.10;3.27;0.14;0.70;0.04;1.00;0.05;1.16;0.07;0.86;0.07;0.74;0.07;0.86;0.09;0.87;0.12;0;0
GBOV_RM7_1055;Underc;Courtney Meier;cmeier@battelleecology.org;support-copernicus-gbov@acri-st.fr;NEON;518;Mixed Forest;46.233959;-89.53751;20150930T000000Z;2.0;UNDE_045;3.00;0.09;3.97;0.11;0.754;0.031;2.31;0.11;3.17;0.14;0.73;0.05;0.78;0.04;0.87;0.05;0.90;0.06;0.59;0.04;0.64;0.06;0.91;0.10;0;0
GBOV_RM7_1055;Underc;Courtney Meier;cmeier@battelleecology.org;support-copernicus-gbov@acri-st.fr;NEON;518;Mixed Forest;46.233959;-89.53751;20151015T000000Z;2.0;UNDE_045;1.07;0.04;1.49;0.06;0.72;0.04;1.04;0.06;1.59;0.12;0.66;0.06;0.034;0.004;0.036;0.004;0.95;0.16;0.028;0.008;0.030;0.008;0.9;0.4;0;0
GBOV_RM7_1055;Underc;Courtney Meier;cmeier@battelleecology.org;support-copernicus-gbov@acri-st.fr;NEON;518;Mixed Forest;46.233959;-89.53751;20151027T000000Z;2.0;UNDE_045;0.562;0.022;0.70;0.04;0.81;0.06;0.585;0.034;0.79;0.08;0.74;0.09;0.035;0.005;0.040;0.006;0.89;0.19;0.033;0.010;0.040;0.016;0.8;0.4;0;0
GBOV_RM7_1055;Underc;Courtney Meier;cmeier@battelleecology.org;support-copernicus-gbov@acri-st.fr;NEON;518;Mixed Forest;46.233959;-89.53751;20160510T000000Z;2.0;UNDE_045;0.560;0.016;0.661;0.028;0.85;0.04;0.670;0.034;0.82;0.06;0.81;0.07;0.070;0.005;0.072;0.006;0.96;0.10;0.095;0.014;0.099;0.017;0.95;0.21;0;0
GBOV_RM7_1055;Underc;Courtney Meier;cmeier@battelleecology.org;support-copernicus-gbov@acri-st.fr;NEON;518;Mixed Forest;46.233959;-89.53751;20160523T000000Z;2.0;UNDE_045;1.32;0.05;1.68;0.06;0.79;0.04;1.44;0.06;1.99;0.13;0.72;0.06;0.336;0.024;0.383;0.028;0.88;0.09;0.29;0.04;0.36;0.06;0.81;0.18;0;0
GBOV_RM7_1055;Underc;Courtney Meier;cmeier@battelleecology.org;support-copernicus-gbov@acri-st.fr;NEON;518;Mixed Forest;46.233959;-89.53751;20160607T000000Z;2.0;UNDE_045;2.79;0.09;3.61;0.11;0.775;0.034;2.45;0.10;3.25;0.12;0.75;0.04;0.93;0.05;1.16;0.06;0.80;0.06;0.75;0.08;0.91;0.11;0.83;0.13;0;0
GBOV_RM7_1055;Underc;Courtney Meier;cmeier@battelleecology.org;support-copernicus-gbov@acri-st.fr;NEON;518;Mixed Forest;46.233959;-89.53751;20160621T000000Z;2.0;UNDE_045;3.19;0.10;4.24;0.13;0.753;0.033;2.43;0.12;3.44;0.17;0.71;0.05;1.01;0.04;1.08;0.05;0.93;0.06;0.73;0.06;0.78;0.07;0.94;0.11;0;8
GBOV_RM7_1055;Underc;Courtney Meier;cmeier@battelleecology.org;support-copernicus-gbov@acri-st.fr;NEON;518;Mixed Forest;46.233959;-89.53751;20160706T000000Z;2.0;UNDE_045;3.24;0.10;4.25;0.13;0.762;0.032;2.39;0.12;3.39;0.14;0.70;0.05;1.49;0.06;1.82;0.09;0.82;0.05;1.11;0.06;1.30;0.09;0.85;0.08;0;0
GBOV_RM7_1055;Underc;Courtney Meier;cmeier@battelleecology.org;support-copernicus-gbov@acri-st.fr;NEON;518;Mixed Forest;46.233959;-89.53751;20160720T000000Z;2.0;UNDE_045;3.27;0.10;4.29;0.13;0.762;0.033;2.55;0.11;3.47;0.15;0.74;0.05;1.10;0.06;1.44;0.09;0.77;0.06;0.95;0.08;1.13;0.10;0.85;0.10;0;16
GBOV_RM7_1055;Underc;Courtney Meier;cmeier@battelleecology.org;support-copernicus-gbov@acri-st.fr;NEON;518;Mixed Forest;46.233959;-89.53751;20160802T000000Z;2.0;UNDE_045;3.29;0.09;4.27;0.12;0.770;0.030;2.68;0.10;3.63;0.15;0.74;0.04;1.13;0.06;1.40;0.08;0.81;0.06;0.87;0.08;1.07;0.12;0.81;0.12;0;0
GBOV_RM7_1055;Underc;Courtney Meier;cmeier@battelleecology.org;support-copernicus-gbov@acri-st.fr;NEON;518;Mixed Forest;46.233959;-89.53751;20160819T000000Z;2.0;UNDE_045;3.27;0.10;4.40;0.13;0.743;0.031;2.62;0.13;3.82;0.19;0.69;0.05;0.91;0.06;1.19;0.08;0.76;0.07;0.75;0.07;0.93;0.10;0.81;0.11;0;0
GBOV_RM7_1055;Underc;Courtney Meier;cmeier@battelleecology.org;support-copernicus-gbov@acri-st.fr;NEON;518;Mixed Forest;46.233959;-89.53751;20160829T000000Z;2.0;UNDE_045;3.10;0.09;4.03;0.11;0.769;0.031;2.48;0.11;3.39;0.15;0.73;0.04;1.13;0.06;1.44;0.09;0.79;0.07;0.88;0.07;1.05;0.10;0.84;0.11;0;16
GBOV_RM7_1055;Underc;Courtney Meier;cmeier@battelleecology.org;support-copernicus-gbov@acri-st.fr;NEON;518;Mixed Forest;46.233959;-89.53751;20161010T000000Z;2.0;UNDE_045;1.25;0.04;1.72;0.07;0.73;0.04;1.06;0.06;1.51;0.12;0.70;0.07;0.200;0.017;0.230;0.021;0.87;0.11;0.157;0.028;0.20;0.06;0.76;0.25;0;0
GBOV_RM7_1055;Underc;Courtney Meier;cmeier@battelleecology.org;support-copernicus-gbov@acri-st.fr;NEON;518;Mixed Forest;46.233959;-89.53751;20170510T000000Z;2.0;UNDE_045;0.514;0.015;0.603;0.023;0.85;0.04;0.609;0.029;0.81;0.07;0.76;0.08;0.055;0.005;0.058;0.006;0.95;0.12;0.062;0.008;0.064;0.010;0.97;0.20;0;0
GBOV_RM7_1055;Underc;Courtney Meier;cmeier@battelleecology.org;support-copernicus-gbov@acri-st.fr;NEON;518;Mixed Forest;46.233959;-89.53751;20170523T000000Z;2.0;UNDE_045;0.708;0.023;0.850;0.035;0.83;0.04;0.86;0.04;1.11;0.09;0.77;0.08;0.194;0.013;0.213;0.015;0.91;0.09;0.157;0.022;0.179;0.029;0.88;0.19;0;0
GBOV_RM7_1055;Underc;Courtney Meier;cmeier@battelleecology.org;support-copernicus-gbov@acri-st.fr;NEON;518;Mixed Forest;46.233959;-89.53751;20170606T000000Z;2.0;UNDE_045;2.40;0.08;3.34;0.11;0.719;0.034;2.11;0.09;2.93;0.13;0.72;0.05;1.51;0.07;1.91;0.10;0.79;0.05;1.10;0.07;1.31;0.12;0.84;0.09;0;0
GBOV_RM7_1055;Underc;Courtney Meier;cmeier@battelleecology.org;support-copernicus-gbov@acri-st.fr;NEON;518;Mixed Forest;46.233959;-89.53751;20170619T000000Z;2.0;UNDE_045;3.16;0.09;4.19;0.13;0.753;0.032;2.81;0.13;3.96;0.19;0.71;0.05;1.31;0.08;1.93;0.14;0.68;0.06;0.89;0.09;1.22;0.14;0.73;0.11;0;0
GBOV_RM7_1055;Underc;Courtney Meier;cmeier@battelleecology.org;support-copernicus-gbov@acri-st.fr;NEON;518;Mixed Forest;46.233959;-89.53751;20170705T000000Z;2.0;UNDE_045;3.50;0.10;4.79;0.14;0.732;0.030;3.13;0.14;4.44;0.19;0.71;0.04;1.17;0.08;1.73;0.13;0.68;0.07;0.77;0.09;1.17;0.20;0.66;0.14;0;0
GBOV_RM7_1055;Underc;Courtney Meier;cmeier@battelleecology.org;support-copernicus-gbov@acri-st.fr;NEON;518;Mixed Forest;46.233959;-89.53751;20170718T000000Z;2.0;UNDE_045;3.40;0.10;4.58;0.12;0.742;0.029;2.96;0.13;4.13;0.14;0.72;0.04;1.06;0.07;1.52;0.11;0.70;0.07;0.71;0.08;0.99;0.13;0.72;0.13;0;0
GBOV_RM7_1055;Underc;Courtney Meier;cmeier@battelleecology.org;support-copernicus-gbov@acri-st.fr;NEON;518;Mixed Forest;46.233959;-89.53751;20170801T000000Z;2.0;UNDE_045;3.41;0.10;4.61;0.13;0.740;0.031;2.99;0.14;4.30;0.18;0.69;0.04;1.05;0.08;1.53;0.13;0.69;0.08;0.75;0.09;1.04;0.17;0.72;0.15;0;8
GBOV_RM7_1055;Underc;Courtney Meier;cmeier@battelleecology.org;support-copernicus-gbov@acri-st.fr;NEON;518;Mixed Forest;46.233959;-89.53751;20170815T000000Z;2.0;UNDE_045;3.23;0.09;4.26;0.12;0.760;0.031;2.91;0.13;4.07;0.18;0.72;0.04;1.15;0.07;1.56;0.11;0.74;0.07;0.79;0.07;1.02;0.13;0.78;0.12;0;0
GBOV_RM7_1055;Underc;Courtney Meier;cmeier@battelleecology.org;support-copernicus-gbov@acri-st.fr;NEON;518;Mixed Forest;46.233959;-89.53751;20170913T000000Z;2.0;UNDE_045;3.29;0.10;4.38;0.12;0.751;0.030;2.56;0.10;3.65;0.15;0.70;0.04;1.04;0.07;1.37;0.10;0.76;0.07;0.84;0.08;1.10;0.14;0.77;0.13;0;0
GBOV_RM7_1055;Underc;Courtney Meier;cmeier@battelleecology.org;support-copernicus-gbov@acri-st.fr;NEON;518;Mixed Forest;46.233959;-89.53751;20170926T000000Z;2.0;UNDE_045;2.38;0.07;3.15;0.09;0.755;0.033;2.20;0.11;3.20;0.13;0.69;0.04;0.46;0.04;0.58;0.05;0.79;0.09;0.33;0.05;0.41;0.08;0.79;0.19;0;0
GBOV_RM7_1055;Underc;Courtney Meier;cmeier@battelleecology.org;support-copernicus-gbov@acri-st.fr;NEON;518;Mixed Forest;46.233959;-89.53751;20171012T000000Z;2.0;UNDE_045;1.59;0.05;2.22;0.07;0.717;0.033;1.49;0.08;2.24;0.13;0.67;0.05;0.221;0.019;0.256;0.023;0.86;0.11;0.157;0.028;0.174;0.033;0.90;0.23;0;0
GBOV_RM7_1055;Underc;Courtney Meier;cmeier@battelleecology.org;support-copernicus-gbov@acri-st.fr;NEON;518;Mixed Forest;46.233959;-89.53751;20180508T000000Z;2.0;UNDE_045;0.589;0.018;0.745;0.029;0.79;0.04;0.656;0.034;0.91;0.07;0.72;0.07;0.042;0.008;0.050;0.011;0.85;0.25;0.025;0.009;0.027;0.011;0.9;0.5;0;0
GBOV_RM7_1055;Underc;Courtney Meier;cmeier@battelleecology.org;support-copernicus-gbov@acri-st.fr;NEON;518;Mixed Forest;46.233959;-89.53751;20180524T000000Z;2.0;UNDE_045;1.73;0.06;2.34;0.08;0.74;0.04;1.78;0.09;2.36;0.12;0.76;0.05;0.49;0.04;0.58;0.04;0.84;0.09;0.37;0.05;0.45;0.06;0.82;0.16;0;0
GBOV_RM7_1055;Underc;Courtney Meier;cmeier@battelleecology.org;support-copernicus-gbov@acri-st.fr;NEON;518;Mixed Forest;46.233959;-89.53751;20180606T000000Z;2.0;UNDE_045;3.10;0.10;4.31;0.13;0.719;0.032;2.81;0.15;3.95;0.16;0.71;0.05;1.23;0.08;1.76;0.12;0.70;0.07;0.95;0.09;1.32;0.15;0.72;0.11;0;0
GBOV_RM7_1055;Underc;Courtney Meier;cmeier@battelleecology.org;support-copernicus-gbov@acri-st.fr;NEON;518;Mixed Forest;46.233959;-89.53751;20180619T000000Z;2.0;UNDE_045;3.20;0.10;4.39;0.13;0.728;0.031;2.57;0.12;3.62;0.16;0.71;0.05;1.40;0.08;1.92;0.11;0.73;0.06;1.10;0.11;1.39;0.14;0.79;0.11;0;0
GBOV_RM7_1055;Underc;Courtney Meier;cmeier@battelleecology.org;support-copernicus-gbov@acri-st.fr;NEON;518;Mixed Forest;46.233959;-89.53751;20180703T000000Z;2.0;UNDE_045;3.43;0.10;4.76;0.14;0.720;0.031;2.78;0.15;4.25;0.19;0.65;0.05;1.34;0.08;1.80;0.11;0.75;0.06;0.97;0.09;1.28;0.14;0.76;0.11;0;0
GBOV_RM7_1055;Underc;Courtney Meier;cmeier@battelleecology.org;support-copernicus-gbov@acri-st.fr;NEON;518;Mixed Forest;46.233959;-89.53751;20180718T000000Z;2.0;UNDE_045;3.33;0.10;4.65;0.14;0.716;0.031;2.75;0.14;3.83;0.16;0.72;0.05;1.62;0.08;2.24;0.14;0.73;0.06;1.35;0.12;1.76;0.20;0.76;0.11;0;0
GBOV_RM7_1055;Underc;Courtney Meier;cmeier@battelleecology.org;support-copernicus-gbov@acri-st.fr;NEON;518;Mixed Forest;46.233959;-89.53751;20180731T000000Z;2.0;UNDE_045;3.34;0.10;4.53;0.13;0.736;0.030;2.72;0.13;3.79;0.18;0.72;0.05;1.53;0.08;2.00;0.11;0.77;0.06;1.25;0.12;1.56;0.16;0.80;0.11;0;0
GBOV_RM7_1055;Underc;Courtney Meier;cmeier@battelleecology.org;support-copernicus-gbov@acri-st.fr;NEON;518;Mixed Forest;46.233959;-89.53751;20180815T000000Z;2.0;UNDE_045;3.32;0.10;4.46;0.13;0.745;0.031;3.11;0.15;4.38;0.19;0.71;0.05;1.14;0.06;1.44;0.08;0.80;0.06;0.98;0.08;1.14;0.09;0.86;0.10;0;0
GBOV_RM7_1055;Underc;Courtney Meier;cmeier@battelleecology.org;support-copernicus-gbov@acri-st.fr;NEON;518;Mixed Forest;46.233959;-89.53751;20180830T000000Z;2.0;UNDE_045;3.20;0.09;4.27;0.12;0.749;0.030;2.69;0.12;3.69;0.16;0.73;0.04;1.47;0.08;1.80;0.10;0.82;0.06;1.35;0.11;1.59;0.15;0.85;0.11;0;2
GBOV_RM7_1055;Underc;Courtney Meier;cmeier@battelleecology.org;support-copernicus-gbov@acri-st.fr;NEON;518;Mixed Forest;46.233959;-89.53751;20180911T064100Z;2.0;UNDE_045;3.12;0.09;4.25;0.12;0.734;0.030;2.77;0.12;3.89;0.17;0.71;0.04;0.92;0.05;1.12;0.07;0.82;0.07;0.76;0.07;0.92;0.09;0.83;0.11;0;0
GBOV_RM7_1055;Underc;Courtney Meier;cmeier@battelleecology.org;support-copernicus-gbov@acri-st.fr;NEON;518;Mixed Forest;46.233959;-89.53751;20180925T135300Z;2.0;UNDE_045;2.94;0.09;3.97;0.11;0.741;0.030;2.56;0.14;3.71;0.17;0.69;0.05;0.459;0.030;0.55;0.04;0.84;0.08;0.40;0.05;0.50;0.07;0.80;0.15;0;0
GBOV_RM7_1055;Underc;Courtney Meier;cmeier@battelleecology.org;support-copernicus-gbov@acri-st.fr;NEON;518;Mixed Forest;46.233959;-89.53751;20181011T101500Z;2.0;UNDE_045;1.54;0.06;2.13;0.07;0.72;0.04;1.53;0.10;2.24;0.13;0.68;0.06;0.163;0.012;0.179;0.015;0.91;0.10;0.134;0.015;0.152;0.028;0.88;0.19;0;0
GBOV_RM7_1055;Underc;Courtney Meier;cmeier@battelleecology.org;support-copernicus-gbov@acri-st.fr;NEON;518;Mixed Forest;46.233959;-89.53751;20190508T115700Z;2.0;UNDE_045;0.511;0.017;0.626;0.032;0.82;0.05;0.62;0.04;0.83;0.09;0.75;0.09;0.023;0.004;0.025;0.005;0.90;0.25;0.024;0.007;0.026;0.009;0.9;0.4;0;0
GBOV_RM7_1055;Underc;Courtney Meier;cmeier@battelleecology.org;support-copernicus-gbov@acri-st.fr;NEON;518;Mixed Forest;46.233959;-89.53751;20190522T093900Z;2.0;UNDE_045;0.555;0.018;0.697;0.033;0.80;0.05;0.748;0.035;1.02;0.08;0.73;0.07;0.075;0.006;0.081;0.007;0.93;0.11;0.068;0.013;0.074;0.017;0.91;0.27;0;0
GBOV_RM7_1055;Underc;Courtney Meier;cmeier@battelleecology.org;support-copernicus-gbov@acri-st.fr;NEON;518;Mixed Forest;46.233959;-89.53751;20190603T141000Z;2.0;UNDE_045;1.72;0.05;2.20;0.07;0.784;0.035;1.96;0.09;2.63;0.14;0.75;0.05;0.394;0.031;0.49;0.04;0.81;0.09;0.30;0.04;0.38;0.05;0.81;0.16;0;0
GBOV_RM7_1055;Underc;Courtney Meier;cmeier@battelleecology.org;support-copernicus-gbov@acri-st.fr;NEON;518;Mixed Forest;46.233959;-89.53751;20190619T172500Z;2.0;UNDE_045;3.38;0.10;4.63;0.14;0.729;0.031;2.67;0.11;3.85;0.17;0.69;0.04;1.28;0.08;1.80;0.12;0.71;0.06;0.86;0.10;1.14;0.16;0.76;0.14;0;0
GBOV_RM7_1055;Underc;Courtney Meier;cmeier@battelleecology.org;support-copernicus-gbov@acri-st.fr;NEON;518;Mixed Forest;46.233959;-89.53751;20190630T134100Z;2.0;UNDE_045;3.56;0.10;4.81;0.14;0.741;0.030;3.08;0.14;4.33;0.17;0.71;0.04;1.07;0.08;1.63;0.13;0.65;0.07;0.83;0.10;1.25;0.19;0.66;0.13;0;0
GBOV_RM7_1055;Underc;Courtney Meier;cmeier@battelleecology.org;support-copernicus-gbov@acri-st.fr;NEON;518;Mixed Forest;46.233959;-89.53751;20190717T164200Z;2.0;UNDE_045;3.45;0.10;4.73;0.13;0.730;0.029;2.99;0.14;4.27;0.20;0.70;0.05;1.06;0.07;1.53;0.11;0.69;0.07;0.77;0.09;1.06;0.15;0.72;0.13;0;0
GBOV_RM7_1055;Underc;Courtney Meier;cmeier@battelleecology.org;support-copernicus-gbov@acri-st.fr;NEON;518;Mixed Forest;46.233959;-89.53751;20190730T061800Z;2.0;UNDE_045;3.52;0.10;4.76;0.13;0.739;0.030;2.83;0.13;4.04;0.15;0.70;0.04;1.41;0.09;1.94;0.14;0.73;0.07;1.14;0.10;1.47;0.16;0.78;0.11;0;0
GBOV_RM7_1055;Underc;Courtney Meier;cmeier@battelleecology.org;support-copernicus-gbov@acri-st.fr;NEON;518;Mixed Forest;46.233959;-89.53751;20190813T123200Z;2.0;UNDE_045;3.56;0.10;4.83;0.13;0.736;0.029;3.14;0.14;4.41;0.17;0.71;0.04;1.14;0.08;1.59;0.11;0.72;0.07;0.77;0.10;1.07;0.17;0.72;0.15;0;0
GBOV_RM7_1055;Underc;Courtney Meier;cmeier@battelleecology.org;support-copernicus-gbov@acri-st.fr;NEON;518;Mixed Forest;46.233959;-89.53751;20190826T124800Z;2.0;UNDE_045;3.49;0.10;4.73;0.13;0.736;0.030;3.03;0.14;4.33;0.18;0.70;0.04;0.97;0.06;1.31;0.09;0.74;0.07;0.67;0.08;0.88;0.12;0.76;0.14;0;0
GBOV_RM7_1055;Underc;Courtney Meier;cmeier@battelleecology.org;support-copernicus-gbov@acri-st.fr;NEON;518;Mixed Forest;46.233959;-89.53751;20190909T130800Z;2.0;UNDE_045;3.39;0.10;4.57;0.12;0.743;0.029;2.87;0.13;4.06;0.15;0.71;0.04;0.78;0.07;1.09;0.10;0.71;0.09;0.66;0.09;0.88;0.13;0.75;0.15;0;0
GBOV_RM7_1055;Underc;Courtney Meier;cmeier@battelleecology.org;support-copernicus-gbov@acri-st.fr;NEON;518;Mixed Forest;46.233959;-89.53751;20190923T092500Z;2.0;UNDE_045;2.79;0.08;3.70;0.11;0.755;0.031;2.51;0.10;3.50;0.14;0.72;0.04;0.48;0.04;0.61;0.06;0.77;0.10;0.39;0.06;0.50;0.10;0.78;0.20;0;0
GBOV_RM7_1055;Underc;Courtney Meier;cmeier@battelleecology.org;support-copernicus-gbov@acri-st.fr;NEON;518;Mixed Forest;46.233959;-89.53751;20191008T181000Z;2.0;UNDE_045;2.14;0.07;2.96;0.09;0.723;0.032;1.77;0.09;2.68;0.13;0.66;0.05;0.275;0.024;0.326;0.033;0.84;0.11;0.218;0.034;0.25;0.04;0.88;0.20;0;0
