GBOV_ID;Site;GROUND_DATA_PI;GROUND_DATA_PIs_Email;GBOV_Email;Network;Elevation;IGBP_class;Lat_IS;Lon_IS;TIME_IS;Version;PLOT_ID;LAIe_Miller_up;LAIe_Miller_up_err;LAI_Miller_up;LAI_Miller_up_err;clumping_Miller_up;clumping_Miller_up_err;LAIe_Warren_up;LAIe_Warren_up_err;LAI_Warren_up;LAI_Warren_up_err;clumping_Warren_up;clumping_Warren_up_err;LAIe_Miller_down;LAIe_Miller_down_err;LAI_Miller_down;LAI_Miller_down_err;clumping_Miller_down;clumping_Miller_down_err;LAIe_Warren_down;LAIe_Warren_down_err;LAI_Warren_down;LAI_Warren_down_err;clumping_Warren_down;clumping_Warren_down_err;up_flag;down_flag
GBOV_RM7_366;OakRidge;Courtney Meier;cmeier@battelleecology.org;support-copernicus-gbov@acri-st.fr;NEON;334;Mixed Forest;35.9641189575195;-84.282600402832;20140604T000000Z;2.0;ORNL_050;3.88;0.10;5.04;0.13;0.770;0.029;2.98;0.15;4.04;0.20;0.74;0.05;0.412;0.032;0.49;0.05;0.84;0.10;0.32;0.04;0.35;0.04;0.92;0.16;66;2
GBOV_RM7_366;OakRidge;Courtney Meier;cmeier@battelleecology.org;support-copernicus-gbov@acri-st.fr;NEON;334;Mixed Forest;35.9641189575195;-84.282600402832;20140619T000000Z;2.0;ORNL_050;3.71;0.10;4.80;0.13;0.773;0.030;2.78;0.15;3.77;0.18;0.74;0.05;0.694;0.033;0.76;0.04;0.91;0.07;0.505;0.034;0.53;0.04;0.95;0.09;2;2
GBOV_RM7_366;OakRidge;Courtney Meier;cmeier@battelleecology.org;support-copernicus-gbov@acri-st.fr;NEON;334;Mixed Forest;35.9641189575195;-84.282600402832;20140703T000000Z;2.0;ORNL_050;3.58;0.10;4.66;0.13;0.768;0.030;2.79;0.13;3.90;0.20;0.72;0.05;0.664;0.029;0.73;0.04;0.91;0.06;0.52;0.05;0.56;0.06;0.92;0.12;0;2
GBOV_RM7_366;OakRidge;Courtney Meier;cmeier@battelleecology.org;support-copernicus-gbov@acri-st.fr;NEON;334;Mixed Forest;35.9641189575195;-84.282600402832;20140717T000000Z;2.0;ORNL_050;3.60;0.10;4.69;0.13;0.768;0.030;2.65;0.16;3.67;0.21;0.72;0.06;0.425;0.026;0.482;0.033;0.88;0.08;0.318;0.034;0.34;0.04;0.94;0.15;0;0
GBOV_RM7_366;OakRidge;Courtney Meier;cmeier@battelleecology.org;support-copernicus-gbov@acri-st.fr;NEON;334;Mixed Forest;35.9641189575195;-84.282600402832;20140731T000000Z;2.0;ORNL_050;3.40;0.10;4.55;0.13;0.747;0.031;2.58;0.13;3.79;0.20;0.68;0.05;0.535;0.025;0.584;0.030;0.92;0.06;0.397;0.028;0.418;0.031;0.95;0.10;2;2
GBOV_RM7_366;OakRidge;Courtney Meier;cmeier@battelleecology.org;support-copernicus-gbov@acri-st.fr;NEON;334;Mixed Forest;35.9641189575195;-84.282600402832;20140814T000000Z;2.0;ORNL_050;3.49;0.10;4.61;0.13;0.757;0.030;2.69;0.14;3.68;0.17;0.73;0.05;0.643;0.031;0.70;0.04;0.92;0.07;0.48;0.04;0.51;0.05;0.95;0.12;2;2
GBOV_RM7_366;OakRidge;Courtney Meier;cmeier@battelleecology.org;support-copernicus-gbov@acri-st.fr;NEON;334;Mixed Forest;35.9641189575195;-84.282600402832;20140828T000000Z;2.0;ORNL_050;3.40;0.09;4.41;0.12;0.771;0.029;2.53;0.11;3.49;0.15;0.72;0.04;0.622;0.024;0.673;0.031;0.92;0.06;0.469;0.035;0.50;0.04;0.94;0.11;2;2
GBOV_RM7_366;OakRidge;Courtney Meier;cmeier@battelleecology.org;support-copernicus-gbov@acri-st.fr;NEON;334;Mixed Forest;35.9641189575195;-84.282600402832;20140910T000000Z;2.0;ORNL_050;3.47;0.10;4.44;0.12;0.783;0.030;2.71;0.14;3.67;0.19;0.74;0.05;0.430;0.022;0.477;0.029;0.90;0.07;0.362;0.032;0.43;0.06;0.85;0.14;2;2
GBOV_RM7_366;OakRidge;Courtney Meier;cmeier@battelleecology.org;support-copernicus-gbov@acri-st.fr;NEON;334;Mixed Forest;35.9641189575195;-84.282600402832;20140922T000000Z;2.0;ORNL_050;3.22;0.09;4.10;0.11;0.784;0.030;2.43;0.11;3.31;0.16;0.73;0.05;0.658;0.025;0.72;0.04;0.92;0.06;0.466;0.020;0.488;0.026;0.96;0.07;0;0
GBOV_RM7_366;OakRidge;Courtney Meier;cmeier@battelleecology.org;support-copernicus-gbov@acri-st.fr;NEON;334;Mixed Forest;35.9641189575195;-84.282600402832;20141007T000000Z;2.0;ORNL_050;2.82;0.08;3.63;0.10;0.777;0.030;2.46;0.12;3.34;0.16;0.74;0.05;0.241;0.014;0.264;0.018;0.91;0.08;0.201;0.023;0.217;0.027;0.93;0.16;2;2
GBOV_RM7_366;OakRidge;Courtney Meier;cmeier@battelleecology.org;support-copernicus-gbov@acri-st.fr;NEON;334;Mixed Forest;35.9641189575195;-84.282600402832;20150330T000000Z;2.0;ORNL_050;0.521;0.016;0.619;0.023;0.84;0.04;0.600;0.032;0.81;0.06;0.74;0.07;0.0172;0.0032;0.018;0.004;0.94;0.26;0.018;0.005;0.019;0.006;0.9;0.4;0;32
GBOV_RM7_366;OakRidge;Courtney Meier;cmeier@battelleecology.org;support-copernicus-gbov@acri-st.fr;NEON;334;Mixed Forest;35.9641189575195;-84.282600402832;20150417T000000Z;2.0;ORNL_050;1.50;0.04;1.82;0.06;0.82;0.04;1.43;0.07;1.86;0.14;0.77;0.07;0.137;0.014;0.150;0.016;0.91;0.13;0.134;0.026;0.15;0.04;0.87;0.27;0;0
GBOV_RM7_366;OakRidge;Courtney Meier;cmeier@battelleecology.org;support-copernicus-gbov@acri-st.fr;NEON;334;Mixed Forest;35.9641189575195;-84.282600402832;20150428T000000Z;2.0;ORNL_050;2.65;0.08;3.43;0.11;0.771;0.033;2.13;0.08;2.83;0.13;0.75;0.04;0.748;0.019;0.761;0.020;0.98;0.04;0.554;0.025;0.563;0.026;0.98;0.06;0;8
GBOV_RM7_366;OakRidge;Courtney Meier;cmeier@battelleecology.org;support-copernicus-gbov@acri-st.fr;NEON;334;Mixed Forest;35.9641189575195;-84.282600402832;20150512T000000Z;2.0;ORNL_050;3.44;0.10;4.65;0.13;0.739;0.030;2.95;0.14;4.02;0.18;0.73;0.05;0.667;0.022;0.700;0.025;0.95;0.05;0.520;0.033;0.55;0.04;0.95;0.09;0;0
GBOV_RM7_366;OakRidge;Courtney Meier;cmeier@battelleecology.org;support-copernicus-gbov@acri-st.fr;NEON;334;Mixed Forest;35.9641189575195;-84.282600402832;20150527T000000Z;2.0;ORNL_050;3.76;0.11;5.07;0.14;0.743;0.030;3.08;0.15;4.38;0.19;0.70;0.05;0.482;0.028;0.539;0.034;0.89;0.08;0.39;0.04;0.43;0.05;0.90;0.15;0;0
GBOV_RM7_366;OakRidge;Courtney Meier;cmeier@battelleecology.org;support-copernicus-gbov@acri-st.fr;NEON;334;Mixed Forest;35.9641189575195;-84.282600402832;20150610T000000Z;2.0;ORNL_050;3.97;0.12;5.17;0.14;0.768;0.031;3.04;0.11;3.90;0.13;0.78;0.04;0.737;0.026;0.774;0.030;0.95;0.05;0.56;0.04;0.58;0.05;0.96;0.11;0;8
GBOV_RM7_366;OakRidge;Courtney Meier;cmeier@battelleecology.org;support-copernicus-gbov@acri-st.fr;NEON;334;Mixed Forest;35.9641189575195;-84.282600402832;20150624T000000Z;2.0;ORNL_050;3.35;0.11;4.47;0.13;0.749;0.033;2.62;0.12;3.61;0.17;0.73;0.05;0.556;0.026;0.594;0.031;0.94;0.07;0.43;0.04;0.46;0.04;0.95;0.13;0;0
GBOV_RM7_366;OakRidge;Courtney Meier;cmeier@battelleecology.org;support-copernicus-gbov@acri-st.fr;NEON;334;Mixed Forest;35.9641189575195;-84.282600402832;20150708T000000Z;2.0;ORNL_050;3.90;0.11;5.13;0.14;0.761;0.030;3.17;0.12;4.14;0.16;0.77;0.04;0.639;0.028;0.673;0.031;0.95;0.06;0.48;0.04;0.49;0.04;0.96;0.12;0;8
GBOV_RM7_366;OakRidge;Courtney Meier;cmeier@battelleecology.org;support-copernicus-gbov@acri-st.fr;NEON;334;Mixed Forest;35.9641189575195;-84.282600402832;20150722T000000Z;2.0;ORNL_050;3.60;0.10;4.76;0.12;0.758;0.029;2.79;0.12;3.79;0.16;0.74;0.04;0.575;0.026;0.615;0.030;0.93;0.06;0.45;0.04;0.48;0.05;0.95;0.12;0;0
GBOV_RM7_366;OakRidge;Courtney Meier;cmeier@battelleecology.org;support-copernicus-gbov@acri-st.fr;NEON;334;Mixed Forest;35.9641189575195;-84.282600402832;20150805T000000Z;2.0;ORNL_050;3.70;0.11;4.87;0.13;0.760;0.030;3.04;0.13;4.08;0.15;0.75;0.04;0.697;0.025;0.715;0.027;0.98;0.05;0.52;0.04;0.53;0.04;0.97;0.11;0;8
GBOV_RM7_366;OakRidge;Courtney Meier;cmeier@battelleecology.org;support-copernicus-gbov@acri-st.fr;NEON;334;Mixed Forest;35.9641189575195;-84.282600402832;20150818T000000Z;2.0;ORNL_050;3.66;0.11;4.77;0.13;0.767;0.031;3.12;0.15;4.12;0.16;0.76;0.05;0.536;0.026;0.581;0.032;0.92;0.07;0.42;0.04;0.45;0.05;0.93;0.15;0;0
GBOV_RM7_366;OakRidge;Courtney Meier;cmeier@battelleecology.org;support-copernicus-gbov@acri-st.fr;NEON;334;Mixed Forest;35.9641189575195;-84.282600402832;20150901T000000Z;2.0;ORNL_050;3.68;0.10;4.86;0.12;0.758;0.029;2.94;0.11;4.01;0.14;0.73;0.04;0.489;0.022;0.520;0.025;0.94;0.06;0.377;0.035;0.40;0.04;0.95;0.13;0;0
GBOV_RM7_366;OakRidge;Courtney Meier;cmeier@battelleecology.org;support-copernicus-gbov@acri-st.fr;NEON;334;Mixed Forest;35.9641189575195;-84.282600402832;20150914T000000Z;2.0;ORNL_050;3.32;0.10;4.34;0.12;0.763;0.030;2.70;0.10;3.57;0.15;0.76;0.04;0.264;0.022;0.296;0.025;0.89;0.11;0.234;0.034;0.26;0.04;0.91;0.19;0;0
GBOV_RM7_366;OakRidge;Courtney Meier;cmeier@battelleecology.org;support-copernicus-gbov@acri-st.fr;NEON;334;Mixed Forest;35.9641189575195;-84.282600402832;20150930T000000Z;2.0;ORNL_050;2.80;0.09;3.85;0.11;0.727;0.031;2.61;0.16;3.75;0.19;0.70;0.05;0.374;0.021;0.410;0.025;0.91;0.08;0.32;0.04;0.39;0.07;0.82;0.17;0;0
GBOV_RM7_366;OakRidge;Courtney Meier;cmeier@battelleecology.org;support-copernicus-gbov@acri-st.fr;NEON;334;Mixed Forest;35.9641189575195;-84.282600402832;20151012T000000Z;2.0;ORNL_050;2.55;0.08;3.54;0.11;0.720;0.031;2.36;0.12;3.49;0.17;0.68;0.05;0.209;0.019;0.238;0.024;0.88;0.12;0.159;0.026;0.176;0.031;0.90;0.22;0;0
GBOV_RM7_366;OakRidge;Courtney Meier;cmeier@battelleecology.org;support-copernicus-gbov@acri-st.fr;NEON;334;Mixed Forest;35.9641189575195;-84.282600402832;20151030T000000Z;2.0;ORNL_050;1.84;0.06;2.52;0.09;0.730;0.035;1.58;0.08;2.31;0.12;0.68;0.05;0.116;0.010;0.126;0.012;0.92;0.12;0.123;0.016;0.131;0.019;0.94;0.18;0;0
GBOV_RM7_366;OakRidge;Courtney Meier;cmeier@battelleecology.org;support-copernicus-gbov@acri-st.fr;NEON;334;Mixed Forest;35.9641189575195;-84.282600402832;20160328T000000Z;2.0;ORNL_050;0.558;0.018;0.76;0.05;0.73;0.05;0.463;0.029;0.73;0.11;0.64;0.11;0.046;0.007;0.050;0.008;0.92;0.20;0.042;0.007;0.043;0.007;0.97;0.22;0;0
GBOV_RM7_366;OakRidge;Courtney Meier;cmeier@battelleecology.org;support-copernicus-gbov@acri-st.fr;NEON;334;Mixed Forest;35.9641189575195;-84.282600402832;20160411T000000Z;2.0;ORNL_050;0.985;0.030;1.20;0.04;0.82;0.04;0.736;0.035;1.02;0.10;0.72;0.08;0.071;0.005;0.073;0.006;0.97;0.10;0.077;0.005;0.078;0.005;0.99;0.08;0;0
GBOV_RM7_366;OakRidge;Courtney Meier;cmeier@battelleecology.org;support-copernicus-gbov@acri-st.fr;NEON;334;Mixed Forest;35.9641189575195;-84.282600402832;20160426T000000Z;2.0;ORNL_050;3.44;0.10;4.49;0.13;0.766;0.032;2.62;0.11;3.54;0.15;0.74;0.05;0.400;0.028;0.48;0.04;0.84;0.09;0.35;0.04;0.39;0.06;0.89;0.17;0;0
GBOV_RM7_366;OakRidge;Courtney Meier;cmeier@battelleecology.org;support-copernicus-gbov@acri-st.fr;NEON;334;Mixed Forest;35.9641189575195;-84.282600402832;20160510T000000Z;2.0;ORNL_050;3.68;0.11;5.11;0.14;0.720;0.029;3.00;0.15;4.38;0.19;0.68;0.05;0.528;0.035;0.62;0.05;0.85;0.09;0.45;0.06;0.54;0.10;0.82;0.19;0;0
GBOV_RM7_366;OakRidge;Courtney Meier;cmeier@battelleecology.org;support-copernicus-gbov@acri-st.fr;NEON;334;Mixed Forest;35.9641189575195;-84.282600402832;20160524T000000Z;2.0;ORNL_050;4.37;0.13;5.92;0.16;0.738;0.030;3.45;0.14;4.68;0.18;0.74;0.04;0.47;0.04;0.59;0.06;0.80;0.10;0.43;0.07;0.54;0.11;0.80;0.21;0;0
GBOV_RM7_366;OakRidge;Courtney Meier;cmeier@battelleecology.org;support-copernicus-gbov@acri-st.fr;NEON;334;Mixed Forest;35.9641189575195;-84.282600402832;20160623T000000Z;2.0;ORNL_050;4.23;0.13;5.70;0.15;0.742;0.030;3.47;0.12;4.57;0.17;0.76;0.04;0.48;0.04;0.58;0.05;0.83;0.10;0.42;0.07;0.52;0.10;0.82;0.21;0;0
GBOV_RM7_366;OakRidge;Courtney Meier;cmeier@battelleecology.org;support-copernicus-gbov@acri-st.fr;NEON;334;Mixed Forest;35.9641189575195;-84.282600402832;20160707T000000Z;2.0;ORNL_050;4.35;0.12;5.75;0.14;0.756;0.028;3.54;0.19;4.88;0.19;0.72;0.05;0.50;0.04;0.61;0.05;0.82;0.09;0.44;0.07;0.53;0.09;0.83;0.19;0;0
GBOV_RM7_366;OakRidge;Courtney Meier;cmeier@battelleecology.org;support-copernicus-gbov@acri-st.fr;NEON;334;Mixed Forest;35.9641189575195;-84.282600402832;20160720T000000Z;2.0;ORNL_050;4.02;0.12;5.37;0.14;0.749;0.030;3.01;0.13;4.09;0.17;0.74;0.04;0.56;0.04;0.67;0.05;0.84;0.09;0.46;0.07;0.53;0.09;0.87;0.20;0;0
GBOV_RM7_366;OakRidge;Courtney Meier;cmeier@battelleecology.org;support-copernicus-gbov@acri-st.fr;NEON;334;Mixed Forest;35.9641189575195;-84.282600402832;20160801T000000Z;2.0;ORNL_050;3.99;0.12;5.27;0.13;0.757;0.029;2.96;0.14;4.09;0.18;0.72;0.05;0.417;0.035;0.49;0.05;0.85;0.11;0.33;0.05;0.38;0.06;0.88;0.20;0;0
GBOV_RM7_366;OakRidge;Courtney Meier;cmeier@battelleecology.org;support-copernicus-gbov@acri-st.fr;NEON;334;Mixed Forest;35.9641189575195;-84.282600402832;20160831T000000Z;2.0;ORNL_050;3.63;0.10;4.83;0.13;0.751;0.030;2.94;0.10;4.00;0.16;0.74;0.04;0.53;0.04;0.62;0.05;0.86;0.09;0.40;0.05;0.47;0.07;0.85;0.17;0;0
GBOV_RM7_366;OakRidge;Courtney Meier;cmeier@battelleecology.org;support-copernicus-gbov@acri-st.fr;NEON;334;Mixed Forest;35.9641189575195;-84.282600402832;20160915T000000Z;2.0;ORNL_050;3.14;0.10;4.25;0.13;0.740;0.033;2.41;0.15;3.37;0.19;0.72;0.06;0.409;0.023;0.453;0.029;0.90;0.08;0.326;0.035;0.35;0.04;0.94;0.15;0;0
GBOV_RM7_366;OakRidge;Courtney Meier;cmeier@battelleecology.org;support-copernicus-gbov@acri-st.fr;NEON;334;Mixed Forest;35.9641189575195;-84.282600402832;20160930T000000Z;2.0;ORNL_050;3.15;0.10;4.30;0.13;0.733;0.032;2.53;0.14;3.47;0.19;0.73;0.06;0.328;0.024;0.373;0.030;0.88;0.10;0.26;0.04;0.28;0.05;0.92;0.20;0;0
GBOV_RM7_366;OakRidge;Courtney Meier;cmeier@battelleecology.org;support-copernicus-gbov@acri-st.fr;NEON;334;Mixed Forest;35.9641189575195;-84.282600402832;20161013T000000Z;2.0;ORNL_050;3.01;0.09;4.02;0.11;0.747;0.031;2.66;0.10;3.67;0.14;0.72;0.04;0.205;0.018;0.232;0.022;0.88;0.11;0.164;0.024;0.185;0.031;0.89;0.20;0;0
GBOV_RM7_366;OakRidge;Courtney Meier;cmeier@battelleecology.org;support-copernicus-gbov@acri-st.fr;NEON;334;Mixed Forest;35.9641189575195;-84.282600402832;20161027T000000Z;2.0;ORNL_050;2.77;0.09;3.84;0.12;0.722;0.031;2.63;0.13;3.77;0.19;0.70;0.05;0.145;0.012;0.160;0.014;0.91;0.11;0.121;0.018;0.136;0.026;0.89;0.22;0;0
GBOV_RM7_366;OakRidge;Courtney Meier;cmeier@battelleecology.org;support-copernicus-gbov@acri-st.fr;NEON;334;Mixed Forest;35.9641189575195;-84.282600402832;20161107T000000Z;2.0;ORNL_050;2.03;0.07;2.87;0.11;0.707;0.035;1.71;0.07;2.49;0.16;0.69;0.05;0.082;0.008;0.090;0.010;0.91;0.13;0.064;0.011;0.072;0.017;0.88;0.26;0;0
GBOV_RM7_366;OakRidge;Courtney Meier;cmeier@battelleecology.org;support-copernicus-gbov@acri-st.fr;NEON;334;Mixed Forest;35.9641189575195;-84.282600402832;20170329T000000Z;2.0;ORNL_050;0.490;0.019;0.64;0.04;0.76;0.06;0.449;0.031;0.70;0.11;0.65;0.11;0.031;0.005;0.034;0.006;0.92;0.21;0.032;0.006;0.034;0.007;0.96;0.28;0;0
GBOV_RM7_366;OakRidge;Courtney Meier;cmeier@battelleecology.org;support-copernicus-gbov@acri-st.fr;NEON;334;Mixed Forest;35.9641189575195;-84.282600402832;20170411T000000Z;2.0;ORNL_050;0.611;0.019;0.83;0.04;0.74;0.04;0.501;0.028;0.86;0.11;0.58;0.08;0.071;0.005;0.074;0.006;0.96;0.10;0.086;0.010;0.088;0.010;0.98;0.16;0;0
GBOV_RM7_366;OakRidge;Courtney Meier;cmeier@battelleecology.org;support-copernicus-gbov@acri-st.fr;NEON;334;Mixed Forest;35.9641189575195;-84.282600402832;20170426T000000Z;2.0;ORNL_050;2.73;0.08;3.60;0.10;0.759;0.031;2.08;0.11;2.84;0.17;0.73;0.06;0.47;0.04;0.57;0.05;0.82;0.10;0.39;0.06;0.50;0.09;0.79;0.18;0;0
GBOV_RM7_366;OakRidge;Courtney Meier;cmeier@battelleecology.org;support-copernicus-gbov@acri-st.fr;NEON;334;Mixed Forest;35.9641189575195;-84.282600402832;20170510T000000Z;2.0;ORNL_050;3.43;0.10;4.73;0.13;0.726;0.030;2.79;0.12;3.98;0.19;0.70;0.04;0.70;0.05;0.88;0.08;0.79;0.09;0.58;0.07;0.73;0.13;0.79;0.17;0;0
GBOV_RM7_366;OakRidge;Courtney Meier;cmeier@battelleecology.org;support-copernicus-gbov@acri-st.fr;NEON;334;Mixed Forest;35.9641189575195;-84.282600402832;20170522T000000Z;2.0;ORNL_050;3.60;0.11;4.92;0.14;0.731;0.030;3.07;0.12;4.29;0.20;0.72;0.04;0.59;0.05;0.77;0.08;0.77;0.10;0.43;0.06;0.52;0.09;0.83;0.18;0;0
GBOV_RM7_366;OakRidge;Courtney Meier;cmeier@battelleecology.org;support-copernicus-gbov@acri-st.fr;NEON;334;Mixed Forest;35.9641189575195;-84.282600402832;20170608T000000Z;2.0;ORNL_050;3.58;0.11;5.04;0.15;0.710;0.030;2.92;0.13;4.31;0.22;0.68;0.05;0.66;0.05;0.83;0.08;0.79;0.10;0.51;0.07;0.63;0.11;0.82;0.18;0;0
GBOV_RM7_366;OakRidge;Courtney Meier;cmeier@battelleecology.org;support-copernicus-gbov@acri-st.fr;NEON;334;Mixed Forest;35.9641189575195;-84.282600402832;20170621T000000Z;2.0;ORNL_050;3.76;0.12;5.14;0.15;0.732;0.031;3.21;0.13;4.43;0.20;0.73;0.04;0.49;0.04;0.63;0.06;0.77;0.11;0.39;0.06;0.47;0.08;0.82;0.20;0;0
GBOV_RM7_366;OakRidge;Courtney Meier;cmeier@battelleecology.org;support-copernicus-gbov@acri-st.fr;NEON;334;Mixed Forest;35.9641189575195;-84.282600402832;20170703T000000Z;2.0;ORNL_050;3.46;0.11;4.85;0.13;0.714;0.029;2.80;0.10;3.91;0.17;0.72;0.04;0.59;0.05;0.79;0.08;0.75;0.10;0.49;0.09;0.67;0.15;0.72;0.20;0;0
GBOV_RM7_366;OakRidge;Courtney Meier;cmeier@battelleecology.org;support-copernicus-gbov@acri-st.fr;NEON;334;Mixed Forest;35.9641189575195;-84.282600402832;20170718T000000Z;2.0;ORNL_050;3.66;0.11;4.98;0.14;0.734;0.030;2.72;0.13;3.84;0.18;0.71;0.05;0.60;0.05;0.76;0.07;0.80;0.10;0.48;0.07;0.61;0.11;0.79;0.18;0;0
GBOV_RM7_366;OakRidge;Courtney Meier;cmeier@battelleecology.org;support-copernicus-gbov@acri-st.fr;NEON;334;Mixed Forest;35.9641189575195;-84.282600402832;20170803T000000Z;2.0;ORNL_050;3.75;0.12;5.11;0.14;0.734;0.031;2.97;0.11;3.95;0.17;0.75;0.04;0.57;0.05;0.76;0.08;0.75;0.11;0.46;0.08;0.66;0.16;0.70;0.20;0;0
GBOV_RM7_366;OakRidge;Courtney Meier;cmeier@battelleecology.org;support-copernicus-gbov@acri-st.fr;NEON;334;Mixed Forest;35.9641189575195;-84.282600402832;20170815T000000Z;2.0;ORNL_050;3.63;0.11;5.05;0.14;0.719;0.029;3.09;0.14;4.42;0.19;0.70;0.04;0.47;0.05;0.60;0.06;0.78;0.11;0.34;0.06;0.41;0.08;0.82;0.21;0;0
GBOV_RM7_366;OakRidge;Courtney Meier;cmeier@battelleecology.org;support-copernicus-gbov@acri-st.fr;NEON;334;Mixed Forest;35.9641189575195;-84.282600402832;20170831T000000Z;2.0;ORNL_050;3.65;0.11;5.04;0.14;0.723;0.030;3.23;0.13;4.52;0.20;0.71;0.04;0.41;0.04;0.52;0.05;0.79;0.11;0.29;0.06;0.36;0.08;0.79;0.24;0;0
GBOV_RM7_366;OakRidge;Courtney Meier;cmeier@battelleecology.org;support-copernicus-gbov@acri-st.fr;NEON;334;Mixed Forest;35.9641189575195;-84.282600402832;20170913T000000Z;2.0;ORNL_050;3.43;0.10;4.71;0.13;0.728;0.030;3.00;0.14;4.19;0.20;0.72;0.05;0.429;0.031;0.50;0.04;0.86;0.09;0.32;0.05;0.37;0.06;0.87;0.20;0;0
GBOV_RM7_366;OakRidge;Courtney Meier;cmeier@battelleecology.org;support-copernicus-gbov@acri-st.fr;NEON;334;Mixed Forest;35.9641189575195;-84.282600402832;20170927T000000Z;2.0;ORNL_050;3.08;0.09;4.29;0.12;0.718;0.030;2.52;0.10;3.65;0.17;0.69;0.04;0.46;0.04;0.57;0.05;0.81;0.10;0.36;0.05;0.41;0.07;0.87;0.19;0;0
GBOV_RM7_366;OakRidge;Courtney Meier;cmeier@battelleecology.org;support-copernicus-gbov@acri-st.fr;NEON;334;Mixed Forest;35.9641189575195;-84.282600402832;20171012T000000Z;2.0;ORNL_050;2.89;0.09;3.97;0.12;0.728;0.031;2.52;0.12;3.57;0.16;0.71;0.05;0.320;0.024;0.362;0.029;0.88;0.10;0.27;0.04;0.34;0.07;0.80;0.19;0;0
GBOV_RM7_366;OakRidge;Courtney Meier;cmeier@battelleecology.org;support-copernicus-gbov@acri-st.fr;NEON;334;Mixed Forest;35.9641189575195;-84.282600402832;20171026T000000Z;2.0;ORNL_050;2.62;0.09;3.73;0.12;0.701;0.032;2.15;0.10;3.14;0.19;0.68;0.05;0.268;0.020;0.299;0.024;0.89;0.10;0.25;0.04;0.29;0.05;0.86;0.20;0;0
GBOV_RM7_366;OakRidge;Courtney Meier;cmeier@battelleecology.org;support-copernicus-gbov@acri-st.fr;NEON;334;Mixed Forest;35.9641189575195;-84.282600402832;20180403T000000Z;2.0;ORNL_050;0.521;0.017;0.70;0.04;0.74;0.05;0.529;0.028;0.78;0.11;0.68;0.10;0.0190;0.0016;0.0195;0.0017;0.98;0.12;0.0231;0.0029;0.0235;0.0031;0.98;0.18;0;0
GBOV_RM7_366;OakRidge;Courtney Meier;cmeier@battelleecology.org;support-copernicus-gbov@acri-st.fr;NEON;334;Mixed Forest;35.9641189575195;-84.282600402832;20180417T000000Z;2.0;ORNL_050;0.807;0.024;1.04;0.05;0.78;0.04;0.690;0.035;0.97;0.12;0.71;0.09;0.094;0.008;0.101;0.009;0.94;0.11;0.098;0.012;0.102;0.013;0.97;0.17;0;0
GBOV_RM7_366;OakRidge;Courtney Meier;cmeier@battelleecology.org;support-copernicus-gbov@acri-st.fr;NEON;334;Mixed Forest;35.9641189575195;-84.282600402832;20180501T000000Z;2.0;ORNL_050;2.79;0.09;3.81;0.12;0.732;0.033;2.19;0.10;3.00;0.17;0.73;0.05;0.64;0.04;0.78;0.06;0.82;0.08;0.51;0.06;0.60;0.09;0.86;0.17;0;0
GBOV_RM7_366;OakRidge;Courtney Meier;cmeier@battelleecology.org;support-copernicus-gbov@acri-st.fr;NEON;334;Mixed Forest;35.9641189575195;-84.282600402832;20180515T000000Z;2.0;ORNL_050;4.18;0.14;5.89;0.15;0.710;0.030;3.42;0.15;4.67;0.23;0.73;0.05;0.93;0.06;1.16;0.08;0.80;0.07;0.67;0.08;0.86;0.15;0.78;0.17;0;0
GBOV_RM7_366;OakRidge;Courtney Meier;cmeier@battelleecology.org;support-copernicus-gbov@acri-st.fr;NEON;334;Mixed Forest;35.9641189575195;-84.282600402832;20180613T000000Z;2.0;ORNL_050;4.57;0.15;6.46;0.17;0.708;0.030;3.88;0.15;5.28;0.21;0.73;0.04;0.90;0.06;1.17;0.09;0.77;0.08;0.69;0.10;0.88;0.15;0.79;0.18;0;0
GBOV_RM7_366;OakRidge;Courtney Meier;cmeier@battelleecology.org;support-copernicus-gbov@acri-st.fr;NEON;334;Mixed Forest;35.9641189575195;-84.282600402832;20180627T100300Z;2.0;ORNL_050;4.20;0.14;5.92;0.16;0.709;0.030;3.57;0.16;4.96;0.21;0.72;0.04;0.78;0.06;1.02;0.09;0.76;0.09;0.60;0.09;0.79;0.15;0.76;0.19;0;0
GBOV_RM7_366;OakRidge;Courtney Meier;cmeier@battelleecology.org;support-copernicus-gbov@acri-st.fr;NEON;334;Mixed Forest;35.9641189575195;-84.282600402832;20180712T065300Z;2.0;ORNL_050;4.07;0.13;5.81;0.16;0.700;0.030;3.29;0.16;4.60;0.19;0.72;0.05;0.72;0.05;0.90;0.07;0.80;0.09;0.51;0.07;0.62;0.09;0.84;0.17;0;0
GBOV_RM7_366;OakRidge;Courtney Meier;cmeier@battelleecology.org;support-copernicus-gbov@acri-st.fr;NEON;334;Mixed Forest;35.9641189575195;-84.282600402832;20180724T081000Z;2.0;ORNL_050;4.11;0.13;5.77;0.15;0.712;0.030;3.42;0.15;4.75;0.20;0.72;0.04;0.82;0.06;1.07;0.09;0.77;0.09;0.58;0.07;0.71;0.10;0.81;0.15;0;0
GBOV_RM7_366;OakRidge;Courtney Meier;cmeier@battelleecology.org;support-copernicus-gbov@acri-st.fr;NEON;334;Mixed Forest;35.9641189575195;-84.282600402832;20180807T081000Z;2.0;ORNL_050;4.28;0.14;6.04;0.16;0.708;0.030;3.39;0.15;4.57;0.20;0.74;0.05;0.76;0.06;1.01;0.10;0.76;0.10;0.62;0.09;0.78;0.15;0.78;0.19;0;0
GBOV_RM7_366;OakRidge;Courtney Meier;cmeier@battelleecology.org;support-copernicus-gbov@acri-st.fr;NEON;334;Mixed Forest;35.9641189575195;-84.282600402832;20180823T000000Z;2.0;ORNL_050;3.81;0.14;5.55;0.16;0.687;0.032;3.03;0.14;4.45;0.21;0.68;0.05;0.94;0.06;1.15;0.08;0.82;0.08;0.74;0.08;0.90;0.15;0.82;0.17;0;0
GBOV_RM7_366;OakRidge;Courtney Meier;cmeier@battelleecology.org;support-copernicus-gbov@acri-st.fr;NEON;334;Mixed Forest;35.9641189575195;-84.282600402832;20180904T000000Z;2.0;ORNL_050;4.14;0.13;5.83;0.16;0.711;0.030;3.40;0.12;4.61;0.19;0.74;0.04;0.82;0.05;0.97;0.06;0.85;0.07;0.63;0.07;0.72;0.09;0.87;0.14;0;0
GBOV_RM7_366;OakRidge;Courtney Meier;cmeier@battelleecology.org;support-copernicus-gbov@acri-st.fr;NEON;334;Mixed Forest;35.9641189575195;-84.282600402832;20180921T000000Z;2.0;ORNL_050;3.76;0.12;5.28;0.14;0.712;0.030;3.01;0.13;4.22;0.18;0.71;0.04;0.58;0.04;0.70;0.05;0.84;0.08;0.46;0.05;0.54;0.09;0.85;0.17;0;0
GBOV_RM7_366;OakRidge;Courtney Meier;cmeier@battelleecology.org;support-copernicus-gbov@acri-st.fr;NEON;334;Mixed Forest;35.9641189575195;-84.282600402832;20181005T000000Z;2.0;ORNL_050;3.62;0.11;5.10;0.14;0.711;0.030;2.77;0.10;3.76;0.14;0.74;0.04;0.686;0.033;0.76;0.04;0.90;0.07;0.53;0.05;0.63;0.09;0.84;0.14;0;0
GBOV_RM7_366;OakRidge;Courtney Meier;cmeier@battelleecology.org;support-copernicus-gbov@acri-st.fr;NEON;334;Mixed Forest;35.9641189575195;-84.282600402832;20181016T000000Z;2.0;ORNL_050;3.52;0.11;4.93;0.13;0.714;0.029;2.75;0.13;3.96;0.18;0.69;0.05;0.489;0.027;0.550;0.033;0.89;0.07;0.40;0.04;0.45;0.05;0.89;0.13;0;0
GBOV_RM7_366;OakRidge;Courtney Meier;cmeier@battelleecology.org;support-copernicus-gbov@acri-st.fr;NEON;334;Mixed Forest;35.9641189575195;-84.282600402832;20181101T000000Z;2.0;ORNL_050;3.07;0.10;4.39;0.13;0.700;0.031;2.35;0.09;3.33;0.15;0.71;0.04;0.221;0.019;0.252;0.024;0.87;0.11;0.189;0.024;0.204;0.029;0.93;0.18;0;0
GBOV_RM7_366;OakRidge;Courtney Meier;cmeier@battelleecology.org;support-copernicus-gbov@acri-st.fr;NEON;334;Mixed Forest;35.9641189575195;-84.282600402832;20190319T070000Z;2.0;ORNL_050;0.551;0.021;0.83;0.06;0.67;0.06;0.462;0.033;0.79;0.16;0.58;0.12;0.066;0.004;0.067;0.004;0.98;0.08;0.099;0.007;0.101;0.008;0.98;0.10;0;0
GBOV_RM7_366;OakRidge;Courtney Meier;cmeier@battelleecology.org;support-copernicus-gbov@acri-st.fr;NEON;334;Mixed Forest;35.9641189575195;-84.282600402832;20190402T070400Z;2.0;ORNL_050;0.527;0.018;0.77;0.05;0.69;0.05;0.581;0.031;0.95;0.13;0.61;0.09;0.0196;0.0020;0.0203;0.0022;0.97;0.14;0.023;0.005;0.024;0.005;0.96;0.27;0;0
GBOV_RM7_366;OakRidge;Courtney Meier;cmeier@battelleecology.org;support-copernicus-gbov@acri-st.fr;NEON;334;Mixed Forest;35.9641189575195;-84.282600402832;20190416T063100Z;2.0;ORNL_050;1.63;0.05;2.05;0.07;0.79;0.04;1.20;0.06;1.65;0.14;0.73;0.07;0.328;0.021;0.369;0.026;0.89;0.08;0.299;0.027;0.327;0.035;0.92;0.13;0;0
GBOV_RM7_366;OakRidge;Courtney Meier;cmeier@battelleecology.org;support-copernicus-gbov@acri-st.fr;NEON;334;Mixed Forest;35.9641189575195;-84.282600402832;20190430T055800Z;2.0;ORNL_050;3.85;0.12;5.36;0.15;0.719;0.030;3.00;0.12;4.25;0.19;0.71;0.04;0.97;0.06;1.25;0.09;0.77;0.08;0.69;0.08;0.86;0.13;0.80;0.15;0;0
GBOV_RM7_366;OakRidge;Courtney Meier;cmeier@battelleecology.org;support-copernicus-gbov@acri-st.fr;NEON;334;Mixed Forest;35.9641189575195;-84.282600402832;20190515T062400Z;2.0;ORNL_050;4.02;0.13;5.61;0.15;0.716;0.029;3.20;0.12;4.45;0.20;0.72;0.04;1.14;0.07;1.45;0.10;0.79;0.07;0.86;0.10;1.04;0.13;0.83;0.14;0;0
GBOV_RM7_366;OakRidge;Courtney Meier;cmeier@battelleecology.org;support-copernicus-gbov@acri-st.fr;NEON;334;Mixed Forest;35.9641189575195;-84.282600402832;20190530T054400Z;2.0;ORNL_050;4.28;0.13;5.89;0.16;0.727;0.030;3.58;0.13;4.79;0.20;0.75;0.04;0.86;0.08;1.24;0.13;0.70;0.09;0.63;0.11;0.88;0.21;0.71;0.22;0;0
GBOV_RM7_366;OakRidge;Courtney Meier;cmeier@battelleecology.org;support-copernicus-gbov@acri-st.fr;NEON;334;Mixed Forest;35.9641189575195;-84.282600402832;20190612T055700Z;2.0;ORNL_050;4.12;0.13;5.65;0.15;0.729;0.029;3.43;0.15;4.70;0.19;0.73;0.04;0.82;0.07;1.10;0.10;0.74;0.09;0.61;0.09;0.82;0.17;0.74;0.19;0;0
GBOV_RM7_366;OakRidge;Courtney Meier;cmeier@battelleecology.org;support-copernicus-gbov@acri-st.fr;NEON;334;Mixed Forest;35.9641189575195;-84.282600402832;20190626T053800Z;2.0;ORNL_050;4.04;0.13;5.60;0.15;0.722;0.030;3.15;0.12;4.36;0.19;0.72;0.04;0.95;0.08;1.27;0.11;0.75;0.09;0.71;0.10;0.92;0.16;0.77;0.17;0;0
GBOV_RM7_366;OakRidge;Courtney Meier;cmeier@battelleecology.org;support-copernicus-gbov@acri-st.fr;NEON;334;Mixed Forest;35.9641189575195;-84.282600402832;20190710T055800Z;2.0;ORNL_050;4.25;0.14;5.86;0.16;0.726;0.031;3.33;0.13;4.46;0.17;0.75;0.04;0.79;0.07;1.03;0.10;0.76;0.10;0.59;0.09;0.81;0.16;0.74;0.19;0;0
GBOV_RM7_366;OakRidge;Courtney Meier;cmeier@battelleecology.org;support-copernicus-gbov@acri-st.fr;NEON;334;Mixed Forest;35.9641189575195;-84.282600402832;20190724T054200Z;2.0;ORNL_050;4.08;0.13;5.77;0.16;0.707;0.030;3.15;0.14;4.62;0.21;0.68;0.04;0.89;0.06;1.12;0.09;0.80;0.08;0.67;0.08;0.80;0.12;0.83;0.16;0;0
GBOV_RM7_366;OakRidge;Courtney Meier;cmeier@battelleecology.org;support-copernicus-gbov@acri-st.fr;NEON;334;Mixed Forest;35.9641189575195;-84.282600402832;20190807T061100Z;2.0;ORNL_050;4.30;0.13;5.92;0.15;0.727;0.029;3.63;0.13;4.79;0.20;0.76;0.04;0.64;0.05;0.84;0.08;0.76;0.10;0.53;0.08;0.73;0.16;0.73;0.20;0;0
GBOV_RM7_366;OakRidge;Courtney Meier;cmeier@battelleecology.org;support-copernicus-gbov@acri-st.fr;NEON;334;Mixed Forest;35.9641189575195;-84.282600402832;20190821T060000Z;2.0;ORNL_050;3.92;0.11;5.48;0.14;0.715;0.028;3.19;0.14;4.56;0.17;0.70;0.04;0.59;0.05;0.75;0.07;0.80;0.10;0.47;0.07;0.57;0.11;0.82;0.20;0;0
GBOV_RM7_366;OakRidge;Courtney Meier;cmeier@battelleecology.org;support-copernicus-gbov@acri-st.fr;NEON;334;Mixed Forest;35.9641189575195;-84.282600402832;20190905T183400Z;2.0;ORNL_050;3.99;0.12;5.46;0.14;0.730;0.029;3.15;0.11;4.17;0.18;0.76;0.04;0.81;0.04;0.94;0.06;0.87;0.07;0.61;0.06;0.68;0.09;0.90;0.15;0;0
GBOV_RM7_366;OakRidge;Courtney Meier;cmeier@battelleecology.org;support-copernicus-gbov@acri-st.fr;NEON;334;Mixed Forest;35.9641189575195;-84.282600402832;20190917T065600Z;2.0;ORNL_050;3.94;0.12;5.45;0.15;0.722;0.030;3.01;0.14;4.24;0.17;0.71;0.04;0.50;0.04;0.61;0.06;0.82;0.10;0.44;0.07;0.54;0.10;0.82;0.21;0;0
GBOV_RM7_366;OakRidge;Courtney Meier;cmeier@battelleecology.org;support-copernicus-gbov@acri-st.fr;NEON;334;Mixed Forest;35.9641189575195;-84.282600402832;20191001T063700Z;2.0;ORNL_050;3.64;0.12;5.14;0.15;0.708;0.031;3.04;0.14;4.31;0.22;0.71;0.05;0.448;0.030;0.52;0.04;0.87;0.09;0.36;0.04;0.44;0.07;0.83;0.17;0;0
GBOV_RM7_366;OakRidge;Courtney Meier;cmeier@battelleecology.org;support-copernicus-gbov@acri-st.fr;NEON;334;Mixed Forest;35.9641189575195;-84.282600402832;20191017T071400Z;2.0;ORNL_050;3.24;0.10;4.54;0.13;0.714;0.030;2.51;0.12;3.54;0.17;0.71;0.05;0.606;0.033;0.69;0.05;0.88;0.08;0.47;0.04;0.51;0.06;0.92;0.13;0;0
GBOV_RM7_366;OakRidge;Courtney Meier;cmeier@battelleecology.org;support-copernicus-gbov@acri-st.fr;NEON;334;Mixed Forest;35.9641189575195;-84.282600402832;20191029T071600Z;2.0;ORNL_050;2.88;0.09;4.19;0.13;0.687;0.031;2.36;0.09;3.47;0.16;0.68;0.04;0.355;0.025;0.406;0.032;0.87;0.09;0.31;0.05;0.35;0.06;0.87;0.21;0;0
