GBOV_ID;Site;GROUND_DATA_PI;GROUND_DATA_PIs_Email;GBOV_Email;Network;Elevation;IGBP_class;Lat_IS;Lon_IS;TIME_IS;Version;PLOT_ID;LAIe_Miller_up;LAIe_Miller_up_err;LAI_Miller_up;LAI_Miller_up_err;clumping_Miller_up;clumping_Miller_up_err;LAIe_Warren_up;LAIe_Warren_up_err;LAI_Warren_up;LAI_Warren_up_err;clumping_Warren_up;clumping_Warren_up_err;LAIe_Miller_down;LAIe_Miller_down_err;LAI_Miller_down;LAI_Miller_down_err;clumping_Miller_down;clumping_Miller_down_err;LAIe_Warren_down;LAIe_Warren_down_err;LAI_Warren_down;LAI_Warren_down_err;clumping_Warren_down;clumping_Warren_down_err;up_flag;down_flag
GBOV_RM7_202;SmithsonianConservationBiologyInstitute;Courtney Meier;cmeier@battelleecology.org;support-copernicus-gbov@acri-st.fr;NEON;361;Deciduous Broadleaf;38.8929214477539;-78.1395034790039;20140609T000000Z;2.0;SCBI_063;3.68;0.09;4.86;0.13;0.758;0.028;3.03;0.12;4.07;0.14;0.74;0.04;-999;-999;-999;-999;-999;-999;-999;-999;-999;-999;-999;-999;0;-999
GBOV_RM7_202;SmithsonianConservationBiologyInstitute;Courtney Meier;cmeier@battelleecology.org;support-copernicus-gbov@acri-st.fr;NEON;361;Deciduous Broadleaf;38.8929214477539;-78.1395034790039;20140623T000000Z;2.0;SCBI_063;3.69;0.10;4.98;0.14;0.741;0.028;2.96;0.12;4.05;0.18;0.73;0.04;-999;-999;-999;-999;-999;-999;-999;-999;-999;-999;-999;-999;0;-999
GBOV_RM7_202;SmithsonianConservationBiologyInstitute;Courtney Meier;cmeier@battelleecology.org;support-copernicus-gbov@acri-st.fr;NEON;361;Deciduous Broadleaf;38.8929214477539;-78.1395034790039;20140703T000000Z;2.0;SCBI_063;3.76;0.10;5.03;0.14;0.748;0.028;2.99;0.15;4.38;0.19;0.68;0.05;-999;-999;-999;-999;-999;-999;-999;-999;-999;-999;-999;-999;0;-999
GBOV_RM7_202;SmithsonianConservationBiologyInstitute;Courtney Meier;cmeier@battelleecology.org;support-copernicus-gbov@acri-st.fr;NEON;361;Deciduous Broadleaf;38.8929214477539;-78.1395034790039;20140718T000000Z;2.0;SCBI_063;3.31;0.09;4.49;0.13;0.738;0.029;2.64;0.12;3.87;0.18;0.68;0.04;-999;-999;-999;-999;-999;-999;-999;-999;-999;-999;-999;-999;0;-999
GBOV_RM7_202;SmithsonianConservationBiologyInstitute;Courtney Meier;cmeier@battelleecology.org;support-copernicus-gbov@acri-st.fr;NEON;361;Deciduous Broadleaf;38.8929214477539;-78.1395034790039;20140804T000000Z;2.0;SCBI_063;3.04;0.09;4.44;0.13;0.685;0.028;2.45;0.12;3.90;0.17;0.63;0.04;-999;-999;-999;-999;-999;-999;-999;-999;-999;-999;-999;-999;8;-999
GBOV_RM7_202;SmithsonianConservationBiologyInstitute;Courtney Meier;cmeier@battelleecology.org;support-copernicus-gbov@acri-st.fr;NEON;361;Deciduous Broadleaf;38.8929214477539;-78.1395034790039;20140814T000000Z;2.0;SCBI_063;3.87;0.10;5.18;0.13;0.747;0.027;3.10;0.14;4.50;0.20;0.69;0.04;-999;-999;-999;-999;-999;-999;-999;-999;-999;-999;-999;-999;0;-999
GBOV_RM7_202;SmithsonianConservationBiologyInstitute;Courtney Meier;cmeier@battelleecology.org;support-copernicus-gbov@acri-st.fr;NEON;361;Deciduous Broadleaf;38.8929214477539;-78.1395034790039;20140829T000000Z;2.0;SCBI_063;3.38;0.09;4.56;0.12;0.741;0.028;2.74;0.11;3.88;0.16;0.71;0.04;-999;-999;-999;-999;-999;-999;-999;-999;-999;-999;-999;-999;8;-999
GBOV_RM7_202;SmithsonianConservationBiologyInstitute;Courtney Meier;cmeier@battelleecology.org;support-copernicus-gbov@acri-st.fr;NEON;361;Deciduous Broadleaf;38.8929214477539;-78.1395034790039;20140912T000000Z;2.0;SCBI_063;3.70;0.09;4.96;0.13;0.746;0.027;2.94;0.13;4.29;0.19;0.68;0.04;-999;-999;-999;-999;-999;-999;-999;-999;-999;-999;-999;-999;0;-999
GBOV_RM7_202;SmithsonianConservationBiologyInstitute;Courtney Meier;cmeier@battelleecology.org;support-copernicus-gbov@acri-st.fr;NEON;361;Deciduous Broadleaf;38.8929214477539;-78.1395034790039;20140926T000000Z;2.0;SCBI_063;3.92;0.10;5.08;0.13;0.772;0.028;3.15;0.12;4.13;0.15;0.76;0.04;-999;-999;-999;-999;-999;-999;-999;-999;-999;-999;-999;-999;0;-999
GBOV_RM7_202;SmithsonianConservationBiologyInstitute;Courtney Meier;cmeier@battelleecology.org;support-copernicus-gbov@acri-st.fr;NEON;361;Deciduous Broadleaf;38.8929214477539;-78.1395034790039;20141010T000000Z;2.0;SCBI_063;3.50;0.09;4.62;0.12;0.756;0.028;3.02;0.14;4.34;0.18;0.70;0.04;-999;-999;-999;-999;-999;-999;-999;-999;-999;-999;-999;-999;0;-999
GBOV_RM7_202;SmithsonianConservationBiologyInstitute;Courtney Meier;cmeier@battelleecology.org;support-copernicus-gbov@acri-st.fr;NEON;361;Deciduous Broadleaf;38.8929214477539;-78.1395034790039;20141024T000000Z;2.0;SCBI_063;2.48;0.06;3.24;0.09;0.766;0.029;1.97;0.08;2.90;0.13;0.68;0.04;-999;-999;-999;-999;-999;-999;-999;-999;-999;-999;-999;-999;0;-999
GBOV_RM7_202;SmithsonianConservationBiologyInstitute;Courtney Meier;cmeier@battelleecology.org;support-copernicus-gbov@acri-st.fr;NEON;361;Deciduous Broadleaf;38.8929214477539;-78.1395034790039;20150417T000000Z;2.0;SCBI_063;0.626;0.019;0.779;0.033;0.80;0.04;0.626;0.031;0.88;0.08;0.71;0.08;-999;-999;-999;-999;-999;-999;-999;-999;-999;-999;-999;-999;0;-999
GBOV_RM7_202;SmithsonianConservationBiologyInstitute;Courtney Meier;cmeier@battelleecology.org;support-copernicus-gbov@acri-st.fr;NEON;361;Deciduous Broadleaf;38.8929214477539;-78.1395034790039;20150504T000000Z;2.0;SCBI_063;2.06;0.05;2.56;0.07;0.806;0.029;1.57;0.06;2.14;0.09;0.74;0.04;-999;-999;-999;-999;-999;-999;-999;-999;-999;-999;-999;-999;0;-999
GBOV_RM7_202;SmithsonianConservationBiologyInstitute;Courtney Meier;cmeier@battelleecology.org;support-copernicus-gbov@acri-st.fr;NEON;361;Deciduous Broadleaf;38.8929214477539;-78.1395034790039;20150514T000000Z;2.0;SCBI_063;2.78;0.08;3.77;0.11;0.735;0.031;2.28;0.10;3.37;0.14;0.68;0.04;-999;-999;-999;-999;-999;-999;-999;-999;-999;-999;-999;-999;8;-999
GBOV_RM7_202;SmithsonianConservationBiologyInstitute;Courtney Meier;cmeier@battelleecology.org;support-copernicus-gbov@acri-st.fr;NEON;361;Deciduous Broadleaf;38.8929214477539;-78.1395034790039;20150529T000000Z;2.0;SCBI_063;3.56;0.09;4.82;0.13;0.739;0.027;2.78;0.13;4.10;0.15;0.68;0.04;-999;-999;-999;-999;-999;-999;-999;-999;-999;-999;-999;-999;0;-999
GBOV_RM7_202;SmithsonianConservationBiologyInstitute;Courtney Meier;cmeier@battelleecology.org;support-copernicus-gbov@acri-st.fr;NEON;361;Deciduous Broadleaf;38.8929214477539;-78.1395034790039;20150611T000000Z;2.0;SCBI_063;3.79;0.10;5.11;0.13;0.741;0.027;3.11;0.12;4.42;0.17;0.70;0.04;-999;-999;-999;-999;-999;-999;-999;-999;-999;-999;-999;-999;0;-999
GBOV_RM7_202;SmithsonianConservationBiologyInstitute;Courtney Meier;cmeier@battelleecology.org;support-copernicus-gbov@acri-st.fr;NEON;361;Deciduous Broadleaf;38.8929214477539;-78.1395034790039;20150629T000000Z;2.0;SCBI_063;4.07;0.11;5.47;0.15;0.743;0.029;3.20;0.16;4.52;0.19;0.71;0.05;-999;-999;-999;-999;-999;-999;-999;-999;-999;-999;-999;-999;8;-999
GBOV_RM7_202;SmithsonianConservationBiologyInstitute;Courtney Meier;cmeier@battelleecology.org;support-copernicus-gbov@acri-st.fr;NEON;361;Deciduous Broadleaf;38.8929214477539;-78.1395034790039;20150716T000000Z;2.0;SCBI_063;3.82;0.09;5.10;0.13;0.747;0.026;2.97;0.13;4.31;0.16;0.69;0.04;-999;-999;-999;-999;-999;-999;-999;-999;-999;-999;-999;-999;8;-999
GBOV_RM7_202;SmithsonianConservationBiologyInstitute;Courtney Meier;cmeier@battelleecology.org;support-copernicus-gbov@acri-st.fr;NEON;361;Deciduous Broadleaf;38.8929214477539;-78.1395034790039;20150723T000000Z;2.0;SCBI_063;3.47;0.16;4.71;0.18;0.74;0.04;2.63;0.26;3.67;0.26;0.72;0.09;-999;-999;-999;-999;-999;-999;-999;-999;-999;-999;-999;-999;8;-999
GBOV_RM7_202;SmithsonianConservationBiologyInstitute;Courtney Meier;cmeier@battelleecology.org;support-copernicus-gbov@acri-st.fr;NEON;361;Deciduous Broadleaf;38.8929214477539;-78.1395034790039;20150805T000000Z;2.0;SCBI_063;3.20;0.16;4.56;0.22;0.70;0.05;2.35;0.29;3.6;0.4;0.66;0.11;-999;-999;-999;-999;-999;-999;-999;-999;-999;-999;-999;-999;8;-999
GBOV_RM7_202;SmithsonianConservationBiologyInstitute;Courtney Meier;cmeier@battelleecology.org;support-copernicus-gbov@acri-st.fr;NEON;361;Deciduous Broadleaf;38.8929214477539;-78.1395034790039;20150821T000000Z;2.0;SCBI_063;3.76;0.10;5.04;0.14;0.746;0.028;2.89;0.13;4.14;0.16;0.70;0.04;-999;-999;-999;-999;-999;-999;-999;-999;-999;-999;-999;-999;8;-999
GBOV_RM7_202;SmithsonianConservationBiologyInstitute;Courtney Meier;cmeier@battelleecology.org;support-copernicus-gbov@acri-st.fr;NEON;361;Deciduous Broadleaf;38.8929214477539;-78.1395034790039;20150902T000000Z;2.0;SCBI_063;3.82;0.10;5.16;0.14;0.740;0.028;3.34;0.15;4.72;0.19;0.71;0.04;-999;-999;-999;-999;-999;-999;-999;-999;-999;-999;-999;-999;8;-999
GBOV_RM7_202;SmithsonianConservationBiologyInstitute;Courtney Meier;cmeier@battelleecology.org;support-copernicus-gbov@acri-st.fr;NEON;361;Deciduous Broadleaf;38.8929214477539;-78.1395034790039;20150916T000000Z;2.0;SCBI_063;3.63;0.09;4.79;0.13;0.758;0.028;2.85;0.15;4.07;0.16;0.70;0.05;-999;-999;-999;-999;-999;-999;-999;-999;-999;-999;-999;-999;0;-999
GBOV_RM7_202;SmithsonianConservationBiologyInstitute;Courtney Meier;cmeier@battelleecology.org;support-copernicus-gbov@acri-st.fr;NEON;361;Deciduous Broadleaf;38.8929214477539;-78.1395034790039;20151006T000000Z;2.0;SCBI_063;2.96;0.11;3.73;0.14;0.79;0.04;2.27;0.18;2.90;0.22;0.78;0.09;-999;-999;-999;-999;-999;-999;-999;-999;-999;-999;-999;-999;8;-999
GBOV_RM7_202;SmithsonianConservationBiologyInstitute;Courtney Meier;cmeier@battelleecology.org;support-copernicus-gbov@acri-st.fr;NEON;361;Deciduous Broadleaf;38.8929214477539;-78.1395034790039;20151015T000000Z;2.0;SCBI_063;3.10;0.08;4.05;0.11;0.765;0.029;2.39;0.11;3.44;0.14;0.69;0.04;-999;-999;-999;-999;-999;-999;-999;-999;-999;-999;-999;-999;8;-999
GBOV_RM7_202;SmithsonianConservationBiologyInstitute;Courtney Meier;cmeier@battelleecology.org;support-copernicus-gbov@acri-st.fr;NEON;361;Deciduous Broadleaf;38.8929214477539;-78.1395034790039;20151103T000000Z;2.0;SCBI_063;1.49;0.04;1.75;0.05;0.851;0.033;1.12;0.05;1.34;0.06;0.84;0.05;-999;-999;-999;-999;-999;-999;-999;-999;-999;-999;-999;-999;8;-999
GBOV_RM7_202;SmithsonianConservationBiologyInstitute;Courtney Meier;cmeier@battelleecology.org;support-copernicus-gbov@acri-st.fr;NEON;361;Deciduous Broadleaf;38.8929214477539;-78.1395034790039;20160413T000000Z;2.0;SCBI_063;0.904;0.031;1.06;0.04;0.85;0.04;0.79;0.04;1.07;0.07;0.74;0.06;0.683;0.017;0.690;0.017;0.989;0.034;0.424;0.014;0.429;0.014;0.99;0.04;0;0
GBOV_RM7_202;SmithsonianConservationBiologyInstitute;Courtney Meier;cmeier@battelleecology.org;support-copernicus-gbov@acri-st.fr;NEON;361;Deciduous Broadleaf;38.8929214477539;-78.1395034790039;20160421T000000Z;2.0;SCBI_063;0.684;0.020;0.796;0.025;0.86;0.04;0.81;0.04;1.05;0.07;0.77;0.07;0.173;0.007;0.174;0.007;0.99;0.05;0.171;0.010;0.172;0.010;0.99;0.08;0;0
GBOV_RM7_202;SmithsonianConservationBiologyInstitute;Courtney Meier;cmeier@battelleecology.org;support-copernicus-gbov@acri-st.fr;NEON;361;Deciduous Broadleaf;38.8929214477539;-78.1395034790039;20160520T000000Z;2.0;SCBI_063;1.71;0.05;2.24;0.07;0.765;0.033;1.54;0.07;2.14;0.11;0.72;0.05;-999;-999;-999;-999;-999;-999;-999;-999;-999;-999;-999;-999;0;-999
GBOV_RM7_202;SmithsonianConservationBiologyInstitute;Courtney Meier;cmeier@battelleecology.org;support-copernicus-gbov@acri-st.fr;NEON;361;Deciduous Broadleaf;38.8929214477539;-78.1395034790039;20160602T000000Z;2.0;SCBI_063;2.87;0.08;3.90;0.11;0.736;0.030;2.48;0.12;3.68;0.16;0.67;0.04;-999;-999;-999;-999;-999;-999;-999;-999;-999;-999;-999;-999;0;-999
GBOV_RM7_202;SmithsonianConservationBiologyInstitute;Courtney Meier;cmeier@battelleecology.org;support-copernicus-gbov@acri-st.fr;NEON;361;Deciduous Broadleaf;38.8929214477539;-78.1395034790039;20160622T000000Z;2.0;SCBI_063;3.75;0.10;4.99;0.13;0.753;0.028;3.01;0.13;4.24;0.16;0.71;0.04;-999;-999;-999;-999;-999;-999;-999;-999;-999;-999;-999;-999;0;-999
GBOV_RM7_202;SmithsonianConservationBiologyInstitute;Courtney Meier;cmeier@battelleecology.org;support-copernicus-gbov@acri-st.fr;NEON;361;Deciduous Broadleaf;38.8929214477539;-78.1395034790039;20160701T000000Z;2.0;SCBI_063;3.77;0.10;5.00;0.13;0.754;0.028;3.07;0.14;4.21;0.14;0.73;0.04;-999;-999;-999;-999;-999;-999;-999;-999;-999;-999;-999;-999;0;-999
GBOV_RM7_202;SmithsonianConservationBiologyInstitute;Courtney Meier;cmeier@battelleecology.org;support-copernicus-gbov@acri-st.fr;NEON;361;Deciduous Broadleaf;38.8929214477539;-78.1395034790039;20160713T000000Z;2.0;SCBI_063;3.81;0.10;5.07;0.13;0.753;0.027;3.05;0.13;4.09;0.14;0.74;0.04;-999;-999;-999;-999;-999;-999;-999;-999;-999;-999;-999;-999;0;-999
GBOV_RM7_202;SmithsonianConservationBiologyInstitute;Courtney Meier;cmeier@battelleecology.org;support-copernicus-gbov@acri-st.fr;NEON;361;Deciduous Broadleaf;38.8929214477539;-78.1395034790039;20160727T000000Z;2.0;SCBI_063;3.80;0.10;5.15;0.14;0.739;0.028;2.99;0.13;4.33;0.17;0.69;0.04;-999;-999;-999;-999;-999;-999;-999;-999;-999;-999;-999;-999;0;-999
GBOV_RM7_202;SmithsonianConservationBiologyInstitute;Courtney Meier;cmeier@battelleecology.org;support-copernicus-gbov@acri-st.fr;NEON;361;Deciduous Broadleaf;38.8929214477539;-78.1395034790039;20160812T000000Z;2.0;SCBI_063;3.25;0.12;4.23;0.15;0.77;0.04;2.55;0.22;3.49;0.28;0.73;0.08;-999;-999;-999;-999;-999;-999;-999;-999;-999;-999;-999;-999;64;-999
GBOV_RM7_202;SmithsonianConservationBiologyInstitute;Courtney Meier;cmeier@battelleecology.org;support-copernicus-gbov@acri-st.fr;NEON;361;Deciduous Broadleaf;38.8929214477539;-78.1395034790039;20160826T000000Z;2.0;SCBI_063;3.34;0.09;4.56;0.13;0.732;0.028;2.72;0.12;4.16;0.19;0.65;0.04;-999;-999;-999;-999;-999;-999;-999;-999;-999;-999;-999;-999;0;-999
GBOV_RM7_202;SmithsonianConservationBiologyInstitute;Courtney Meier;cmeier@battelleecology.org;support-copernicus-gbov@acri-st.fr;NEON;361;Deciduous Broadleaf;38.8929214477539;-78.1395034790039;20160909T000000Z;2.0;SCBI_063;3.45;0.09;4.53;0.13;0.762;0.029;2.76;0.13;3.91;0.14;0.71;0.04;-999;-999;-999;-999;-999;-999;-999;-999;-999;-999;-999;-999;64;-999
GBOV_RM7_202;SmithsonianConservationBiologyInstitute;Courtney Meier;cmeier@battelleecology.org;support-copernicus-gbov@acri-st.fr;NEON;361;Deciduous Broadleaf;38.8929214477539;-78.1395034790039;20160923T000000Z;2.0;SCBI_063;3.40;0.09;4.34;0.11;0.783;0.028;2.87;0.11;3.79;0.13;0.76;0.04;-999;-999;-999;-999;-999;-999;-999;-999;-999;-999;-999;-999;0;-999
GBOV_RM7_202;SmithsonianConservationBiologyInstitute;Courtney Meier;cmeier@battelleecology.org;support-copernicus-gbov@acri-st.fr;NEON;361;Deciduous Broadleaf;38.8929214477539;-78.1395034790039;20161007T000000Z;2.0;SCBI_063;3.04;0.08;3.93;0.11;0.772;0.029;2.63;0.12;3.69;0.15;0.71;0.04;-999;-999;-999;-999;-999;-999;-999;-999;-999;-999;-999;-999;0;-999
GBOV_RM7_202;SmithsonianConservationBiologyInstitute;Courtney Meier;cmeier@battelleecology.org;support-copernicus-gbov@acri-st.fr;NEON;361;Deciduous Broadleaf;38.8929214477539;-78.1395034790039;20161021T000000Z;2.0;SCBI_063;2.55;0.07;3.28;0.10;0.777;0.031;2.02;0.09;2.88;0.12;0.70;0.04;-999;-999;-999;-999;-999;-999;-999;-999;-999;-999;-999;-999;0;-999
GBOV_RM7_202;SmithsonianConservationBiologyInstitute;Courtney Meier;cmeier@battelleecology.org;support-copernicus-gbov@acri-st.fr;NEON;361;Deciduous Broadleaf;38.8929214477539;-78.1395034790039;20170330T000000Z;2.0;SCBI_063;0.519;0.015;0.613;0.022;0.85;0.04;0.677;0.029;0.88;0.07;0.77;0.07;0.0266;0.0009;0.0267;0.0009;1.00;0.05;0.0449;0.0016;0.0450;0.0016;1.00;0.05;0;0
GBOV_RM7_202;SmithsonianConservationBiologyInstitute;Courtney Meier;cmeier@battelleecology.org;support-copernicus-gbov@acri-st.fr;NEON;361;Deciduous Broadleaf;38.8929214477539;-78.1395034790039;20170417T000000Z;2.0;SCBI_063;1.182;0.031;1.39;0.04;0.848;0.032;1.11;0.05;1.42;0.08;0.78;0.06;0.219;0.008;0.227;0.009;0.96;0.05;0.205;0.014;0.218;0.020;0.94;0.11;0;0
GBOV_RM7_202;SmithsonianConservationBiologyInstitute;Courtney Meier;cmeier@battelleecology.org;support-copernicus-gbov@acri-st.fr;NEON;361;Deciduous Broadleaf;38.8929214477539;-78.1395034790039;20170426T000000Z;2.0;SCBI_063;1.95;0.05;2.39;0.06;0.818;0.029;1.55;0.06;2.01;0.09;0.77;0.05;1.17;0.05;1.30;0.05;0.90;0.05;0.86;0.04;0.93;0.05;0.92;0.07;0;0
GBOV_RM7_202;SmithsonianConservationBiologyInstitute;Courtney Meier;cmeier@battelleecology.org;support-copernicus-gbov@acri-st.fr;NEON;361;Deciduous Broadleaf;38.8929214477539;-78.1395034790039;20170509T000000Z;2.0;SCBI_063;2.77;0.07;3.58;0.10;0.774;0.030;2.32;0.10;3.20;0.13;0.72;0.04;2.03;0.09;2.57;0.11;0.79;0.05;1.54;0.10;1.95;0.16;0.79;0.09;0;0
GBOV_RM7_202;SmithsonianConservationBiologyInstitute;Courtney Meier;cmeier@battelleecology.org;support-copernicus-gbov@acri-st.fr;NEON;361;Deciduous Broadleaf;38.8929214477539;-78.1395034790039;20170608T000000Z;2.0;SCBI_063;3.74;0.09;4.94;0.13;0.757;0.027;3.18;0.13;4.35;0.19;0.73;0.04;1.81;0.10;2.39;0.11;0.76;0.06;1.39;0.17;1.86;0.19;0.75;0.12;0;0
GBOV_RM7_202;SmithsonianConservationBiologyInstitute;Courtney Meier;cmeier@battelleecology.org;support-copernicus-gbov@acri-st.fr;NEON;361;Deciduous Broadleaf;38.8929214477539;-78.1395034790039;20170622T000000Z;2.0;SCBI_063;3.95;0.10;5.16;0.14;0.766;0.028;3.48;0.14;4.63;0.19;0.75;0.04;-999;-999;-999;-999;-999;-999;-999;-999;-999;-999;-999;-999;0;-999
GBOV_RM7_202;SmithsonianConservationBiologyInstitute;Courtney Meier;cmeier@battelleecology.org;support-copernicus-gbov@acri-st.fr;NEON;361;Deciduous Broadleaf;38.8929214477539;-78.1395034790039;20170706T000000Z;2.0;SCBI_063;3.54;0.10;4.64;0.13;0.762;0.030;3.10;0.17;4.40;0.17;0.71;0.05;-999;-999;-999;-999;-999;-999;-999;-999;-999;-999;-999;-999;0;-999
GBOV_RM7_202;SmithsonianConservationBiologyInstitute;Courtney Meier;cmeier@battelleecology.org;support-copernicus-gbov@acri-st.fr;NEON;361;Deciduous Broadleaf;38.8929214477539;-78.1395034790039;20170721T000000Z;2.0;SCBI_063;3.84;0.10;5.07;0.14;0.757;0.029;3.08;0.13;4.25;0.15;0.73;0.04;-999;-999;-999;-999;-999;-999;-999;-999;-999;-999;-999;-999;0;-999
GBOV_RM7_202;SmithsonianConservationBiologyInstitute;Courtney Meier;cmeier@battelleecology.org;support-copernicus-gbov@acri-st.fr;NEON;361;Deciduous Broadleaf;38.8929214477539;-78.1395034790039;20170810T000000Z;2.0;SCBI_063;3.73;0.10;4.97;0.13;0.751;0.028;3.03;0.13;4.28;0.15;0.71;0.04;-999;-999;-999;-999;-999;-999;-999;-999;-999;-999;-999;-999;0;-999
GBOV_RM7_202;SmithsonianConservationBiologyInstitute;Courtney Meier;cmeier@battelleecology.org;support-copernicus-gbov@acri-st.fr;NEON;361;Deciduous Broadleaf;38.8929214477539;-78.1395034790039;20170818T000000Z;2.0;SCBI_063;3.78;0.10;4.95;0.13;0.764;0.028;3.08;0.14;4.33;0.16;0.71;0.04;-999;-999;-999;-999;-999;-999;-999;-999;-999;-999;-999;-999;0;-999
GBOV_RM7_202;SmithsonianConservationBiologyInstitute;Courtney Meier;cmeier@battelleecology.org;support-copernicus-gbov@acri-st.fr;NEON;361;Deciduous Broadleaf;38.8929214477539;-78.1395034790039;20170830T000000Z;2.0;SCBI_063;3.53;0.09;4.59;0.12;0.768;0.028;2.94;0.12;3.94;0.16;0.75;0.04;-999;-999;-999;-999;-999;-999;-999;-999;-999;-999;-999;-999;0;-999
GBOV_RM7_202;SmithsonianConservationBiologyInstitute;Courtney Meier;cmeier@battelleecology.org;support-copernicus-gbov@acri-st.fr;NEON;361;Deciduous Broadleaf;38.8929214477539;-78.1395034790039;20170913T000000Z;2.0;SCBI_063;3.69;0.09;4.79;0.12;0.769;0.028;3.06;0.13;4.29;0.16;0.71;0.04;-999;-999;-999;-999;-999;-999;-999;-999;-999;-999;-999;-999;0;-999
GBOV_RM7_202;SmithsonianConservationBiologyInstitute;Courtney Meier;cmeier@battelleecology.org;support-copernicus-gbov@acri-st.fr;NEON;361;Deciduous Broadleaf;38.8929214477539;-78.1395034790039;20170925T000000Z;2.0;SCBI_063;3.40;0.09;4.42;0.12;0.769;0.028;2.88;0.12;3.89;0.15;0.74;0.04;-999;-999;-999;-999;-999;-999;-999;-999;-999;-999;-999;-999;0;-999
GBOV_RM7_202;SmithsonianConservationBiologyInstitute;Courtney Meier;cmeier@battelleecology.org;support-copernicus-gbov@acri-st.fr;NEON;361;Deciduous Broadleaf;38.8929214477539;-78.1395034790039;20171013T000000Z;2.0;SCBI_063;2.67;0.07;3.38;0.10;0.792;0.031;2.27;0.10;3.10;0.14;0.73;0.05;-999;-999;-999;-999;-999;-999;-999;-999;-999;-999;-999;-999;0;-999
GBOV_RM7_202;SmithsonianConservationBiologyInstitute;Courtney Meier;cmeier@battelleecology.org;support-copernicus-gbov@acri-st.fr;NEON;361;Deciduous Broadleaf;38.8929214477539;-78.1395034790039;20171027T000000Z;2.0;SCBI_063;2.34;0.06;2.97;0.08;0.790;0.030;1.82;0.08;2.59;0.12;0.70;0.04;-999;-999;-999;-999;-999;-999;-999;-999;-999;-999;-999;-999;0;-999
GBOV_RM7_202;SmithsonianConservationBiologyInstitute;Courtney Meier;cmeier@battelleecology.org;support-copernicus-gbov@acri-st.fr;NEON;361;Deciduous Broadleaf;38.8929214477539;-78.1395034790039;20180402T000000Z;2.0;SCBI_063;0.479;0.018;0.584;0.027;0.82;0.05;0.94;0.05;1.32;0.10;0.71;0.07;-999;-999;-999;-999;-999;-999;-999;-999;-999;-999;-999;-999;0;-999
GBOV_RM7_202;SmithsonianConservationBiologyInstitute;Courtney Meier;cmeier@battelleecology.org;support-copernicus-gbov@acri-st.fr;NEON;361;Deciduous Broadleaf;38.8929214477539;-78.1395034790039;20180413T000000Z;2.0;SCBI_063;0.608;0.018;0.716;0.027;0.85;0.04;0.736;0.033;0.93;0.07;0.79;0.07;-999;-999;-999;-999;-999;-999;-999;-999;-999;-999;-999;-999;1;-999
GBOV_RM7_202;SmithsonianConservationBiologyInstitute;Courtney Meier;cmeier@battelleecology.org;support-copernicus-gbov@acri-st.fr;NEON;361;Deciduous Broadleaf;38.8929214477539;-78.1395034790039;20180502T000000Z;2.0;SCBI_063;1.47;0.04;1.76;0.05;0.833;0.031;1.15;0.05;1.46;0.08;0.79;0.06;-999;-999;-999;-999;-999;-999;-999;-999;-999;-999;-999;-999;1;-999
GBOV_RM7_202;SmithsonianConservationBiologyInstitute;Courtney Meier;cmeier@battelleecology.org;support-copernicus-gbov@acri-st.fr;NEON;361;Deciduous Broadleaf;38.8929214477539;-78.1395034790039;20180515T000000Z;2.0;SCBI_063;2.73;0.07;3.46;0.09;0.789;0.029;2.57;0.11;3.58;0.14;0.72;0.04;-999;-999;-999;-999;-999;-999;-999;-999;-999;-999;-999;-999;0;-999
GBOV_RM7_202;SmithsonianConservationBiologyInstitute;Courtney Meier;cmeier@battelleecology.org;support-copernicus-gbov@acri-st.fr;NEON;361;Deciduous Broadleaf;38.8929214477539;-78.1395034790039;20180524T000000Z;2.0;SCBI_063;3.27;0.09;4.38;0.13;0.748;0.031;2.65;0.11;3.71;0.16;0.71;0.04;-999;-999;-999;-999;-999;-999;-999;-999;-999;-999;-999;-999;0;-999
GBOV_RM7_202;SmithsonianConservationBiologyInstitute;Courtney Meier;cmeier@battelleecology.org;support-copernicus-gbov@acri-st.fr;NEON;361;Deciduous Broadleaf;38.8929214477539;-78.1395034790039;20180612T000000Z;2.0;SCBI_063;3.62;0.09;4.86;0.13;0.745;0.028;2.90;0.13;4.13;0.17;0.70;0.04;-999;-999;-999;-999;-999;-999;-999;-999;-999;-999;-999;-999;0;-999
GBOV_RM7_202;SmithsonianConservationBiologyInstitute;Courtney Meier;cmeier@battelleecology.org;support-copernicus-gbov@acri-st.fr;NEON;361;Deciduous Broadleaf;38.8929214477539;-78.1395034790039;20180621T000000Z;2.0;SCBI_063;3.89;0.10;5.22;0.14;0.745;0.028;3.21;0.14;4.63;0.19;0.69;0.04;-999;-999;-999;-999;-999;-999;-999;-999;-999;-999;-999;-999;0;-999
GBOV_RM7_202;SmithsonianConservationBiologyInstitute;Courtney Meier;cmeier@battelleecology.org;support-copernicus-gbov@acri-st.fr;NEON;361;Deciduous Broadleaf;38.8929214477539;-78.1395034790039;20180710T000000Z;2.0;SCBI_063;3.90;0.10;5.18;0.13;0.753;0.027;3.08;0.13;4.39;0.17;0.70;0.04;-999;-999;-999;-999;-999;-999;-999;-999;-999;-999;-999;-999;0;-999
GBOV_RM7_202;SmithsonianConservationBiologyInstitute;Courtney Meier;cmeier@battelleecology.org;support-copernicus-gbov@acri-st.fr;NEON;361;Deciduous Broadleaf;38.8929214477539;-78.1395034790039;20180716T000000Z;2.0;SCBI_063;3.95;0.10;5.34;0.14;0.739;0.028;3.01;0.13;4.34;0.18;0.69;0.04;-999;-999;-999;-999;-999;-999;-999;-999;-999;-999;-999;-999;0;-999
GBOV_RM7_202;SmithsonianConservationBiologyInstitute;Courtney Meier;cmeier@battelleecology.org;support-copernicus-gbov@acri-st.fr;NEON;361;Deciduous Broadleaf;38.8929214477539;-78.1395034790039;20180802T000000Z;2.0;SCBI_063;3.93;0.10;5.21;0.14;0.754;0.028;3.19;0.15;4.55;0.16;0.70;0.04;-999;-999;-999;-999;-999;-999;-999;-999;-999;-999;-999;-999;0;-999
GBOV_RM7_202;SmithsonianConservationBiologyInstitute;Courtney Meier;cmeier@battelleecology.org;support-copernicus-gbov@acri-st.fr;NEON;361;Deciduous Broadleaf;38.8929214477539;-78.1395034790039;20180816T000000Z;2.0;SCBI_063;3.78;0.10;5.18;0.13;0.731;0.027;3.10;0.15;4.52;0.19;0.68;0.04;-999;-999;-999;-999;-999;-999;-999;-999;-999;-999;-999;-999;0;-999
GBOV_RM7_202;SmithsonianConservationBiologyInstitute;Courtney Meier;cmeier@battelleecology.org;support-copernicus-gbov@acri-st.fr;NEON;361;Deciduous Broadleaf;38.8929214477539;-78.1395034790039;20180830T000000Z;2.0;SCBI_063;3.78;0.10;5.08;0.13;0.744;0.027;3.06;0.14;4.51;0.19;0.68;0.04;-999;-999;-999;-999;-999;-999;-999;-999;-999;-999;-999;-999;0;-999
GBOV_RM7_202;SmithsonianConservationBiologyInstitute;Courtney Meier;cmeier@battelleecology.org;support-copernicus-gbov@acri-st.fr;NEON;361;Deciduous Broadleaf;38.8929214477539;-78.1395034790039;20180914T000000Z;2.0;SCBI_063;3.46;0.09;4.57;0.12;0.756;0.029;3.03;0.14;4.38;0.17;0.69;0.04;-999;-999;-999;-999;-999;-999;-999;-999;-999;-999;-999;-999;0;-999
GBOV_RM7_202;SmithsonianConservationBiologyInstitute;Courtney Meier;cmeier@battelleecology.org;support-copernicus-gbov@acri-st.fr;NEON;361;Deciduous Broadleaf;38.8929214477539;-78.1395034790039;20180927T000000Z;2.0;SCBI_063;2.86;0.08;3.78;0.11;0.757;0.029;2.66;0.13;3.91;0.18;0.68;0.05;-999;-999;-999;-999;-999;-999;-999;-999;-999;-999;-999;-999;64;-999
GBOV_RM7_202;SmithsonianConservationBiologyInstitute;Courtney Meier;cmeier@battelleecology.org;support-copernicus-gbov@acri-st.fr;NEON;361;Deciduous Broadleaf;38.8929214477539;-78.1395034790039;20181016T000000Z;2.0;SCBI_063;2.39;0.07;3.04;0.09;0.784;0.032;2.07;0.10;2.93;0.13;0.71;0.05;-999;-999;-999;-999;-999;-999;-999;-999;-999;-999;-999;-999;0;-999
GBOV_RM7_202;SmithsonianConservationBiologyInstitute;Courtney Meier;cmeier@battelleecology.org;support-copernicus-gbov@acri-st.fr;NEON;361;Deciduous Broadleaf;38.8929214477539;-78.1395034790039;20181031T000000Z;2.0;SCBI_063;2.03;0.06;2.60;0.08;0.781;0.032;1.71;0.08;2.41;0.12;0.71;0.05;-999;-999;-999;-999;-999;-999;-999;-999;-999;-999;-999;-999;0;-999
GBOV_RM7_202;SmithsonianConservationBiologyInstitute;Courtney Meier;cmeier@battelleecology.org;support-copernicus-gbov@acri-st.fr;NEON;361;Deciduous Broadleaf;38.8929214477539;-78.1395034790039;20190325T134900Z;2.0;SCBI_063;0.471;0.014;0.573;0.024;0.82;0.04;0.577;0.026;0.74;0.07;0.78;0.08;-999;-999;-999;-999;-999;-999;-999;-999;-999;-999;-999;-999;0;0
GBOV_RM7_202;SmithsonianConservationBiologyInstitute;Courtney Meier;cmeier@battelleecology.org;support-copernicus-gbov@acri-st.fr;NEON;361;Deciduous Broadleaf;38.8929214477539;-78.1395034790039;20190409T194300Z;2.0;SCBI_063;0.454;0.014;0.548;0.022;0.83;0.04;0.583;0.027;0.82;0.07;0.71;0.07;-999;-999;-999;-999;-999;-999;-999;-999;-999;-999;-999;-999;0;0
GBOV_RM7_202;SmithsonianConservationBiologyInstitute;Courtney Meier;cmeier@battelleecology.org;support-copernicus-gbov@acri-st.fr;NEON;361;Deciduous Broadleaf;38.8929214477539;-78.1395034790039;20190425T184700Z;2.0;SCBI_063;1.71;0.05;2.09;0.06;0.817;0.032;1.62;0.06;2.17;0.11;0.75;0.05;-999;-999;-999;-999;-999;-999;-999;-999;-999;-999;-999;-999;0;0
GBOV_RM7_202;SmithsonianConservationBiologyInstitute;Courtney Meier;cmeier@battelleecology.org;support-copernicus-gbov@acri-st.fr;NEON;361;Deciduous Broadleaf;38.8929214477539;-78.1395034790039;20190508T160500Z;2.0;SCBI_063;2.94;0.07;3.79;0.10;0.775;0.028;2.61;0.12;3.69;0.15;0.71;0.04;-999;-999;-999;-999;-999;-999;-999;-999;-999;-999;-999;-999;0;0
GBOV_RM7_202;SmithsonianConservationBiologyInstitute;Courtney Meier;cmeier@battelleecology.org;support-copernicus-gbov@acri-st.fr;NEON;361;Deciduous Broadleaf;38.8929214477539;-78.1395034790039;20190523T045800Z;2.0;SCBI_063;3.21;0.09;4.32;0.13;0.743;0.031;2.67;0.12;3.72;0.15;0.72;0.04;-999;-999;-999;-999;-999;-999;-999;-999;-999;-999;-999;-999;0;0
GBOV_RM7_202;SmithsonianConservationBiologyInstitute;Courtney Meier;cmeier@battelleecology.org;support-copernicus-gbov@acri-st.fr;NEON;361;Deciduous Broadleaf;38.8929214477539;-78.1395034790039;20190606T053300Z;2.0;SCBI_063;3.32;0.10;4.57;0.15;0.728;0.032;2.81;0.13;4.02;0.18;0.70;0.04;-999;-999;-999;-999;-999;-999;-999;-999;-999;-999;-999;-999;0;0
GBOV_RM7_202;SmithsonianConservationBiologyInstitute;Courtney Meier;cmeier@battelleecology.org;support-copernicus-gbov@acri-st.fr;NEON;361;Deciduous Broadleaf;38.8929214477539;-78.1395034790039;20190730T050300Z;2.0;SCBI_063;3.76;0.10;5.08;0.14;0.741;0.029;2.93;0.13;4.08;0.16;0.72;0.04;-999;-999;-999;-999;-999;-999;-999;-999;-999;-999;-999;-999;0;0
GBOV_RM7_202;SmithsonianConservationBiologyInstitute;Courtney Meier;cmeier@battelleecology.org;support-copernicus-gbov@acri-st.fr;NEON;361;Deciduous Broadleaf;38.8929214477539;-78.1395034790039;20190813T084300Z;2.0;SCBI_063;3.46;0.09;4.75;0.13;0.728;0.028;3.06;0.13;4.31;0.15;0.71;0.04;-999;-999;-999;-999;-999;-999;-999;-999;-999;-999;-999;-999;0;0
GBOV_RM7_202;SmithsonianConservationBiologyInstitute;Courtney Meier;cmeier@battelleecology.org;support-copernicus-gbov@acri-st.fr;NEON;361;Deciduous Broadleaf;38.8929214477539;-78.1395034790039;20190828T144000Z;2.0;SCBI_063;3.47;0.10;4.52;0.13;0.768;0.031;3.06;0.15;4.10;0.16;0.75;0.05;-999;-999;-999;-999;-999;-999;-999;-999;-999;-999;-999;-999;0;0
GBOV_RM7_202;SmithsonianConservationBiologyInstitute;Courtney Meier;cmeier@battelleecology.org;support-copernicus-gbov@acri-st.fr;NEON;361;Deciduous Broadleaf;38.8929214477539;-78.1395034790039;20190912T071300Z;2.0;SCBI_063;3.84;0.15;5.74;0.17;0.670;0.032;3.44;0.21;5.37;0.24;0.64;0.05;-999;-999;-999;-999;-999;-999;-999;-999;-999;-999;-999;-999;0;0
GBOV_RM7_202;SmithsonianConservationBiologyInstitute;Courtney Meier;cmeier@battelleecology.org;support-copernicus-gbov@acri-st.fr;NEON;361;Deciduous Broadleaf;38.8929214477539;-78.1395034790039;20190926T065400Z;2.0;SCBI_063;2.47;0.06;3.07;0.08;0.804;0.030;2.04;0.08;2.80;0.12;0.73;0.04;-999;-999;-999;-999;-999;-999;-999;-999;-999;-999;-999;-999;0;0
GBOV_RM7_202;SmithsonianConservationBiologyInstitute;Courtney Meier;cmeier@battelleecology.org;support-copernicus-gbov@acri-st.fr;NEON;361;Deciduous Broadleaf;38.8929214477539;-78.1395034790039;20191010T070100Z;2.0;SCBI_063;2.59;0.08;3.30;0.11;0.79;0.04;2.19;0.11;3.08;0.16;0.71;0.05;-999;-999;-999;-999;-999;-999;-999;-999;-999;-999;-999;-999;0;0
GBOV_RM7_202;SmithsonianConservationBiologyInstitute;Courtney Meier;cmeier@battelleecology.org;support-copernicus-gbov@acri-st.fr;NEON;361;Deciduous Broadleaf;38.8929214477539;-78.1395034790039;20191024T071000Z;2.0;SCBI_063;1.99;0.06;2.52;0.09;0.79;0.04;1.70;0.07;2.35;0.12;0.72;0.05;-999;-999;-999;-999;-999;-999;-999;-999;-999;-999;-999;-999;0;0
