GBOV_ID;Site;GROUND_DATA_PI;GROUND_DATA_PIs_Email;GBOV_Email;Network;Elevation;IGBP_class;Lat_IS;Lon_IS;TIME_IS;Version;PLOT_ID;LAIe_Miller_up;LAIe_Miller_up_err;LAI_Miller_up;LAI_Miller_up_err;clumping_Miller_up;clumping_Miller_up_err;LAIe_Warren_up;LAIe_Warren_up_err;LAI_Warren_up;LAI_Warren_up_err;clumping_Warren_up;clumping_Warren_up_err;LAIe_Miller_down;LAIe_Miller_down_err;LAI_Miller_down;LAI_Miller_down_err;clumping_Miller_down;clumping_Miller_down_err;LAIe_Warren_down;LAIe_Warren_down_err;LAI_Warren_down;LAI_Warren_down_err;clumping_Warren_down;clumping_Warren_down_err;up_flag;down_flag
GBOV_RM7_393;JonesEcologicalResearchCenter;Courtney Meier;cmeier@battelleecology.org;support-copernicus-gbov@acri-st.fr;NEON;44;Croplands;31.1948394775391;-84.468777;20130611T000000Z;2.0;JERC_054;2.57;0.14;3.69;0.13;0.70;0.05;1.88;0.27;3.07;0.21;0.61;0.10;-999;-999;-999;-999;-999;-999;-999;-999;-999;-999;-999;-999;-999;0
GBOV_RM7_393;JonesEcologicalResearchCenter;Courtney Meier;cmeier@battelleecology.org;support-copernicus-gbov@acri-st.fr;NEON;44;Croplands;31.1948394775391;-84.468777;20140701T000000Z;2.0;JERC_054;3.65;0.10;4.92;0.14;0.742;0.029;2.78;0.12;3.83;0.18;0.73;0.05;0.291;0.016;0.326;0.021;0.89;0.08;0.212;0.019;0.226;0.022;0.94;0.12;0;0
GBOV_RM7_393;JonesEcologicalResearchCenter;Courtney Meier;cmeier@battelleecology.org;support-copernicus-gbov@acri-st.fr;NEON;44;Croplands;31.1948394775391;-84.468777;20140918T000000Z;2.0;JERC_054;1.81;0.06;2.40;0.08;0.75;0.04;1.40;0.08;1.97;0.13;0.71;0.06;0.170;0.011;0.183;0.014;0.93;0.09;0.162;0.016;0.176;0.023;0.92;0.15;64;16
GBOV_RM7_393;JonesEcologicalResearchCenter;Courtney Meier;cmeier@battelleecology.org;support-copernicus-gbov@acri-st.fr;NEON;44;Croplands;31.1948394775391;-84.468777;20141016T000000Z;2.0;JERC_054;2.69;0.07;3.62;0.10;0.744;0.030;2.11;0.10;2.92;0.15;0.72;0.05;0.176;0.012;0.195;0.017;0.90;0.10;0.168;0.020;0.185;0.031;0.91;0.19;0;0
GBOV_RM7_393;JonesEcologicalResearchCenter;Courtney Meier;cmeier@battelleecology.org;support-copernicus-gbov@acri-st.fr;NEON;44;Croplands;31.1948394775391;-84.468777;20141028T000000Z;2.0;JERC_054;2.91;0.09;4.15;0.13;0.703;0.030;2.22;0.11;3.24;0.14;0.69;0.04;0.115;0.010;0.125;0.012;0.92;0.12;0.113;0.016;0.119;0.019;0.95;0.20;0;0
GBOV_RM7_393;JonesEcologicalResearchCenter;Courtney Meier;cmeier@battelleecology.org;support-copernicus-gbov@acri-st.fr;NEON;44;Croplands;31.1948394775391;-84.468777;20150427T000000Z;2.0;JERC_054;3.27;0.09;4.26;0.12;0.767;0.029;2.64;0.12;3.62;0.17;0.73;0.05;0.238;0.014;0.260;0.016;0.92;0.08;0.195;0.025;0.209;0.029;0.93;0.17;0;0
GBOV_RM7_393;JonesEcologicalResearchCenter;Courtney Meier;cmeier@battelleecology.org;support-copernicus-gbov@acri-st.fr;NEON;44;Croplands;31.1948394775391;-84.468777;20150527T000000Z;2.0;JERC_054;3.99;0.11;5.14;0.13;0.776;0.029;3.32;0.14;4.39;0.17;0.76;0.04;0.475;0.014;0.487;0.015;0.98;0.04;0.345;0.014;0.350;0.014;0.99;0.06;8;8
GBOV_RM7_393;JonesEcologicalResearchCenter;Courtney Meier;cmeier@battelleecology.org;support-copernicus-gbov@acri-st.fr;NEON;44;Croplands;31.1948394775391;-84.468777;20150611T000000Z;2.0;JERC_054;3.57;0.10;4.83;0.14;0.738;0.030;2.77;0.12;3.94;0.17;0.70;0.04;0.729;0.017;0.737;0.018;0.989;0.033;0.555;0.016;0.560;0.017;0.99;0.04;0;0
GBOV_RM7_393;JonesEcologicalResearchCenter;Courtney Meier;cmeier@battelleecology.org;support-copernicus-gbov@acri-st.fr;NEON;44;Croplands;31.1948394775391;-84.468777;20150624T000000Z;2.0;JERC_054;3.87;0.10;5.08;0.13;0.760;0.027;3.17;0.14;4.31;0.18;0.74;0.04;0.301;0.013;0.316;0.014;0.95;0.06;0.286;0.024;0.301;0.029;0.95;0.12;0;0
GBOV_RM7_393;JonesEcologicalResearchCenter;Courtney Meier;cmeier@battelleecology.org;support-copernicus-gbov@acri-st.fr;NEON;44;Croplands;31.1948394775391;-84.468777;20150707T000000Z;2.0;JERC_054;3.77;0.10;5.00;0.14;0.753;0.030;2.74;0.12;3.90;0.16;0.70;0.04;0.371;0.014;0.395;0.016;0.94;0.05;0.322;0.018;0.340;0.022;0.95;0.08;0;0
GBOV_RM7_393;JonesEcologicalResearchCenter;Courtney Meier;cmeier@battelleecology.org;support-copernicus-gbov@acri-st.fr;NEON;44;Croplands;31.1948394775391;-84.468777;20150723T000000Z;2.0;JERC_054;3.81;0.10;5.03;0.14;0.759;0.029;3.07;0.13;4.20;0.19;0.73;0.04;0.448;0.020;0.472;0.023;0.95;0.06;0.325;0.024;0.336;0.025;0.97;0.10;0;0
GBOV_RM7_393;JonesEcologicalResearchCenter;Courtney Meier;cmeier@battelleecology.org;support-copernicus-gbov@acri-st.fr;NEON;44;Croplands;31.1948394775391;-84.468777;20150803T000000Z;2.0;JERC_054;3.51;0.10;4.78;0.13;0.735;0.029;2.64;0.10;3.80;0.15;0.69;0.04;0.350;0.018;0.371;0.020;0.94;0.07;0.306;0.022;0.321;0.025;0.95;0.10;0;0
GBOV_RM7_393;JonesEcologicalResearchCenter;Courtney Meier;cmeier@battelleecology.org;support-copernicus-gbov@acri-st.fr;NEON;44;Croplands;31.1948394775391;-84.468777;20150818T000000Z;2.0;JERC_054;3.30;0.09;4.50;0.13;0.733;0.030;2.60;0.10;3.65;0.16;0.71;0.04;0.202;0.010;0.216;0.012;0.93;0.07;0.162;0.010;0.172;0.012;0.94;0.09;0;0
GBOV_RM7_393;JonesEcologicalResearchCenter;Courtney Meier;cmeier@battelleecology.org;support-copernicus-gbov@acri-st.fr;NEON;44;Croplands;31.1948394775391;-84.468777;20150901T000000Z;2.0;JERC_054;2.76;0.08;3.71;0.11;0.745;0.031;2.23;0.13;3.16;0.18;0.71;0.06;0.232;0.012;0.249;0.014;0.93;0.07;0.234;0.028;0.25;0.04;0.92;0.17;0;0
GBOV_RM7_393;JonesEcologicalResearchCenter;Courtney Meier;cmeier@battelleecology.org;support-copernicus-gbov@acri-st.fr;NEON;44;Croplands;31.1948394775391;-84.468777;20150915T000000Z;2.0;JERC_054;3.61;0.10;4.64;0.13;0.778;0.030;2.86;0.12;3.66;0.20;0.78;0.05;0.316;0.010;0.326;0.011;0.97;0.05;0.285;0.014;0.295;0.016;0.97;0.07;8;0
GBOV_RM7_393;JonesEcologicalResearchCenter;Courtney Meier;cmeier@battelleecology.org;support-copernicus-gbov@acri-st.fr;NEON;44;Croplands;31.1948394775391;-84.468777;20150930T000000Z;2.0;JERC_054;3.22;0.10;4.41;0.13;0.729;0.031;2.67;0.13;3.87;0.16;0.69;0.04;0.180;0.010;0.193;0.012;0.93;0.08;0.147;0.017;0.157;0.020;0.94;0.16;0;0
GBOV_RM7_393;JonesEcologicalResearchCenter;Courtney Meier;cmeier@battelleecology.org;support-copernicus-gbov@acri-st.fr;NEON;44;Croplands;31.1948394775391;-84.468777;20151013T000000Z;2.0;JERC_054;3.15;0.09;4.39;0.13;0.717;0.030;2.40;0.14;3.61;0.18;0.67;0.05;0.402;0.013;0.413;0.014;0.97;0.05;0.307;0.018;0.315;0.018;0.98;0.08;0;0
GBOV_RM7_393;JonesEcologicalResearchCenter;Courtney Meier;cmeier@battelleecology.org;support-copernicus-gbov@acri-st.fr;NEON;44;Croplands;31.1948394775391;-84.468777;20151027T000000Z;2.0;JERC_054;2.86;0.09;3.95;0.12;0.723;0.031;2.51;0.11;3.64;0.16;0.69;0.04;0.060;0.005;0.065;0.006;0.93;0.12;0.032;0.007;0.033;0.007;0.96;0.30;0;0
GBOV_RM7_393;JonesEcologicalResearchCenter;Courtney Meier;cmeier@battelleecology.org;support-copernicus-gbov@acri-st.fr;NEON;44;Croplands;31.1948394775391;-84.468777;20160329T000000Z;2.0;JERC_054;1.64;0.05;2.27;0.07;0.725;0.033;1.53;0.08;2.32;0.15;0.66;0.06;0.142;0.010;0.157;0.013;0.91;0.10;0.129;0.021;0.141;0.026;0.92;0.22;0;0
GBOV_RM7_393;JonesEcologicalResearchCenter;Courtney Meier;cmeier@battelleecology.org;support-copernicus-gbov@acri-st.fr;NEON;44;Croplands;31.1948394775391;-84.468777;20160411T000000Z;2.0;JERC_054;3.08;0.09;4.29;0.13;0.718;0.031;2.52;0.12;3.66;0.17;0.69;0.05;0.227;0.015;0.246;0.019;0.92;0.09;0.214;0.024;0.226;0.027;0.95;0.16;0;0
GBOV_RM7_393;JonesEcologicalResearchCenter;Courtney Meier;cmeier@battelleecology.org;support-copernicus-gbov@acri-st.fr;NEON;44;Croplands;31.1948394775391;-84.468777;20160426T000000Z;2.0;JERC_054;3.53;0.10;4.75;0.13;0.744;0.028;2.70;0.10;3.66;0.16;0.74;0.04;0.505;0.029;0.58;0.04;0.87;0.08;0.44;0.05;0.51;0.08;0.86;0.16;0;0
GBOV_RM7_393;JonesEcologicalResearchCenter;Courtney Meier;cmeier@battelleecology.org;support-copernicus-gbov@acri-st.fr;NEON;44;Croplands;31.1948394775391;-84.468777;20160509T000000Z;2.0;JERC_054;3.77;0.11;5.16;0.14;0.730;0.029;2.63;0.15;3.85;0.18;0.68;0.05;0.230;0.016;0.252;0.019;0.91;0.09;0.211;0.031;0.23;0.04;0.92;0.20;0;0
GBOV_RM7_393;JonesEcologicalResearchCenter;Courtney Meier;cmeier@battelleecology.org;support-copernicus-gbov@acri-st.fr;NEON;44;Croplands;31.1948394775391;-84.468777;20160524T000000Z;2.0;JERC_054;4.02;0.11;5.44;0.14;0.740;0.028;2.97;0.12;3.91;0.16;0.76;0.04;0.540;0.014;0.544;0.014;0.99;0.04;0.391;0.017;0.395;0.017;0.99;0.06;0;24
GBOV_RM7_393;JonesEcologicalResearchCenter;Courtney Meier;cmeier@battelleecology.org;support-copernicus-gbov@acri-st.fr;NEON;44;Croplands;31.1948394775391;-84.468777;20160607T000000Z;2.0;JERC_054;3.47;0.10;4.90;0.14;0.709;0.029;2.68;0.11;3.81;0.15;0.70;0.04;0.659;0.019;0.676;0.019;0.98;0.04;0.520;0.023;0.529;0.023;0.98;0.06;0;0
GBOV_RM7_393;JonesEcologicalResearchCenter;Courtney Meier;cmeier@battelleecology.org;support-copernicus-gbov@acri-st.fr;NEON;44;Croplands;31.1948394775391;-84.468777;20160621T000000Z;2.0;JERC_054;1.79;0.07;2.69;0.11;0.66;0.04;1.35;0.07;2.10;0.17;0.65;0.06;0.424;0.026;0.466;0.029;0.91;0.08;0.37;0.04;0.40;0.05;0.91;0.15;64;0
GBOV_RM7_393;JonesEcologicalResearchCenter;Courtney Meier;cmeier@battelleecology.org;support-copernicus-gbov@acri-st.fr;NEON;44;Croplands;31.1948394775391;-84.468777;20160707T000000Z;2.0;JERC_054;3.76;0.10;5.11;0.14;0.737;0.028;2.79;0.13;3.84;0.17;0.73;0.05;0.326;0.014;0.352;0.016;0.93;0.06;0.308;0.019;0.322;0.021;0.96;0.08;16;0
GBOV_RM7_393;JonesEcologicalResearchCenter;Courtney Meier;cmeier@battelleecology.org;support-copernicus-gbov@acri-st.fr;NEON;44;Croplands;31.1948394775391;-84.468777;20160718T000000Z;2.0;JERC_054;3.83;0.11;5.22;0.14;0.734;0.028;2.98;0.12;4.32;0.17;0.69;0.04;0.208;0.015;0.227;0.018;0.92;0.10;0.213;0.028;0.229;0.032;0.93;0.18;0;0
GBOV_RM7_393;JonesEcologicalResearchCenter;Courtney Meier;cmeier@battelleecology.org;support-copernicus-gbov@acri-st.fr;NEON;44;Croplands;31.1948394775391;-84.468777;20160801T000000Z;2.0;JERC_054;3.57;0.10;4.68;0.12;0.762;0.030;2.97;0.14;4.09;0.16;0.73;0.04;0.549;0.015;0.559;0.016;0.98;0.04;0.428;0.018;0.437;0.019;0.98;0.06;0;8
GBOV_RM7_393;JonesEcologicalResearchCenter;Courtney Meier;cmeier@battelleecology.org;support-copernicus-gbov@acri-st.fr;NEON;44;Croplands;31.1948394775391;-84.468777;20160815T000000Z;2.0;JERC_054;3.66;0.10;4.94;0.14;0.740;0.029;2.68;0.11;3.76;0.16;0.71;0.04;0.376;0.019;0.402;0.022;0.94;0.07;0.37;0.04;0.40;0.05;0.93;0.14;0;16
GBOV_RM7_393;JonesEcologicalResearchCenter;Courtney Meier;cmeier@battelleecology.org;support-copernicus-gbov@acri-st.fr;NEON;44;Croplands;31.1948394775391;-84.468777;20160901T000000Z;2.0;JERC_054;3.54;0.10;4.74;0.13;0.747;0.029;2.88;0.12;4.03;0.17;0.71;0.04;0.489;0.015;0.501;0.015;0.98;0.04;0.405;0.023;0.416;0.024;0.97;0.08;0;0
GBOV_RM7_393;JonesEcologicalResearchCenter;Courtney Meier;cmeier@battelleecology.org;support-copernicus-gbov@acri-st.fr;NEON;44;Croplands;31.1948394775391;-84.468777;20160914T000000Z;2.0;JERC_054;3.64;0.10;4.85;0.13;0.751;0.028;2.99;0.13;4.11;0.18;0.73;0.05;0.213;0.011;0.230;0.013;0.92;0.07;0.204;0.021;0.222;0.027;0.92;0.15;0;0
GBOV_RM7_393;JonesEcologicalResearchCenter;Courtney Meier;cmeier@battelleecology.org;support-copernicus-gbov@acri-st.fr;NEON;44;Croplands;31.1948394775391;-84.468777;20160926T000000Z;2.0;JERC_054;3.37;0.09;4.59;0.13;0.734;0.029;2.53;0.12;3.66;0.17;0.69;0.05;0.325;0.017;0.347;0.019;0.94;0.07;0.288;0.026;0.32;0.04;0.90;0.14;0;0
GBOV_RM7_393;JonesEcologicalResearchCenter;Courtney Meier;cmeier@battelleecology.org;support-copernicus-gbov@acri-st.fr;NEON;44;Croplands;31.1948394775391;-84.468777;20161012T000000Z;2.0;JERC_054;3.20;0.09;4.34;0.13;0.736;0.030;2.46;0.09;3.43;0.14;0.72;0.04;0.381;0.018;0.401;0.021;0.95;0.07;0.310;0.021;0.319;0.023;0.97;0.10;0;0
GBOV_RM7_393;JonesEcologicalResearchCenter;Courtney Meier;cmeier@battelleecology.org;support-copernicus-gbov@acri-st.fr;NEON;44;Croplands;31.1948394775391;-84.468777;20161025T000000Z;2.0;JERC_054;2.57;0.08;3.54;0.12;0.728;0.033;1.95;0.12;2.80;0.19;0.70;0.07;0.065;0.008;0.071;0.009;0.92;0.17;0.049;0.014;0.054;0.016;0.9;0.4;0;48
GBOV_RM7_393;JonesEcologicalResearchCenter;Courtney Meier;cmeier@battelleecology.org;support-copernicus-gbov@acri-st.fr;NEON;44;Croplands;31.1948394775391;-84.468777;20170406T000000Z;2.0;JERC_054;2.69;0.08;3.50;0.11;0.769;0.032;2.13;0.10;3.02;0.17;0.71;0.05;0.228;0.011;0.238;0.012;0.96;0.07;0.205;0.021;0.218;0.024;0.94;0.14;0;0
GBOV_RM7_393;JonesEcologicalResearchCenter;Courtney Meier;cmeier@battelleecology.org;support-copernicus-gbov@acri-st.fr;NEON;44;Croplands;31.1948394775391;-84.468777;20170417T000000Z;2.0;JERC_054;3.35;0.09;4.46;0.12;0.752;0.029;2.76;0.12;3.96;0.18;0.70;0.04;0.206;0.014;0.218;0.016;0.95;0.10;0.196;0.023;0.204;0.025;0.96;0.16;0;0
GBOV_RM7_393;JonesEcologicalResearchCenter;Courtney Meier;cmeier@battelleecology.org;support-copernicus-gbov@acri-st.fr;NEON;44;Croplands;31.1948394775391;-84.468777;20170502T000000Z;2.0;JERC_054;3.28;0.09;4.25;0.12;0.772;0.030;2.64;0.10;3.59;0.16;0.74;0.04;0.394;0.019;0.412;0.020;0.96;0.07;0.339;0.027;0.352;0.028;0.96;0.11;0;0
GBOV_RM7_393;JonesEcologicalResearchCenter;Courtney Meier;cmeier@battelleecology.org;support-copernicus-gbov@acri-st.fr;NEON;44;Croplands;31.1948394775391;-84.468777;20170516T000000Z;2.0;JERC_054;3.31;0.09;4.37;0.12;0.757;0.030;2.60;0.12;3.53;0.16;0.74;0.05;0.352;0.013;0.366;0.014;0.96;0.05;0.329;0.021;0.341;0.023;0.97;0.09;0;0
GBOV_RM7_393;JonesEcologicalResearchCenter;Courtney Meier;cmeier@battelleecology.org;support-copernicus-gbov@acri-st.fr;NEON;44;Croplands;31.1948394775391;-84.468777;20170530T000000Z;2.0;JERC_054;3.49;0.10;4.55;0.13;0.768;0.030;2.95;0.12;3.89;0.14;0.76;0.04;0.123;0.007;0.131;0.008;0.94;0.08;0.106;0.010;0.109;0.011;0.97;0.13;0;0
GBOV_RM7_393;JonesEcologicalResearchCenter;Courtney Meier;cmeier@battelleecology.org;support-copernicus-gbov@acri-st.fr;NEON;44;Croplands;31.1948394775391;-84.468777;20170614T000000Z;2.0;JERC_054;3.37;0.09;4.46;0.12;0.754;0.029;2.62;0.10;3.57;0.13;0.73;0.04;0.278;0.015;0.303;0.020;0.92;0.08;0.239;0.016;0.248;0.017;0.96;0.09;0;0
GBOV_RM7_393;JonesEcologicalResearchCenter;Courtney Meier;cmeier@battelleecology.org;support-copernicus-gbov@acri-st.fr;NEON;44;Croplands;31.1948394775391;-84.468777;20170626T000000Z;2.0;JERC_054;3.46;0.10;4.62;0.14;0.749;0.031;2.73;0.10;3.69;0.15;0.74;0.04;0.183;0.010;0.197;0.013;0.93;0.08;0.181;0.013;0.192;0.016;0.95;0.10;0;0
GBOV_RM7_393;JonesEcologicalResearchCenter;Courtney Meier;cmeier@battelleecology.org;support-copernicus-gbov@acri-st.fr;NEON;44;Croplands;31.1948394775391;-84.468777;20170807T000000Z;2.0;JERC_054;3.06;0.09;4.14;0.12;0.740;0.031;2.66;0.15;3.82;0.19;0.69;0.05;0.186;0.015;0.232;0.031;0.80;0.13;0.156;0.018;0.178;0.030;0.87;0.18;0;0
GBOV_RM7_393;JonesEcologicalResearchCenter;Courtney Meier;cmeier@battelleecology.org;support-copernicus-gbov@acri-st.fr;NEON;44;Croplands;31.1948394775391;-84.468777;20170824T000000Z;2.0;JERC_054;3.46;0.09;4.42;0.12;0.784;0.030;2.68;0.10;3.58;0.14;0.75;0.04;0.310;0.016;0.338;0.021;0.92;0.07;0.276;0.027;0.31;0.04;0.90;0.15;8;0
GBOV_RM7_393;JonesEcologicalResearchCenter;Courtney Meier;cmeier@battelleecology.org;support-copernicus-gbov@acri-st.fr;NEON;44;Croplands;31.1948394775391;-84.468777;20170906T000000Z;2.0;JERC_054;3.29;0.09;4.26;0.12;0.772;0.030;2.80;0.12;3.77;0.14;0.74;0.04;0.146;0.014;0.165;0.019;0.89;0.13;0.125;0.017;0.132;0.020;0.95;0.19;0;0
GBOV_RM7_393;JonesEcologicalResearchCenter;Courtney Meier;cmeier@battelleecology.org;support-copernicus-gbov@acri-st.fr;NEON;44;Croplands;31.1948394775391;-84.468777;20170918T000000Z;2.0;JERC_054;2.67;0.07;3.49;0.10;0.765;0.030;2.17;0.08;2.99;0.14;0.73;0.04;0.538;0.017;0.548;0.017;0.98;0.04;0.413;0.022;0.420;0.024;0.98;0.08;0;0
GBOV_RM7_393;JonesEcologicalResearchCenter;Courtney Meier;cmeier@battelleecology.org;support-copernicus-gbov@acri-st.fr;NEON;44;Croplands;31.1948394775391;-84.468777;20171002T000000Z;2.0;JERC_054;2.93;0.08;3.85;0.11;0.761;0.030;2.58;0.11;3.59;0.16;0.72;0.04;0.256;0.013;0.274;0.016;0.93;0.07;0.211;0.020;0.231;0.031;0.91;0.15;0;8
GBOV_RM7_393;JonesEcologicalResearchCenter;Courtney Meier;cmeier@battelleecology.org;support-copernicus-gbov@acri-st.fr;NEON;44;Croplands;31.1948394775391;-84.468777;20171018T000000Z;2.0;JERC_054;2.60;0.07;3.38;0.10;0.767;0.032;2.05;0.07;2.71;0.12;0.76;0.04;0.244;0.011;0.254;0.012;0.96;0.06;0.222;0.017;0.227;0.018;0.98;0.11;0;0
GBOV_RM7_393;JonesEcologicalResearchCenter;Courtney Meier;cmeier@battelleecology.org;support-copernicus-gbov@acri-st.fr;NEON;44;Croplands;31.1948394775391;-84.468777;20171031T000000Z;2.0;JERC_054;2.73;0.08;3.52;0.10;0.777;0.032;2.16;0.09;2.84;0.12;0.76;0.04;0.406;0.018;0.419;0.019;0.97;0.06;0.304;0.026;0.313;0.027;0.97;0.12;0;8
GBOV_RM7_393;JonesEcologicalResearchCenter;Courtney Meier;cmeier@battelleecology.org;support-copernicus-gbov@acri-st.fr;NEON;44;Croplands;31.1948394775391;-84.468777;20171129T000000Z;2.0;JERC_054;2.10;0.07;2.80;0.09;0.751;0.034;1.98;0.09;2.83;0.14;0.70;0.05;0.022;0.005;0.024;0.006;0.92;0.30;0.026;0.014;0.031;0.018;0.9;0.7;0;0
GBOV_RM7_393;JonesEcologicalResearchCenter;Courtney Meier;cmeier@battelleecology.org;support-copernicus-gbov@acri-st.fr;NEON;44;Croplands;31.1948394775391;-84.468777;20171228T000000Z;2.0;JERC_054;1.42;0.04;1.90;0.07;0.749;0.034;1.63;0.09;2.31;0.14;0.70;0.06;0.150;0.010;0.154;0.010;0.97;0.09;0.126;0.015;0.130;0.016;0.97;0.17;0;0
GBOV_RM7_393;JonesEcologicalResearchCenter;Courtney Meier;cmeier@battelleecology.org;support-copernicus-gbov@acri-st.fr;NEON;44;Croplands;31.1948394775391;-84.468777;20180109T000000Z;2.0;JERC_054;1.38;0.04;1.85;0.06;0.746;0.035;1.60;0.09;2.26;0.14;0.71;0.06;0.0406;0.0031;0.0416;0.0033;0.98;0.11;0.047;0.005;0.048;0.005;0.98;0.16;0;0
GBOV_RM7_393;JonesEcologicalResearchCenter;Courtney Meier;cmeier@battelleecology.org;support-copernicus-gbov@acri-st.fr;NEON;44;Croplands;31.1948394775391;-84.468777;20180206T000000Z;2.0;JERC_054;1.39;0.04;1.83;0.06;0.758;0.033;1.26;0.06;1.71;0.11;0.74;0.06;0.0380;0.0031;0.039;0.004;0.97;0.13;0.062;0.011;0.066;0.015;0.93;0.26;0;0
GBOV_RM7_393;JonesEcologicalResearchCenter;Courtney Meier;cmeier@battelleecology.org;support-copernicus-gbov@acri-st.fr;NEON;44;Croplands;31.1948394775391;-84.468777;20180307T000000Z;2.0;JERC_054;1.33;0.04;1.79;0.06;0.739;0.033;1.25;0.07;1.78;0.12;0.70;0.06;0.040;0.006;0.043;0.007;0.94;0.22;0.042;0.007;0.045;0.009;0.93;0.25;0;0
GBOV_RM7_393;JonesEcologicalResearchCenter;Courtney Meier;cmeier@battelleecology.org;support-copernicus-gbov@acri-st.fr;NEON;44;Croplands;31.1948394775391;-84.468777;20180404T000000Z;2.0;JERC_054;2.45;0.07;3.31;0.10;0.740;0.031;1.94;0.09;2.71;0.15;0.71;0.05;0.213;0.022;0.27;0.04;0.80;0.15;0.191;0.029;0.22;0.05;0.86;0.23;0;0
GBOV_RM7_393;JonesEcologicalResearchCenter;Courtney Meier;cmeier@battelleecology.org;support-copernicus-gbov@acri-st.fr;NEON;44;Croplands;31.1948394775391;-84.468777;20180416T000000Z;2.0;JERC_054;3.12;0.09;4.31;0.13;0.722;0.030;2.39;0.12;3.53;0.17;0.68;0.05;0.583;0.020;0.609;0.022;0.96;0.05;0.448;0.024;0.467;0.027;0.96;0.08;0;0
GBOV_RM7_393;JonesEcologicalResearchCenter;Courtney Meier;cmeier@battelleecology.org;support-copernicus-gbov@acri-st.fr;NEON;44;Croplands;31.1948394775391;-84.468777;20180501T000000Z;2.0;JERC_054;3.69;0.10;5.05;0.14;0.731;0.029;2.85;0.13;3.89;0.17;0.73;0.05;0.281;0.012;0.298;0.013;0.94;0.06;0.273;0.023;0.293;0.027;0.93;0.12;0;0
GBOV_RM7_393;JonesEcologicalResearchCenter;Courtney Meier;cmeier@battelleecology.org;support-copernicus-gbov@acri-st.fr;NEON;44;Croplands;31.1948394775391;-84.468777;20180514T000000Z;2.0;JERC_054;3.56;0.10;4.87;0.14;0.731;0.029;3.06;0.15;4.25;0.22;0.72;0.05;0.328;0.014;0.344;0.015;0.95;0.06;0.290;0.024;0.308;0.027;0.94;0.11;0;0
GBOV_RM7_393;JonesEcologicalResearchCenter;Courtney Meier;cmeier@battelleecology.org;support-copernicus-gbov@acri-st.fr;NEON;44;Croplands;31.1948394775391;-84.468777;20180530T000000Z;2.0;JERC_054;3.51;0.09;4.81;0.14;0.730;0.029;2.85;0.13;4.02;0.19;0.71;0.05;0.431;0.020;0.459;0.023;0.94;0.06;0.337;0.030;0.36;0.04;0.93;0.13;0;0
GBOV_RM7_393;JonesEcologicalResearchCenter;Courtney Meier;cmeier@battelleecology.org;support-copernicus-gbov@acri-st.fr;NEON;44;Croplands;31.1948394775391;-84.468777;20180611T000000Z;2.0;JERC_054;3.80;0.10;5.07;0.14;0.748;0.028;3.22;0.17;4.42;0.20;0.73;0.05;0.217;0.015;0.233;0.017;0.93;0.09;0.195;0.029;0.211;0.032;0.92;0.20;0;0
GBOV_RM7_393;JonesEcologicalResearchCenter;Courtney Meier;cmeier@battelleecology.org;support-copernicus-gbov@acri-st.fr;NEON;44;Croplands;31.1948394775391;-84.468777;20180626T000000Z;2.0;JERC_054;3.30;0.11;4.71;0.15;0.701;0.032;2.74;0.15;3.97;0.18;0.69;0.05;0.245;0.014;0.269;0.019;0.91;0.08;0.218;0.029;0.24;0.04;0.90;0.19;4;0
GBOV_RM7_393;JonesEcologicalResearchCenter;Courtney Meier;cmeier@battelleecology.org;support-copernicus-gbov@acri-st.fr;NEON;44;Croplands;31.1948394775391;-84.468777;20180711T000000Z;2.0;JERC_054;3.58;0.10;4.84;0.14;0.739;0.030;2.84;0.15;4.05;0.21;0.70;0.05;0.439;0.015;0.459;0.017;0.96;0.05;0.374;0.022;0.394;0.027;0.95;0.09;0;0
GBOV_RM7_393;JonesEcologicalResearchCenter;Courtney Meier;cmeier@battelleecology.org;support-copernicus-gbov@acri-st.fr;NEON;44;Croplands;31.1948394775391;-84.468777;20180726T000000Z;2.0;JERC_054;3.60;0.11;5.03;0.16;0.717;0.031;2.90;0.14;4.33;0.18;0.67;0.04;0.222;0.010;0.234;0.012;0.95;0.07;0.197;0.012;0.204;0.014;0.97;0.09;0;0
GBOV_RM7_393;JonesEcologicalResearchCenter;Courtney Meier;cmeier@battelleecology.org;support-copernicus-gbov@acri-st.fr;NEON;44;Croplands;31.1948394775391;-84.468777;20180808T000000Z;2.0;JERC_054;3.38;0.09;4.67;0.13;0.724;0.029;2.67;0.13;4.03;0.17;0.66;0.04;0.236;0.014;0.252;0.017;0.93;0.08;0.217;0.023;0.229;0.027;0.95;0.15;0;0
GBOV_RM7_393;JonesEcologicalResearchCenter;Courtney Meier;cmeier@battelleecology.org;support-copernicus-gbov@acri-st.fr;NEON;44;Croplands;31.1948394775391;-84.468777;20180821T000000Z;2.0;JERC_054;3.37;0.09;4.43;0.12;0.760;0.029;2.76;0.14;3.91;0.16;0.71;0.05;0.373;0.013;0.388;0.014;0.96;0.05;0.312;0.019;0.323;0.020;0.97;0.08;0;0
GBOV_RM7_393;JonesEcologicalResearchCenter;Courtney Meier;cmeier@battelleecology.org;support-copernicus-gbov@acri-st.fr;NEON;44;Croplands;31.1948394775391;-84.468777;20180906T000000Z;2.0;JERC_054;3.27;0.09;4.43;0.13;0.738;0.030;2.54;0.11;3.65;0.15;0.70;0.04;0.494;0.017;0.512;0.019;0.96;0.05;0.375;0.025;0.393;0.034;0.96;0.10;0;0
GBOV_RM7_393;JonesEcologicalResearchCenter;Courtney Meier;cmeier@battelleecology.org;support-copernicus-gbov@acri-st.fr;NEON;44;Croplands;31.1948394775391;-84.468777;20180918T000000Z;2.0;JERC_054;3.33;0.09;4.47;0.13;0.745;0.029;2.58;0.11;3.62;0.15;0.71;0.04;0.387;0.011;0.396;0.012;0.98;0.04;0.310;0.017;0.320;0.019;0.97;0.08;0;0
GBOV_RM7_393;JonesEcologicalResearchCenter;Courtney Meier;cmeier@battelleecology.org;support-copernicus-gbov@acri-st.fr;NEON;44;Croplands;31.1948394775391;-84.468777;20181002T000000Z;2.0;JERC_054;3.04;0.08;4.22;0.12;0.719;0.029;2.32;0.10;3.44;0.18;0.67;0.05;0.441;0.015;0.455;0.017;0.97;0.05;0.338;0.023;0.348;0.024;0.97;0.09;0;0
GBOV_RM7_393;JonesEcologicalResearchCenter;Courtney Meier;cmeier@battelleecology.org;support-copernicus-gbov@acri-st.fr;NEON;44;Croplands;31.1948394775391;-84.468777;20181023T000000Z;2.0;JERC_054;1.45;0.05;1.94;0.07;0.75;0.04;1.45;0.07;1.97;0.12;0.73;0.06;0.059;0.004;0.062;0.005;0.95;0.10;0.066;0.012;0.073;0.017;0.90;0.26;0;0
GBOV_RM7_393;JonesEcologicalResearchCenter;Courtney Meier;cmeier@battelleecology.org;support-copernicus-gbov@acri-st.fr;NEON;44;Croplands;31.1948394775391;-84.468777;20181031T000000Z;2.0;JERC_054;1.38;0.04;1.81;0.07;0.76;0.04;1.26;0.06;1.82;0.12;0.69;0.06;0.076;0.007;0.082;0.008;0.92;0.12;0.067;0.010;0.071;0.012;0.95;0.21;0;0
GBOV_RM7_393;JonesEcologicalResearchCenter;Courtney Meier;cmeier@battelleecology.org;support-copernicus-gbov@acri-st.fr;NEON;44;Croplands;31.1948394775391;-84.468777;20181113T000000Z;2.0;JERC_054;1.38;0.04;1.77;0.06;0.78;0.04;1.40;0.06;1.99;0.10;0.71;0.05;0.109;0.006;0.116;0.008;0.94;0.09;0.125;0.014;0.135;0.019;0.93;0.17;0;0
GBOV_RM7_393;JonesEcologicalResearchCenter;Courtney Meier;cmeier@battelleecology.org;support-copernicus-gbov@acri-st.fr;NEON;44;Croplands;31.1948394775391;-84.468777;20181210T144600Z;2.0;JERC_054;1.121;0.034;1.41;0.05;0.80;0.04;1.23;0.06;1.70;0.11;0.72;0.06;0.0350;0.0033;0.037;0.004;0.95;0.13;0.038;0.007;0.040;0.008;0.95;0.25;0;0
GBOV_RM7_393;JonesEcologicalResearchCenter;Courtney Meier;cmeier@battelleecology.org;support-copernicus-gbov@acri-st.fr;NEON;44;Croplands;31.1948394775391;-84.468777;20190110T081900Z;2.0;JERC_054;0.922;0.029;1.22;0.05;0.76;0.04;1.00;0.05;1.44;0.14;0.69;0.08;0.136;0.005;0.137;0.005;0.99;0.05;0.116;0.009;0.118;0.010;0.98;0.12;0;0
GBOV_RM7_393;JonesEcologicalResearchCenter;Courtney Meier;cmeier@battelleecology.org;support-copernicus-gbov@acri-st.fr;NEON;44;Croplands;31.1948394775391;-84.468777;20190205T184900Z;2.0;JERC_054;0.926;0.029;1.22;0.05;0.76;0.04;0.90;0.05;1.24;0.10;0.72;0.07;0.127;0.004;0.128;0.004;0.99;0.05;0.141;0.008;0.143;0.008;0.99;0.08;0;0
GBOV_RM7_393;JonesEcologicalResearchCenter;Courtney Meier;cmeier@battelleecology.org;support-copernicus-gbov@acri-st.fr;NEON;44;Croplands;31.1948394775391;-84.468777;20190307T075700Z;2.0;JERC_054;0.93;0.04;1.20;0.06;0.78;0.05;0.86;0.05;1.22;0.10;0.71;0.07;0.067;0.006;0.072;0.008;0.93;0.13;0.062;0.012;0.068;0.015;0.92;0.26;0;0
GBOV_RM7_393;JonesEcologicalResearchCenter;Courtney Meier;cmeier@battelleecology.org;support-copernicus-gbov@acri-st.fr;NEON;44;Croplands;31.1948394775391;-84.468777;20190318T193000Z;2.0;JERC_054;0.965;0.034;1.26;0.05;0.77;0.04;1.05;0.06;1.45;0.11;0.73;0.07;0.086;0.007;0.091;0.008;0.94;0.12;0.103;0.016;0.114;0.020;0.91;0.22;0;0
GBOV_RM7_393;JonesEcologicalResearchCenter;Courtney Meier;cmeier@battelleecology.org;support-copernicus-gbov@acri-st.fr;NEON;44;Croplands;31.1948394775391;-84.468777;20190401T181200Z;2.0;JERC_054;1.88;0.05;2.46;0.08;0.764;0.033;1.75;0.07;2.44;0.15;0.72;0.05;0.217;0.025;0.30;0.06;0.72;0.16;0.186;0.021;0.209;0.029;0.89;0.16;0;0
GBOV_RM7_393;JonesEcologicalResearchCenter;Courtney Meier;cmeier@battelleecology.org;support-copernicus-gbov@acri-st.fr;NEON;44;Croplands;31.1948394775391;-84.468777;20190416T070600Z;2.0;JERC_054;2.52;0.08;3.55;0.11;0.709;0.032;1.96;0.09;2.89;0.15;0.68;0.05;0.463;0.013;0.475;0.014;0.97;0.04;0.338;0.017;0.348;0.018;0.97;0.07;0;0
GBOV_RM7_393;JonesEcologicalResearchCenter;Courtney Meier;cmeier@battelleecology.org;support-copernicus-gbov@acri-st.fr;NEON;44;Croplands;31.1948394775391;-84.468777;20190429T200200Z;2.0;JERC_054;2.75;0.08;3.86;0.12;0.714;0.030;2.17;0.09;3.06;0.16;0.71;0.05;0.314;0.014;0.340;0.016;0.92;0.06;0.276;0.022;0.300;0.027;0.92;0.11;0;0
GBOV_RM7_393;JonesEcologicalResearchCenter;Courtney Meier;cmeier@battelleecology.org;support-copernicus-gbov@acri-st.fr;NEON;44;Croplands;31.1948394775391;-84.468777;20190515T072300Z;2.0;JERC_054;2.84;0.08;3.97;0.11;0.716;0.029;2.16;0.10;3.07;0.15;0.70;0.05;0.431;0.019;0.470;0.022;0.92;0.06;0.360;0.030;0.40;0.04;0.90;0.12;0;0
GBOV_RM7_393;JonesEcologicalResearchCenter;Courtney Meier;cmeier@battelleecology.org;support-copernicus-gbov@acri-st.fr;NEON;44;Croplands;31.1948394775391;-84.468777;20190529T065100Z;2.0;JERC_054;2.86;0.08;4.00;0.12;0.716;0.030;2.34;0.10;3.23;0.15;0.72;0.05;0.502;0.015;0.525;0.017;0.96;0.04;0.398;0.023;0.415;0.026;0.96;0.08;0;0
GBOV_RM7_393;JonesEcologicalResearchCenter;Courtney Meier;cmeier@battelleecology.org;support-copernicus-gbov@acri-st.fr;NEON;44;Croplands;31.1948394775391;-84.468777;20190612T112400Z;2.0;JERC_054;2.87;0.08;3.92;0.11;0.731;0.030;2.46;0.12;3.38;0.15;0.73;0.05;0.212;0.011;0.230;0.013;0.92;0.07;0.189;0.022;0.212;0.030;0.89;0.16;0;0
GBOV_RM7_393;JonesEcologicalResearchCenter;Courtney Meier;cmeier@battelleecology.org;support-copernicus-gbov@acri-st.fr;NEON;44;Croplands;31.1948394775391;-84.468777;20190625T064600Z;2.0;JERC_054;2.50;0.08;3.53;0.11;0.710;0.031;1.90;0.08;2.72;0.11;0.70;0.04;0.321;0.019;0.384;0.033;0.84;0.09;0.234;0.029;0.26;0.04;0.90;0.17;0;0
GBOV_RM7_393;JonesEcologicalResearchCenter;Courtney Meier;cmeier@battelleecology.org;support-copernicus-gbov@acri-st.fr;NEON;44;Croplands;31.1948394775391;-84.468777;20190710T063500Z;2.0;JERC_054;2.56;0.08;3.64;0.11;0.705;0.031;2.02;0.11;2.89;0.14;0.70;0.05;0.420;0.015;0.434;0.016;0.97;0.05;0.300;0.021;0.308;0.022;0.97;0.10;0;16
GBOV_RM7_393;JonesEcologicalResearchCenter;Courtney Meier;cmeier@battelleecology.org;support-copernicus-gbov@acri-st.fr;NEON;44;Croplands;31.1948394775391;-84.468777;20190724T072000Z;2.0;JERC_054;2.62;0.08;3.62;0.11;0.723;0.031;2.31;0.10;3.28;0.15;0.70;0.05;0.424;0.017;0.460;0.020;0.92;0.06;0.322;0.025;0.354;0.030;0.91;0.10;0;0
GBOV_RM7_393;JonesEcologicalResearchCenter;Courtney Meier;cmeier@battelleecology.org;support-copernicus-gbov@acri-st.fr;NEON;44;Croplands;31.1948394775391;-84.468777;20190806T195300Z;2.0;JERC_054;2.98;0.09;4.26;0.13;0.699;0.029;2.62;0.14;3.90;0.21;0.67;0.05;0.233;0.011;0.251;0.013;0.93;0.06;0.223;0.019;0.249;0.025;0.90;0.12;0;0
GBOV_RM7_393;JonesEcologicalResearchCenter;Courtney Meier;cmeier@battelleecology.org;support-copernicus-gbov@acri-st.fr;NEON;44;Croplands;31.1948394775391;-84.468777;20190821T072100Z;2.0;JERC_054;2.70;0.08;3.73;0.11;0.723;0.030;2.16;0.09;2.98;0.14;0.72;0.04;0.308;0.015;0.332;0.017;0.93;0.06;0.252;0.021;0.267;0.024;0.94;0.12;0;0
GBOV_RM7_393;JonesEcologicalResearchCenter;Courtney Meier;cmeier@battelleecology.org;support-copernicus-gbov@acri-st.fr;NEON;44;Croplands;31.1948394775391;-84.468777;20190918T073700Z;2.0;JERC_054;2.49;0.07;3.50;0.10;0.710;0.029;2.06;0.09;2.91;0.15;0.71;0.05;0.142;0.008;0.151;0.010;0.94;0.08;0.127;0.013;0.135;0.015;0.94;0.14;0;0
GBOV_RM7_393;JonesEcologicalResearchCenter;Courtney Meier;cmeier@battelleecology.org;support-copernicus-gbov@acri-st.fr;NEON;44;Croplands;31.1948394775391;-84.468777;20191015T122200Z;2.0;JERC_054;2.30;0.07;3.14;0.10;0.733;0.033;2.08;0.08;2.99;0.14;0.69;0.04;0.123;0.008;0.134;0.011;0.92;0.10;0.103;0.014;0.109;0.016;0.94;0.18;0;0
GBOV_RM7_393;JonesEcologicalResearchCenter;Courtney Meier;cmeier@battelleecology.org;support-copernicus-gbov@acri-st.fr;NEON;44;Croplands;31.1948394775391;-84.468777;20191111T180700Z;2.0;JERC_054;2.07;0.07;2.88;0.10;0.717;0.034;1.80;0.08;2.60;0.16;0.69;0.05;0.118;0.006;0.122;0.007;0.97;0.07;0.135;0.013;0.141;0.015;0.96;0.14;0;0
