GBOV_ID;Site;GROUND_DATA_PI;GROUND_DATA_PIs_Email;GBOV_Email;Network;Elevation;IGBP_class;Lat_IS;Lon_IS;TIME_IS;Version;PLOT_ID;LAIe_Miller_up;LAIe_Miller_up_err;LAI_Miller_up;LAI_Miller_up_err;clumping_Miller_up;clumping_Miller_up_err;LAIe_Warren_up;LAIe_Warren_up_err;LAI_Warren_up;LAI_Warren_up_err;clumping_Warren_up;clumping_Warren_up_err;LAIe_Miller_down;LAIe_Miller_down_err;LAI_Miller_down;LAI_Miller_down_err;clumping_Miller_down;clumping_Miller_down_err;LAIe_Warren_down;LAIe_Warren_down_err;LAI_Warren_down;LAI_Warren_down_err;clumping_Warren_down;clumping_Warren_down_err;up_flag;down_flag
GBOV_RM7_1647;SantaRita;Courtney Meier;cmeier@battelleecology.org;support-copernicus-gbov@acri-st.fr;NEON;983;Closed Shrublands;31.91068;-110.83549;20160427T062500Z;2.0;SRER_048;-999;-999;-999;-999;-999;-999;-999;-999;-999;-999;-999;-999;0.039;0.007;0.043;0.008;0.92;0.24;0.065;0.013;0.070;0.015;0.93;0.28;-999;0
GBOV_RM7_1647;SantaRita;Courtney Meier;cmeier@battelleecology.org;support-copernicus-gbov@acri-st.fr;NEON;983;Closed Shrublands;31.91068;-110.83549;20160512T064400Z;2.0;SRER_048;-999;-999;-999;-999;-999;-999;-999;-999;-999;-999;-999;-999;0.051;0.007;0.054;0.008;0.96;0.20;0.054;0.011;0.056;0.012;0.96;0.28;-999;0
GBOV_RM7_1647;SantaRita;Courtney Meier;cmeier@battelleecology.org;support-copernicus-gbov@acri-st.fr;NEON;983;Closed Shrublands;31.91068;-110.83549;20160525T073200Z;2.0;SRER_048;-999;-999;-999;-999;-999;-999;-999;-999;-999;-999;-999;-999;0.077;0.004;0.079;0.005;0.97;0.08;0.074;0.008;0.076;0.008;0.97;0.15;-999;0
GBOV_RM7_1647;SantaRita;Courtney Meier;cmeier@battelleecology.org;support-copernicus-gbov@acri-st.fr;NEON;983;Closed Shrublands;31.91068;-110.83549;20160608T131400Z;2.0;SRER_048;-999;-999;-999;-999;-999;-999;-999;-999;-999;-999;-999;-999;0.0088;0.0008;0.0089;0.0008;0.99;0.13;0.0151;0.0022;0.0153;0.0023;0.99;0.21;-999;0
GBOV_RM7_1647;SantaRita;Courtney Meier;cmeier@battelleecology.org;support-copernicus-gbov@acri-st.fr;NEON;983;Closed Shrublands;31.91068;-110.83549;20160622T124000Z;2.0;SRER_048;-999;-999;-999;-999;-999;-999;-999;-999;-999;-999;-999;-999;0.0030;0.0004;0.0030;0.0004;0.99;0.18;0.0064;0.0007;0.0065;0.0008;0.99;0.16;-999;0
GBOV_RM7_1647;SantaRita;Courtney Meier;cmeier@battelleecology.org;support-copernicus-gbov@acri-st.fr;NEON;983;Closed Shrublands;31.91068;-110.83549;20160706T113500Z;2.0;SRER_048;-999;-999;-999;-999;-999;-999;-999;-999;-999;-999;-999;-999;0.087;0.007;0.092;0.007;0.94;0.10;0.086;0.011;0.092;0.012;0.94;0.17;-999;0
GBOV_RM7_1647;SantaRita;Courtney Meier;cmeier@battelleecology.org;support-copernicus-gbov@acri-st.fr;NEON;983;Closed Shrublands;31.91068;-110.83549;20160721T124700Z;2.0;SRER_048;-999;-999;-999;-999;-999;-999;-999;-999;-999;-999;-999;-999;0.056;0.005;0.058;0.005;0.97;0.12;0.055;0.008;0.058;0.009;0.95;0.21;-999;0
GBOV_RM7_1647;SantaRita;Courtney Meier;cmeier@battelleecology.org;support-copernicus-gbov@acri-st.fr;NEON;983;Closed Shrublands;31.91068;-110.83549;20160803T134000Z;2.0;SRER_048;-999;-999;-999;-999;-999;-999;-999;-999;-999;-999;-999;-999;0.114;0.009;0.122;0.009;0.94;0.10;0.088;0.011;0.095;0.012;0.93;0.16;-999;0
GBOV_RM7_1647;SantaRita;Courtney Meier;cmeier@battelleecology.org;support-copernicus-gbov@acri-st.fr;NEON;983;Closed Shrublands;31.91068;-110.83549;20160817T104000Z;2.0;SRER_048;-999;-999;-999;-999;-999;-999;-999;-999;-999;-999;-999;-999;0.276;0.016;0.311;0.019;0.89;0.07;0.237;0.025;0.271;0.031;0.87;0.14;-999;0
GBOV_RM7_1647;SantaRita;Courtney Meier;cmeier@battelleecology.org;support-copernicus-gbov@acri-st.fr;NEON;983;Closed Shrublands;31.91068;-110.83549;20160831T111600Z;2.0;SRER_048;-999;-999;-999;-999;-999;-999;-999;-999;-999;-999;-999;-999;0.191;0.015;0.215;0.017;0.89;0.10;0.172;0.025;0.198;0.030;0.87;0.18;-999;0
GBOV_RM7_1647;SantaRita;Courtney Meier;cmeier@battelleecology.org;support-copernicus-gbov@acri-st.fr;NEON;983;Closed Shrublands;31.91068;-110.83549;20160914T110900Z;2.0;SRER_048;-999;-999;-999;-999;-999;-999;-999;-999;-999;-999;-999;-999;0.216;0.014;0.237;0.015;0.91;0.08;0.196;0.019;0.219;0.024;0.89;0.13;-999;0
GBOV_RM7_1647;SantaRita;Courtney Meier;cmeier@battelleecology.org;support-copernicus-gbov@acri-st.fr;NEON;983;Closed Shrublands;31.91068;-110.83549;20160928T094800Z;2.0;SRER_048;-999;-999;-999;-999;-999;-999;-999;-999;-999;-999;-999;-999;0.171;0.012;0.187;0.013;0.91;0.09;0.166;0.018;0.184;0.021;0.90;0.14;-999;0
GBOV_RM7_1647;SantaRita;Courtney Meier;cmeier@battelleecology.org;support-copernicus-gbov@acri-st.fr;NEON;983;Closed Shrublands;31.91068;-110.83549;20161012T102100Z;2.0;SRER_048;-999;-999;-999;-999;-999;-999;-999;-999;-999;-999;-999;-999;0.143;0.008;0.153;0.009;0.94;0.08;0.128;0.014;0.136;0.016;0.94;0.15;-999;0
GBOV_RM7_1647;SantaRita;Courtney Meier;cmeier@battelleecology.org;support-copernicus-gbov@acri-st.fr;NEON;983;Closed Shrublands;31.91068;-110.83549;20161026T135200Z;2.0;SRER_048;-999;-999;-999;-999;-999;-999;-999;-999;-999;-999;-999;-999;0.124;0.008;0.130;0.008;0.95;0.09;0.120;0.012;0.125;0.012;0.96;0.13;-999;0
GBOV_RM7_1647;SantaRita;Courtney Meier;cmeier@battelleecology.org;support-copernicus-gbov@acri-st.fr;NEON;983;Closed Shrublands;31.91068;-110.83549;20161109T103100Z;2.0;SRER_048;-999;-999;-999;-999;-999;-999;-999;-999;-999;-999;-999;-999;0.083;0.006;0.086;0.006;0.96;0.09;0.088;0.007;0.090;0.007;0.98;0.11;-999;0
GBOV_RM7_1647;SantaRita;Courtney Meier;cmeier@battelleecology.org;support-copernicus-gbov@acri-st.fr;NEON;983;Closed Shrublands;31.91068;-110.83549;20161123T091000Z;2.0;SRER_048;-999;-999;-999;-999;-999;-999;-999;-999;-999;-999;-999;-999;0.052;0.004;0.054;0.004;0.97;0.10;0.057;0.006;0.059;0.007;0.97;0.15;-999;0
GBOV_RM7_1647;SantaRita;Courtney Meier;cmeier@battelleecology.org;support-copernicus-gbov@acri-st.fr;NEON;983;Closed Shrublands;31.91068;-110.83549;20170607T163200Z;2.0;SRER_048;-999;-999;-999;-999;-999;-999;-999;-999;-999;-999;-999;-999;0.00195;0.00029;0.00196;0.00029;1.00;0.21;0.0036;0.0009;0.0036;0.0009;1.0;0.4;-999;0
GBOV_RM7_1647;SantaRita;Courtney Meier;cmeier@battelleecology.org;support-copernicus-gbov@acri-st.fr;NEON;983;Closed Shrublands;31.91068;-110.83549;20170623T091300Z;2.0;SRER_048;-999;-999;-999;-999;-999;-999;-999;-999;-999;-999;-999;-999;0.0035;0.0004;0.0036;0.0004;0.99;0.14;0.0059;0.0008;0.0060;0.0008;0.99;0.19;-999;0
GBOV_RM7_1647;SantaRita;Courtney Meier;cmeier@battelleecology.org;support-copernicus-gbov@acri-st.fr;NEON;983;Closed Shrublands;31.91068;-110.83549;20170707T090700Z;2.0;SRER_048;-999;-999;-999;-999;-999;-999;-999;-999;-999;-999;-999;-999;0.00399;0.00035;0.0040;0.0004;1.00;0.13;0.0071;0.0010;0.0071;0.0010;0.99;0.20;-999;0
GBOV_RM7_1647;SantaRita;Courtney Meier;cmeier@battelleecology.org;support-copernicus-gbov@acri-st.fr;NEON;983;Closed Shrublands;31.91068;-110.83549;20170719T163700Z;2.0;SRER_048;-999;-999;-999;-999;-999;-999;-999;-999;-999;-999;-999;-999;0.0439;0.0034;0.0450;0.0035;0.97;0.11;0.0239;0.0023;0.0244;0.0024;0.98;0.14;-999;0
GBOV_RM7_1647;SantaRita;Courtney Meier;cmeier@battelleecology.org;support-copernicus-gbov@acri-st.fr;NEON;983;Closed Shrublands;31.91068;-110.83549;20170803T093200Z;2.0;SRER_048;-999;-999;-999;-999;-999;-999;-999;-999;-999;-999;-999;-999;0.135;0.011;0.145;0.012;0.93;0.11;0.125;0.016;0.137;0.020;0.92;0.18;-999;0
GBOV_RM7_1647;SantaRita;Courtney Meier;cmeier@battelleecology.org;support-copernicus-gbov@acri-st.fr;NEON;983;Closed Shrublands;31.91068;-110.83549;20170816T112900Z;2.0;SRER_048;-999;-999;-999;-999;-999;-999;-999;-999;-999;-999;-999;-999;0.072;0.006;0.074;0.006;0.96;0.11;0.062;0.010;0.065;0.010;0.95;0.21;-999;0
GBOV_RM7_1647;SantaRita;Courtney Meier;cmeier@battelleecology.org;support-copernicus-gbov@acri-st.fr;NEON;983;Closed Shrublands;31.91068;-110.83549;20170830T150100Z;2.0;SRER_048;-999;-999;-999;-999;-999;-999;-999;-999;-999;-999;-999;-999;0.0385;0.0032;0.0393;0.0033;0.98;0.12;0.047;0.006;0.049;0.006;0.97;0.18;-999;0
GBOV_RM7_1647;SantaRita;Courtney Meier;cmeier@battelleecology.org;support-copernicus-gbov@acri-st.fr;NEON;983;Closed Shrublands;31.91068;-110.83549;20170913T145000Z;2.0;SRER_048;-999;-999;-999;-999;-999;-999;-999;-999;-999;-999;-999;-999;0.0172;0.0014;0.0174;0.0014;0.99;0.12;0.0206;0.0030;0.0209;0.0031;0.99;0.20;-999;0
GBOV_RM7_1647;SantaRita;Courtney Meier;cmeier@battelleecology.org;support-copernicus-gbov@acri-st.fr;NEON;983;Closed Shrublands;31.91068;-110.83549;20170927T145300Z;2.0;SRER_048;-999;-999;-999;-999;-999;-999;-999;-999;-999;-999;-999;-999;0.0143;0.0014;0.0145;0.0015;0.99;0.14;0.0175;0.0026;0.0177;0.0026;0.99;0.21;-999;0
GBOV_RM7_1647;SantaRita;Courtney Meier;cmeier@battelleecology.org;support-copernicus-gbov@acri-st.fr;NEON;983;Closed Shrublands;31.91068;-110.83549;20171011T142700Z;2.0;SRER_048;-999;-999;-999;-999;-999;-999;-999;-999;-999;-999;-999;-999;0.0030;0.0004;0.0030;0.0004;0.99;0.17;0.0054;0.0012;0.0054;0.0012;0.99;0.31;-999;0
GBOV_RM7_1647;SantaRita;Courtney Meier;cmeier@battelleecology.org;support-copernicus-gbov@acri-st.fr;NEON;983;Closed Shrublands;31.91068;-110.83549;20171025T112300Z;2.0;SRER_048;-999;-999;-999;-999;-999;-999;-999;-999;-999;-999;-999;-999;0.0050;0.0005;0.0051;0.0005;0.99;0.14;0.0078;0.0011;0.0079;0.0012;0.99;0.21;-999;0
GBOV_RM7_1647;SantaRita;Courtney Meier;cmeier@battelleecology.org;support-copernicus-gbov@acri-st.fr;NEON;983;Closed Shrublands;31.91068;-110.83549;20180314T155900Z;2.0;SRER_048;-999;-999;-999;-999;-999;-999;-999;-999;-999;-999;-999;-999;0.0355;0.0035;0.037;0.004;0.97;0.13;0.028;0.004;0.029;0.004;0.97;0.20;-999;0
GBOV_RM7_1647;SantaRita;Courtney Meier;cmeier@battelleecology.org;support-copernicus-gbov@acri-st.fr;NEON;983;Closed Shrublands;31.91068;-110.83549;20180328T095100Z;2.0;SRER_048;-999;-999;-999;-999;-999;-999;-999;-999;-999;-999;-999;-999;0.104;0.007;0.108;0.008;0.96;0.10;0.089;0.012;0.094;0.014;0.95;0.19;-999;0
GBOV_RM7_1647;SantaRita;Courtney Meier;cmeier@battelleecology.org;support-copernicus-gbov@acri-st.fr;NEON;983;Closed Shrublands;31.91068;-110.83549;20180411T131200Z;2.0;SRER_048;-999;-999;-999;-999;-999;-999;-999;-999;-999;-999;-999;-999;0.121;0.009;0.129;0.009;0.94;0.09;0.101;0.013;0.107;0.014;0.94;0.18;-999;0
GBOV_RM7_1647;SantaRita;Courtney Meier;cmeier@battelleecology.org;support-copernicus-gbov@acri-st.fr;NEON;983;Closed Shrublands;31.91068;-110.83549;20180425T114100Z;2.0;SRER_048;-999;-999;-999;-999;-999;-999;-999;-999;-999;-999;-999;-999;0.044;0.004;0.046;0.004;0.97;0.11;0.039;0.005;0.040;0.005;0.97;0.19;-999;0
GBOV_RM7_1647;SantaRita;Courtney Meier;cmeier@battelleecology.org;support-copernicus-gbov@acri-st.fr;NEON;983;Closed Shrublands;31.91068;-110.83549;20180509T153800Z;2.0;SRER_048;-999;-999;-999;-999;-999;-999;-999;-999;-999;-999;-999;-999;0.0343;0.0022;0.0349;0.0023;0.98;0.09;0.052;0.004;0.053;0.004;0.98;0.11;-999;0
GBOV_RM7_1647;SantaRita;Courtney Meier;cmeier@battelleecology.org;support-copernicus-gbov@acri-st.fr;NEON;983;Closed Shrublands;31.91068;-110.83549;20180523T141400Z;2.0;SRER_048;-999;-999;-999;-999;-999;-999;-999;-999;-999;-999;-999;-999;0.0188;0.0013;0.0190;0.0014;0.99;0.10;0.0325;0.0029;0.0329;0.0029;0.99;0.12;-999;0
GBOV_RM7_1647;SantaRita;Courtney Meier;cmeier@battelleecology.org;support-copernicus-gbov@acri-st.fr;NEON;983;Closed Shrublands;31.91068;-110.83549;20180606T161700Z;2.0;SRER_048;-999;-999;-999;-999;-999;-999;-999;-999;-999;-999;-999;-999;0.0099;0.0008;0.0100;0.0009;0.99;0.12;0.0192;0.0025;0.0195;0.0026;0.99;0.18;-999;0
GBOV_RM7_1647;SantaRita;Courtney Meier;cmeier@battelleecology.org;support-copernicus-gbov@acri-st.fr;NEON;983;Closed Shrublands;31.91068;-110.83549;20180620T150500Z;2.0;SRER_048;-999;-999;-999;-999;-999;-999;-999;-999;-999;-999;-999;-999;0.0304;0.0023;0.0311;0.0024;0.98;0.11;0.048;0.006;0.049;0.006;0.98;0.17;-999;0
GBOV_RM7_1647;SantaRita;Courtney Meier;cmeier@battelleecology.org;support-copernicus-gbov@acri-st.fr;NEON;983;Closed Shrublands;31.91068;-110.83549;20180704T114100Z;2.0;SRER_048;-999;-999;-999;-999;-999;-999;-999;-999;-999;-999;-999;-999;0.0136;0.0012;0.0138;0.0012;0.99;0.12;0.0249;0.0032;0.0253;0.0033;0.98;0.18;-999;0
GBOV_RM7_1647;SantaRita;Courtney Meier;cmeier@battelleecology.org;support-copernicus-gbov@acri-st.fr;NEON;983;Closed Shrublands;31.91068;-110.83549;20180718T123700Z;2.0;SRER_048;-999;-999;-999;-999;-999;-999;-999;-999;-999;-999;-999;-999;0.0180;0.0016;0.0183;0.0017;0.98;0.13;0.0187;0.0030;0.0191;0.0031;0.98;0.23;-999;0
GBOV_RM7_1647;SantaRita;Courtney Meier;cmeier@battelleecology.org;support-copernicus-gbov@acri-st.fr;NEON;983;Closed Shrublands;31.91068;-110.83549;20180801T140700Z;2.0;SRER_048;-999;-999;-999;-999;-999;-999;-999;-999;-999;-999;-999;-999;0.0150;0.0017;0.0152;0.0017;0.98;0.16;0.0226;0.0030;0.0229;0.0030;0.98;0.18;-999;0
GBOV_RM7_1647;SantaRita;Courtney Meier;cmeier@battelleecology.org;support-copernicus-gbov@acri-st.fr;NEON;983;Closed Shrublands;31.91068;-110.83549;20180815T135700Z;2.0;SRER_048;-999;-999;-999;-999;-999;-999;-999;-999;-999;-999;-999;-999;0.0127;0.0012;0.0128;0.0012;0.99;0.13;0.0205;0.0022;0.0207;0.0022;0.99;0.15;-999;0
GBOV_RM7_1647;SantaRita;Courtney Meier;cmeier@battelleecology.org;support-copernicus-gbov@acri-st.fr;NEON;983;Closed Shrublands;31.91068;-110.83549;20180829T150500Z;2.0;SRER_048;-999;-999;-999;-999;-999;-999;-999;-999;-999;-999;-999;-999;0.102;0.009;0.108;0.010;0.95;0.12;0.108;0.016;0.114;0.017;0.94;0.20;-999;0
GBOV_RM7_1647;SantaRita;Courtney Meier;cmeier@battelleecology.org;support-copernicus-gbov@acri-st.fr;NEON;983;Closed Shrublands;31.91068;-110.83549;20180912T113600Z;2.0;SRER_048;-999;-999;-999;-999;-999;-999;-999;-999;-999;-999;-999;-999;0.048;0.005;0.050;0.005;0.96;0.13;0.064;0.011;0.068;0.012;0.94;0.23;-999;0
GBOV_RM7_1647;SantaRita;Courtney Meier;cmeier@battelleecology.org;support-copernicus-gbov@acri-st.fr;NEON;983;Closed Shrublands;31.91068;-110.83549;20180926T141300Z;2.0;SRER_048;-999;-999;-999;-999;-999;-999;-999;-999;-999;-999;-999;-999;0.140;0.010;0.153;0.012;0.92;0.10;0.157;0.022;0.170;0.025;0.92;0.18;-999;0
GBOV_RM7_1647;SantaRita;Courtney Meier;cmeier@battelleecology.org;support-copernicus-gbov@acri-st.fr;NEON;983;Closed Shrublands;31.91068;-110.83549;20181010T121200Z;2.0;SRER_048;-999;-999;-999;-999;-999;-999;-999;-999;-999;-999;-999;-999;0.191;0.013;0.208;0.014;0.92;0.09;0.161;0.026;0.179;0.032;0.90;0.21;-999;0
GBOV_RM7_1647;SantaRita;Courtney Meier;cmeier@battelleecology.org;support-copernicus-gbov@acri-st.fr;NEON;983;Closed Shrublands;31.91068;-110.83549;20181024T093500Z;2.0;SRER_048;-999;-999;-999;-999;-999;-999;-999;-999;-999;-999;-999;-999;0.269;0.020;0.297;0.022;0.91;0.10;0.255;0.021;0.284;0.025;0.90;0.11;-999;0
GBOV_RM7_1647;SantaRita;Courtney Meier;cmeier@battelleecology.org;support-copernicus-gbov@acri-st.fr;NEON;983;Closed Shrublands;31.91068;-110.83549;20190304T133800Z;2.0;SRER_048;-999;-999;-999;-999;-999;-999;-999;-999;-999;-999;-999;-999;0.074;0.005;0.077;0.005;0.96;0.10;0.091;0.010;0.095;0.011;0.96;0.15;-999;0
GBOV_RM7_1647;SantaRita;Courtney Meier;cmeier@battelleecology.org;support-copernicus-gbov@acri-st.fr;NEON;983;Closed Shrublands;31.91068;-110.83549;20190318T123600Z;2.0;SRER_048;-999;-999;-999;-999;-999;-999;-999;-999;-999;-999;-999;-999;0.096;0.008;0.102;0.009;0.94;0.12;0.111;0.013;0.117;0.014;0.95;0.16;-999;0
GBOV_RM7_1647;SantaRita;Courtney Meier;cmeier@battelleecology.org;support-copernicus-gbov@acri-st.fr;NEON;983;Closed Shrublands;31.91068;-110.83549;20190401T161000Z;2.0;SRER_048;-999;-999;-999;-999;-999;-999;-999;-999;-999;-999;-999;-999;0.173;0.012;0.184;0.013;0.94;0.09;0.202;0.018;0.216;0.020;0.94;0.12;-999;0
GBOV_RM7_1647;SantaRita;Courtney Meier;cmeier@battelleecology.org;support-copernicus-gbov@acri-st.fr;NEON;983;Closed Shrublands;31.91068;-110.83549;20190415T135400Z;2.0;SRER_048;-999;-999;-999;-999;-999;-999;-999;-999;-999;-999;-999;-999;0.162;0.010;0.173;0.010;0.94;0.08;0.136;0.012;0.143;0.013;0.95;0.12;-999;0
GBOV_RM7_1647;SantaRita;Courtney Meier;cmeier@battelleecology.org;support-copernicus-gbov@acri-st.fr;NEON;983;Closed Shrublands;31.91068;-110.83549;20190429T110000Z;2.0;SRER_048;-999;-999;-999;-999;-999;-999;-999;-999;-999;-999;-999;-999;0.128;0.009;0.134;0.009;0.95;0.09;0.112;0.010;0.118;0.011;0.94;0.12;-999;0
GBOV_RM7_1647;SantaRita;Courtney Meier;cmeier@battelleecology.org;support-copernicus-gbov@acri-st.fr;NEON;983;Closed Shrublands;31.91068;-110.83549;20190513T112800Z;2.0;SRER_048;-999;-999;-999;-999;-999;-999;-999;-999;-999;-999;-999;-999;0.070;0.005;0.072;0.005;0.97;0.10;0.069;0.008;0.071;0.008;0.97;0.16;-999;0
GBOV_RM7_1647;SantaRita;Courtney Meier;cmeier@battelleecology.org;support-copernicus-gbov@acri-st.fr;NEON;983;Closed Shrublands;31.91068;-110.83549;20190527T093700Z;2.0;SRER_048;-999;-999;-999;-999;-999;-999;-999;-999;-999;-999;-999;-999;0.0377;0.0032;0.039;0.004;0.96;0.12;0.058;0.006;0.060;0.006;0.98;0.15;-999;0
GBOV_RM7_1647;SantaRita;Courtney Meier;cmeier@battelleecology.org;support-copernicus-gbov@acri-st.fr;NEON;983;Closed Shrublands;31.91068;-110.83549;20190610T082900Z;2.0;SRER_048;-999;-999;-999;-999;-999;-999;-999;-999;-999;-999;-999;-999;0.0167;0.0015;0.0170;0.0015;0.98;0.13;0.0183;0.0029;0.0186;0.0029;0.98;0.22;-999;0
GBOV_RM7_1647;SantaRita;Courtney Meier;cmeier@battelleecology.org;support-copernicus-gbov@acri-st.fr;NEON;983;Closed Shrublands;31.91068;-110.83549;20190624T101400Z;2.0;SRER_048;-999;-999;-999;-999;-999;-999;-999;-999;-999;-999;-999;-999;0.0113;0.0012;0.0115;0.0013;0.99;0.15;0.0196;0.0024;0.0200;0.0025;0.98;0.17;-999;0
GBOV_RM7_1647;SantaRita;Courtney Meier;cmeier@battelleecology.org;support-copernicus-gbov@acri-st.fr;NEON;983;Closed Shrublands;31.91068;-110.83549;20190708T083600Z;2.0;SRER_048;-999;-999;-999;-999;-999;-999;-999;-999;-999;-999;-999;-999;0.0201;0.0019;0.0205;0.0019;0.98;0.13;0.0307;0.0032;0.0312;0.0033;0.98;0.15;-999;0
GBOV_RM7_1647;SantaRita;Courtney Meier;cmeier@battelleecology.org;support-copernicus-gbov@acri-st.fr;NEON;983;Closed Shrublands;31.91068;-110.83549;20190722T105300Z;2.0;SRER_048;-999;-999;-999;-999;-999;-999;-999;-999;-999;-999;-999;-999;0.0051;0.0006;0.0051;0.0007;0.99;0.18;0.0101;0.0017;0.0102;0.0017;0.99;0.24;-999;0
GBOV_RM7_1647;SantaRita;Courtney Meier;cmeier@battelleecology.org;support-copernicus-gbov@acri-st.fr;NEON;983;Closed Shrublands;31.91068;-110.83549;20190805T092400Z;2.0;SRER_048;-999;-999;-999;-999;-999;-999;-999;-999;-999;-999;-999;-999;0.088;0.006;0.093;0.007;0.94;0.10;0.106;0.013;0.113;0.014;0.94;0.16;-999;0
GBOV_RM7_1647;SantaRita;Courtney Meier;cmeier@battelleecology.org;support-copernicus-gbov@acri-st.fr;NEON;983;Closed Shrublands;31.91068;-110.83549;20190819T125500Z;2.0;SRER_048;-999;-999;-999;-999;-999;-999;-999;-999;-999;-999;-999;-999;0.062;0.006;0.065;0.007;0.96;0.14;0.074;0.010;0.077;0.011;0.96;0.19;-999;0
GBOV_RM7_1647;SantaRita;Courtney Meier;cmeier@battelleecology.org;support-copernicus-gbov@acri-st.fr;NEON;983;Closed Shrublands;31.91068;-110.83549;20190902T124700Z;2.0;SRER_048;-999;-999;-999;-999;-999;-999;-999;-999;-999;-999;-999;-999;0.048;0.005;0.050;0.005;0.96;0.14;0.050;0.008;0.051;0.009;0.96;0.22;-999;0
GBOV_RM7_1647;SantaRita;Courtney Meier;cmeier@battelleecology.org;support-copernicus-gbov@acri-st.fr;NEON;983;Closed Shrublands;31.91068;-110.83549;20190917T083100Z;2.0;SRER_048;-999;-999;-999;-999;-999;-999;-999;-999;-999;-999;-999;-999;0.058;0.004;0.060;0.004;0.97;0.10;0.083;0.008;0.086;0.009;0.97;0.14;-999;0
GBOV_RM7_1647;SantaRita;Courtney Meier;cmeier@battelleecology.org;support-copernicus-gbov@acri-st.fr;NEON;983;Closed Shrublands;31.91068;-110.83549;20190930T113400Z;2.0;SRER_048;-999;-999;-999;-999;-999;-999;-999;-999;-999;-999;-999;-999;0.120;0.008;0.126;0.009;0.95;0.09;0.126;0.018;0.134;0.020;0.94;0.19;-999;0
GBOV_RM7_1647;SantaRita;Courtney Meier;cmeier@battelleecology.org;support-copernicus-gbov@acri-st.fr;NEON;983;Closed Shrublands;31.91068;-110.83549;20191014T101600Z;2.0;SRER_048;-999;-999;-999;-999;-999;-999;-999;-999;-999;-999;-999;-999;0.168;0.011;0.182;0.012;0.93;0.08;0.164;0.014;0.175;0.016;0.93;0.12;-999;0
GBOV_RM7_1647;SantaRita;Courtney Meier;cmeier@battelleecology.org;support-copernicus-gbov@acri-st.fr;NEON;983;Closed Shrublands;31.91068;-110.83549;20191028T103900Z;2.0;SRER_048;-999;-999;-999;-999;-999;-999;-999;-999;-999;-999;-999;-999;0.104;0.007;0.109;0.008;0.95;0.10;0.116;0.012;0.122;0.012;0.94;0.13;-999;0
