GBOV_ID;Site;GROUND_DATA_PI;GROUND_DATA_PIs_Email;GBOV_Email;Network;Elevation;IGBP_class;Lat_IS;Lon_IS;TIME_IS;Version;PLOT_ID;LAIe_Miller_up;LAIe_Miller_up_err;LAI_Miller_up;LAI_Miller_up_err;clumping_Miller_up;clumping_Miller_up_err;LAIe_Warren_up;LAIe_Warren_up_err;LAI_Warren_up;LAI_Warren_up_err;clumping_Warren_up;clumping_Warren_up_err;LAIe_Miller_down;LAIe_Miller_down_err;LAI_Miller_down;LAI_Miller_down_err;clumping_Miller_down;clumping_Miller_down_err;LAIe_Warren_down;LAIe_Warren_down_err;LAI_Warren_down;LAI_Warren_down_err;clumping_Warren_down;clumping_Warren_down_err;up_flag;down_flag
GBOV_RM7_786;Woodworth;Courtney Meier;cmeier@battelleecology.org;support-copernicus-gbov@acri-st.fr;NEON;579;Croplands;47.128231048584;-99.2413635253906;20140508T000000Z;2.0;WOOD_064;-999;-999;-999;-999;-999;-999;-999;-999;-999;-999;-999;-999;0.0481;0.0023;0.0483;0.0023;0.99;0.07;0.044;0.004;0.045;0.004;0.99;0.13;-999;32
GBOV_RM7_786;Woodworth;Courtney Meier;cmeier@battelleecology.org;support-copernicus-gbov@acri-st.fr;NEON;579;Croplands;47.128231048584;-99.2413635253906;20140522T000000Z;2.0;WOOD_064;-999;-999;-999;-999;-999;-999;-999;-999;-999;-999;-999;-999;0.082;0.005;0.084;0.006;0.98;0.09;0.063;0.008;0.065;0.009;0.97;0.18;-999;0
GBOV_RM7_786;Woodworth;Courtney Meier;cmeier@battelleecology.org;support-copernicus-gbov@acri-st.fr;NEON;579;Croplands;47.128231048584;-99.2413635253906;20140619T000000Z;2.0;WOOD_064;-999;-999;-999;-999;-999;-999;-999;-999;-999;-999;-999;-999;1.35;0.04;1.46;0.05;0.93;0.04;1.25;0.06;1.37;0.08;0.91;0.07;-999;0
GBOV_RM7_786;Woodworth;Courtney Meier;cmeier@battelleecology.org;support-copernicus-gbov@acri-st.fr;NEON;579;Croplands;47.128231048584;-99.2413635253906;20140708T000000Z;2.0;WOOD_064;-999;-999;-999;-999;-999;-999;-999;-999;-999;-999;-999;-999;1.34;0.04;1.45;0.05;0.92;0.04;1.00;0.05;1.06;0.05;0.94;0.06;-999;0
GBOV_RM7_786;Woodworth;Courtney Meier;cmeier@battelleecology.org;support-copernicus-gbov@acri-st.fr;NEON;579;Croplands;47.128231048584;-99.2413635253906;20140717T000000Z;2.0;WOOD_064;-999;-999;-999;-999;-999;-999;-999;-999;-999;-999;-999;-999;1.19;0.04;1.28;0.04;0.93;0.05;0.83;0.04;0.88;0.04;0.94;0.06;-999;0
GBOV_RM7_786;Woodworth;Courtney Meier;cmeier@battelleecology.org;support-copernicus-gbov@acri-st.fr;NEON;579;Croplands;47.128231048584;-99.2413635253906;20140731T000000Z;2.0;WOOD_064;-999;-999;-999;-999;-999;-999;-999;-999;-999;-999;-999;-999;0.90;0.04;0.97;0.04;0.93;0.05;0.62;0.04;0.67;0.04;0.93;0.08;-999;0
GBOV_RM7_786;Woodworth;Courtney Meier;cmeier@battelleecology.org;support-copernicus-gbov@acri-st.fr;NEON;579;Croplands;47.128231048584;-99.2413635253906;20140814T000000Z;2.0;WOOD_064;-999;-999;-999;-999;-999;-999;-999;-999;-999;-999;-999;-999;0.564;0.026;0.595;0.027;0.95;0.06;0.438;0.034;0.46;0.04;0.94;0.10;-999;0
GBOV_RM7_786;Woodworth;Courtney Meier;cmeier@battelleecology.org;support-copernicus-gbov@acri-st.fr;NEON;579;Croplands;47.128231048584;-99.2413635253906;20140905T000000Z;2.0;WOOD_064;-999;-999;-999;-999;-999;-999;-999;-999;-999;-999;-999;-999;0.573;0.020;0.598;0.022;0.96;0.05;0.421;0.024;0.439;0.027;0.96;0.08;-999;0
GBOV_RM7_786;Woodworth;Courtney Meier;cmeier@battelleecology.org;support-copernicus-gbov@acri-st.fr;NEON;579;Croplands;47.128231048584;-99.2413635253906;20140911T000000Z;2.0;WOOD_064;-999;-999;-999;-999;-999;-999;-999;-999;-999;-999;-999;-999;0.341;0.013;0.351;0.013;0.97;0.05;0.221;0.014;0.226;0.014;0.98;0.09;-999;0
GBOV_RM7_786;Woodworth;Courtney Meier;cmeier@battelleecology.org;support-copernicus-gbov@acri-st.fr;NEON;579;Croplands;47.128231048584;-99.2413635253906;20140926T000000Z;2.0;WOOD_064;-999;-999;-999;-999;-999;-999;-999;-999;-999;-999;-999;-999;0.212;0.010;0.217;0.010;0.98;0.07;0.150;0.012;0.153;0.012;0.98;0.11;-999;0
GBOV_RM7_786;Woodworth;Courtney Meier;cmeier@battelleecology.org;support-copernicus-gbov@acri-st.fr;NEON;579;Croplands;47.128231048584;-99.2413635253906;20141009T000000Z;2.0;WOOD_064;-999;-999;-999;-999;-999;-999;-999;-999;-999;-999;-999;-999;0.175;0.008;0.179;0.008;0.98;0.06;0.128;0.008;0.130;0.009;0.98;0.09;-999;0
GBOV_RM7_786;Woodworth;Courtney Meier;cmeier@battelleecology.org;support-copernicus-gbov@acri-st.fr;NEON;579;Croplands;47.128231048584;-99.2413635253906;20141022T000000Z;2.0;WOOD_064;-999;-999;-999;-999;-999;-999;-999;-999;-999;-999;-999;-999;0.0471;0.0023;0.0475;0.0023;0.99;0.07;0.0306;0.0021;0.0309;0.0021;0.99;0.10;-999;0
GBOV_RM7_786;Woodworth;Courtney Meier;cmeier@battelleecology.org;support-copernicus-gbov@acri-st.fr;NEON;579;Croplands;47.128231048584;-99.2413635253906;20150403T000000Z;2.0;WOOD_064;-999;-999;-999;-999;-999;-999;-999;-999;-999;-999;-999;-999;0.0431;0.0015;0.0433;0.0015;1.00;0.05;0.0445;0.0028;0.0448;0.0028;0.99;0.09;-999;0
GBOV_RM7_786;Woodworth;Courtney Meier;cmeier@battelleecology.org;support-copernicus-gbov@acri-st.fr;NEON;579;Croplands;47.128231048584;-99.2413635253906;20150415T000000Z;2.0;WOOD_064;-999;-999;-999;-999;-999;-999;-999;-999;-999;-999;-999;-999;0.0512;0.0018;0.0515;0.0018;0.99;0.05;0.0533;0.0034;0.0537;0.0034;0.99;0.09;-999;0
GBOV_RM7_786;Woodworth;Courtney Meier;cmeier@battelleecology.org;support-copernicus-gbov@acri-st.fr;NEON;579;Croplands;47.128231048584;-99.2413635253906;20150430T000000Z;2.0;WOOD_064;-999;-999;-999;-999;-999;-999;-999;-999;-999;-999;-999;-999;0.0399;0.0014;0.0400;0.0014;1.00;0.05;0.0440;0.0023;0.0443;0.0024;0.99;0.07;-999;0
GBOV_RM7_786;Woodworth;Courtney Meier;cmeier@battelleecology.org;support-copernicus-gbov@acri-st.fr;NEON;579;Croplands;47.128231048584;-99.2413635253906;20150520T000000Z;2.0;WOOD_064;-999;-999;-999;-999;-999;-999;-999;-999;-999;-999;-999;-999;0.095;0.005;0.096;0.005;0.99;0.08;0.096;0.007;0.098;0.007;0.99;0.10;-999;0
GBOV_RM7_786;Woodworth;Courtney Meier;cmeier@battelleecology.org;support-copernicus-gbov@acri-st.fr;NEON;579;Croplands;47.128231048584;-99.2413635253906;20150603T000000Z;2.0;WOOD_064;-999;-999;-999;-999;-999;-999;-999;-999;-999;-999;-999;-999;0.284;0.016;0.299;0.019;0.95;0.08;0.241;0.019;0.249;0.021;0.97;0.11;-999;0
GBOV_RM7_786;Woodworth;Courtney Meier;cmeier@battelleecology.org;support-copernicus-gbov@acri-st.fr;NEON;579;Croplands;47.128231048584;-99.2413635253906;20150617T000000Z;2.0;WOOD_064;-999;-999;-999;-999;-999;-999;-999;-999;-999;-999;-999;-999;0.801;0.027;0.851;0.030;0.94;0.05;0.731;0.031;0.767;0.033;0.95;0.06;-999;0
GBOV_RM7_786;Woodworth;Courtney Meier;cmeier@battelleecology.org;support-copernicus-gbov@acri-st.fr;NEON;579;Croplands;47.128231048584;-99.2413635253906;20150701T000000Z;2.0;WOOD_064;-999;-999;-999;-999;-999;-999;-999;-999;-999;-999;-999;-999;1.66;0.04;1.78;0.05;0.93;0.04;1.38;0.06;1.45;0.06;0.95;0.06;-999;0
GBOV_RM7_786;Woodworth;Courtney Meier;cmeier@battelleecology.org;support-copernicus-gbov@acri-st.fr;NEON;579;Croplands;47.128231048584;-99.2413635253906;20150715T000000Z;2.0;WOOD_064;-999;-999;-999;-999;-999;-999;-999;-999;-999;-999;-999;-999;1.43;0.05;1.56;0.06;0.92;0.05;1.12;0.06;1.19;0.07;0.94;0.08;-999;16
GBOV_RM7_786;Woodworth;Courtney Meier;cmeier@battelleecology.org;support-copernicus-gbov@acri-st.fr;NEON;579;Croplands;47.128231048584;-99.2413635253906;20150729T000000Z;2.0;WOOD_064;-999;-999;-999;-999;-999;-999;-999;-999;-999;-999;-999;-999;0.343;0.011;0.354;0.012;0.97;0.05;0.260;0.013;0.266;0.014;0.98;0.07;-999;0
GBOV_RM7_786;Woodworth;Courtney Meier;cmeier@battelleecology.org;support-copernicus-gbov@acri-st.fr;NEON;579;Croplands;47.128231048584;-99.2413635253906;20150812T000000Z;2.0;WOOD_064;-999;-999;-999;-999;-999;-999;-999;-999;-999;-999;-999;-999;0.134;0.005;0.138;0.006;0.97;0.06;0.100;0.006;0.102;0.006;0.98;0.08;-999;0
GBOV_RM7_786;Woodworth;Courtney Meier;cmeier@battelleecology.org;support-copernicus-gbov@acri-st.fr;NEON;579;Croplands;47.128231048584;-99.2413635253906;20150827T000000Z;2.0;WOOD_064;-999;-999;-999;-999;-999;-999;-999;-999;-999;-999;-999;-999;0.211;0.012;0.225;0.014;0.94;0.08;0.152;0.015;0.158;0.016;0.97;0.13;-999;0
GBOV_RM7_786;Woodworth;Courtney Meier;cmeier@battelleecology.org;support-copernicus-gbov@acri-st.fr;NEON;579;Croplands;47.128231048584;-99.2413635253906;20150910T000000Z;2.0;WOOD_064;-999;-999;-999;-999;-999;-999;-999;-999;-999;-999;-999;-999;0.472;0.024;0.510;0.029;0.93;0.07;0.361;0.034;0.38;0.04;0.94;0.13;-999;0
GBOV_RM7_786;Woodworth;Courtney Meier;cmeier@battelleecology.org;support-copernicus-gbov@acri-st.fr;NEON;579;Croplands;47.128231048584;-99.2413635253906;20150928T000000Z;2.0;WOOD_064;-999;-999;-999;-999;-999;-999;-999;-999;-999;-999;-999;-999;0.157;0.011;0.170;0.015;0.92;0.10;0.102;0.014;0.107;0.015;0.96;0.18;-999;0
GBOV_RM7_786;Woodworth;Courtney Meier;cmeier@battelleecology.org;support-copernicus-gbov@acri-st.fr;NEON;579;Croplands;47.128231048584;-99.2413635253906;20151009T000000Z;2.0;WOOD_064;-999;-999;-999;-999;-999;-999;-999;-999;-999;-999;-999;-999;0.085;0.006;0.088;0.006;0.97;0.09;0.067;0.010;0.068;0.010;0.98;0.20;-999;0
GBOV_RM7_786;Woodworth;Courtney Meier;cmeier@battelleecology.org;support-copernicus-gbov@acri-st.fr;NEON;579;Croplands;47.128231048584;-99.2413635253906;20160411T000000Z;2.0;WOOD_064;-999;-999;-999;-999;-999;-999;-999;-999;-999;-999;-999;-999;0.0371;0.0017;0.0373;0.0017;0.99;0.06;0.0335;0.0028;0.0338;0.0029;0.99;0.12;-999;0
GBOV_RM7_786;Woodworth;Courtney Meier;cmeier@battelleecology.org;support-copernicus-gbov@acri-st.fr;NEON;579;Croplands;47.128231048584;-99.2413635253906;20160427T000000Z;2.0;WOOD_064;-999;-999;-999;-999;-999;-999;-999;-999;-999;-999;-999;-999;0.079;0.004;0.080;0.004;0.98;0.07;0.077;0.007;0.079;0.007;0.98;0.13;-999;0
GBOV_RM7_786;Woodworth;Courtney Meier;cmeier@battelleecology.org;support-copernicus-gbov@acri-st.fr;NEON;579;Croplands;47.128231048584;-99.2413635253906;20160509T000000Z;2.0;WOOD_064;-999;-999;-999;-999;-999;-999;-999;-999;-999;-999;-999;-999;0.123;0.006;0.127;0.007;0.97;0.07;0.128;0.010;0.131;0.010;0.98;0.11;-999;0
GBOV_RM7_786;Woodworth;Courtney Meier;cmeier@battelleecology.org;support-copernicus-gbov@acri-st.fr;NEON;579;Croplands;47.128231048584;-99.2413635253906;20160523T000000Z;2.0;WOOD_064;-999;-999;-999;-999;-999;-999;-999;-999;-999;-999;-999;-999;0.324;0.014;0.345;0.016;0.94;0.06;0.384;0.027;0.414;0.033;0.93;0.10;-999;32
GBOV_RM7_786;Woodworth;Courtney Meier;cmeier@battelleecology.org;support-copernicus-gbov@acri-st.fr;NEON;579;Croplands;47.128231048584;-99.2413635253906;20160606T000000Z;2.0;WOOD_064;-999;-999;-999;-999;-999;-999;-999;-999;-999;-999;-999;-999;0.924;0.033;1.02;0.04;0.91;0.05;0.95;0.05;1.03;0.06;0.92;0.07;-999;32
GBOV_RM7_786;Woodworth;Courtney Meier;cmeier@battelleecology.org;support-copernicus-gbov@acri-st.fr;NEON;579;Croplands;47.128231048584;-99.2413635253906;20160620T000000Z;2.0;WOOD_064;-999;-999;-999;-999;-999;-999;-999;-999;-999;-999;-999;-999;1.27;0.04;1.41;0.05;0.90;0.04;1.12;0.04;1.19;0.04;0.94;0.05;-999;0
GBOV_RM7_786;Woodworth;Courtney Meier;cmeier@battelleecology.org;support-copernicus-gbov@acri-st.fr;NEON;579;Croplands;47.128231048584;-99.2413635253906;20160706T000000Z;2.0;WOOD_064;-999;-999;-999;-999;-999;-999;-999;-999;-999;-999;-999;-999;0.972;0.033;1.045;0.035;0.93;0.04;0.83;0.04;0.87;0.04;0.95;0.07;-999;0
GBOV_RM7_786;Woodworth;Courtney Meier;cmeier@battelleecology.org;support-copernicus-gbov@acri-st.fr;NEON;579;Croplands;47.128231048584;-99.2413635253906;20160718T000000Z;2.0;WOOD_064;-999;-999;-999;-999;-999;-999;-999;-999;-999;-999;-999;-999;1.22;0.04;1.32;0.04;0.93;0.04;0.97;0.04;1.02;0.05;0.95;0.06;-999;0
GBOV_RM7_786;Woodworth;Courtney Meier;cmeier@battelleecology.org;support-copernicus-gbov@acri-st.fr;NEON;579;Croplands;47.128231048584;-99.2413635253906;20160801T000000Z;2.0;WOOD_064;-999;-999;-999;-999;-999;-999;-999;-999;-999;-999;-999;-999;1.22;0.04;1.30;0.04;0.94;0.04;0.99;0.04;1.04;0.05;0.95;0.06;-999;0
GBOV_RM7_786;Woodworth;Courtney Meier;cmeier@battelleecology.org;support-copernicus-gbov@acri-st.fr;NEON;579;Croplands;47.128231048584;-99.2413635253906;20160815T000000Z;2.0;WOOD_064;-999;-999;-999;-999;-999;-999;-999;-999;-999;-999;-999;-999;0.734;0.026;0.777;0.029;0.94;0.05;0.548;0.028;0.585;0.031;0.94;0.07;-999;0
GBOV_RM7_786;Woodworth;Courtney Meier;cmeier@battelleecology.org;support-copernicus-gbov@acri-st.fr;NEON;579;Croplands;47.128231048584;-99.2413635253906;20160829T000000Z;2.0;WOOD_064;-999;-999;-999;-999;-999;-999;-999;-999;-999;-999;-999;-999;0.547;0.022;0.573;0.024;0.95;0.06;0.359;0.020;0.373;0.021;0.96;0.08;-999;0
GBOV_RM7_786;Woodworth;Courtney Meier;cmeier@battelleecology.org;support-copernicus-gbov@acri-st.fr;NEON;579;Croplands;47.128231048584;-99.2413635253906;20160912T000000Z;2.0;WOOD_064;-999;-999;-999;-999;-999;-999;-999;-999;-999;-999;-999;-999;0.293;0.013;0.304;0.014;0.96;0.06;0.161;0.014;0.167;0.015;0.96;0.12;-999;0
GBOV_RM7_786;Woodworth;Courtney Meier;cmeier@battelleecology.org;support-copernicus-gbov@acri-st.fr;NEON;579;Croplands;47.128231048584;-99.2413635253906;20160926T000000Z;2.0;WOOD_064;-999;-999;-999;-999;-999;-999;-999;-999;-999;-999;-999;-999;0.342;0.013;0.355;0.014;0.96;0.05;0.213;0.016;0.225;0.019;0.95;0.11;-999;0
GBOV_RM7_786;Woodworth;Courtney Meier;cmeier@battelleecology.org;support-copernicus-gbov@acri-st.fr;NEON;579;Croplands;47.128231048584;-99.2413635253906;20161011T000000Z;2.0;WOOD_064;-999;-999;-999;-999;-999;-999;-999;-999;-999;-999;-999;-999;0.0627;0.0033;0.0637;0.0035;0.98;0.07;0.0257;0.0020;0.0259;0.0020;0.99;0.11;-999;0
GBOV_RM7_786;Woodworth;Courtney Meier;cmeier@battelleecology.org;support-copernicus-gbov@acri-st.fr;NEON;579;Croplands;47.128231048584;-99.2413635253906;20170501T000000Z;2.0;WOOD_064;-999;-999;-999;-999;-999;-999;-999;-999;-999;-999;-999;-999;0.0219;0.0009;0.0220;0.0009;1.00;0.06;0.0262;0.0020;0.0263;0.0020;1.00;0.11;-999;0
GBOV_RM7_786;Woodworth;Courtney Meier;cmeier@battelleecology.org;support-copernicus-gbov@acri-st.fr;NEON;579;Croplands;47.128231048584;-99.2413635253906;20170515T000000Z;2.0;WOOD_064;-999;-999;-999;-999;-999;-999;-999;-999;-999;-999;-999;-999;0.0639;0.0023;0.0643;0.0024;0.99;0.05;0.077;0.005;0.078;0.005;0.99;0.09;-999;0
GBOV_RM7_786;Woodworth;Courtney Meier;cmeier@battelleecology.org;support-copernicus-gbov@acri-st.fr;NEON;579;Croplands;47.128231048584;-99.2413635253906;20170531T000000Z;2.0;WOOD_064;-999;-999;-999;-999;-999;-999;-999;-999;-999;-999;-999;-999;0.327;0.012;0.338;0.013;0.97;0.05;0.318;0.015;0.331;0.017;0.96;0.07;-999;0
GBOV_RM7_786;Woodworth;Courtney Meier;cmeier@battelleecology.org;support-copernicus-gbov@acri-st.fr;NEON;579;Croplands;47.128231048584;-99.2413635253906;20170612T000000Z;2.0;WOOD_064;-999;-999;-999;-999;-999;-999;-999;-999;-999;-999;-999;-999;0.540;0.020;0.589;0.026;0.92;0.05;0.507;0.024;0.533;0.026;0.95;0.07;-999;0
GBOV_RM7_786;Woodworth;Courtney Meier;cmeier@battelleecology.org;support-copernicus-gbov@acri-st.fr;NEON;579;Croplands;47.128231048584;-99.2413635253906;20170627T000000Z;2.0;WOOD_064;-999;-999;-999;-999;-999;-999;-999;-999;-999;-999;-999;-999;0.847;0.032;0.95;0.04;0.89;0.05;0.797;0.035;0.86;0.04;0.93;0.06;-999;0
GBOV_RM7_786;Woodworth;Courtney Meier;cmeier@battelleecology.org;support-copernicus-gbov@acri-st.fr;NEON;579;Croplands;47.128231048584;-99.2413635253906;20170710T000000Z;2.0;WOOD_064;-999;-999;-999;-999;-999;-999;-999;-999;-999;-999;-999;-999;0.99;0.04;1.10;0.04;0.90;0.05;0.84;0.04;0.91;0.05;0.92;0.07;-999;0
GBOV_RM7_786;Woodworth;Courtney Meier;cmeier@battelleecology.org;support-copernicus-gbov@acri-st.fr;NEON;579;Croplands;47.128231048584;-99.2413635253906;20170726T000000Z;2.0;WOOD_064;-999;-999;-999;-999;-999;-999;-999;-999;-999;-999;-999;-999;0.91;0.04;1.01;0.05;0.89;0.05;0.67;0.04;0.73;0.05;0.92;0.08;-999;0
GBOV_RM7_786;Woodworth;Courtney Meier;cmeier@battelleecology.org;support-copernicus-gbov@acri-st.fr;NEON;579;Croplands;47.128231048584;-99.2413635253906;20170807T000000Z;2.0;WOOD_064;-999;-999;-999;-999;-999;-999;-999;-999;-999;-999;-999;-999;0.535;0.025;0.574;0.027;0.93;0.06;0.406;0.028;0.429;0.032;0.95;0.10;-999;0
GBOV_RM7_786;Woodworth;Courtney Meier;cmeier@battelleecology.org;support-copernicus-gbov@acri-st.fr;NEON;579;Croplands;47.128231048584;-99.2413635253906;20170824T000000Z;2.0;WOOD_064;-999;-999;-999;-999;-999;-999;-999;-999;-999;-999;-999;-999;0.300;0.010;0.309;0.010;0.97;0.04;0.263;0.013;0.270;0.014;0.98;0.07;-999;0
GBOV_RM7_786;Woodworth;Courtney Meier;cmeier@battelleecology.org;support-copernicus-gbov@acri-st.fr;NEON;579;Croplands;47.128231048584;-99.2413635253906;20170905T000000Z;2.0;WOOD_064;-999;-999;-999;-999;-999;-999;-999;-999;-999;-999;-999;-999;0.094;0.005;0.096;0.005;0.98;0.07;0.091;0.008;0.093;0.009;0.98;0.13;-999;0
GBOV_RM7_786;Woodworth;Courtney Meier;cmeier@battelleecology.org;support-copernicus-gbov@acri-st.fr;NEON;579;Croplands;47.128231048584;-99.2413635253906;20170918T000000Z;2.0;WOOD_064;-999;-999;-999;-999;-999;-999;-999;-999;-999;-999;-999;-999;0.081;0.005;0.084;0.005;0.97;0.08;0.083;0.008;0.085;0.008;0.98;0.13;-999;0
GBOV_RM7_786;Woodworth;Courtney Meier;cmeier@battelleecology.org;support-copernicus-gbov@acri-st.fr;NEON;579;Croplands;47.128231048584;-99.2413635253906;20171002T000000Z;2.0;WOOD_064;-999;-999;-999;-999;-999;-999;-999;-999;-999;-999;-999;-999;0.065;0.005;0.069;0.006;0.94;0.11;0.053;0.010;0.057;0.012;0.93;0.26;-999;0
GBOV_RM7_786;Woodworth;Courtney Meier;cmeier@battelleecology.org;support-copernicus-gbov@acri-st.fr;NEON;579;Croplands;47.128231048584;-99.2413635253906;20171016T000000Z;2.0;WOOD_064;-999;-999;-999;-999;-999;-999;-999;-999;-999;-999;-999;-999;0.067;0.004;0.069;0.005;0.97;0.09;0.075;0.008;0.077;0.008;0.98;0.14;-999;0
GBOV_RM7_786;Woodworth;Courtney Meier;cmeier@battelleecology.org;support-copernicus-gbov@acri-st.fr;NEON;579;Croplands;47.128231048584;-99.2413635253906;20180502T000000Z;2.0;WOOD_064;-999;-999;-999;-999;-999;-999;-999;-999;-999;-999;-999;-999;0.0149;0.0010;0.0150;0.0010;1.00;0.10;0.0209;0.0021;0.0210;0.0022;1.00;0.14;-999;0
GBOV_RM7_786;Woodworth;Courtney Meier;cmeier@battelleecology.org;support-copernicus-gbov@acri-st.fr;NEON;579;Croplands;47.128231048584;-99.2413635253906;20180516T000000Z;2.0;WOOD_064;-999;-999;-999;-999;-999;-999;-999;-999;-999;-999;-999;-999;0.069;0.005;0.071;0.006;0.98;0.11;0.088;0.010;0.090;0.011;0.98;0.17;-999;0
GBOV_RM7_786;Woodworth;Courtney Meier;cmeier@battelleecology.org;support-copernicus-gbov@acri-st.fr;NEON;579;Croplands;47.128231048584;-99.2413635253906;20180601T000000Z;2.0;WOOD_064;-999;-999;-999;-999;-999;-999;-999;-999;-999;-999;-999;-999;0.642;0.025;0.698;0.030;0.92;0.05;0.71;0.04;0.78;0.05;0.92;0.08;-999;0
GBOV_RM7_786;Woodworth;Courtney Meier;cmeier@battelleecology.org;support-copernicus-gbov@acri-st.fr;NEON;579;Croplands;47.128231048584;-99.2413635253906;20180612T000000Z;2.0;WOOD_064;-999;-999;-999;-999;-999;-999;-999;-999;-999;-999;-999;-999;1.09;0.04;1.22;0.05;0.89;0.05;1.09;0.06;1.20;0.07;0.91;0.07;-999;0
GBOV_RM7_786;Woodworth;Courtney Meier;cmeier@battelleecology.org;support-copernicus-gbov@acri-st.fr;NEON;579;Croplands;47.128231048584;-99.2413635253906;20180627T000000Z;2.0;WOOD_064;-999;-999;-999;-999;-999;-999;-999;-999;-999;-999;-999;-999;1.17;0.04;1.30;0.04;0.91;0.04;1.06;0.05;1.15;0.06;0.92;0.06;-999;0
GBOV_RM7_786;Woodworth;Courtney Meier;cmeier@battelleecology.org;support-copernicus-gbov@acri-st.fr;NEON;579;Croplands;47.128231048584;-99.2413635253906;20180710T000000Z;2.0;WOOD_064;-999;-999;-999;-999;-999;-999;-999;-999;-999;-999;-999;-999;0.91;0.04;1.02;0.04;0.90;0.05;0.82;0.06;0.89;0.06;0.92;0.09;-999;0
GBOV_RM7_786;Woodworth;Courtney Meier;cmeier@battelleecology.org;support-copernicus-gbov@acri-st.fr;NEON;579;Croplands;47.128231048584;-99.2413635253906;20180726T000000Z;2.0;WOOD_064;-999;-999;-999;-999;-999;-999;-999;-999;-999;-999;-999;-999;0.215;0.010;0.223;0.010;0.96;0.06;0.202;0.014;0.210;0.016;0.96;0.10;-999;0
GBOV_RM7_786;Woodworth;Courtney Meier;cmeier@battelleecology.org;support-copernicus-gbov@acri-st.fr;NEON;579;Croplands;47.128231048584;-99.2413635253906;20180806T000000Z;2.0;WOOD_064;-999;-999;-999;-999;-999;-999;-999;-999;-999;-999;-999;-999;0.286;0.010;0.295;0.010;0.97;0.05;0.257;0.012;0.264;0.013;0.97;0.07;-999;0
GBOV_RM7_786;Woodworth;Courtney Meier;cmeier@battelleecology.org;support-copernicus-gbov@acri-st.fr;NEON;579;Croplands;47.128231048584;-99.2413635253906;20180820T000000Z;2.0;WOOD_064;-999;-999;-999;-999;-999;-999;-999;-999;-999;-999;-999;-999;0.191;0.013;0.206;0.015;0.93;0.09;0.124;0.016;0.132;0.018;0.93;0.17;-999;0
GBOV_RM7_786;Woodworth;Courtney Meier;cmeier@battelleecology.org;support-copernicus-gbov@acri-st.fr;NEON;579;Croplands;47.128231048584;-99.2413635253906;20180906T000000Z;2.0;WOOD_064;-999;-999;-999;-999;-999;-999;-999;-999;-999;-999;-999;-999;0.199;0.010;0.210;0.011;0.95;0.07;0.135;0.015;0.145;0.018;0.93;0.15;-999;0
GBOV_RM7_786;Woodworth;Courtney Meier;cmeier@battelleecology.org;support-copernicus-gbov@acri-st.fr;NEON;579;Croplands;47.128231048584;-99.2413635253906;20180919T000000Z;2.0;WOOD_064;-999;-999;-999;-999;-999;-999;-999;-999;-999;-999;-999;-999;0.140;0.008;0.145;0.008;0.97;0.08;0.108;0.010;0.114;0.012;0.95;0.13;-999;0
GBOV_RM7_786;Woodworth;Courtney Meier;cmeier@battelleecology.org;support-copernicus-gbov@acri-st.fr;NEON;579;Croplands;47.128231048584;-99.2413635253906;20181001T000000Z;2.0;WOOD_064;-999;-999;-999;-999;-999;-999;-999;-999;-999;-999;-999;-999;0.077;0.005;0.080;0.005;0.97;0.09;0.042;0.006;0.043;0.006;0.97;0.19;-999;0
GBOV_RM7_786;Woodworth;Courtney Meier;cmeier@battelleecology.org;support-copernicus-gbov@acri-st.fr;NEON;579;Croplands;47.128231048584;-99.2413635253906;20181015T000000Z;2.0;WOOD_064;-999;-999;-999;-999;-999;-999;-999;-999;-999;-999;-999;-999;0.0322;0.0021;0.0326;0.0022;0.99;0.09;0.0189;0.0027;0.0192;0.0028;0.99;0.20;-999;0
GBOV_RM7_786;Woodworth;Courtney Meier;cmeier@battelleecology.org;support-copernicus-gbov@acri-st.fr;NEON;579;Croplands;47.128231048584;-99.2413635253906;20190430T132000Z;2.0;WOOD_064;-999;-999;-999;-999;-999;-999;-999;-999;-999;-999;-999;-999;0.0169;0.0007;0.0169;0.0007;1.00;0.06;0.0198;0.0013;0.0199;0.0013;1.00;0.09;-999;0
GBOV_RM7_786;Woodworth;Courtney Meier;cmeier@battelleecology.org;support-copernicus-gbov@acri-st.fr;NEON;579;Croplands;47.128231048584;-99.2413635253906;20190513T133700Z;2.0;WOOD_064;-999;-999;-999;-999;-999;-999;-999;-999;-999;-999;-999;-999;0.0470;0.0021;0.0473;0.0021;0.99;0.06;0.056;0.004;0.056;0.004;0.99;0.09;-999;0
GBOV_RM7_786;Woodworth;Courtney Meier;cmeier@battelleecology.org;support-copernicus-gbov@acri-st.fr;NEON;579;Croplands;47.128231048584;-99.2413635253906;20190529T150500Z;2.0;WOOD_064;-999;-999;-999;-999;-999;-999;-999;-999;-999;-999;-999;-999;0.145;0.008;0.149;0.008;0.97;0.08;0.166;0.014;0.173;0.016;0.96;0.12;-999;0
GBOV_RM7_786;Woodworth;Courtney Meier;cmeier@battelleecology.org;support-copernicus-gbov@acri-st.fr;NEON;579;Croplands;47.128231048584;-99.2413635253906;20190613T101200Z;2.0;WOOD_064;-999;-999;-999;-999;-999;-999;-999;-999;-999;-999;-999;-999;0.519;0.022;0.551;0.025;0.94;0.06;0.56;0.04;0.59;0.04;0.94;0.09;-999;0
GBOV_RM7_786;Woodworth;Courtney Meier;cmeier@battelleecology.org;support-copernicus-gbov@acri-st.fr;NEON;579;Croplands;47.128231048584;-99.2413635253906;20190627T120200Z;2.0;WOOD_064;-999;-999;-999;-999;-999;-999;-999;-999;-999;-999;-999;-999;1.055;0.032;1.15;0.04;0.92;0.04;1.00;0.05;1.09;0.05;0.91;0.06;-999;0
GBOV_RM7_786;Woodworth;Courtney Meier;cmeier@battelleecology.org;support-copernicus-gbov@acri-st.fr;NEON;579;Croplands;47.128231048584;-99.2413635253906;20190711T105000Z;2.0;WOOD_064;-999;-999;-999;-999;-999;-999;-999;-999;-999;-999;-999;-999;1.49;0.05;1.64;0.06;0.91;0.04;1.28;0.06;1.35;0.06;0.94;0.06;-999;0
GBOV_RM7_786;Woodworth;Courtney Meier;cmeier@battelleecology.org;support-copernicus-gbov@acri-st.fr;NEON;579;Croplands;47.128231048584;-99.2413635253906;20190723T111300Z;2.0;WOOD_064;-999;-999;-999;-999;-999;-999;-999;-999;-999;-999;-999;-999;1.50;0.05;1.64;0.05;0.92;0.04;1.25;0.06;1.35;0.07;0.93;0.07;-999;0
GBOV_RM7_786;Woodworth;Courtney Meier;cmeier@battelleecology.org;support-copernicus-gbov@acri-st.fr;NEON;579;Croplands;47.128231048584;-99.2413635253906;20190805T121400Z;2.0;WOOD_064;-999;-999;-999;-999;-999;-999;-999;-999;-999;-999;-999;-999;1.33;0.04;1.45;0.05;0.92;0.04;1.02;0.05;1.09;0.06;0.94;0.07;-999;0
GBOV_RM7_786;Woodworth;Courtney Meier;cmeier@battelleecology.org;support-copernicus-gbov@acri-st.fr;NEON;579;Croplands;47.128231048584;-99.2413635253906;20190820T131200Z;2.0;WOOD_064;-999;-999;-999;-999;-999;-999;-999;-999;-999;-999;-999;-999;0.691;0.024;0.727;0.026;0.95;0.05;0.527;0.027;0.548;0.028;0.96;0.07;-999;0
GBOV_RM7_786;Woodworth;Courtney Meier;cmeier@battelleecology.org;support-copernicus-gbov@acri-st.fr;NEON;579;Croplands;47.128231048584;-99.2413635253906;20190904T142000Z;2.0;WOOD_064;-999;-999;-999;-999;-999;-999;-999;-999;-999;-999;-999;-999;0.364;0.013;0.374;0.013;0.97;0.05;0.292;0.016;0.300;0.017;0.97;0.08;-999;0
GBOV_RM7_786;Woodworth;Courtney Meier;cmeier@battelleecology.org;support-copernicus-gbov@acri-st.fr;NEON;579;Croplands;47.128231048584;-99.2413635253906;20190918T101900Z;2.0;WOOD_064;-999;-999;-999;-999;-999;-999;-999;-999;-999;-999;-999;-999;0.218;0.009;0.223;0.009;0.98;0.06;0.151;0.012;0.155;0.013;0.97;0.11;-999;0
GBOV_RM7_786;Woodworth;Courtney Meier;cmeier@battelleecology.org;support-copernicus-gbov@acri-st.fr;NEON;579;Croplands;47.128231048584;-99.2413635253906;20191004T090700Z;2.0;WOOD_064;-999;-999;-999;-999;-999;-999;-999;-999;-999;-999;-999;-999;0.256;0.017;0.270;0.018;0.95;0.09;0.168;0.020;0.179;0.022;0.94;0.16;-999;0
GBOV_RM7_786;Woodworth;Courtney Meier;cmeier@battelleecology.org;support-copernicus-gbov@acri-st.fr;NEON;579;Croplands;47.128231048584;-99.2413635253906;20191017T103000Z;2.0;WOOD_064;-999;-999;-999;-999;-999;-999;-999;-999;-999;-999;-999;-999;0.168;0.012;0.179;0.014;0.93;0.10;0.133;0.016;0.142;0.018;0.94;0.16;-999;4
