GBOV_ID;Site;GROUND_DATA_PI;GROUND_DATA_PIs_Email;GBOV_Email;Network;Elevation;IGBP_class;Lat_IS;Lon_IS;TIME_IS;Version;PLOT_ID;LAIe_Miller_up;LAIe_Miller_up_err;LAI_Miller_up;LAI_Miller_up_err;clumping_Miller_up;clumping_Miller_up_err;LAIe_Warren_up;LAIe_Warren_up_err;LAI_Warren_up;LAI_Warren_up_err;clumping_Warren_up;clumping_Warren_up_err;LAIe_Miller_down;LAIe_Miller_down_err;LAI_Miller_down;LAI_Miller_down_err;clumping_Miller_down;clumping_Miller_down_err;LAIe_Warren_down;LAIe_Warren_down_err;LAI_Warren_down;LAI_Warren_down_err;clumping_Warren_down;clumping_Warren_down_err;up_flag;down_flag
GBOV_RM7_1058;Underc;Courtney Meier;cmeier@battelleecology.org;support-copernicus-gbov@acri-st.fr;NEON;518;Mixed Forest;46.233959;-89.53751;20150902T000000Z;2.0;UNDE_057;2.98;0.13;4.13;0.14;0.72;0.04;2.57;0.15;3.94;0.19;0.65;0.05;0.89;0.07;1.23;0.11;0.73;0.09;0.64;0.10;0.86;0.15;0.74;0.18;0;0
GBOV_RM7_1058;Underc;Courtney Meier;cmeier@battelleecology.org;support-copernicus-gbov@acri-st.fr;NEON;518;Mixed Forest;46.233959;-89.53751;20150915T000000Z;2.0;UNDE_057;3.00;0.10;4.17;0.13;0.721;0.033;2.37;0.11;3.51;0.15;0.68;0.04;-999;-999;-999;-999;-999;-999;-999;-999;-999;-999;-999;-999;0;-999
GBOV_RM7_1058;Underc;Courtney Meier;cmeier@battelleecology.org;support-copernicus-gbov@acri-st.fr;NEON;518;Mixed Forest;46.233959;-89.53751;20150930T000000Z;2.0;UNDE_057;2.46;0.10;3.59;0.15;0.69;0.04;2.01;0.10;3.10;0.17;0.65;0.05;0.322;0.021;0.367;0.025;0.88;0.08;0.26;0.04;0.32;0.06;0.84;0.19;0;0
GBOV_RM7_1058;Underc;Courtney Meier;cmeier@battelleecology.org;support-copernicus-gbov@acri-st.fr;NEON;518;Mixed Forest;46.233959;-89.53751;20151015T000000Z;2.0;UNDE_057;1.39;0.06;2.26;0.11;0.61;0.04;1.43;0.08;2.23;0.14;0.64;0.05;0.131;0.014;0.148;0.018;0.88;0.14;0.081;0.011;0.086;0.012;0.94;0.18;32;0
GBOV_RM7_1058;Underc;Courtney Meier;cmeier@battelleecology.org;support-copernicus-gbov@acri-st.fr;NEON;518;Mixed Forest;46.233959;-89.53751;20151027T000000Z;2.0;UNDE_057;1.31;0.06;2.13;0.12;0.61;0.05;1.19;0.07;1.75;0.12;0.68;0.06;0.077;0.007;0.083;0.007;0.93;0.11;0.055;0.008;0.057;0.008;0.95;0.20;0;0
GBOV_RM7_1058;Underc;Courtney Meier;cmeier@battelleecology.org;support-copernicus-gbov@acri-st.fr;NEON;518;Mixed Forest;46.233959;-89.53751;20160510T000000Z;2.0;UNDE_057;1.21;0.05;1.72;0.08;0.70;0.04;1.37;0.08;1.93;0.13;0.71;0.06;0.188;0.012;0.203;0.014;0.93;0.09;0.173;0.018;0.182;0.020;0.95;0.14;0;0
GBOV_RM7_1058;Underc;Courtney Meier;cmeier@battelleecology.org;support-copernicus-gbov@acri-st.fr;NEON;518;Mixed Forest;46.233959;-89.53751;20160523T000000Z;2.0;UNDE_057;2.08;0.07;2.74;0.09;0.76;0.04;2.01;0.10;2.78;0.15;0.72;0.05;0.271;0.016;0.296;0.018;0.92;0.08;0.231;0.026;0.260;0.033;0.89;0.15;0;0
GBOV_RM7_1058;Underc;Courtney Meier;cmeier@battelleecology.org;support-copernicus-gbov@acri-st.fr;NEON;518;Mixed Forest;46.233959;-89.53751;20160607T000000Z;2.0;UNDE_057;2.93;0.09;3.91;0.11;0.749;0.032;2.41;0.12;3.61;0.18;0.67;0.05;0.83;0.06;1.16;0.10;0.72;0.08;0.66;0.10;0.87;0.15;0.76;0.18;0;32
GBOV_RM7_1058;Underc;Courtney Meier;cmeier@battelleecology.org;support-copernicus-gbov@acri-st.fr;NEON;518;Mixed Forest;46.233959;-89.53751;20160621T000000Z;2.0;UNDE_057;3.03;0.11;4.09;0.13;0.741;0.035;2.33;0.10;3.33;0.15;0.70;0.04;1.68;0.09;2.28;0.19;0.74;0.07;1.27;0.15;1.69;0.27;0.75;0.15;0;0
GBOV_RM7_1058;Underc;Courtney Meier;cmeier@battelleecology.org;support-copernicus-gbov@acri-st.fr;NEON;518;Mixed Forest;46.233959;-89.53751;20160706T000000Z;2.0;UNDE_057;2.96;0.10;3.97;0.12;0.744;0.034;2.27;0.10;3.24;0.15;0.70;0.04;1.76;0.08;2.26;0.15;0.78;0.06;1.32;0.13;1.67;0.21;0.79;0.12;0;0
GBOV_RM7_1058;Underc;Courtney Meier;cmeier@battelleecology.org;support-copernicus-gbov@acri-st.fr;NEON;518;Mixed Forest;46.233959;-89.53751;20160720T000000Z;2.0;UNDE_057;3.15;0.11;4.24;0.13;0.741;0.035;2.41;0.11;3.36;0.14;0.72;0.04;1.27;0.10;1.96;0.18;0.65;0.08;0.96;0.14;1.30;0.18;0.74;0.15;0;16
GBOV_RM7_1058;Underc;Courtney Meier;cmeier@battelleecology.org;support-copernicus-gbov@acri-st.fr;NEON;518;Mixed Forest;46.233959;-89.53751;20160802T000000Z;2.0;UNDE_057;3.14;0.12;4.28;0.14;0.73;0.04;2.53;0.13;3.57;0.14;0.71;0.05;1.15;0.06;1.39;0.10;0.82;0.07;0.83;0.08;0.96;0.10;0.86;0.12;0;0
GBOV_RM7_1058;Underc;Courtney Meier;cmeier@battelleecology.org;support-copernicus-gbov@acri-st.fr;NEON;518;Mixed Forest;46.233959;-89.53751;20160819T000000Z;2.0;UNDE_057;2.76;0.13;4.10;0.16;0.67;0.04;2.30;0.23;3.88;0.28;0.59;0.07;1.33;0.08;1.70;0.12;0.78;0.07;1.01;0.12;1.26;0.20;0.80;0.16;0;8
GBOV_RM7_1058;Underc;Courtney Meier;cmeier@battelleecology.org;support-copernicus-gbov@acri-st.fr;NEON;518;Mixed Forest;46.233959;-89.53751;20160829T000000Z;2.0;UNDE_057;3.03;0.11;4.15;0.13;0.73;0.04;2.26;0.09;3.33;0.16;0.68;0.04;1.29;0.07;1.68;0.12;0.77;0.07;0.95;0.11;1.20;0.15;0.79;0.14;0;0
GBOV_RM7_1058;Underc;Courtney Meier;cmeier@battelleecology.org;support-copernicus-gbov@acri-st.fr;NEON;518;Mixed Forest;46.233959;-89.53751;20161010T000000Z;2.0;UNDE_057;1.27;0.06;2.06;0.10;0.62;0.04;1.21;0.06;1.92;0.15;0.63;0.06;0.226;0.016;0.248;0.018;0.91;0.09;0.225;0.031;0.27;0.05;0.84;0.19;0;0
GBOV_RM7_1058;Underc;Courtney Meier;cmeier@battelleecology.org;support-copernicus-gbov@acri-st.fr;NEON;518;Mixed Forest;46.233959;-89.53751;20170510T000000Z;2.0;UNDE_057;1.12;0.05;1.64;0.09;0.68;0.05;1.17;0.07;1.70;0.12;0.69;0.06;0.230;0.014;0.249;0.015;0.92;0.08;0.169;0.018;0.182;0.020;0.93;0.14;0;0
GBOV_RM7_1058;Underc;Courtney Meier;cmeier@battelleecology.org;support-copernicus-gbov@acri-st.fr;NEON;518;Mixed Forest;46.233959;-89.53751;20170523T000000Z;2.0;UNDE_057;1.39;0.06;2.03;0.09;0.68;0.04;1.46;0.08;2.11;0.12;0.69;0.05;0.301;0.022;0.349;0.028;0.86;0.09;0.241;0.030;0.28;0.04;0.86;0.16;0;0
GBOV_RM7_1058;Underc;Courtney Meier;cmeier@battelleecology.org;support-copernicus-gbov@acri-st.fr;NEON;518;Mixed Forest;46.233959;-89.53751;20170606T000000Z;2.0;UNDE_057;3.05;0.10;4.16;0.13;0.734;0.033;2.25;0.11;3.23;0.16;0.70;0.05;1.39;0.07;1.70;0.09;0.82;0.06;1.08;0.10;1.38;0.18;0.78;0.13;0;0
GBOV_RM7_1058;Underc;Courtney Meier;cmeier@battelleecology.org;support-copernicus-gbov@acri-st.fr;NEON;518;Mixed Forest;46.233959;-89.53751;20170619T000000Z;2.0;UNDE_057;3.13;0.10;4.16;0.12;0.751;0.033;2.52;0.11;3.64;0.19;0.69;0.05;1.33;0.10;2.20;0.19;0.60;0.07;0.96;0.13;1.50;0.27;0.64;0.14;0;0
GBOV_RM7_1058;Underc;Courtney Meier;cmeier@battelleecology.org;support-copernicus-gbov@acri-st.fr;NEON;518;Mixed Forest;46.233959;-89.53751;20170705T000000Z;2.0;UNDE_057;3.27;0.10;4.49;0.13;0.728;0.031;2.74;0.15;4.16;0.20;0.66;0.05;1.48;0.10;2.40;0.21;0.62;0.07;1.05;0.13;1.59;0.25;0.66;0.13;0;0
GBOV_RM7_1058;Underc;Courtney Meier;cmeier@battelleecology.org;support-copernicus-gbov@acri-st.fr;NEON;518;Mixed Forest;46.233959;-89.53751;20170718T000000Z;2.0;UNDE_057;3.27;0.11;4.67;0.14;0.702;0.031;2.76;0.14;4.31;0.19;0.64;0.04;1.22;0.10;2.06;0.20;0.59;0.08;0.81;0.12;1.25;0.25;0.64;0.16;0;0
GBOV_RM7_1058;Underc;Courtney Meier;cmeier@battelleecology.org;support-copernicus-gbov@acri-st.fr;NEON;518;Mixed Forest;46.233959;-89.53751;20170801T000000Z;2.0;UNDE_057;3.21;0.10;4.57;0.15;0.704;0.032;2.67;0.13;4.46;0.23;0.60;0.04;1.35;0.11;2.36;0.24;0.57;0.07;0.91;0.15;1.54;0.35;0.59;0.16;0;8
GBOV_RM7_1058;Underc;Courtney Meier;cmeier@battelleecology.org;support-copernicus-gbov@acri-st.fr;NEON;518;Mixed Forest;46.233959;-89.53751;20170815T000000Z;2.0;UNDE_057;3.16;0.10;4.27;0.13;0.740;0.032;2.60;0.13;4.00;0.20;0.65;0.05;1.54;0.10;2.41;0.17;0.64;0.06;0.98;0.11;1.42;0.18;0.69;0.12;0;0
GBOV_RM7_1058;Underc;Courtney Meier;cmeier@battelleecology.org;support-copernicus-gbov@acri-st.fr;NEON;518;Mixed Forest;46.233959;-89.53751;20170913T000000Z;2.0;UNDE_057;2.62;0.09;3.65;0.12;0.718;0.034;2.09;0.09;3.24;0.14;0.65;0.04;0.84;0.06;1.08;0.09;0.78;0.08;0.57;0.07;0.72;0.10;0.79;0.15;0;0
GBOV_RM7_1058;Underc;Courtney Meier;cmeier@battelleecology.org;support-copernicus-gbov@acri-st.fr;NEON;518;Mixed Forest;46.233959;-89.53751;20170926T090000Z;2.0;UNDE_057;1.70;0.07;2.68;0.12;0.63;0.04;1.94;0.10;3.14;0.17;0.62;0.05;0.399;0.029;0.456;0.033;0.87;0.09;0.266;0.027;0.299;0.032;0.89;0.13;0;0
GBOV_RM7_1058;Underc;Courtney Meier;cmeier@battelleecology.org;support-copernicus-gbov@acri-st.fr;NEON;518;Mixed Forest;46.233959;-89.53751;20171012T000000Z;2.0;UNDE_057;1.46;0.06;2.28;0.10;0.64;0.04;1.60;0.09;2.47;0.14;0.65;0.05;0.317;0.021;0.353;0.023;0.90;0.08;0.310;0.034;0.34;0.04;0.90;0.15;0;0
GBOV_RM7_1058;Underc;Courtney Meier;cmeier@battelleecology.org;support-copernicus-gbov@acri-st.fr;NEON;518;Mixed Forest;46.233959;-89.53751;20180508T000000Z;2.0;UNDE_057;1.12;0.05;1.74;0.09;0.64;0.05;1.31;0.08;2.07;0.15;0.63;0.06;0.070;0.007;0.075;0.008;0.94;0.14;0.079;0.016;0.086;0.017;0.93;0.26;0;0
GBOV_RM7_1058;Underc;Courtney Meier;cmeier@battelleecology.org;support-copernicus-gbov@acri-st.fr;NEON;518;Mixed Forest;46.233959;-89.53751;20180524T000000Z;2.0;UNDE_057;2.20;0.07;2.95;0.10;0.744;0.034;1.95;0.10;2.82;0.15;0.69;0.05;0.283;0.022;0.315;0.026;0.90;0.10;0.205;0.029;0.24;0.04;0.84;0.19;0;0
GBOV_RM7_1058;Underc;Courtney Meier;cmeier@battelleecology.org;support-copernicus-gbov@acri-st.fr;NEON;518;Mixed Forest;46.233959;-89.53751;20180606T000000Z;2.0;UNDE_057;3.13;0.10;4.23;0.12;0.739;0.031;2.64;0.14;3.85;0.17;0.69;0.05;0.99;0.07;1.35;0.09;0.74;0.07;0.71;0.08;0.91;0.13;0.77;0.14;0;0
GBOV_RM7_1058;Underc;Courtney Meier;cmeier@battelleecology.org;support-copernicus-gbov@acri-st.fr;NEON;518;Mixed Forest;46.233959;-89.53751;20180619T000000Z;2.0;UNDE_057;2.93;0.10;4.03;0.13;0.728;0.034;2.38;0.11;3.45;0.16;0.69;0.05;1.29;0.10;2.30;0.26;0.56;0.08;1.15;0.14;1.77;0.33;0.65;0.14;0;0
GBOV_RM7_1058;Underc;Courtney Meier;cmeier@battelleecology.org;support-copernicus-gbov@acri-st.fr;NEON;518;Mixed Forest;46.233959;-89.53751;20180703T000000Z;2.0;UNDE_057;3.00;0.10;4.12;0.12;0.728;0.033;2.51;0.15;3.74;0.20;0.67;0.05;1.50;0.11;2.39;0.24;0.63;0.08;1.21;0.16;1.77;0.30;0.69;0.15;0;0
GBOV_RM7_1058;Underc;Courtney Meier;cmeier@battelleecology.org;support-copernicus-gbov@acri-st.fr;NEON;518;Mixed Forest;46.233959;-89.53751;20180718T000000Z;2.0;UNDE_057;2.87;0.11;3.99;0.13;0.72;0.04;2.33;0.11;3.50;0.17;0.67;0.05;1.69;0.12;2.75;0.23;0.61;0.07;1.38;0.18;2.11;0.33;0.65;0.13;0;0
GBOV_RM7_1058;Underc;Courtney Meier;cmeier@battelleecology.org;support-copernicus-gbov@acri-st.fr;NEON;518;Mixed Forest;46.233959;-89.53751;20180731T000000Z;2.0;UNDE_057;2.93;0.10;4.01;0.13;0.731;0.034;2.38;0.12;3.49;0.17;0.68;0.05;1.72;0.11;2.74;0.22;0.63;0.06;1.41;0.18;2.09;0.33;0.67;0.14;0;0
GBOV_RM7_1058;Underc;Courtney Meier;cmeier@battelleecology.org;support-copernicus-gbov@acri-st.fr;NEON;518;Mixed Forest;46.233959;-89.53751;20180815T000000Z;2.0;UNDE_057;2.87;0.10;3.91;0.12;0.736;0.034;2.65;0.14;4.02;0.18;0.66;0.05;1.41;0.11;2.09;0.17;0.67;0.07;1.25;0.17;1.71;0.24;0.73;0.14;0;0
GBOV_RM7_1058;Underc;Courtney Meier;cmeier@battelleecology.org;support-copernicus-gbov@acri-st.fr;NEON;518;Mixed Forest;46.233959;-89.53751;20180830T000000Z;2.0;UNDE_057;2.74;0.09;3.73;0.12;0.736;0.035;2.37;0.11;3.41;0.16;0.69;0.05;1.55;0.09;2.15;0.16;0.72;0.07;1.33;0.15;1.77;0.24;0.75;0.13;0;0
GBOV_RM7_1058;Underc;Courtney Meier;cmeier@battelleecology.org;support-copernicus-gbov@acri-st.fr;NEON;518;Mixed Forest;46.233959;-89.53751;20180911T063800Z;2.0;UNDE_057;2.39;0.09;3.43;0.12;0.70;0.04;2.12;0.13;3.60;0.18;0.59;0.05;0.66;0.05;0.85;0.07;0.78;0.08;0.66;0.09;0.84;0.12;0.79;0.15;0;0
GBOV_RM7_1058;Underc;Courtney Meier;cmeier@battelleecology.org;support-copernicus-gbov@acri-st.fr;NEON;518;Mixed Forest;46.233959;-89.53751;20180925T140600Z;2.0;UNDE_057;1.88;0.08;2.93;0.13;0.64;0.04;2.02;0.11;3.30;0.17;0.61;0.05;0.330;0.025;0.391;0.034;0.84;0.10;0.305;0.034;0.36;0.05;0.84;0.15;0;0
GBOV_RM7_1058;Underc;Courtney Meier;cmeier@battelleecology.org;support-copernicus-gbov@acri-st.fr;NEON;518;Mixed Forest;46.233959;-89.53751;20181011T103800Z;2.0;UNDE_057;1.56;0.06;2.46;0.11;0.63;0.04;1.68;0.09;2.66;0.14;0.63;0.05;0.108;0.011;0.121;0.013;0.89;0.13;0.107;0.015;0.117;0.018;0.91;0.19;0;0
GBOV_RM7_1058;Underc;Courtney Meier;cmeier@battelleecology.org;support-copernicus-gbov@acri-st.fr;NEON;518;Mixed Forest;46.233959;-89.53751;20190508T113200Z;2.0;UNDE_057;1.08;0.05;1.62;0.08;0.66;0.04;1.16;0.06;1.68;0.11;0.69;0.06;0.071;0.008;0.077;0.009;0.92;0.15;0.051;0.010;0.054;0.011;0.95;0.27;0;0
GBOV_RM7_1058;Underc;Courtney Meier;cmeier@battelleecology.org;support-copernicus-gbov@acri-st.fr;NEON;518;Mixed Forest;46.233959;-89.53751;20190522T100400Z;2.0;UNDE_057;1.14;0.05;1.71;0.08;0.67;0.04;1.33;0.06;1.97;0.13;0.68;0.05;0.163;0.017;0.190;0.021;0.86;0.13;0.104;0.015;0.115;0.018;0.90;0.19;0;0
GBOV_RM7_1058;Underc;Courtney Meier;cmeier@battelleecology.org;support-copernicus-gbov@acri-st.fr;NEON;518;Mixed Forest;46.233959;-89.53751;20190603T143300Z;2.0;UNDE_057;2.01;0.06;2.69;0.09;0.746;0.034;1.98;0.08;2.84;0.13;0.70;0.04;0.363;0.031;0.43;0.04;0.84;0.11;0.29;0.04;0.34;0.05;0.86;0.16;0;0
GBOV_RM7_1058;Underc;Courtney Meier;cmeier@battelleecology.org;support-copernicus-gbov@acri-st.fr;NEON;518;Mixed Forest;46.233959;-89.53751;20190619T155100Z;2.0;UNDE_057;2.72;0.08;3.58;0.12;0.760;0.034;2.22;0.09;3.18;0.18;0.70;0.05;1.03;0.07;1.48;0.12;0.70;0.08;0.75;0.10;1.03;0.16;0.73;0.15;0;0
GBOV_RM7_1058;Underc;Courtney Meier;cmeier@battelleecology.org;support-copernicus-gbov@acri-st.fr;NEON;518;Mixed Forest;46.233959;-89.53751;20190630T131300Z;2.0;UNDE_057;2.95;0.10;4.13;0.13;0.715;0.032;2.70;0.15;4.13;0.20;0.65;0.05;1.18;0.10;2.00;0.18;0.59;0.07;0.89;0.11;1.31;0.19;0.68;0.13;0;0
GBOV_RM7_1058;Underc;Courtney Meier;cmeier@battelleecology.org;support-copernicus-gbov@acri-st.fr;NEON;518;Mixed Forest;46.233959;-89.53751;20190717T171200Z;2.0;UNDE_057;2.68;0.09;3.72;0.12;0.721;0.034;2.23;0.14;3.61;0.22;0.62;0.05;1.18;0.09;1.98;0.17;0.60;0.07;0.74;0.11;1.19;0.21;0.62;0.14;0;0
GBOV_RM7_1058;Underc;Courtney Meier;cmeier@battelleecology.org;support-copernicus-gbov@acri-st.fr;NEON;518;Mixed Forest;46.233959;-89.53751;20190730T061700Z;2.0;UNDE_057;2.72;0.09;3.69;0.12;0.736;0.035;2.20;0.10;3.21;0.14;0.68;0.04;1.58;0.11;2.48;0.19;0.63;0.06;1.13;0.13;1.66;0.22;0.68;0.12;0;0
GBOV_RM7_1058;Underc;Courtney Meier;cmeier@battelleecology.org;support-copernicus-gbov@acri-st.fr;NEON;518;Mixed Forest;46.233959;-89.53751;20190813T121800Z;2.0;UNDE_057;2.80;0.09;3.85;0.12;0.727;0.033;2.43;0.13;3.82;0.16;0.64;0.04;1.37;0.10;2.13;0.17;0.65;0.07;0.93;0.12;1.35;0.18;0.69;0.12;0;0
GBOV_RM7_1058;Underc;Courtney Meier;cmeier@battelleecology.org;support-copernicus-gbov@acri-st.fr;NEON;518;Mixed Forest;46.233959;-89.53751;20190826T125000Z;2.0;UNDE_057;2.86;0.10;4.01;0.13;0.713;0.034;2.42;0.15;3.86;0.27;0.63;0.06;1.18;0.09;1.84;0.16;0.64;0.07;0.81;0.11;1.15;0.17;0.71;0.14;0;0
GBOV_RM7_1058;Underc;Courtney Meier;cmeier@battelleecology.org;support-copernicus-gbov@acri-st.fr;NEON;518;Mixed Forest;46.233959;-89.53751;20190909T133900Z;2.0;UNDE_057;2.61;0.09;3.75;0.12;0.696;0.032;2.37;0.12;3.92;0.23;0.61;0.05;0.87;0.06;1.14;0.07;0.76;0.07;0.72;0.08;0.99;0.13;0.73;0.13;0;0
GBOV_RM7_1058;Underc;Courtney Meier;cmeier@battelleecology.org;support-copernicus-gbov@acri-st.fr;NEON;518;Mixed Forest;46.233959;-89.53751;20190923T092500Z;2.0;UNDE_057;1.69;0.07;2.77;0.12;0.61;0.04;1.83;0.10;3.13;0.16;0.58;0.04;0.444;0.033;0.53;0.04;0.84;0.09;0.32;0.04;0.38;0.05;0.84;0.15;0;0
GBOV_RM7_1058;Underc;Courtney Meier;cmeier@battelleecology.org;support-copernicus-gbov@acri-st.fr;NEON;518;Mixed Forest;46.233959;-89.53751;20191008T174900Z;2.0;UNDE_057;1.55;0.07;2.56;0.12;0.61;0.04;1.49;0.09;2.50;0.16;0.59;0.05;0.481;0.030;0.545;0.035;0.88;0.08;0.347;0.030;0.376;0.034;0.92;0.12;0;0
